Player,PlayerID,Tms,Pos,Age,G,MP,PER,TS%,3PAr,FTr,ORB%,DRB%,TRB%,AST%,STL%,BLK%,TOV%,USG%,OWS,DWS,WS,WS/48,OBPM,DBPM,BPM,VORP
A.C. Green,greenac01,LAL,PF,26,82,2709,14.7,0.548,0.057,0.459,11.5,18.4,15.1,4.6,1.2,1.1,10.7,17.1,4.4,3.3,7.7,0.137,0.3,-0.9,-0.6,1.0
Adrian Branch,brancad01,MIN,SF,26,11,91,16.9,0.46,0.016,0.361,9.9,16.9,13.2,8.8,3.5,0.0,10.2,38.1,-0.1,0.1,0.0,0.014,-0.9,-1.1,-2.0,0.0
Adrian Caldwell,caldwad01,HOU,PF,23,51,331,9.5,0.549,0.0,0.368,11.7,22.9,17.4,2.8,1.6,3.2,26.6,14.8,-0.3,0.7,0.4,0.061,-5.3,1.4,-4.0,-0.2
Adrian Dantley,dantlad01,DAL,SF,34,45,1300,15.4,0.556,0.004,0.525,6.9,8.1,7.5,9.6,0.8,0.3,11.2,22.6,2.2,0.8,3.1,0.113,0.9,-1.4,-0.4,0.5
Alex English,englial01,DEN,SF,36,80,2211,17.9,0.522,0.004,0.142,5.3,8.4,6.8,15.6,1.1,0.6,6.3,26.0,3.3,1.7,5.1,0.11,2.5,-1.2,1.2,1.8
Alexander Volkov,volkoal01,ATL,C,25,72,937,11.9,0.53,0.12,0.423,6.2,8.5,7.3,12.3,1.9,1.4,13.4,17.4,1.0,0.4,1.4,0.074,-1.3,0.1,-1.2,0.2
Alton Lister,listeal01,GSW,C,31,3,40,10.9,0.542,0.125,0.875,14.0,7.6,10.7,6.4,1.1,0.0,0.0,11.0,0.1,0.0,0.1,0.125,0.3,-1.0,-0.6,0.0
Alvin Robertson,roberal01,MIL,SG,27,81,2599,18.9,0.542,0.027,0.281,10.0,14.7,12.3,25.6,3.9,0.4,17.0,20.6,3.6,3.9,7.5,0.138,1.7,2.0,3.7,3.7
Andre Turner,turnean01,"LAC,CHO",PG,25,11,115,6.2,0.327,0.053,0.105,4.0,4.1,4.0,27.5,3.4,0.0,23.2,19.1,-0.4,0.1,-0.3,-0.111,-5.0,-0.7,-5.7,-0.1
Andrew Lang,langan01,PHO,C,23,74,1011,13.2,0.594,0.0,0.563,9.6,19.2,14.7,2.6,1.0,7.4,15.9,10.6,1.1,1.9,3.0,0.144,-2.0,3.4,1.4,0.9
Anthony Bowie,bowiean01,HOU,SG,26,66,918,8.8,0.448,0.072,0.184,4.2,9.3,6.8,13.9,2.2,0.3,15.7,16.6,-0.6,1.3,0.7,0.037,-3.5,0.9,-2.5,-0.1
Anthony Jones,jonesan01,DAL,SG,27,66,650,7.6,0.435,0.067,0.356,5.9,8.4,7.2,6.3,2.5,1.5,15.8,18.0,-0.8,0.8,0.0,-0.001,-4.6,0.6,-4.0,-0.3
Anthony Mason,masonan01,NJN,PF,23,21,108,6.9,0.397,0.0,0.375,10.2,24.2,16.7,9.7,0.9,1.1,19.1,21.4,-0.2,0.1,-0.1,-0.055,-6.6,-1.0,-7.6,-0.2
Antoine Carr,carran01,"ATL,SAC",PF,28,77,1727,16.4,0.557,0.01,0.413,7.5,13.8,10.6,10.8,0.9,2.4,12.8,24.2,2.4,1.1,3.5,0.097,0.0,-0.7,-0.6,0.6
Armen Gilliam,gilliar01,"PHO,CHO",PF,25,76,2426,16.6,0.565,0.002,0.446,9.4,19.0,14.0,6.4,1.4,1.3,14.0,22.9,2.3,2.3,4.5,0.09,0.0,-1.0,-0.9,0.6
Avery Johnson,johnsav01,SEA,PG,24,53,575,11.6,0.439,0.028,0.282,4.1,4.7,4.4,36.4,2.3,0.1,23.1,15.1,0.2,0.3,0.5,0.043,-0.1,-0.8,-0.8,0.2
B.J. Armstrong,armstbj01,CHI,PG,22,81,1291,11.9,0.53,0.015,0.199,1.7,7.6,4.7,20.7,1.8,0.3,16.3,16.9,1.0,0.8,1.7,0.064,-1.7,-1.1,-2.8,-0.3
Ben Coleman,colembe01,MIL,PF,28,22,305,12.2,0.548,0.01,0.423,11.5,21.4,16.4,5.6,1.1,1.4,18.4,19.4,0.1,0.4,0.5,0.079,-3.2,-1.0,-4.1,-0.2
Benoit Benjamin,benjabe01,LAC,C,25,71,2313,16.7,0.578,0.001,0.467,7.8,24.4,16.2,10.1,1.2,4.8,18.4,18.4,1.7,3.7,5.4,0.113,-0.5,2.1,1.6,2.1
Bernard King,kingbe01,WSB,SF,33,82,2687,18.8,0.545,0.016,0.352,5.1,11.1,8.1,21.8,0.9,0.1,12.8,29.4,4.1,1.4,5.5,0.099,2.3,-1.9,0.5,1.7
Bill Cartwright,cartwbi01,CHI,C,32,71,2160,12.8,0.562,0.0,0.468,7.5,18.0,12.7,8.9,0.9,1.0,14.6,16.7,2.8,1.7,4.5,0.1,-1.3,-1.2,-2.5,-0.3
Bill Hanzlik,hanzlbi01,DEN,PF,32,81,1605,10.3,0.525,0.078,0.462,4.1,9.7,6.8,14.0,2.2,1.0,15.4,13.7,1.0,1.9,2.9,0.086,-2.6,1.5,-1.1,0.3
Bill Laimbeer,laimbbi01,DET,C,32,81,2675,15.8,0.564,0.201,0.245,7.1,26.0,16.6,9.1,1.1,2.0,10.1,15.6,4.7,5.4,10.1,0.182,0.9,2.4,3.3,3.6
Bill Wennington,wennibi01,DAL,C,26,60,814,10.6,0.506,0.017,0.321,9.1,18.4,13.8,7.3,1.2,1.6,15.8,17.1,0.2,1.1,1.2,0.073,-4.0,0.2,-3.8,-0.4
Billy Thompson,thompbi01,MIA,SF,26,79,2142,14.7,0.536,0.006,0.254,11.8,16.8,14.2,11.4,1.2,2.5,16.2,18.1,1.4,2.2,3.6,0.081,-0.4,0.2,-0.2,1.0
Blair Rasmussen,rasmubl01,DEN,C,27,81,1995,16.0,0.525,0.001,0.15,8.6,23.5,15.6,5.7,0.9,3.0,7.3,20.2,2.3,2.9,5.2,0.125,-1.0,-0.1,-1.0,0.5
Blue Edwards,edwarbl01,UTA,SF,24,82,1889,10.7,0.556,0.053,0.36,4.6,10.6,7.8,11.2,2.0,1.2,18.9,18.6,0.2,2.4,2.7,0.068,-3.0,0.7,-2.3,-0.1
Bob Hansen,hansebo01,UTA,SG,29,81,2174,8.5,0.517,0.271,0.113,3.8,8.3,6.2,9.5,1.2,0.3,11.7,13.5,0.9,2.0,2.8,0.062,-2.1,-0.1,-2.1,-0.1
Bob McCann,mccanbo01,DAL,SF,25,10,62,12.4,0.479,0.0,0.667,7.4,14.4,11.0,13.7,1.6,2.0,18.1,23.5,0.0,0.1,0.1,0.041,-3.2,-0.9,-4.0,0.0
Bob Thornton,thornbo01,PHI,PF,27,56,592,6.1,0.457,0.027,0.455,8.7,16.7,12.7,3.7,1.7,1.2,20.7,12.1,-0.4,0.7,0.3,0.022,-5.2,0.1,-5.1,-0.5
Brad Daugherty,daughbr01,CLE,C,24,41,1438,16.0,0.543,0.004,0.564,5.9,23.3,14.5,14.2,1.0,0.9,14.8,22.4,1.2,1.9,3.1,0.104,-0.6,-0.3,-0.8,0.4
Brad Davis,davisbr01,DAL,PG,34,73,1292,13.7,0.575,0.285,0.274,1.1,7.0,4.1,27.6,1.8,0.4,17.4,16.8,1.8,1.1,2.9,0.109,-0.4,0.2,-0.1,0.6
Brad Lohaus,lohaubr01,"MIN,MIL",PF,25,80,1943,13.6,0.517,0.207,0.155,5.7,18.5,11.9,13.0,1.5,2.9,13.3,17.9,0.9,2.4,3.3,0.082,-0.6,0.9,0.3,1.1
Brad Sellers,sellebr01,"SEA,MIN",PF,27,59,700,9.2,0.461,0.02,0.287,6.3,8.8,7.5,6.5,1.2,2.0,13.9,20.1,-0.3,0.4,0.2,0.011,-2.8,-1.1,-3.9,-0.3
Brian Quinnett,quinnbr01,NYK,SG,23,31,193,3.9,0.337,0.034,0.052,5.3,10.6,8.1,7.4,0.8,1.2,6.3,13.6,-0.2,0.1,-0.1,-0.015,-5.7,-1.3,-7.0,-0.2
Brian Rowsom,rowsobr01,CHO,PF,24,44,559,13.6,0.522,0.011,0.464,8.4,18.8,13.3,5.7,1.6,1.2,10.4,18.3,0.5,0.5,1.0,0.085,-1.6,-0.5,-2.0,0.0
Buck Johnson,johnsbu01,HOU,SF,26,82,2832,12.9,0.534,0.017,0.265,4.3,9.8,7.1,12.7,1.7,1.3,12.8,18.7,2.2,3.9,6.2,0.104,-1.6,1.0,-0.6,1.0
Buck Williams,willibu01,POR,PF,29,82,2801,14.3,0.597,0.001,0.541,9.6,21.6,15.5,5.5,1.2,0.8,15.3,15.5,4.3,4.3,8.7,0.149,0.1,0.6,0.7,1.9
Byron Dinkins,dinkiby01,HOU,PG,22,33,362,10.9,0.471,0.083,0.275,3.9,7.7,5.8,27.3,2.5,0.3,23.2,17.8,-0.2,0.5,0.3,0.043,-2.3,0.4,-1.9,0.0
Byron Irvin,irvinby01,POR,SG,23,50,488,15.6,0.531,0.069,0.448,6.6,9.9,8.2,13.7,2.7,0.1,13.8,22.7,0.5,0.7,1.2,0.12,0.1,0.9,1.0,0.4
Byron Scott,scottby01,LAL,SG,28,77,2593,14.3,0.546,0.219,0.208,2.3,8.1,5.3,15.5,1.5,0.7,10.0,20.1,3.8,2.2,6.0,0.111,0.8,-0.2,0.6,1.7
Caldwell Jones,jonesca01,SAS,PF,39,72,885,7.2,0.516,0.035,0.375,10.0,19.1,14.6,2.9,1.1,1.9,22.2,10.1,0.0,1.3,1.3,0.072,-4.6,0.5,-4.0,-0.5
Calvin Natt,nattca01,IND,SF,33,14,164,14.4,0.701,0.0,0.71,7.5,17.0,12.5,7.5,0.3,0.0,10.9,12.1,0.5,0.1,0.5,0.159,0.8,-1.2,-0.4,0.1
Carlton McKinney,mckinca01,LAC,SG,25,7,104,0.6,0.267,0.031,0.125,4.5,8.7,6.6,8.8,2.8,0.6,17.2,16.4,-0.4,0.1,-0.3,-0.121,-9.2,-0.8,-10.0,-0.2
Charles Barkley,barklch01,PHI,SF,26,79,3085,27.1,0.661,0.078,0.632,13.4,20.0,16.7,15.6,2.4,1.0,13.9,24.0,13.1,4.2,17.3,0.269,7.2,1.0,8.2,8.0
Charles Davis,davisch02,CHI,SF,31,53,429,6.7,0.402,0.158,0.051,6.9,15.5,11.1,5.6,1.2,1.2,11.0,18.1,-0.5,0.3,-0.2,-0.017,-5.1,-2.3,-7.4,-0.6
Charles Jones,jonesch01,WSB,C,32,81,2240,9.2,0.554,0.0,0.568,6.9,17.4,12.1,7.2,1.1,5.0,24.7,5.6,1.0,2.8,3.8,0.082,-3.1,2.7,-0.5,0.9
Charles Oakley,oaklech01,NYK,PF,26,61,2196,15.9,0.58,0.005,0.445,13.4,23.0,18.4,9.3,1.4,0.4,17.7,17.6,3.2,2.8,6.0,0.131,0.3,-0.6,-0.3,0.9
Charles Shackleford,shackch01,NJN,C,23,70,1557,12.3,0.489,0.002,0.215,11.5,21.8,16.3,5.6,1.2,1.3,16.5,18.1,-0.3,1.7,1.5,0.046,-2.7,-0.9,-3.6,-0.6
Charles Smith,smithch01,"LAC,BOS",PF,24,78,2732,19.5,0.589,0.01,0.5,7.5,14.3,11.0,6.7,1.5,2.6,10.4,23.8,6.3,3.1,9.4,0.165,1.7,0.2,1.9,2.7
Chris Dudley,dudlech02,"CLE,NJN",PF,24,64,1356,9.5,0.402,0.0,0.513,13.5,20.8,17.0,4.1,1.5,3.2,16.2,16.0,-1.8,1.9,0.2,0.005,-4.7,-0.3,-5.0,-1.0
Chris Morris,morrich01,NJN,SF,24,80,2449,14.8,0.493,0.181,0.297,7.9,10.6,9.2,9.5,2.6,1.9,13.3,22.8,0.5,2.6,3.2,0.062,0.3,0.3,0.6,1.6
Chris Mullin,mullich01,GSW,SF,26,78,2830,22.7,0.643,0.184,0.447,5.2,12.0,8.7,17.5,2.0,0.9,13.6,24.8,8.9,1.3,10.2,0.174,5.6,-0.7,5.0,5.0
Chris Welp,welpch01,"SAS,GSW",C,26,27,198,6.3,0.451,0.0,0.41,10.3,15.6,13.1,6.1,1.4,2.2,17.2,17.8,-0.2,0.2,0.0,0.006,-7.2,-0.9,-8.1,-0.3
Chuck Nevitt,nevitch01,HOU,C,30,3,9,12.1,1.0,0.0,0.0,0.0,34.6,17.6,16.9,0.0,6.5,50.0,18.0,0.0,0.0,0.0,0.037,-6.9,9.3,2.3,0.0
Chuck Person,persoch01,IND,SF,25,77,2714,16.6,0.557,0.204,0.217,5.7,13.1,9.6,13.5,1.0,0.4,11.1,24.4,4.1,1.3,5.4,0.096,2.0,-2.0,-0.1,1.3
Chucky Brown,brownch01,CLE,SF,21,75,1339,11.9,0.525,0.016,0.367,6.9,12.5,9.7,5.7,1.2,1.2,11.7,19.0,0.9,1.3,2.2,0.078,-3.0,-0.6,-3.6,-0.6
Cliff Levingston,levincl01,ATL,PF,29,75,1706,12.1,0.54,0.012,0.288,7.4,14.3,10.8,6.3,1.6,1.5,9.3,12.9,2.4,1.0,3.4,0.096,-0.7,0.0,-0.7,0.5
Clifford Lett,lettcl01,CHI,PG,24,4,28,-9.0,0.25,0.0,0.0,0.0,0.0,0.0,4.4,0.0,0.0,20.0,15.3,-0.1,0.0,-0.1,-0.203,-16.3,-5.4,-21.7,-0.1
Clifford Robinson,robincl02,POR,PF,23,82,1565,9.3,0.433,0.059,0.334,7.5,13.9,10.7,6.5,1.6,2.1,13.0,24.9,-2.0,2.4,0.3,0.01,-4.6,-0.4,-5.0,-1.2
Clyde Drexler,drexlcl01,POR,SG,27,73,2683,22.2,0.551,0.078,0.317,8.3,12.3,10.3,24.8,2.5,1.2,11.0,25.5,7.3,4.3,11.6,0.208,5.2,2.1,7.3,6.3
Corey Gaines,gaineco01,PHI,SG,24,9,81,6.2,0.363,0.167,0.333,1.4,5.6,3.5,39.2,2.5,0.0,42.1,12.4,-0.1,0.1,-0.1,-0.044,-3.2,-0.4,-3.6,0.0
Craig Ehlo,ehlocr01,CLE,SG,28,81,2894,14.5,0.539,0.264,0.197,5.6,11.4,8.5,19.5,2.2,0.5,13.6,17.7,3.3,3.2,6.5,0.108,0.3,0.8,1.1,2.3
Craig Hodges,hodgecr01,CHI,SG,29,63,1055,12.5,0.589,0.547,0.1,1.2,4.7,3.0,13.8,1.4,0.1,8.0,15.2,2.2,0.4,2.6,0.117,1.2,-1.2,0.0,0.5
Dale Ellis,ellisda01,SEA,SG,29,55,2033,19.0,0.58,0.253,0.233,5.0,8.9,6.9,8.7,1.5,0.2,9.6,25.3,5.4,1.0,6.4,0.15,4.0,-1.5,2.5,2.3
Dan Majerle,majerda01,PHO,SG,24,73,2244,13.5,0.498,0.115,0.372,7.5,13.1,10.5,11.0,2.1,0.8,9.2,16.5,2.6,2.9,5.5,0.118,0.1,1.1,1.3,1.9
Dana Barros,barroda01,SEA,PG,22,81,1630,12.8,0.497,0.322,0.149,2.4,7.3,4.7,18.3,1.6,0.0,13.5,23.3,1.1,0.7,1.8,0.053,0.8,-1.4,-0.6,0.6
Danny Ainge,aingeda01,SAC,PG,30,75,2727,16.1,0.528,0.25,0.231,2.9,10.6,6.8,25.5,2.1,0.4,12.7,23.0,2.7,2.1,4.8,0.085,1.2,-0.1,1.1,2.1
Danny Manning,mannida01,LAC,PF,23,71,2269,16.3,0.584,0.006,0.448,7.2,13.9,10.6,12.8,1.9,1.0,16.0,21.7,2.9,2.4,5.3,0.112,0.2,0.2,0.4,1.4
Danny Schayes,schayda01,DEN,C,30,53,1194,16.5,0.617,0.012,0.8,9.7,21.0,15.0,6.4,1.6,2.2,13.9,17.0,2.8,1.7,4.5,0.183,-0.4,0.6,0.3,0.7
Danny Young,youngda01,POR,PG,27,82,1393,11.5,0.508,0.18,0.341,2.2,7.4,4.8,20.7,2.8,0.2,17.5,12.9,1.0,1.9,3.0,0.103,-1.2,2.1,0.9,1.0
Darrell Griffith,griffda01,UTA,SG,31,82,1444,13.6,0.536,0.331,0.12,3.7,9.4,6.7,6.9,2.4,0.8,9.9,22.9,0.6,1.8,2.5,0.083,-0.4,0.3,-0.1,0.7
Darrell Walker,walkeda01,WSB,PG,28,81,2883,15.6,0.492,0.03,0.289,6.4,20.4,13.4,28.4,2.3,0.6,18.1,13.6,2.7,3.6,6.3,0.105,0.4,1.8,2.3,3.1
Dave Corzine,corzida01,ORL,C,33,6,79,3.2,0.368,0.0,0.069,9.1,15.2,12.0,3.5,1.2,0.0,21.1,18.7,-0.2,0.0,-0.2,-0.139,-6.9,-2.6,-9.5,-0.1
Dave Greenwood,greenda01,DET,PF,32,37,205,10.9,0.463,0.0,0.558,13.4,29.8,21.6,8.0,1.0,2.8,19.8,17.0,-0.1,0.5,0.4,0.085,-4.6,1.6,-3.0,0.0
Dave Hoppen,hoppeda01,CHO,C,25,10,135,7.7,0.441,0.0,0.244,15.1,15.2,15.1,6.3,0.7,0.5,15.0,16.9,-0.1,0.1,0.0,0.008,-5.0,-1.8,-6.8,-0.2
David Rivers,riverda01,LAC,PG,25,52,724,9.9,0.473,0.025,0.396,4.8,8.6,6.7,29.4,2.1,0.0,27.6,18.4,-0.8,0.6,-0.2,-0.012,-2.8,-1.6,-4.3,-0.4
David Robinson,robinda01,SAS,C,24,82,3002,26.3,0.597,0.002,0.644,11.7,24.8,18.5,8.7,2.2,6.5,13.3,26.6,7.9,7.2,15.1,0.241,4.0,2.9,6.9,6.8
David Wingate,wingada01,SAS,SG,26,78,1856,9.4,0.488,0.026,0.228,3.9,7.9,5.9,15.1,2.3,0.6,19.0,14.9,-0.4,2.3,1.9,0.05,-2.8,1.0,-1.7,0.1
Delaney Rudd,ruddde01,UTA,PG,27,77,850,8.6,0.483,0.216,0.205,1.8,5.6,3.8,29.4,1.3,0.1,23.8,19.0,-0.6,0.7,0.1,0.004,-2.8,-1.9,-4.6,-0.6
Dell Curry,curryde01,CHO,SG,25,67,1860,15.9,0.517,0.148,0.105,1.8,8.9,5.1,14.7,2.6,0.8,8.8,26.0,0.4,1.5,1.8,0.048,0.5,0.4,0.9,1.4
Dennis Hopson,hopsode01,NJN,SG,24,79,2551,13.6,0.503,0.092,0.313,4.4,7.4,5.8,9.6,1.9,1.2,11.9,22.2,1.3,1.9,3.1,0.059,-0.6,-0.4,-1.0,0.6
Dennis Johnson,johnsde01,BOS,PG,35,75,2036,12.4,0.495,0.051,0.295,2.7,7.9,5.5,29.7,1.9,0.4,17.9,13.5,2.0,1.8,3.8,0.089,-0.9,0.5,-0.3,0.9
Dennis Rodman,rodmade01,DET,SF,28,82,2377,15.4,0.608,0.018,0.438,16.2,21.7,19.0,4.2,1.1,1.6,13.2,12.3,5.0,4.4,9.3,0.189,0.7,0.9,1.6,2.2
Derek Harper,harpede01,DAL,PG,28,82,3007,19.8,0.567,0.207,0.271,2.1,7.0,4.6,32.2,3.2,0.5,13.7,22.0,6.3,3.6,9.9,0.158,3.3,1.4,4.7,5.0
Derek Smith,smithde02,PHI,SF,28,75,1405,13.7,0.561,0.07,0.362,5.0,8.8,6.9,11.4,1.2,0.9,12.5,20.5,1.9,1.0,2.9,0.098,-0.5,-0.6,-1.1,0.3
Derrick Chievous,chievde01,"HOU,CLE",SF,22,55,591,13.3,0.545,0.041,0.505,6.4,9.8,8.1,7.6,2.1,0.5,14.3,21.8,0.4,0.8,1.2,0.096,-1.8,0.1,-1.7,0.0
Derrick Gervin,gervide01,NJN,PF,26,21,339,22.9,0.531,0.015,0.452,8.5,12.1,10.2,4.5,2.9,1.2,4.8,29.4,0.9,0.4,1.3,0.184,2.8,-0.2,2.7,0.4
Derrick McKey,mckeyde01,SEA,SF,23,80,2748,15.6,0.557,0.024,0.425,7.0,14.2,10.4,9.7,1.6,1.9,14.6,20.0,4.0,2.3,6.3,0.11,0.9,0.2,1.1,2.2
Detlef Schrempf,schrede01,IND,PF,27,78,2573,17.6,0.611,0.058,0.596,7.1,20.4,14.1,14.0,1.1,0.4,14.8,20.5,6.1,2.0,8.1,0.151,1.8,-0.4,1.4,2.2
Dexter Shouse,shousde01,PHI,PG,26,3,18,-6.8,0.0,0.25,0.0,0.0,0.0,0.0,12.8,2.8,3.4,33.3,14.1,-0.1,0.0,-0.1,-0.281,-11.6,-0.4,-12.0,0.0
Doc Rivers,riverdo01,ATL,PG,28,48,1526,17.2,0.539,0.138,0.354,3.5,11.9,7.6,23.9,3.8,0.9,15.0,17.9,2.5,1.5,4.0,0.126,1.1,2.0,3.0,2.0
Dominique Wilkins,wilkido01,ATL,SF,30,80,2888,24.6,0.556,0.109,0.34,8.4,12.4,10.4,11.8,2.2,1.0,8.3,30.4,9.3,1.8,11.1,0.184,6.5,-1.1,5.4,5.4
Donald Royal,royaldo01,MIN,SF,23,66,746,15.2,0.566,0.004,0.773,10.4,11.7,11.0,9.4,2.3,0.7,19.2,25.0,0.6,0.7,1.3,0.087,-1.1,-0.6,-1.7,0.1
Doug Roth,rothdo01,WSB,C,22,42,412,8.2,0.439,0.012,0.163,11.4,20.1,15.7,5.9,0.9,1.8,14.8,10.7,0.0,0.4,0.4,0.052,-4.6,-0.7,-5.3,-0.3
Doug West,westdo01,MIN,SG,22,52,378,7.5,0.453,0.081,0.237,7.2,15.6,11.1,7.5,1.4,1.1,17.2,21.0,-0.5,0.4,-0.1,-0.017,-5.8,-1.2,-7.0,-0.5
Dražen Petrović,petrodr01,POR,SG,25,77,967,15.5,0.586,0.173,0.375,5.5,7.0,6.2,17.5,1.1,0.1,16.2,24.1,1.8,1.0,2.8,0.139,1.4,-0.5,0.9,0.7
Duane Ferrell,ferredu01,ATL,SF,24,14,29,8.1,0.361,0.071,0.429,11.6,16.3,13.9,9.9,1.7,0.0,10.7,27.0,-0.1,0.0,-0.1,-0.092,-5.6,-3.9,-9.5,-0.1
Dyron Nix,nixdy01,IND,SF,22,20,109,8.2,0.424,0.0,0.41,9.0,18.4,14.0,6.4,1.4,0.5,13.2,21.1,-0.1,0.1,0.0,-0.015,-4.3,-1.5,-5.8,-0.1
Ed Horton,hortoed01,WSB,PF,22,45,374,14.5,0.525,0.025,0.426,16.9,14.2,15.6,7.3,1.2,0.8,16.9,25.3,0.1,0.3,0.4,0.05,-2.0,-2.9,-4.9,-0.3
Ed Nealy,nealyed01,CHI,PF,29,46,503,11.1,0.591,0.029,0.586,10.8,21.7,16.2,6.8,1.6,0.5,16.2,8.9,0.7,0.5,1.3,0.122,-1.4,0.2,-1.2,0.1
Ed Pinckney,pincked01,BOS,PF,26,77,1082,13.7,0.601,0.004,0.478,10.0,12.8,11.5,8.1,1.5,2.2,15.7,13.9,1.7,1.2,2.9,0.131,-0.3,1.1,0.8,0.8
Eddie Hughes,hugheed01,DEN,PG,29,60,892,8.3,0.482,0.243,0.168,1.7,6.9,4.1,15.4,2.5,0.1,15.2,11.2,0.1,0.9,1.0,0.055,-3.7,1.1,-2.6,-0.1
Eddie Johnson,johnsed03,PHO,SF,30,64,1811,14.9,0.542,0.203,0.226,4.5,10.1,7.4,8.9,0.8,0.3,9.8,25.2,2.4,1.5,3.9,0.104,0.7,-1.6,-0.9,0.5
Eddie Lee Wilkins,wilkied01,NYK,C,27,79,972,9.9,0.495,0.006,0.474,13.4,16.8,15.1,2.3,0.9,1.1,16.3,19.2,-0.1,0.9,0.8,0.04,-4.3,-2.3,-6.6,-1.1
Eric Johnson,johnser01,UTA,PG,23,48,272,4.6,0.295,0.071,0.202,3.7,8.1,6.0,30.7,3.1,0.5,22.1,18.8,-0.8,0.4,-0.4,-0.065,-7.3,0.4,-6.9,-0.3
Eric Leckner,leckner01,UTA,C,23,77,764,12.1,0.613,0.0,0.491,7.9,20.8,14.7,3.7,1.0,1.9,18.9,19.0,0.6,1.1,1.7,0.107,-4.0,0.1,-3.9,-0.4
Fat Lever,leverfa01,DEN,SG,29,79,2832,19.9,0.504,0.068,0.263,8.0,19.8,13.6,24.8,2.7,0.3,9.8,21.9,4.6,4.2,8.8,0.149,3.4,1.5,4.9,4.9
Frank Brickowski,brickfr01,SAS,C,30,78,1438,13.3,0.576,0.005,0.364,7.2,18.1,12.8,10.3,2.2,1.6,17.2,15.6,1.3,2.5,3.8,0.126,-1.7,1.9,0.2,0.8
Frank Kornet,kornefr01,MIL,PF,23,57,438,6.1,0.431,0.175,0.342,6.4,12.2,9.3,6.3,1.6,0.4,14.9,14.8,-0.3,0.4,0.0,0.003,-4.5,-1.0,-5.5,-0.4
Fred Roberts,roberfr01,MIL,PF,29,82,2235,11.6,0.553,0.017,0.374,5.4,10.6,8.0,9.3,1.2,0.7,14.4,17.0,1.9,1.6,3.5,0.075,-1.4,-0.9,-2.3,-0.1
Gary Grant,grantga01,LAC,PG,24,44,1529,15.3,0.507,0.041,0.219,4.5,10.0,7.3,42.5,3.4,0.2,26.7,21.1,-0.6,1.9,1.3,0.039,0.3,0.5,0.8,1.1
Gary Leonard,leonaga01,MIN,C,22,22,127,6.2,0.431,0.032,0.452,8.9,17.1,12.8,1.2,1.2,4.7,17.7,15.7,-0.2,0.2,0.0,-0.01,-8.0,-0.4,-8.4,-0.2
Gary Voce,vocega01,CLE,PF,24,1,4,19.2,0.333,0.0,0.0,55.5,0.0,28.0,0.0,0.0,0.0,0.0,32.5,0.0,0.0,0.0,0.031,5.2,-12.1,-6.9,0.0
George McCloud,mccloge01,IND,SF,22,44,413,4.6,0.387,0.278,0.132,3.6,8.1,5.9,14.7,2.3,0.4,19.1,19.8,-0.9,0.3,-0.7,-0.079,-5.8,-1.1,-6.8,-0.5
Gerald Henderson,hendege01,"MIL,DET",PG,34,57,464,11.9,0.584,0.349,0.138,2.7,7.9,5.3,22.0,1.7,0.3,17.2,12.9,0.7,0.5,1.2,0.128,-0.3,1.6,1.3,0.4
Gerald Wilkins,wilkige01,NYK,SG,26,82,2609,14.3,0.52,0.121,0.251,5.8,9.8,7.9,18.5,1.8,0.5,14.5,21.4,2.3,2.1,4.4,0.082,0.3,-0.6,-0.3,1.1
Glen Rice,ricegl01,MIA,SF,22,77,2311,11.3,0.466,0.064,0.116,4.6,12.5,8.4,9.1,1.4,0.7,9.1,21.6,-0.4,1.8,1.4,0.029,-2.1,-1.1,-3.2,-0.7
Grant Long,longgr01,MIA,PF,23,81,1856,11.6,0.538,0.006,0.453,8.9,15.2,12.0,7.2,2.3,1.2,17.9,16.9,0.6,2.1,2.7,0.07,-3.0,0.8,-2.3,-0.1
Greg Anderson,andergr01,MIL,PF,25,60,1291,13.0,0.522,0.0,0.394,9.8,23.6,16.6,2.7,1.2,2.6,13.6,19.1,0.2,1.7,2.0,0.073,-2.8,-0.9,-3.8,-0.6
Greg Butler,butlegr01,NYK,C,23,13,33,-4.9,0.233,0.0,0.167,10.4,19.6,15.1,3.9,0.0,0.0,18.9,20.0,-0.2,0.0,-0.1,-0.206,-13.6,-4.7,-18.3,-0.1
Greg Dreiling,dreilgr01,IND,C,27,49,307,6.0,0.478,0.0,0.642,8.4,24.0,16.6,3.3,0.6,2.7,21.8,12.3,-0.1,0.3,0.2,0.028,-6.0,0.1,-5.9,-0.3
Greg Grant,grantgr01,PHO,PG,23,67,678,9.7,0.43,0.074,0.273,2.8,6.5,4.8,32.2,2.5,0.1,24.1,19.4,-0.8,0.7,-0.1,-0.007,-2.7,-0.4,-3.1,-0.2
Greg Kite,kitegr01,SAC,C,28,71,1515,7.0,0.446,0.004,0.231,9.8,18.3,14.1,6.5,1.0,2.0,22.8,9.5,-0.6,1.5,0.8,0.026,-4.2,0.4,-3.8,-0.7
Greg Stokes,stokegr01,SAC,PF,26,11,34,-8.2,0.202,0.0,0.222,6.7,9.9,8.3,0.0,0.0,0.0,23.3,16.3,-0.2,0.0,-0.2,-0.238,-12.8,-4.1,-16.9,-0.1
Hakeem Olajuwon,olajuha01,HOU,C,27,82,3124,24.1,0.541,0.004,0.333,10.3,28.3,19.5,12.1,2.6,7.0,14.6,28.1,2.5,8.7,11.2,0.173,1.8,4.0,5.8,6.2
Harold Pressley,pressha01,SAC,SF,26,72,1603,13.7,0.506,0.261,0.249,6.7,15.1,10.9,13.5,1.8,1.3,12.3,19.3,0.8,1.5,2.3,0.069,-0.2,0.2,0.0,0.8
Harvey Grant,grantha01,WSB,PF,24,81,1846,12.0,0.502,0.013,0.228,8.0,12.0,10.0,9.4,1.4,1.3,11.4,16.5,1.1,1.4,2.6,0.067,-1.6,-0.5,-2.2,-0.1
Haywoode Workman,workmha01,ATL,PG,24,6,16,26.1,0.773,0.0,0.667,0.0,22.2,10.8,16.9,9.4,0.0,0.0,10.2,0.1,0.0,0.1,0.357,-0.2,13.8,13.6,0.1
Henry Turner,turnehe02,SAC,PF,23,36,315,14.2,0.518,0.025,0.533,7.9,10.0,9.0,10.7,2.7,1.3,14.7,24.2,0.0,0.3,0.3,0.046,-1.6,-0.4,-2.0,0.0
Herb Williams,willihe01,DAL,C,31,81,2199,10.4,0.476,0.014,0.239,4.0,16.0,10.1,7.9,1.2,3.0,12.6,16.8,-0.6,2.8,2.2,0.048,-3.1,1.1,-2.0,0.0
Hersey Hawkins,hawkihe01,PHI,SG,23,82,2856,17.0,0.57,0.176,0.384,3.4,8.6,6.0,13.3,2.3,0.6,12.2,22.5,5.5,2.5,8.0,0.135,1.6,0.1,1.7,2.7
Horace Grant,grantho01,CHI,PF,24,80,2753,16.6,0.555,0.0,0.3,10.1,16.9,13.5,11.3,1.7,1.9,10.2,16.7,5.3,2.8,8.0,0.14,1.3,-0.2,1.1,2.1
Hot Rod Williams,williho01,CLE,PF,27,82,2776,19.0,0.546,0.0,0.411,8.8,18.1,13.4,9.8,1.6,3.6,10.2,21.9,4.6,4.1,8.7,0.15,1.0,1.1,2.1,2.9
Isiah Thomas,thomais01,DET,PG,28,81,2993,17.3,0.501,0.103,0.285,2.8,8.9,5.9,39.4,2.4,0.4,17.8,26.0,2.1,4.6,6.7,0.107,2.3,0.6,2.9,3.7
J.R. Reid,reidjr01,CHO,C,21,82,2757,10.2,0.482,0.006,0.355,7.7,21.5,14.2,5.3,1.6,1.2,15.5,17.2,-1.7,2.8,1.1,0.02,-3.7,-0.5,-4.2,-1.5
Jack Haley,haleyja01,"CHI,NJN",PF,26,67,1084,8.5,0.449,0.003,0.36,10.7,19.4,14.8,3.5,0.8,0.7,15.2,17.6,-0.6,0.9,0.3,0.013,-5.1,-2.0,-7.1,-1.4
Jack Sikma,sikmaja01,MIL,C,34,71,2250,14.7,0.524,0.241,0.314,5.5,19.8,12.5,14.6,1.7,1.3,12.9,20.1,2.3,2.7,5.0,0.107,0.2,0.5,0.6,1.5
James Donaldson,donalja01,DAL,C,32,73,2265,12.2,0.581,0.0,0.445,7.9,23.4,15.8,3.6,0.5,1.3,17.2,13.4,1.7,2.8,4.5,0.094,-1.0,-0.4,-1.5,0.3
James Edwards,edwarja01,DET,C,34,82,2283,13.3,0.549,0.003,0.381,5.6,11.6,8.6,4.3,0.5,1.0,10.9,22.9,2.7,2.9,5.6,0.117,-1.6,-0.2,-1.7,0.1
James Worthy,worthja01,LAL,SF,28,80,2960,19.8,0.586,0.038,0.244,6.4,11.9,9.3,15.6,1.7,1.0,10.0,23.0,7.5,3.1,10.6,0.172,3.6,0.2,3.8,4.3
Jaren Jackson,jacksja01,NJN,SG,22,28,160,10.8,0.428,0.043,0.304,10.0,5.7,8.0,12.6,3.9,0.4,18.7,24.2,-0.3,0.2,-0.1,-0.031,-3.8,0.5,-3.3,0.0
Jawann Oldham,oldhaja01,"ORL,LAL",C,32,6,45,8.0,0.496,0.0,1.167,9.1,29.1,18.9,3.5,2.0,3.7,30.6,11.8,-0.1,0.1,0.0,0.006,-7.9,-0.3,-8.2,-0.1
Jay Edwards,edwarja02,LAC,SG,21,4,26,7.8,0.421,0.286,0.429,4.5,4.3,4.4,21.3,1.9,0.0,10.7,15.0,0.0,0.0,0.0,0.022,-3.3,-0.8,-4.0,0.0
Jay Humphries,humphja01,MIL,PG,27,81,2818,16.4,0.547,0.07,0.284,3.2,7.8,5.5,24.8,2.7,0.2,11.8,19.1,5.0,2.6,7.6,0.13,0.6,0.7,1.4,2.4
Jay Taylor,tayloja01,NJN,SG,22,17,114,9.5,0.456,0.25,0.173,4.4,6.0,5.1,7.1,2.1,1.6,15.2,23.2,-0.2,0.1,-0.1,-0.028,-2.4,-0.3,-2.6,0.0
Jay Vincent,vinceja01,"PHI,LAL",SF,30,41,459,11.8,0.523,0.011,0.268,5.0,10.2,7.7,5.8,2.0,0.6,13.9,22.0,0.1,0.4,0.5,0.052,-2.7,-0.9,-3.6,-0.2
Jeff Grayer,grayeje01,MIL,SF,24,71,1427,11.4,0.495,0.016,0.312,7.4,10.0,8.7,10.8,1.6,0.4,12.9,18.7,0.4,1.1,1.5,0.05,-1.6,-1.1,-2.7,-0.3
Jeff Hornacek,hornaje01,PHO,SG,26,67,2278,19.6,0.596,0.109,0.224,4.4,10.3,7.5,21.7,2.4,0.3,11.2,20.2,5.8,2.8,8.7,0.182,3.1,1.5,4.6,3.8
Jeff Lebo,leboje01,SAS,SG,23,4,32,5.8,0.381,0.0,0.286,7.2,6.9,7.0,11.8,3.0,0.0,11.3,11.5,0.0,0.0,0.0,0.065,-4.9,3.0,-1.9,0.0
Jeff Malone,malonje01,WSB,SG,28,75,2567,18.5,0.529,0.004,0.184,2.3,6.4,4.3,15.7,0.9,0.1,6.8,29.4,4.4,0.8,5.2,0.098,2.2,-2.2,0.0,1.3
Jeff Martin,martije01,LAC,SG,23,69,1351,8.7,0.46,0.036,0.312,6.7,6.8,6.7,4.6,1.5,0.7,9.1,16.0,0.0,0.9,0.9,0.031,-2.8,-1.1,-4.0,-0.7
Jeff Sanders,sandeje01,CHI,PF,24,31,182,2.5,0.335,0.0,0.1,11.0,14.3,12.7,6.0,1.1,1.4,26.4,13.3,-0.4,0.1,-0.3,-0.069,-7.5,-2.7,-10.2,-0.4
Jeff Turner,turneje01,ORL,PF,27,60,1105,6.6,0.464,0.032,0.175,4.8,17.2,10.8,6.4,1.0,0.6,15.5,13.9,-0.5,0.3,-0.2,-0.009,-5.1,-1.0,-6.1,-1.2
Jerome Kersey,kerseje01,POR,SF,27,82,2843,15.7,0.521,0.018,0.359,9.5,17.0,13.2,9.2,2.0,1.3,10.3,19.4,4.1,4.7,8.8,0.148,0.5,1.2,1.8,2.7
Jerome Lane,laneje01,DEN,PF,23,67,956,12.8,0.462,0.016,0.388,14.9,25.3,19.8,14.0,2.5,1.0,19.0,18.3,-0.4,1.6,1.2,0.062,-3.2,0.9,-2.3,-0.1
Jerry Reynolds,reynoje01,ORL,SF,27,67,1817,14.1,0.486,0.019,0.435,5.1,13.9,9.4,14.1,2.4,1.9,13.6,22.0,0.2,1.1,1.3,0.035,-0.8,0.2,-0.6,0.6
Jerry Sichting,sichtje01,"CHO,MIL",PG,33,35,496,8.9,0.449,0.096,0.176,0.6,3.9,2.2,26.2,1.6,0.2,14.0,13.4,0.0,0.2,0.2,0.018,-3.5,-0.6,-4.1,-0.3
Jim Farmer,farmeji01,SEA,SG,25,38,400,15.5,0.51,0.133,0.394,4.8,7.9,6.3,9.6,2.1,0.2,10.2,27.7,0.5,0.3,0.7,0.087,-0.2,-0.9,-1.1,0.1
Jim Les,lesji01,"UTA,LAC",PG,26,7,92,9.3,0.535,0.071,1.214,3.8,4.9,4.3,29.2,1.6,0.0,31.8,14.4,0.0,0.1,0.1,0.026,-2.6,-1.4,-4.0,0.0
Jim Paxson,paxsoji02,BOS,PG,32,72,1283,9.7,0.498,0.047,0.213,2.2,4.3,3.3,14.1,1.3,0.2,10.5,16.9,0.7,0.7,1.4,0.052,-2.9,-0.8,-3.7,-0.5
Jim Petersen,peterji01,GSW,C,27,43,592,9.0,0.497,0.007,0.518,9.3,19.0,14.4,5.0,1.3,1.9,17.2,14.1,0.0,0.4,0.4,0.035,-3.6,-0.8,-4.4,-0.4
Jim Rowinski,rowinji01,MIA,PF,29,14,112,13.2,0.576,0.0,0.813,16.1,12.3,14.3,6.1,0.4,1.1,18.7,19.2,0.2,0.1,0.2,0.101,-2.3,-1.9,-4.3,-0.1
Joe Barry Carroll,carrojo01,"NJN,DEN",C,31,76,1721,12.6,0.455,0.003,0.233,7.7,20.3,13.6,8.2,1.3,3.9,14.5,22.6,-1.7,2.4,0.7,0.019,-3.2,0.3,-2.9,-0.4
Joe Dumars,dumarjo01,DET,SG,26,75,2578,17.2,0.555,0.052,0.312,2.7,6.7,4.7,22.2,1.2,0.0,10.8,22.5,5.8,3.0,8.7,0.162,1.9,0.3,2.2,2.7
Joe Kleine,kleinjo01,BOS,C,28,81,1365,10.5,0.529,0.011,0.272,10.0,18.3,14.4,4.3,0.5,1.1,13.5,14.7,1.0,1.3,2.3,0.082,-2.5,-1.2,-3.7,-0.6
Joe Wolf,wolfjo01,LAC,C,25,77,1325,6.8,0.437,0.064,0.181,5.5,14.4,10.0,6.5,1.1,1.1,15.4,15.8,-1.4,1.2,-0.2,-0.006,-4.5,-0.8,-5.3,-1.1
John Bagley,baglejo01,BOS,PG,29,54,1095,10.8,0.489,0.083,0.179,2.8,6.0,4.5,33.3,1.8,0.2,27.7,12.5,0.3,0.8,1.1,0.047,-1.0,-0.6,-1.6,0.1
John Battle,battljo01,ATL,SG,27,60,1477,12.6,0.542,0.024,0.248,2.1,5.8,3.9,15.3,0.9,0.1,12.9,19.7,1.7,0.0,1.7,0.055,-0.8,-2.3,-3.1,-0.4
John Long,longjo01,ATL,SG,33,48,1030,10.7,0.495,0.076,0.143,2.8,6.5,4.6,11.8,2.2,0.3,15.5,19.7,-0.1,0.4,0.2,0.01,-2.0,-0.9,-2.9,-0.2
John Lucas,lucasjo01,HOU,PG,36,49,938,11.5,0.454,0.299,0.189,2.2,7.9,5.1,33.2,2.3,0.1,21.2,17.3,-0.2,1.2,1.0,0.052,-1.0,0.1,-0.9,0.3
John Morton,mortojo01,CLE,SG,22,37,402,5.9,0.388,0.186,0.385,1.9,7.0,4.5,24.2,2.3,0.6,21.3,25.8,-1.3,0.4,-0.9,-0.109,-6.0,-1.7,-7.7,-0.6
John Paxson,paxsojo01,CHI,PG,29,82,2365,12.7,0.555,0.13,0.096,1.3,4.6,3.0,19.2,1.7,0.2,10.3,14.9,3.7,1.1,4.8,0.097,-0.6,-0.9,-1.5,0.3
John Salley,sallejo01,DET,PF,25,82,1914,13.5,0.575,0.01,0.598,9.2,16.9,13.0,4.8,1.4,5.1,15.8,13.8,2.2,3.9,6.1,0.152,-1.9,3.3,1.5,1.7
John Shasky,shaskjo01,GSW,C,25,14,51,2.5,0.3,0.0,0.429,8.8,17.9,13.6,2.4,0.9,2.2,10.7,14.6,-0.1,0.0,-0.1,-0.084,-7.9,-3.6,-11.5,-0.1
John Stockton,stockjo01,UTA,PG,27,78,2915,23.9,0.607,0.123,0.471,2.5,5.6,4.1,57.4,3.5,0.4,19.7,20.6,10.4,4.0,14.4,0.238,6.7,2.2,8.9,8.0
John Williams,willijo02,WSB,SF,23,18,632,17.6,0.526,0.066,0.307,4.6,18.8,11.6,18.9,1.6,0.8,12.1,22.9,0.7,0.7,1.3,0.101,2.2,0.6,2.9,0.8
Johnny Dawkins,dawkijo01,PHI,PG,26,81,2865,16.0,0.549,0.069,0.257,1.9,7.8,4.9,29.7,2.1,0.2,16.8,18.8,4.2,2.2,6.4,0.107,1.3,-0.5,0.8,2.0
Johnny Moore,moorejo01,SAS,PG,31,53,516,8.1,0.428,0.27,0.214,3.6,7.6,5.7,20.7,3.0,0.4,22.0,14.2,-0.4,0.7,0.3,0.029,-3.8,1.1,-2.7,-0.1
Johnny Newman,newmajo01,NYK,SF,26,80,2277,12.7,0.562,0.181,0.38,3.0,6.2,4.7,11.3,2.0,0.6,13.5,19.4,2.8,1.7,4.5,0.095,-1.1,0.0,-1.1,0.5
Jon Koncak,koncajo01,ATL,C,26,54,977,8.7,0.612,0.008,0.622,6.7,20.3,13.3,3.0,1.9,2.1,22.5,9.0,0.4,1.0,1.4,0.068,-3.2,1.5,-1.7,0.1
Jon Sundvold,sundvjo01,MIA,SG,28,63,867,11.2,0.498,0.275,0.143,1.8,7.4,4.5,17.1,1.4,0.0,11.9,20.3,0.4,0.5,0.8,0.046,-0.9,-1.1,-2.0,0.0
José Ortiz,ortizjo01,UTA,PF,26,13,64,16.0,0.475,0.048,0.119,15.7,12.0,13.7,20.2,1.6,1.0,10.2,33.5,0.0,0.1,0.1,0.061,-2.6,-1.9,-4.5,0.0
Karl Malone,malonka01,UTA,PF,26,82,3122,27.2,0.626,0.026,0.561,9.3,24.0,17.1,13.2,1.9,1.0,13.0,32.6,10.5,5.4,15.9,0.245,5.9,0.5,6.4,6.6
Kelly Tripucka,tripuke01,CHO,SF,30,79,2404,13.6,0.521,0.101,0.341,3.7,12.0,7.6,14.5,1.5,0.4,12.9,24.1,0.6,1.5,2.1,0.042,-0.9,-1.0,-1.8,0.1
Kelvin Upshaw,upshake01,"BOS,DAL,GSW",SG,27,40,387,11.9,0.493,0.103,0.253,2.6,8.5,5.7,18.7,3.2,0.1,14.3,19.9,0.0,0.3,0.3,0.036,-2.4,0.8,-1.6,0.0
Ken Bannister,bannike01,LAC,PF,29,52,589,7.6,0.492,0.006,0.683,7.7,14.0,10.9,4.3,1.4,0.7,17.4,18.0,-0.5,0.5,0.1,0.005,-4.8,-1.1,-5.9,-0.6
Ken Norman,normake01,LAC,SF,25,70,2334,14.6,0.534,0.017,0.255,7.1,15.8,11.5,10.9,1.6,1.5,15.3,22.3,0.4,2.6,2.9,0.061,-0.6,-0.4,-0.9,0.6
Kenny Battle,battlke01,PHO,SG,25,59,729,12.2,0.587,0.024,0.482,7.1,11.3,9.3,6.8,2.3,0.9,13.4,13.5,1.0,1.0,1.9,0.127,-1.2,1.2,0.0,0.4
Kenny Gattison,gattike01,CHO,PF,25,63,941,12.9,0.586,0.004,0.409,8.5,15.6,11.9,6.2,1.8,2.0,17.4,17.4,0.6,0.9,1.5,0.075,-2.7,0.1,-2.6,-0.1
Kenny Payne,payneke01,PHI,SF,23,35,216,10.7,0.492,0.093,0.167,5.8,7.8,6.8,7.1,1.6,1.7,14.7,26.7,-0.2,0.2,0.0,0.002,-4.2,-1.8,-6.0,-0.2
Kenny Smith,smithke01,"SAC,ATL",PG,24,79,2421,13.3,0.526,0.102,0.242,0.8,6.5,3.7,26.6,1.6,0.2,15.9,18.9,1.7,1.0,2.6,0.052,-0.5,-1.2,-1.7,0.2
Kenny Walker,walkeke01,NYK,PF,25,68,1595,12.7,0.581,0.013,0.451,9.4,14.3,11.9,4.2,1.0,1.9,11.5,13.6,2.5,1.5,4.0,0.121,-0.9,-0.3,-1.2,0.3
Kevin Duckworth,duckwke01,POR,C,25,82,2462,13.3,0.517,0.0,0.272,8.0,14.6,11.2,5.5,0.7,0.8,11.8,23.2,1.8,2.9,4.8,0.093,-1.3,-1.0,-2.3,-0.2
Kevin Edwards,edwarke01,MIA,SG,24,78,2211,11.6,0.451,0.031,0.191,3.7,10.6,7.0,16.8,2.7,0.9,14.8,22.2,-2.0,2.3,0.3,0.005,-2.5,0.5,-2.1,0.0
Kevin Gamble,gamblke01,BOS,SF,24,71,990,12.3,0.52,0.06,0.355,4.9,7.4,6.2,15.7,1.4,0.5,11.2,16.7,1.2,0.7,1.9,0.092,-0.6,0.0,-0.5,0.4
Kevin Johnson,johnske02,PHO,PG,23,74,2782,22.8,0.585,0.035,0.516,1.8,8.4,5.3,44.4,1.6,0.3,15.6,25.0,9.0,2.6,11.6,0.2,5.3,-0.4,5.0,4.9
Kevin McHale,mchalke01,BOS,PF,32,82,2722,21.8,0.623,0.058,0.373,8.6,18.4,13.7,9.5,0.5,3.3,11.7,24.1,7.8,3.3,11.1,0.195,3.2,0.3,3.4,3.8
Kevin Willis,willike02,ATL,PF,27,81,2273,15.7,0.551,0.009,0.306,12.5,20.4,16.4,3.7,1.4,1.3,13.6,19.5,3.0,1.7,4.7,0.098,0.0,-1.8,-1.7,0.1
Kiki Vandeweghe,vandeki01,NYK,SF,31,22,563,12.5,0.512,0.082,0.208,3.0,7.3,5.2,10.6,1.3,0.3,9.3,20.5,0.5,0.3,0.8,0.072,-0.8,-1.7,-2.5,-0.1
Kurt Nimphius,nimphku01,PHI,C,31,38,314,7.9,0.432,0.011,0.33,8.0,14.0,11.0,2.6,0.6,3.5,10.3,15.7,-0.2,0.3,0.1,0.02,-4.7,-1.0,-5.7,-0.3
Kurt Rambis,rambiku01,"CHO,PHO",PF,31,74,1904,12.1,0.539,0.008,0.34,9.4,20.6,15.2,9.1,2.5,1.1,19.5,11.7,1.0,3.1,4.1,0.103,-1.2,1.9,0.7,1.3
LaSalle Thompson,thompla01,IND,C,28,82,2126,10.3,0.523,0.011,0.285,10.1,23.9,17.3,6.7,1.5,2.0,22.1,13.9,0.0,2.5,2.4,0.055,-2.9,0.3,-2.6,-0.3
Lanard Copeland,copella01,PHI,SG,24,23,110,10.0,0.499,0.074,0.206,4.2,6.1,5.2,14.0,0.5,0.6,20.4,35.9,-0.3,0.0,-0.2,-0.109,-5.3,-5.0,-10.4,-0.2
Larry Bird,birdla01,BOS,SF,33,75,2944,21.9,0.546,0.129,0.226,3.6,22.2,13.4,28.9,1.8,1.2,12.7,27.4,5.3,4.1,9.5,0.154,4.1,1.2,5.3,5.5
Larry Drew,drewla01,LAL,PG,31,80,1333,10.2,0.511,0.211,0.157,1.1,7.1,4.2,22.1,1.8,0.2,18.8,16.2,0.3,1.1,1.4,0.05,-1.6,-0.2,-1.8,0.1
Larry Krystkowiak,krystla01,MIL,PF,25,16,381,7.6,0.423,0.017,0.28,4.7,18.3,11.4,8.9,1.3,0.3,12.5,16.7,-0.3,0.4,0.1,0.01,-4.7,-0.7,-5.5,-0.3
Larry Nance,nancela01,CLE,PF,30,62,2065,19.1,0.554,0.001,0.296,8.7,19.4,14.0,12.8,1.3,3.5,10.8,21.4,3.5,3.0,6.5,0.152,1.4,1.3,2.7,2.4
Larry Smith,smithla01,HOU,PF,32,74,1300,9.8,0.468,0.009,0.258,14.9,21.7,18.4,6.6,2.0,1.3,22.8,9.6,0.1,2.5,2.6,0.095,-3.1,1.3,-1.8,0.1
Ledell Eackles,eacklle01,WSB,SG,23,78,1696,14.3,0.496,0.063,0.298,4.7,6.5,5.6,16.2,1.4,0.1,11.9,29.1,0.2,0.8,1.0,0.029,-0.8,-2.4,-3.2,-0.5
Leon Wood,woodle01,NJN,SG,27,28,200,10.9,0.446,0.429,0.327,0.5,6.3,3.2,32.6,1.5,0.0,12.5,12.9,0.2,0.1,0.3,0.066,-2.1,-1.4,-3.5,-0.1
Leonard Taylor,taylole01,GSW,PF,23,10,37,3.8,0.422,0.167,2.667,12.1,22.0,17.3,3.1,0.0,0.0,27.7,19.4,-0.1,0.0,-0.1,-0.097,-6.1,-4.1,-10.2,-0.1
Lester Conner,connele01,NJN,PG,30,82,2355,12.8,0.486,0.023,0.373,3.8,8.4,6.0,23.3,3.5,0.2,17.1,13.7,1.1,2.6,3.7,0.075,-2.2,1.7,-0.5,0.9
Lewis Lloyd,lloydle01,"PHI,HOU",SG,30,21,123,11.6,0.575,0.0,0.302,7.0,8.4,7.7,14.4,1.2,0.0,25.0,26.5,-0.2,0.1,0.0,-0.012,-3.1,-1.8,-4.9,-0.1
Magic Johnson,johnsma02,LAL,PG,30,79,2937,26.6,0.622,0.243,0.56,5.2,14.8,10.2,45.5,2.2,0.7,16.9,24.8,12.8,3.8,16.5,0.27,8.3,1.8,10.1,8.9
Manute Bol,bolma01,GSW,C,27,75,1310,7.2,0.383,0.284,0.29,2.8,18.8,11.2,3.3,0.4,10.0,21.1,7.4,-1.4,1.4,0.0,0.001,-4.6,3.3,-1.2,0.3
Mark Acres,acresma01,ORL,C,27,80,1691,8.3,0.536,0.014,0.421,9.3,17.8,13.4,5.0,1.0,0.8,17.2,9.4,1.1,0.6,1.6,0.047,-3.1,-0.6,-3.7,-0.7
Mark Aguirre,aguirma01,DET,SF,30,78,2005,15.8,0.544,0.104,0.283,6.7,10.6,8.7,11.6,0.9,0.6,10.7,24.3,3.1,2.5,5.7,0.136,1.0,0.0,1.0,1.5
Mark Alarie,alarima01,WSB,PF,26,82,1893,14.1,0.51,0.062,0.169,8.5,12.8,10.7,10.5,1.5,1.2,10.7,20.4,1.5,1.6,3.1,0.079,-0.6,-0.7,-1.3,0.3
Mark Bryant,bryanma01,POR,PF,24,58,562,9.1,0.48,0.0,0.327,10.3,18.0,14.1,3.0,1.5,1.0,12.5,14.0,0.2,0.9,1.0,0.088,-3.5,0.5,-3.1,-0.2
Mark Eaton,eatonma01,UTA,C,33,82,2281,10.6,0.561,0.0,0.393,9.4,20.8,15.4,2.2,0.7,5.5,17.6,8.2,1.4,3.9,5.3,0.112,-1.7,2.1,0.4,1.4
Mark Jackson,jacksma01,NYK,PG,24,82,2428,14.3,0.492,0.175,0.22,5.0,9.4,7.3,34.0,2.2,0.1,20.4,17.7,1.6,2.1,3.7,0.074,0.9,-0.5,0.4,1.5
Mark McNamara,mcnamma01,LAL,C,30,33,190,11.3,0.492,0.0,0.465,13.8,23.9,19.0,2.4,0.5,0.3,16.9,28.0,-0.2,0.2,0.1,0.015,-5.4,-3.6,-9.0,-0.3
Mark Price,pricema01,CLE,PG,25,73,2706,21.1,0.589,0.351,0.317,2.7,7.7,5.2,39.2,2.1,0.1,15.0,22.8,7.6,2.5,10.1,0.179,5.3,-0.2,5.2,4.9
Mark Wade,wadema01,DAL,PG,24,1,3,21.3,,,,0.0,0.0,0.0,81.6,0.0,0.0,,0.0,0.0,0.0,0.0,0.234,7.7,-0.6,7.1,0.0
Mark West,westma01,PHO,C,29,82,2399,15.7,0.656,0.0,0.543,10.4,22.2,16.6,2.5,0.7,4.3,16.1,13.5,4.2,4.0,8.2,0.163,0.0,1.4,1.4,2.0
Marques Johnson,johnsma01,GSW,SF,33,10,99,8.5,0.507,0.094,0.531,9.1,9.2,9.2,11.9,0.0,0.6,20.2,19.9,0.0,0.0,0.0,-0.016,-1.8,-3.1,-4.9,-0.1
Maurice Cheeks,cheekma01,"SAS,NYK",PG,33,81,2519,14.9,0.565,0.026,0.332,2.3,8.2,5.3,24.3,2.4,0.2,14.8,13.5,4.2,2.9,7.1,0.135,0.7,1.2,1.9,2.5
Mel McCants,mccanme01,LAL,SF,22,13,65,5.1,0.373,0.0,0.308,1.8,8.5,5.3,4.1,2.3,0.9,3.3,20.0,-0.1,0.1,0.0,-0.003,-6.9,-0.4,-7.3,-0.1
Melvin Turpin,turpime01,WSB,C,29,59,818,12.8,0.574,0.01,0.34,11.5,17.7,14.6,4.3,0.9,3.3,15.8,14.3,0.9,0.9,1.8,0.105,-2.6,-0.1,-2.8,-0.2
Michael Adams,adamsmi01,DEN,PG,27,79,2690,15.4,0.542,0.437,0.317,1.8,7.3,4.4,23.3,2.0,0.1,11.1,18.5,4.4,2.5,6.9,0.124,1.8,-0.1,1.8,2.6
Michael Ansley,anslemi01,ORL,SF,22,72,1221,17.3,0.554,0.0,0.488,15.7,15.6,15.6,4.8,0.9,0.8,8.1,19.7,3.0,0.3,3.3,0.129,1.2,-2.5,-1.3,0.2
Michael Cage,cagemi01,SEA,C,28,82,2595,14.5,0.54,0.0,0.329,13.3,24.2,18.6,3.6,1.5,1.1,11.3,13.4,3.9,2.8,6.8,0.125,0.7,-0.7,0.0,1.3
Michael Cooper,coopemi01,LAL,SG,33,80,1851,9.6,0.482,0.318,0.191,3.8,10.0,7.0,15.3,1.8,1.1,14.6,14.4,0.7,2.0,2.7,0.07,-1.7,1.0,-0.7,0.6
Michael Holton,holtomi01,CHO,PG,28,16,109,2.9,0.539,0.0,0.077,1.0,1.1,1.0,21.0,0.4,0.0,32.6,15.6,-0.2,0.0,-0.2,-0.081,-7.2,-3.2,-10.4,-0.2
Michael Jackson,jacksmi02,SAC,PG,25,17,58,8.1,0.367,0.182,0.545,3.9,9.7,6.8,17.6,4.3,0.0,22.7,13.1,-0.1,0.1,0.0,-0.016,-4.5,2.1,-2.3,0.0
Michael Jordan,jordami01,CHI,SG,26,82,3197,31.2,0.606,0.125,0.356,5.3,15.6,10.4,28.6,3.5,1.1,9.8,33.7,14.7,4.3,19.0,0.285,9.1,2.1,11.2,10.6
Michael Smith,smithmi01,BOS,PF,24,65,620,14.2,0.52,0.098,0.224,7.5,10.2,8.9,18.6,0.7,0.1,14.7,25.0,0.3,0.4,0.7,0.055,-0.8,-2.5,-3.3,-0.2
Michael Young,youngmi01,LAC,SF,29,45,459,16.0,0.52,0.134,0.196,9.1,12.3,10.7,8.2,2.6,0.4,6.6,20.5,0.6,0.5,1.1,0.119,0.4,0.0,0.4,0.3
Micheal Williams,willimi02,"PHO,CHO",PG,23,28,329,17.9,0.56,0.025,0.387,3.9,7.3,5.5,38.3,3.3,0.2,19.2,22.2,0.4,0.3,0.7,0.103,1.2,0.9,2.1,0.3
Mike Brown,brownmi01,UTA,C,26,82,1397,12.8,0.593,0.006,0.578,10.0,20.7,15.7,4.7,1.1,1.2,16.9,16.2,1.7,2.0,3.7,0.128,-1.7,-0.2,-1.9,0.1
Mike Dunleavy,dunlemi01,MIL,PG,35,5,43,5.1,0.485,0.643,0.571,0.0,5.4,2.7,30.6,1.1,0.0,31.3,24.9,-0.1,0.0,-0.1,-0.09,-4.9,-4.2,-9.1,-0.1
Mike Gminski,gminsmi01,PHI,C,30,81,2659,15.7,0.503,0.017,0.235,8.4,20.8,14.6,6.9,0.8,2.3,8.1,19.2,3.1,2.9,6.0,0.108,0.7,-0.6,0.0,1.4
Mike Higgins,higgimi01,"LAL,DEN",SF,22,11,50,10.9,0.565,0.0,1.25,4.4,4.5,4.3,7.0,1.9,2.4,7.5,10.6,0.1,0.1,0.1,0.132,-1.5,1.3,-0.3,0.0
Mike McGee,mcgeemi01,PHO,SF,30,14,280,9.8,0.53,0.264,0.241,4.6,9.2,7.1,7.7,1.4,0.2,12.7,16.3,0.1,0.3,0.4,0.064,-1.3,-1.1,-2.4,0.0
Mike Morrison,morrimi01,PHO,SG,22,36,153,4.2,0.443,0.103,0.441,5.4,8.8,7.2,9.7,0.6,0.0,22.1,28.1,-0.5,0.1,-0.3,-0.106,-7.4,-3.1,-10.5,-0.3
Mike Sanders,sandemi01,IND,SF,29,82,1531,9.1,0.498,0.029,0.157,6.3,11.1,8.8,8.3,1.4,0.9,13.4,16.7,0.1,0.9,1.0,0.031,-3.0,-0.7,-3.8,-0.7
Mike Smrek,smrekmi01,GSW,C,27,13,107,7.1,0.394,0.0,0.25,11.5,21.8,16.9,1.2,1.7,5.7,25.3,13.3,-0.2,0.1,-0.1,-0.039,-5.8,0.0,-5.8,-0.1
Mike Williams,willimi03,"SAC,ATL",PF,26,21,102,3.5,0.363,0.056,0.333,5.6,19.9,12.8,2.6,1.5,4.1,12.7,10.0,-0.1,0.1,0.0,0.012,-9.1,1.7,-7.4,-0.1
Mike Woodson,woodsmi01,HOU,SG,31,61,972,8.8,0.445,0.101,0.212,2.8,6.7,4.8,9.5,2.1,0.7,10.0,20.5,-0.6,1.2,0.7,0.032,-4.2,0.1,-4.2,-0.5
Mitch Richmond,richmmi01,GSW,SG,24,78,2799,17.0,0.576,0.074,0.364,3.9,9.5,6.9,12.1,1.6,0.5,11.9,24.1,4.6,0.7,5.2,0.09,1.4,-1.7,-0.4,1.2
Mitchell Wiggins,wiggimi01,HOU,SG,30,66,1852,16.3,0.535,0.004,0.278,7.7,8.6,8.2,8.6,2.2,0.0,8.3,22.9,2.9,2.5,5.4,0.139,0.2,-0.1,0.2,1.0
Mookie Blaylock,blaylmo01,NJN,PG,22,50,1267,11.5,0.416,0.14,0.142,3.3,8.8,5.9,26.2,3.1,0.7,15.5,22.8,-1.6,1.3,-0.3,-0.011,-2.4,0.4,-2.0,0.0
Morlon Wiley,wileymo01,ORL,PG,23,40,638,11.3,0.51,0.221,0.183,2.1,6.7,4.3,24.5,3.3,0.3,21.9,17.6,-0.2,0.3,0.1,0.009,-2.5,0.1,-2.4,-0.1
Moses Malone,malonmo01,ATL,C,34,81,2735,20.2,0.564,0.008,0.586,15.0,19.4,17.1,7.0,0.9,1.9,14.6,24.3,6.0,1.7,7.7,0.134,2.6,-2.4,0.3,1.6
Muggsy Bogues,boguemu01,CHO,PG,25,81,2743,16.9,0.528,0.039,0.202,1.9,7.0,4.3,44.6,3.0,0.1,16.8,13.5,4.6,2.1,6.7,0.117,1.5,0.7,2.2,2.9
Mychal Thompson,thompmy01,LAL,C,35,70,1883,13.4,0.542,0.0,0.363,10.9,17.9,14.5,3.2,0.9,2.3,10.8,16.6,2.4,2.3,4.7,0.119,-1.1,-0.8,-2.0,0.0
Nate Johnston,johnsna01,"UTA,POR",PF,23,21,87,14.1,0.428,0.083,0.271,16.4,12.7,14.5,1.6,1.6,5.6,10.0,27.6,-0.1,0.2,0.1,0.05,-3.5,-1.0,-4.5,-0.1
Nate McMillan,mcmilna01,SEA,SG,25,82,2338,14.4,0.517,0.071,0.349,6.1,14.4,10.1,32.7,3.0,1.0,27.0,12.4,2.3,2.6,4.9,0.101,0.4,2.2,2.6,2.7
Nick Anderson,anderni01,ORL,SG,22,81,1785,14.9,0.536,0.023,0.351,6.1,12.7,9.3,10.5,1.8,1.0,13.7,22.1,1.2,0.7,1.8,0.049,0.0,-1.0,-1.0,0.5
Olden Polynice,polynol01,SEA,C,25,79,1085,12.4,0.541,0.007,0.343,13.3,19.3,16.2,1.9,1.2,1.2,9.5,14.1,1.6,0.9,2.5,0.111,-1.3,-1.0,-2.3,-0.1
Orlando Woolridge,woolror01,LAL,SF,30,62,1421,17.6,0.601,0.009,0.436,4.1,10.6,7.5,10.4,1.4,1.9,10.0,21.9,3.3,1.5,4.8,0.161,1.3,0.2,1.5,1.3
Otis Smith,smithot01,ORL,SF,26,65,1644,17.2,0.543,0.056,0.314,7.3,12.1,9.6,13.5,2.1,1.9,11.2,21.6,2.5,0.9,3.3,0.097,1.3,0.2,1.5,1.5
Otis Thorpe,thorpot01,HOU,PF,27,82,2947,16.1,0.587,0.01,0.447,9.4,16.8,13.2,12.8,1.1,0.5,16.1,19.6,4.4,4.1,8.5,0.138,0.6,0.2,0.7,2.0
Pat Cummings,cummipa01,MIA,C,33,37,391,10.5,0.499,0.0,0.233,7.6,19.1,13.1,5.0,1.5,0.6,15.4,21.4,-0.3,0.4,0.1,0.017,-4.0,-0.9,-5.0,-0.3
Patrick Ewing,ewingpa01,NYK,C,27,82,3165,25.8,0.599,0.002,0.387,8.5,22.4,15.7,10.0,1.2,5.9,12.4,29.4,8.3,5.3,13.5,0.205,3.7,1.8,5.5,6.0
Paul Mokeski,mokespa01,CLE,C,33,38,449,7.7,0.455,0.007,0.24,6.7,18.1,12.4,5.7,0.9,1.3,13.6,18.5,-0.4,0.5,0.2,0.018,-6.3,-0.5,-6.7,-0.5
Paul Pressey,presspa01,MIL,SG,31,57,1400,15.9,0.533,0.085,0.375,4.8,9.4,7.0,25.6,2.5,1.0,15.6,20.9,1.6,1.4,3.0,0.102,0.5,0.8,1.3,1.2
Pervis Ellison,ellispe01,SAC,C,22,34,866,10.3,0.475,0.008,0.311,8.4,17.2,12.8,10.6,0.9,3.9,17.9,17.3,-0.5,0.9,0.4,0.021,-4.0,0.6,-3.4,-0.3
Pete Myers,myerspe01,"NYK,NJN",SG,26,52,751,9.8,0.454,0.031,0.444,4.6,9.4,6.9,25.9,2.3,0.9,22.0,18.6,-0.6,0.7,0.0,0.003,-3.8,-0.2,-3.9,-0.4
Pooh Richardson,richapo01,MIN,PG,23,82,2581,15.8,0.482,0.09,0.116,2.4,8.0,5.0,35.3,2.7,0.6,12.7,19.0,2.0,2.4,4.4,0.082,1.0,0.4,1.4,2.2
Purvis Short,shortpu01,NJN,SF,32,82,2213,13.4,0.508,0.037,0.249,4.6,7.5,6.0,10.8,1.4,0.5,10.1,21.3,2.0,1.3,3.3,0.071,-1.1,-0.9,-2.0,0.0
Quintin Dailey,dailequ01,SEA,SG,29,30,491,10.0,0.459,0.021,0.275,4.1,8.2,6.1,10.3,1.2,0.0,11.2,25.8,-0.1,0.2,0.1,0.012,-3.6,-1.4,-5.0,-0.4
Ralph Lewis,lewisra01,"DET,CHO",SG,26,7,26,13.2,0.635,0.0,0.286,16.5,9.3,13.1,0.0,1.9,0.0,20.2,16.2,0.0,0.0,0.0,0.088,-1.2,-2.2,-3.5,0.0
Ralph Sampson,sampsra01,SAC,C,29,26,417,5.5,0.392,0.031,0.178,3.0,19.7,11.4,9.3,1.7,3.1,19.6,17.9,-1.1,0.5,-0.6,-0.068,-7.3,1.6,-5.7,-0.4
Randolph Keys,keysra01,"CLE,CHO",SF,23,80,1615,10.9,0.474,0.063,0.206,6.8,11.0,8.8,8.6,2.1,0.3,10.2,21.9,-0.5,1.5,1.0,0.03,-3.4,-0.6,-4.0,-0.8
Randy Allen,allenra01,SAC,SG,25,63,746,8.4,0.456,0.029,0.18,7.5,13.4,10.5,4.4,1.1,1.5,9.8,16.5,-0.3,0.6,0.2,0.014,-4.2,-0.9,-5.2,-0.6
Randy Breuer,breuera01,"MIL,MIN",C,29,81,1879,13.0,0.462,0.001,0.277,9.3,17.4,13.1,8.3,1.2,3.7,10.9,20.3,-0.2,2.2,2.0,0.051,-2.2,-0.1,-2.3,-0.2
Randy White,whitera01,DAL,PF,22,55,707,7.4,0.407,0.056,0.353,12.7,15.0,13.9,4.3,1.7,0.5,13.9,21.0,-1.0,0.8,-0.2,-0.012,-6.1,-1.4,-7.5,-1.0
Randy Wittman,wittmra01,IND,SF,30,61,544,6.9,0.522,0.016,0.049,0.9,5.3,3.2,9.7,0.6,0.4,15.6,11.8,0.0,0.1,0.0,0.004,-2.6,-1.6,-4.2,-0.3
Raymond Brown,brownra01,UTA,PF,24,16,56,-0.9,0.277,0.0,0.071,22.4,9.8,15.7,10.3,0.0,0.0,17.2,27.2,-0.3,0.0,-0.2,-0.2,-10.8,-6.2,-17.0,-0.2
Reggie Lewis,lewisre01,BOS,SG,24,79,2522,16.8,0.545,0.014,0.291,5.0,9.9,7.6,12.9,1.7,1.4,8.9,22.5,4.2,2.5,6.7,0.128,0.8,0.2,0.9,1.9
Reggie Miller,millere01,IND,SG,24,82,3192,20.8,0.645,0.281,0.487,3.7,7.0,5.4,15.1,1.7,0.3,12.4,24.2,10.8,1.3,12.1,0.182,4.9,-0.9,4.0,4.8
Reggie Theus,theusre01,ORL,SG,32,76,2350,15.9,0.524,0.089,0.376,3.3,6.8,5.0,26.5,1.2,0.3,14.1,26.6,2.7,-0.1,2.5,0.052,1.2,-2.4,-1.2,0.5
Reggie Williams,willire01,"LAC,CLE,SAS",SF,25,47,743,9.1,0.435,0.109,0.201,4.3,8.3,6.3,11.1,2.1,1.1,10.9,23.8,-0.8,0.8,0.0,-0.002,-4.9,-0.1,-5.0,-0.6
Rex Chapman,chapmre01,CHO,SG,22,54,1762,11.9,0.469,0.154,0.208,3.2,8.7,5.8,12.2,1.3,0.2,9.0,26.8,-1.4,0.7,-0.7,-0.018,-1.6,-2.1,-3.7,-0.8
Richard Anderson,anderri01,CHO,PF,29,54,604,13.3,0.522,0.474,0.109,5.9,18.8,11.9,13.4,1.6,0.9,10.5,17.4,0.4,0.5,1.0,0.077,0.6,0.2,0.7,0.4
Rick Carlisle,carliri01,NJN,SG,30,5,21,-9.2,0.143,0.429,0.0,0.0,0.0,0.0,31.6,2.3,2.8,36.4,21.0,-0.2,0.0,-0.2,-0.344,-15.1,-1.3,-16.4,-0.1
Rick Mahorn,mahorri01,PHI,PF,31,75,2271,13.9,0.546,0.014,0.406,8.4,19.9,14.2,5.9,1.0,2.7,12.3,15.8,2.7,2.7,5.3,0.113,-0.7,0.3,-0.4,0.9
Rickey Green,greenri01,IND,PG,35,69,927,10.9,0.481,0.048,0.221,1.2,5.4,3.4,26.4,2.7,0.1,19.7,14.7,0.2,0.5,0.7,0.037,-1.6,-0.2,-1.8,0.0
Ricky Pierce,piercri01,MIL,SG,30,59,1709,21.9,0.592,0.135,0.371,4.2,7.0,5.6,13.9,1.4,0.3,10.1,31.3,4.8,1.0,5.8,0.163,4.5,-1.7,2.9,2.1
Rik Smits,smitsri01,IND,C,23,82,2404,18.1,0.579,0.001,0.307,6.9,17.5,12.5,9.3,0.9,4.2,11.5,22.4,4.2,2.3,6.6,0.132,0.1,0.6,0.7,1.6
Robert Parish,parisro01,BOS,C,36,79,2396,19.2,0.616,0.0,0.358,12.6,23.5,18.3,6.2,0.8,1.7,14.4,20.7,4.8,3.0,7.8,0.157,1.9,-0.8,1.1,1.9
Robert Reid,reidro01,"POR,CHO",SF,34,72,1202,8.0,0.427,0.072,0.192,3.0,11.7,7.1,10.9,1.5,0.8,8.5,18.7,-1.1,0.8,-0.3,-0.011,-4.3,-0.4,-4.7,-0.8
Rod Higgins,higgiro01,GSW,PF,30,82,1993,15.5,0.6,0.305,0.451,6.8,15.4,11.3,8.8,1.1,1.5,10.9,17.0,4.1,0.9,5.0,0.121,1.9,-0.9,1.0,1.5
Rod Strickland,stricro02,"NYK,SAS",PG,23,82,2140,15.7,0.494,0.04,0.368,4.8,8.6,6.8,31.2,2.9,0.4,16.2,20.4,1.6,2.6,4.3,0.095,0.5,0.7,1.2,1.7
Rodney McCray,mccraro01,SAC,SF,28,82,3238,16.7,0.568,0.04,0.334,6.7,16.6,11.7,17.4,0.9,1.3,12.7,18.3,5.4,2.5,7.9,0.118,2.0,0.0,2.0,3.3
Rolando Blackman,blackro01,DAL,SG,30,80,2934,17.0,0.552,0.034,0.271,3.5,7.3,5.4,16.3,1.3,0.4,11.0,23.6,4.6,2.2,6.8,0.111,1.6,-0.6,0.9,2.2
Ron Anderson,anderro01,PHI,SF,31,78,2089,13.9,0.499,0.025,0.234,4.4,11.5,8.0,10.0,1.7,0.4,7.8,20.4,2.0,1.7,3.8,0.086,-0.8,-0.5,-1.4,0.3
Ron Harper,harpero01,"CLE,LAC",SG,26,35,1367,20.2,0.54,0.08,0.363,6.2,10.9,8.6,21.9,2.9,1.8,11.9,25.8,2.2,1.7,3.9,0.138,2.8,1.9,4.6,2.3
Rony Seikaly,seikaro01,MIA,C,24,74,2409,15.9,0.53,0.001,0.445,11.2,24.4,17.6,4.9,1.5,3.1,16.9,23.3,-0.2,3.4,3.2,0.063,-1.5,-0.2,-1.7,0.2
Rory Sparrow,sparrro01,MIA,PG,31,82,1756,8.8,0.448,0.078,0.151,2.2,6.6,4.3,23.0,1.3,0.1,15.4,14.7,-0.2,0.9,0.7,0.019,-3.2,-0.8,-4.0,-0.9
Roy Hinson,hinsoro01,NJN,PF,28,25,793,15.2,0.57,0.0,0.346,7.7,15.9,11.5,4.5,0.9,2.0,13.6,19.3,1.1,0.7,1.8,0.107,-0.3,-0.2,-0.4,0.3
Roy Marble,marblro01,ATL,SG,23,24,162,5.5,0.36,0.034,0.5,10.4,6.6,8.5,8.9,2.2,0.4,16.5,21.9,-0.4,0.1,-0.3,-0.089,-5.0,-2.4,-7.4,-0.2
Roy Tarpley,tarplro01,DAL,PF,25,45,1648,18.0,0.491,0.009,0.247,13.2,27.1,20.3,6.5,2.4,2.6,13.2,23.7,0.3,3.3,3.5,0.103,-0.6,0.3,-0.3,0.7
Sam Bowie,bowiesa01,NJN,C,28,68,2207,16.2,0.499,0.037,0.454,9.3,24.9,16.6,6.4,0.8,3.3,11.1,20.5,1.9,2.8,4.7,0.103,-0.7,-0.4,-1.1,0.5
Sam Mitchell,mitchsa01,MIN,PF,26,80,2414,13.7,0.512,0.011,0.418,8.4,14.9,11.5,6.0,1.4,1.5,8.9,19.8,2.8,2.3,5.1,0.102,-1.5,-0.9,-2.4,-0.3
Sam Perkins,perkisa01,DAL,SF,28,76,2668,17.3,0.564,0.032,0.48,9.0,15.2,12.2,10.0,1.7,1.5,12.2,20.0,4.8,3.3,8.1,0.146,1.3,0.5,1.7,2.5
Sam Vincent,vincesa01,ORL,PG,26,63,1657,15.4,0.536,0.025,0.379,2.3,10.3,6.2,29.8,1.8,0.7,16.7,18.6,2.0,0.4,2.4,0.07,0.7,-0.3,0.4,1.0
Scott Brooks,brooksc01,PHI,PG,24,72,975,14.2,0.53,0.286,0.207,1.8,5.7,3.7,28.5,2.4,0.0,11.2,14.7,1.9,0.7,2.7,0.131,0.5,0.5,0.9,0.7
Scott Haffner,haffnsc01,MIA,PG,23,43,559,8.3,0.43,0.097,0.115,1.3,9.0,5.0,20.4,1.1,0.2,12.6,18.8,-0.4,0.3,-0.1,-0.008,-3.9,-1.2,-5.1,-0.4
Scott Hastings,hastisc01,DET,PF,29,40,166,7.0,0.492,0.364,0.667,4.8,17.1,11.0,6.2,0.9,1.1,14.1,12.9,0.1,0.3,0.3,0.101,-4.6,1.4,-3.1,0.0
Scott Meents,meentsc01,SEA,PF,26,26,148,11.9,0.508,0.0,0.523,5.3,19.0,11.9,6.4,1.4,1.3,14.3,17.8,0.1,0.1,0.2,0.066,-1.7,0.1,-1.6,0.0
Scott Roth,rothsc01,MIN,SF,26,71,1061,11.7,0.478,0.124,0.479,3.6,9.4,6.3,17.4,2.5,0.4,14.3,24.6,-0.2,1.0,0.7,0.034,-2.5,0.0,-2.5,-0.2
Scott Skiles,skilesc01,ORL,PG,25,70,1460,13.2,0.519,0.284,0.256,1.6,10.1,5.7,30.8,1.1,0.2,14.8,16.2,1.9,0.1,2.0,0.065,-0.2,-1.9,-2.0,0.0
Scottie Pippen,pippesc01,CHI,SF,24,82,3148,16.3,0.528,0.097,0.257,5.6,14.9,10.3,19.8,3.3,2.0,17.8,21.2,1.4,4.3,5.7,0.087,0.4,1.4,1.8,3.0
Sean Elliott,elliose01,SAS,SF,21,81,2032,12.5,0.546,0.014,0.334,7.2,9.2,8.2,10.7,1.1,0.4,13.1,17.4,2.6,2.0,4.6,0.108,-0.4,-0.7,-1.1,0.4
Sedale Threatt,threase01,SEA,PG,28,65,1481,17.4,0.557,0.053,0.262,3.3,5.9,4.6,21.9,2.2,0.3,10.3,21.0,3.7,0.9,4.6,0.149,1.8,0.2,2.0,1.5
Sedric Toney,toneyse01,"ATL,SAC",PG,27,64,968,8.0,0.461,0.252,0.332,1.6,5.4,3.5,23.8,1.7,0.0,20.3,15.9,-0.4,0.4,0.0,-0.001,-3.3,-1.6,-4.9,-0.7
Shawn Kemp,kempsh01,SEA,PF,20,81,1120,15.9,0.531,0.028,0.375,14.7,21.8,18.1,3.4,2.1,4.0,17.8,22.4,0.5,1.6,2.1,0.092,-2.2,0.2,-2.0,0.0
Sherman Douglas,douglsh01,MIA,PG,23,81,2470,17.0,0.534,0.033,0.348,3.0,6.3,4.6,37.4,2.8,0.2,18.5,21.7,2.3,2.1,4.4,0.086,1.4,0.0,1.4,2.1
Sidney Green,greensi02,ORL,C,29,73,1860,12.7,0.501,0.004,0.313,9.1,24.7,16.7,7.5,1.2,0.8,13.6,18.5,0.5,1.2,1.7,0.044,-2.2,-1.2,-3.4,-0.6
Sidney Lowe,lowesi01,MIN,PG,30,80,1744,8.7,0.37,0.039,0.236,2.7,9.0,5.6,26.5,2.2,0.2,20.0,8.0,0.1,1.4,1.5,0.04,-3.3,0.6,-2.7,-0.3
Sleepy Floyd,floydsl01,HOU,PG,29,82,2630,14.2,0.552,0.291,0.289,1.9,6.0,4.0,30.8,1.7,0.2,18.4,17.1,3.4,2.9,6.3,0.115,0.8,-0.2,0.6,1.7
Spud Webb,webbsp01,ATL,PG,26,82,2184,15.3,0.538,0.031,0.302,2.0,8.8,5.3,29.9,2.4,0.3,16.8,16.1,3.5,1.1,4.5,0.099,0.7,-0.2,0.5,1.4
Stacey King,kingst01,CHI,PF,23,82,1777,13.8,0.562,0.002,0.504,11.2,14.3,12.8,6.6,1.1,2.1,15.5,18.4,2.2,1.4,3.6,0.098,-1.4,-1.6,-3.0,-0.4
Stan Kimbrough,kimbrst01,DET,PG,23,10,50,12.1,0.474,0.0,0.125,9.1,6.8,8.0,14.3,4.1,0.0,19.2,18.0,0.0,0.1,0.1,0.074,-2.0,3.6,1.6,0.0
Stanley Brundy,brundst01,NJN,SF,22,16,128,10.1,0.488,0.0,0.6,11.7,9.8,10.8,3.4,2.3,2.3,13.7,13.8,0.0,0.1,0.2,0.057,-3.6,0.6,-3.1,0.0
Steve Alford,alforst01,DAL,PG,25,41,302,18.7,0.544,0.159,0.268,0.8,8.5,4.7,21.2,2.5,0.6,9.4,24.7,0.6,0.3,0.9,0.144,1.2,0.4,1.6,0.3
Steve Bucknall,bucknst01,LAL,SG,23,18,75,0.0,0.323,0.03,0.182,7.9,2.9,5.3,17.9,1.3,0.8,23.6,26.6,-0.4,0.0,-0.3,-0.199,-9.7,-3.6,-13.3,-0.2
Steve Colter,coltest01,WSB,PG,27,73,977,15.9,0.533,0.017,0.32,6.0,13.5,9.7,19.9,2.3,0.6,10.1,15.8,1.7,1.0,2.7,0.134,0.2,1.3,1.5,0.9
Steve Harris,harrist01,LAC,SG,26,15,93,6.0,0.371,0.0,0.1,6.2,6.1,6.1,1.6,3.6,0.6,10.7,21.0,-0.2,0.1,-0.1,-0.061,-6.9,-0.9,-7.8,-0.1
Steve Johnson,johnsst03,"MIN,SEA",C,32,25,259,9.6,0.545,0.0,0.38,8.3,16.1,12.0,9.7,0.6,1.2,22.4,22.4,-0.1,0.2,0.0,0.006,-4.7,-0.7,-5.3,-0.2
Steve Kerr,kerrst01,CLE,PG,24,78,1664,12.0,0.56,0.333,0.169,0.8,5.8,3.3,21.5,1.4,0.3,13.8,14.0,2.1,1.1,3.2,0.093,-0.3,-0.5,-0.8,0.5
Stuart Gray,grayst01,"CHO,NYK",C,26,58,560,8.5,0.485,0.051,0.475,7.7,22.4,14.7,4.5,1.3,2.8,16.7,10.9,0.0,0.7,0.6,0.054,-5.0,0.6,-4.4,-0.3
T.R. Dunn,dunntr01,DEN,SF,34,65,657,9.8,0.499,0.021,0.402,8.4,13.9,11.0,7.5,2.8,0.4,14.3,7.9,0.5,0.9,1.4,0.101,-2.3,1.6,-0.7,0.2
Tellis Frank,frankte01,MIA,PF,24,77,1762,11.1,0.518,0.0,0.386,9.1,15.2,12.1,6.9,1.4,0.9,15.9,19.3,0.4,1.6,2.0,0.054,-3.2,-0.6,-3.9,-0.8
Terry Catledge,catlete01,ORL,PF,26,74,2462,15.0,0.525,0.007,0.422,11.3,12.9,12.1,4.5,0.7,0.4,11.7,24.6,2.4,0.1,2.5,0.049,-0.1,-3.3,-3.4,-0.9
Terry Cummings,cummite01,SAS,PF,28,81,2821,19.6,0.527,0.039,0.287,9.3,17.5,13.5,12.9,1.9,1.1,10.5,28.3,4.3,4.4,8.7,0.149,1.8,-0.1,1.7,2.7
Terry Davis,daviste01,MIA,PF,22,63,884,9.0,0.496,0.004,0.332,11.2,17.7,14.3,3.9,1.3,1.9,18.5,16.8,-0.4,0.9,0.5,0.029,-5.1,-0.5,-5.7,-0.8
Terry Dozier,doziete01,CHO,SF,23,9,92,5.1,0.36,0.037,0.296,8.2,10.5,9.3,4.5,3.2,1.3,18.7,17.4,-0.3,0.1,-0.2,-0.084,-6.4,-0.1,-6.5,-0.1
Terry Porter,portete01,POR,PG,26,80,2781,20.0,0.597,0.246,0.487,2.3,8.4,5.3,35.4,2.5,0.1,17.2,20.1,7.9,3.8,11.7,0.202,4.5,1.3,5.8,5.4
Terry Teagle,teaglte01,GSW,SF,29,82,2376,14.8,0.529,0.012,0.262,5.4,10.8,8.2,9.9,1.7,0.3,10.3,23.4,1.9,0.8,2.7,0.054,-0.6,-1.9,-2.4,-0.3
Thurl Bailey,baileth01,UTA,SF,28,82,2583,13.4,0.527,0.008,0.292,5.6,12.5,9.3,8.1,0.6,2.4,11.2,21.0,1.7,2.8,4.6,0.085,-0.6,-0.6,-1.2,0.5
Tim Hardaway,hardati01,GSW,PG,23,79,2663,16.0,0.525,0.085,0.28,2.4,9.6,6.2,36.4,2.8,0.2,19.0,20.5,1.9,1.4,3.3,0.06,0.6,-0.8,-0.2,1.2
Tim Kempton,kemptti01,DEN,PF,26,71,1061,10.7,0.529,0.003,0.365,4.7,17.5,10.8,14.0,1.3,0.5,18.1,16.3,0.1,1.2,1.3,0.06,-2.7,0.3,-2.4,-0.1
Tim Legler,legleti01,PHO,SG,23,11,83,6.7,0.442,0.034,0.207,5.6,5.0,5.3,9.5,1.1,0.0,11.2,17.7,0.0,0.1,0.0,0.023,-5.4,-2.2,-7.6,-0.1
Tim McCormick,mccorti01,HOU,C,27,18,116,2.6,0.401,0.0,0.655,7.4,17.0,12.3,3.3,1.2,0.5,21.1,16.6,-0.3,0.2,-0.1,-0.032,-8.6,-1.2,-9.9,-0.2
Tim Perry,perryti01,PHO,C,24,60,612,13.5,0.541,0.005,0.462,15.1,12.3,13.6,3.8,1.6,2.0,16.7,19.0,0.4,0.8,1.2,0.094,-1.3,-0.1,-1.4,0.1
Tito Horford,horfoti01,MIL,C,24,35,236,5.1,0.351,0.0,0.387,9.1,19.7,14.3,1.1,1.0,4.3,16.2,15.4,-0.5,0.3,-0.2,-0.037,-7.2,-1.5,-8.7,-0.4
Tod Murphy,murphto01,MIN,C,26,82,2493,13.0,0.53,0.078,0.368,9.4,18.3,13.6,6.4,1.6,1.6,8.7,12.4,3.3,2.8,6.1,0.117,-0.7,0.2,-0.4,1.0
Todd Lichti,lichtto01,DEN,SG,23,79,1326,12.3,0.533,0.027,0.339,3.6,8.6,6.0,11.7,1.9,0.6,13.9,20.2,0.5,1.3,1.8,0.066,-2.0,-0.2,-2.3,-0.1
Tom Chambers,chambto01,PHO,PF,30,81,3046,20.9,0.579,0.053,0.4,4.7,15.2,10.3,10.0,1.4,0.9,10.3,28.8,7.5,3.7,11.2,0.176,2.7,-0.3,2.3,3.3
Tom Garrick,garrito01,LAC,SG,23,73,1721,11.8,0.539,0.05,0.271,2.3,8.4,5.4,23.4,2.5,0.2,19.9,14.3,0.9,1.6,2.5,0.07,-2.0,0.7,-1.3,0.3
Tom Hammonds,hammoto01,WSB,PF,22,61,805,10.5,0.475,0.003,0.332,8.1,14.5,11.3,8.5,0.7,1.0,12.0,19.5,0.0,0.5,0.5,0.031,-3.0,-1.9,-4.9,-0.6
Tom Tolbert,tolbeto01,GSW,PF,24,70,1347,13.8,0.562,0.041,0.545,10.2,18.2,14.4,6.0,0.8,1.0,12.6,18.6,1.9,0.7,2.5,0.091,-1.0,-2.2,-3.1,-0.4
Tony Brown,brownto01,MIL,SF,29,61,635,8.2,0.475,0.097,0.272,6.9,6.1,6.5,9.0,2.5,0.4,18.1,18.6,-0.5,0.5,0.0,0.0,-3.9,-0.5,-4.4,-0.4
Tony Campbell,campbto01,MIN,SG,27,82,3164,17.1,0.52,0.034,0.36,7.5,9.8,8.5,12.4,1.8,0.6,12.1,29.0,2.8,2.5,5.3,0.081,1.6,-1.3,0.3,1.8
Torgeir Bryn,brynto01,LAC,C,25,3,10,9.1,0.431,0.0,3.0,0.0,22.6,11.4,0.0,9.7,6.0,17.7,23.6,0.0,0.0,0.0,0.065,-13.3,7.3,-6.0,0.0
Tree Rollins,rollitr01,CLE,C,34,48,674,8.8,0.473,0.008,0.128,9.6,15.9,12.7,4.9,1.0,4.7,21.0,10.7,-0.2,0.9,0.7,0.05,-4.5,1.5,-3.0,-0.2
Trent Tucker,tucketr01,NYK,SG,30,81,1725,12.0,0.518,0.404,0.142,3.8,7.3,5.6,13.9,2.1,0.3,10.2,17.3,1.9,1.4,3.3,0.091,-0.1,0.1,0.0,0.9
Tyrone Corbin,corbity01,MIN,SF,27,82,3011,15.9,0.512,0.01,0.193,8.2,16.4,12.0,12.0,3.1,0.9,10.9,19.3,2.8,4.0,6.8,0.108,-0.1,1.0,0.9,2.2
Uwe Blab,blabuw01,"GSW,SAS",C,27,47,531,3.3,0.429,0.0,0.378,6.1,15.2,10.9,5.8,0.1,2.3,23.4,11.3,-0.6,0.2,-0.4,-0.039,-6.4,-1.0,-7.4,-0.7
Vern Fleming,flemive01,IND,PG,27,82,2876,16.3,0.561,0.037,0.32,5.0,7.9,6.5,30.8,1.6,0.2,16.4,18.9,5.6,1.2,6.7,0.112,1.9,-1.1,0.8,2.0
Vernon Maxwell,maxweve01,"SAS,HOU",SG,24,79,1987,11.5,0.496,0.167,0.337,2.9,9.6,6.3,20.5,2.0,0.3,16.6,17.8,0.3,2.5,2.8,0.068,-1.6,0.5,-1.1,0.5
Vinnie Johnson,johnsvi01,DET,SG,33,82,1972,12.9,0.467,0.044,0.253,6.3,8.5,7.4,19.2,1.8,0.4,12.5,21.5,0.5,2.8,3.2,0.079,-1.0,0.9,-0.1,0.9
Vinny Del Negro,delnevi01,SAC,SG,23,76,1858,12.6,0.52,0.05,0.241,2.4,9.6,6.0,19.9,1.7,0.3,13.5,19.1,1.0,1.2,2.2,0.057,-1.8,-0.3,-2.1,-0.1
Vlade Divac,divacvl01,LAL,C,21,82,1611,17.5,0.544,0.009,0.393,12.3,23.7,18.2,6.7,2.4,4.2,14.6,20.0,1.7,3.2,5.0,0.148,-1.0,1.7,0.7,1.1
Walter Davis,daviswa03,DEN,SG,35,69,1635,18.3,0.533,0.045,0.22,2.8,9.1,5.7,14.9,1.6,0.3,8.3,29.6,2.1,1.5,3.6,0.105,1.4,-0.6,0.8,1.1
Wayman Tisdale,tisdawa01,SAC,PF,25,79,2937,18.1,0.565,0.004,0.283,7.1,15.7,11.4,6.2,0.9,1.1,9.0,25.1,4.8,2.2,7.0,0.114,1.2,-1.5,-0.3,1.3
Wayne Cooper,coopewa01,POR,C,33,79,1176,10.6,0.469,0.01,0.128,10.7,20.7,15.7,4.8,0.7,4.9,10.8,12.0,0.6,2.1,2.7,0.112,-3.0,2.0,-1.0,0.3
Wes Matthews,matthwe01,ATL,PG,30,1,13,19.6,0.515,0.333,0.667,0.0,0.0,0.0,48.7,0.0,0.0,0.0,12.5,0.1,0.0,0.1,0.196,7.6,-1.8,5.8,0.0
Will Perdue,perduwi01,CHI,C,24,77,884,9.1,0.469,0.019,0.388,11.7,16.9,14.3,6.8,1.1,1.9,17.2,18.3,-0.3,0.8,0.5,0.028,-4.9,-1.9,-6.7,-1.1
William Bedford,bedfowi01,DET,C,26,42,246,9.5,0.438,0.048,0.176,7.0,19.8,13.4,2.6,0.6,4.4,13.5,27.2,-0.5,0.5,-0.1,-0.016,-6.6,0.2,-6.4,-0.3
Willie Anderson,anderwi01,SAS,SG,23,82,2788,15.2,0.532,0.024,0.268,4.8,10.1,7.5,19.6,1.9,1.3,14.1,20.9,2.8,3.7,6.5,0.111,0.5,0.9,1.3,2.4
Winston Bennett,bennewi01,CLE,SF,24,55,990,10.0,0.515,0.0,0.336,9.4,11.9,10.6,8.1,1.2,0.6,15.9,17.1,0.2,0.9,1.1,0.055,-3.4,-0.8,-4.2,-0.6
Winston Garland,garlawi01,"GSW,LAC",PG,25,79,1762,9.8,0.458,0.063,0.213,3.3,9.9,6.7,23.5,2.1,0.3,20.1,18.2,-1.4,1.1,-0.3,-0.008,-2.7,-0.7,-3.4,-0.6
Xavier McDaniel,mcdanxa01,SEA,SF,26,69,2432,17.9,0.533,0.014,0.27,7.7,14.2,10.8,11.4,1.5,1.0,11.9,26.9,3.6,1.8,5.4,0.106,1.7,-1.1,0.6,1.6
Šarūnas Marčiulionis,marcisa01,GSW,SG,25,75,1695,15.5,0.616,0.07,0.724,5.6,8.2,7.0,10.0,2.5,0.2,15.7,20.5,3.1,0.7,3.8,0.107,-0.2,-0.6,-0.8,0.5
Žarko Paspalj,paspaza01,SAS,SF,23,28,181,4.3,0.406,0.013,0.278,9.6,9.1,9.3,7.8,0.8,2.4,19.1,25.1,-0.5,0.2,-0.3,-0.072,-8.2,-2.2,-10.4,-0.4
