Player,PlayerID,Tms,Pos,Age,G,MP,PER,TS%,3PAr,FTr,ORB%,DRB%,TRB%,AST%,STL%,BLK%,TOV%,USG%,OWS,DWS,WS,WS/48,OBPM,DBPM,BPM,VORP
A.J. Price,priceaj01,"IND,CLE,PHO",PG,28,26,324,12.0,0.451,0.416,0.175,2.1,8.9,5.6,23.5,1.1,0.0,8.7,22.5,0.0,0.2,0.3,0.041,-0.3,-1.1,-1.4,0.0
Aaron Brooks,brookaa01,CHI,PG,30,82,1885,14.4,0.534,0.383,0.213,1.9,7.5,4.8,24.2,1.5,0.6,14.9,25.0,1.7,1.5,3.3,0.083,0.3,-1.1,-0.8,0.5
Aaron Gordon,gordoaa01,ORL,PF,19,47,797,11.4,0.517,0.231,0.293,6.4,17.8,12.0,6.3,1.3,2.2,13.9,15.5,0.3,0.7,1.0,0.06,-2.6,-0.1,-2.7,-0.2
Adreian Payne,paynead01,"ATL,MIN",PF,23,32,739,7.7,0.443,0.041,0.209,7.2,18.2,12.5,6.4,1.3,1.0,15.5,17.0,-0.7,0.2,-0.5,-0.033,-5.0,-2.0,-6.9,-0.9
Al Horford,horfoal01,ATL,C,28,76,2318,21.4,0.563,0.037,0.146,6.7,19.8,13.4,18.6,1.5,3.5,8.9,22.2,5.1,3.6,8.7,0.179,2.6,1.5,4.1,3.6
Al Jefferson,jeffeal01,CHO,C,30,65,1992,19.7,0.5,0.005,0.163,5.3,25.5,15.1,11.6,1.2,3.3,5.9,26.3,1.3,3.4,4.7,0.113,0.9,0.7,1.6,1.8
Al-Farouq Aminu,aminual01,DAL,SF,24,74,1366,14.4,0.504,0.347,0.331,9.1,18.4,13.7,6.1,2.6,3.7,11.9,15.2,1.2,2.0,3.3,0.115,-0.7,1.5,0.7,1.0
Alan Anderson,anderal01,BRK,SG,32,74,1744,10.6,0.563,0.477,0.23,2.0,11.1,6.6,7.2,1.7,0.2,11.0,14.2,1.7,1.1,2.7,0.075,-1.7,0.2,-1.5,0.2
Alec Burks,burksal01,UTA,SG,23,27,899,13.0,0.524,0.227,0.43,2.5,12.1,7.3,15.2,1.0,0.4,12.7,20.8,1.1,0.6,1.7,0.089,-0.5,-1.2,-1.7,0.1
Alex Kirk,kirkal01,CLE,C,23,5,14,8.5,0.41,0.0,0.5,8.3,0.0,4.1,10.1,0.0,0.0,0.0,15.7,0.0,0.0,0.0,0.061,-2.5,-3.5,-6.0,0.0
Alex Len,lenal01,PHO,C,21,69,1518,13.5,0.542,0.008,0.295,10.2,22.7,16.4,3.1,1.1,5.3,15.7,13.7,1.2,2.1,3.4,0.107,-2.8,1.0,-1.8,0.1
Alexey Shved,shvedal01,"PHI,HOU,NYK",SG,26,42,767,19.5,0.541,0.415,0.448,3.3,11.7,7.3,25.7,2.0,0.6,10.7,26.3,1.7,0.5,2.2,0.135,3.7,-0.8,2.9,0.9
Alexis Ajinça,ajincal01,NOP,C,26,68,957,19.9,0.595,0.0,0.301,12.4,25.0,18.7,8.2,1.2,4.0,15.6,21.1,1.9,1.2,3.2,0.159,-0.7,0.4,-0.3,0.4
Allen Crabbe,crabbal01,POR,SG,22,51,683,8.7,0.525,0.556,0.105,1.1,10.1,5.7,8.1,1.4,1.6,8.6,11.5,0.5,0.8,1.3,0.088,-2.4,1.5,-0.8,0.2
Alonzo Gee,geeal01,"DEN,POR",SF,27,54,662,13.0,0.548,0.188,0.414,5.9,9.5,7.7,5.8,2.7,0.8,13.0,16.7,0.6,0.6,1.2,0.086,-1.3,0.7,-0.6,0.2
Amar'e Stoudemire,stoudam01,"NYK,DAL",PF,32,59,1245,20.3,0.595,0.008,0.38,9.9,20.5,15.1,6.8,1.2,2.5,12.0,23.8,2.6,1.0,3.6,0.138,1.0,-0.9,0.1,0.7
Amir Johnson,johnsam01,TOR,PF,27,75,1979,15.4,0.603,0.089,0.249,9.3,17.3,13.3,9.4,1.1,2.4,16.0,15.7,3.5,1.6,5.1,0.124,0.0,-0.1,-0.1,0.9
Anderson Varejão,varejan01,CLE,C,32,26,636,17.7,0.58,0.01,0.225,10.4,20.1,15.3,9.1,1.6,2.0,13.7,18.1,1.2,0.7,1.9,0.145,0.6,0.0,0.6,0.4
Andre Dawkins,dawkian01,MIA,SG,23,4,22,-5.0,0.25,1.0,0.0,0.0,10.7,5.5,6.6,0.0,0.0,14.3,15.0,-0.1,0.0,-0.1,-0.172,-9.0,-3.8,-12.8,-0.1
Andre Drummond,drumman01,DET,C,21,82,2502,21.4,0.504,0.002,0.38,18.3,30.1,24.0,3.9,1.5,4.8,9.7,22.0,3.4,4.3,7.7,0.147,0.6,-0.7,-0.1,1.2
Andre Iguodala,iguodan01,GSW,SF,31,77,2069,12.3,0.553,0.427,0.23,2.4,10.8,6.7,14.6,2.1,0.9,13.9,13.3,2.3,2.8,5.1,0.117,-0.4,1.4,0.9,1.5
Andre Miller,millean02,"WAS,SAC",PG,38,81,1253,13.3,0.548,0.117,0.266,3.4,10.2,6.9,34.5,1.3,0.4,24.3,15.3,1.4,0.8,2.2,0.084,-1.1,-1.0,-2.1,0.0
Andre Roberson,roberan03,OKC,SG,23,67,1286,9.1,0.513,0.423,0.239,5.1,16.0,10.6,7.4,2.1,1.8,17.2,9.0,0.5,1.6,2.1,0.079,-2.4,1.7,-0.7,0.4
Andrea Bargnani,bargnan01,NYK,C,29,29,785,16.6,0.527,0.114,0.296,4.6,14.4,9.3,11.3,0.1,2.9,9.3,26.4,0.8,0.2,0.9,0.058,1.1,-2.2,-1.1,0.2
Andrei Kirilenko,kirilan01,BRK,SF,33,7,36,2.8,0.222,0.0,0.8,6.2,18.6,12.5,3.6,1.4,0.0,12.9,9.8,-0.1,0.0,0.0,-0.058,-4.4,-1.3,-5.7,0.0
Andrew Bogut,bogutan01,GSW,C,30,67,1583,15.8,0.565,0.0,0.118,9.9,26.5,18.5,15.4,1.2,5.3,22.1,13.2,1.9,3.4,5.2,0.159,-0.9,3.3,2.4,1.8
Andrew Nicholson,nichoan01,ORL,PF,25,40,492,10.3,0.483,0.216,0.132,3.8,15.2,9.4,7.3,0.6,2.0,10.7,20.8,-0.2,0.3,0.1,0.007,-3.4,-1.6,-4.9,-0.4
Andrew Wiggins,wiggian01,MIN,SF,19,82,2969,13.9,0.517,0.111,0.41,5.0,9.5,7.2,9.8,1.5,1.3,11.7,22.6,2.1,0.0,2.1,0.034,-0.4,-2.0,-2.4,-0.3
Anthony Bennett,bennean01,MIN,PF,21,57,894,11.4,0.458,0.077,0.215,6.5,21.6,13.8,8.7,1.5,1.4,10.0,17.8,-0.1,0.4,0.3,0.017,-2.5,-1.4,-3.9,-0.4
Anthony Davis,davisan02,NOP,PF,21,68,2455,30.8,0.591,0.01,0.384,8.0,24.1,16.1,11.6,2.1,6.2,6.3,27.8,9.9,4.2,14.0,0.274,6.6,2.3,8.9,6.7
Anthony Morrow,morroan01,OKC,SG,29,74,1806,14.8,0.604,0.528,0.145,2.4,9.1,5.8,5.2,1.5,0.5,5.5,16.5,4.4,1.2,5.7,0.151,1.9,-0.1,1.8,1.7
Anthony Tolliver,tollian01,"PHO,DET",PF,29,76,1432,11.1,0.569,0.738,0.176,3.7,14.5,9.0,6.3,0.9,0.9,10.8,14.7,1.8,0.9,2.7,0.092,-0.6,-0.8,-1.4,0.2
Archie Goodwin,goodwar01,PHO,SG,20,41,535,11.2,0.486,0.204,0.413,5.5,9.7,7.6,12.6,1.7,1.3,16.8,23.4,-0.2,0.4,0.2,0.014,-2.8,-0.6,-3.4,-0.2
Arinze Onuaku,onuakar01,MIN,C,27,6,68,22.8,0.771,0.0,0.571,11.4,24.3,17.7,10.2,0.7,3.5,10.2,12.7,0.2,0.0,0.3,0.197,2.8,-1.4,1.4,0.1
Aron Baynes,baynear01,SAS,C,28,70,1122,15.9,0.618,0.012,0.318,11.2,20.7,16.1,4.9,0.7,1.5,14.8,17.8,2.3,1.6,3.9,0.166,-1.4,-0.4,-1.8,0.1
Arron Afflalo,afflaar01,"DEN,POR",SG,29,78,2502,10.7,0.533,0.377,0.224,1.1,9.7,5.3,8.2,0.8,0.2,10.7,19.0,1.6,1.0,2.6,0.05,-1.4,-1.1,-2.5,-0.3
Austin Daye,dayeau01,"SAS,ATL",SF,26,34,344,8.2,0.449,0.504,0.043,3.4,21.0,12.4,7.5,1.8,1.1,13.8,22.1,-0.6,0.5,0.0,-0.001,-3.9,-0.3,-4.2,-0.2
Austin Rivers,riverau01,"NOP,LAC",PG,22,76,1563,10.3,0.481,0.264,0.254,2.0,8.9,5.5,14.7,1.6,0.7,10.5,17.9,0.5,1.0,1.5,0.046,-2.5,-0.3,-2.8,-0.3
Avery Bradley,bradlav01,BOS,SG,24,77,2428,11.5,0.507,0.348,0.099,2.0,8.9,5.4,8.9,1.7,0.5,9.4,21.0,0.4,2.1,2.5,0.049,-1.5,-0.6,-2.2,-0.1
Ben Gordon,gordobe01,ORL,SG,31,56,790,10.6,0.538,0.329,0.227,0.8,8.3,4.5,10.3,0.9,0.1,14.5,21.8,0.1,0.2,0.3,0.015,-2.0,-2.2,-4.2,-0.4
Ben McLemore,mclembe01,SAC,SG,21,82,2670,10.4,0.552,0.471,0.193,1.4,8.6,5.1,8.4,1.5,0.6,13.3,17.2,1.7,0.8,2.5,0.045,-1.3,-0.9,-2.2,-0.2
Beno Udrih,udrihbe01,MEM,PG,32,79,1494,15.4,0.55,0.192,0.202,1.5,9.4,5.5,24.0,1.6,0.4,13.9,19.6,2.0,1.6,3.6,0.115,0.3,0.3,0.5,0.9
Bernard James,jamesbe01,DAL,C,29,16,158,16.0,0.593,0.0,0.852,12.5,14.6,13.5,3.4,0.6,7.7,13.9,12.2,0.4,0.2,0.5,0.165,-0.5,1.2,0.8,0.1
Bismack Biyombo,biyombi01,CHO,C,22,64,1243,15.2,0.578,0.0,0.941,13.7,22.6,18.0,2.0,0.7,6.3,16.5,11.6,1.8,2.2,4.0,0.156,-2.4,1.3,-1.1,0.3
Blake Griffin,griffbl01,LAC,PF,25,67,2356,22.8,0.551,0.022,0.373,6.1,17.9,12.1,26.2,1.4,1.2,10.2,28.4,6.6,2.4,9.0,0.183,3.8,0.2,4.0,3.6
Bojan Bogdanović,bogdabo02,BRK,SF,25,78,1854,11.6,0.562,0.444,0.184,3.0,9.8,6.4,5.8,0.9,0.4,11.1,17.2,1.7,0.7,2.4,0.062,-0.3,-1.4,-1.7,0.1
Boris Diaw,diawbo01,SAS,PF,32,81,1984,12.7,0.526,0.267,0.147,4.5,15.2,10.0,17.9,0.9,0.9,15.8,18.3,1.3,2.3,3.6,0.088,-0.6,0.2,-0.4,0.8
Bradley Beal,bealbr01,WAS,SG,21,63,2107,14.0,0.521,0.304,0.195,3.1,9.6,6.4,15.0,1.8,0.7,11.7,22.5,1.3,2.4,3.7,0.085,-0.1,0.2,0.1,1.1
Brandan Wright,wrighbr03,"DAL,BOS,PHO",PF,27,75,1449,20.4,0.66,0.008,0.309,9.6,14.7,12.1,4.4,1.7,5.1,7.6,13.6,4.3,1.8,6.1,0.202,2.1,1.6,3.7,2.1
Brandon Bass,bassbr01,BOS,PF,29,82,1929,16.3,0.557,0.047,0.313,7.8,14.9,11.3,8.6,1.1,1.3,9.6,19.5,3.4,1.9,5.3,0.132,0.5,-0.5,0.0,1.0
Brandon Davies,daviebr01,"PHI,BRK",PF,23,27,423,10.5,0.463,0.248,0.27,9.4,12.1,10.7,12.4,2.1,1.3,15.9,18.9,-0.2,0.4,0.2,0.028,-3.9,-0.6,-4.5,-0.3
Brandon Jennings,jennibr01,DET,PG,25,41,1173,19.7,0.522,0.389,0.263,1.9,8.0,4.8,39.9,1.9,0.3,12.9,26.3,2.6,0.7,3.3,0.136,4.0,-0.6,3.3,1.6
Brandon Knight,knighbr03,"MIL,PHO",PG,23,63,2035,17.1,0.543,0.361,0.251,1.6,12.0,6.8,27.4,2.3,0.4,16.1,25.9,2.0,2.5,4.5,0.106,1.9,-0.3,1.6,1.9
Brandon Rush,rushbr01,GSW,SG,29,33,271,0.8,0.255,0.5,0.204,1.6,14.3,8.2,5.4,0.9,3.3,15.8,11.2,-0.7,0.4,-0.3,-0.056,-7.1,-0.3,-7.3,-0.4
Brendan Haywood,haywobr01,CLE,C,35,22,119,9.1,0.49,0.0,0.433,5.9,21.9,14.0,2.5,0.9,6.6,21.9,17.3,-0.2,0.2,0.0,0.008,-7.0,0.7,-6.3,-0.1
Brian Roberts,roberbr01,CHO,PG,29,72,1330,11.7,0.495,0.427,0.164,1.0,8.2,4.5,20.3,1.3,0.4,10.5,18.6,0.6,1.2,1.8,0.064,-1.5,-0.2,-1.7,0.1
Brook Lopez,lopezbr01,BRK,C,26,72,2100,22.7,0.558,0.01,0.278,11.5,17.1,14.3,4.5,1.1,4.8,8.6,26.3,4.7,2.2,7.0,0.159,1.8,-0.7,1.2,1.6
Bruno Caboclo,cabocbr01,TOR,SF,19,8,23,-1.8,0.417,0.25,0.0,5.0,5.0,5.0,0.0,0.0,3.5,25.0,31.5,-0.1,0.0,-0.1,-0.275,-11.5,-6.7,-18.2,-0.1
Bryce Cotton,cottobr01,UTA,PG,22,15,159,14.5,0.52,0.29,0.261,2.2,10.8,6.5,17.0,1.3,0.0,13.5,25.6,0.1,0.1,0.2,0.067,-0.6,-1.7,-2.2,0.0
C.J. Miles,milescj01,IND,SG,27,70,1841,14.1,0.525,0.539,0.195,1.1,11.7,6.4,7.1,1.7,1.1,7.5,23.9,1.3,2.3,3.6,0.093,0.8,0.0,0.9,1.3
C.J. Watson,watsocj01,IND,PG,30,57,1422,15.4,0.581,0.42,0.4,1.4,11.2,6.3,23.3,2.1,0.5,16.9,18.8,2.2,1.8,4.0,0.135,0.6,0.8,1.3,1.2
C.J. Wilcox,wilcocj01,LAC,SG,24,21,101,8.5,0.527,0.5,0.053,1.1,6.5,3.9,12.0,1.5,0.8,20.5,21.8,-0.1,0.1,0.0,-0.024,-3.0,-1.8,-4.9,-0.1
CJ McCollum,mccolcj01,POR,SG,23,62,973,13.1,0.534,0.381,0.2,1.6,8.3,5.0,10.3,2.3,0.6,10.8,20.5,0.7,1.1,1.8,0.089,-1.3,0.8,-0.6,0.4
Cameron Bairstow,bairsca01,CHI,PF,24,18,64,2.1,0.309,0.0,0.357,10.5,3.3,6.8,2.2,1.6,1.1,15.6,13.5,-0.1,0.0,-0.1,-0.048,-7.0,-2.0,-9.0,-0.1
Carl Landry,landrca01,SAC,PF,31,70,1192,14.9,0.578,0.0,0.407,9.8,15.5,12.8,3.6,0.6,1.1,11.0,18.1,2.3,0.5,2.8,0.112,-0.5,-1.7,-2.3,-0.1
Carlos Boozer,boozeca01,LAL,PF,33,71,1692,16.4,0.517,0.0,0.202,7.0,25.2,15.7,10.3,1.2,0.6,10.2,23.7,1.2,1.0,2.2,0.062,-0.5,-1.2,-1.7,0.1
Carmelo Anthony,anthoca01,NYK,SF,30,40,1428,21.5,0.531,0.222,0.294,5.7,16.0,10.7,18.0,1.5,1.0,8.9,32.2,2.2,0.6,2.9,0.097,4.9,-1.9,3.0,1.8
Caron Butler,butleca01,DET,SF,34,78,1623,9.3,0.544,0.553,0.154,1.4,12.2,6.6,7.3,1.4,0.2,10.4,12.9,1.3,1.0,2.4,0.07,-1.9,0.1,-1.7,0.1
Cartier Martin,martica01,DET,SF,30,23,198,1.6,0.34,0.623,0.0,0.0,11.4,5.5,8.0,0.8,0.4,8.6,13.0,-0.3,0.1,-0.2,-0.053,-6.6,-0.6,-7.2,-0.3
Chandler Parsons,parsoch01,DAL,SF,26,66,2186,16.3,0.567,0.419,0.233,3.2,13.0,8.1,11.4,1.6,0.7,9.5,20.6,3.8,1.7,5.5,0.121,2.0,-0.4,1.6,2.0
Channing Frye,fryech01,ORL,PF,31,75,1870,9.5,0.546,0.71,0.072,1.6,16.4,8.9,7.4,1.3,1.7,13.4,14.1,0.7,1.4,2.1,0.053,-1.5,-0.1,-1.5,0.2
Charlie Villanueva,villach01,DAL,PF,30,64,678,17.4,0.534,0.61,0.097,4.8,19.3,12.1,4.7,1.1,2.6,6.9,26.7,0.6,0.7,1.4,0.096,2.7,-1.2,1.5,0.6
Chase Budinger,budinch01,MIN,SF,26,67,1286,12.2,0.537,0.367,0.208,2.8,15.1,8.8,8.0,1.7,0.6,10.3,16.3,1.1,0.2,1.3,0.049,-0.5,-1.3,-1.8,0.0
Chris Andersen,anderch01,MIA,C,36,60,1132,16.1,0.622,0.063,0.551,8.2,23.2,15.9,6.1,1.2,4.6,13.5,12.3,2.1,1.5,3.6,0.151,0.0,1.0,1.1,0.9
Chris Bosh*,boshch01,MIA,C,30,44,1556,19.8,0.548,0.226,0.311,3.6,20.0,12.0,12.0,1.4,1.4,10.1,28.4,2.1,1.5,3.6,0.111,2.5,-1.3,1.3,1.3
Chris Copeland,copelch01,IND,SF,30,50,828,7.4,0.468,0.539,0.145,3.1,11.7,7.4,9.9,0.7,1.0,15.2,21.3,-0.9,0.8,-0.1,-0.008,-2.5,-1.2,-3.7,-0.4
Chris Douglas-Roberts,douglch01,LAC,SG,28,12,103,3.3,0.387,0.333,0.381,1.1,11.8,6.6,5.0,0.5,0.0,0.0,10.7,0.0,0.1,0.0,0.02,-5.6,-1.2,-6.8,-0.1
Chris Johnson,johnsch04,"PHI,UTA,MIL",SF,24,29,526,10.2,0.515,0.617,0.104,1.7,10.2,5.9,4.6,2.6,1.1,8.5,15.0,0.2,0.6,0.8,0.074,-2.3,0.7,-1.7,0.0
Chris Kaman,kamanch01,POR,C,32,74,1398,17.3,0.537,0.0,0.186,11.6,25.2,18.5,7.8,0.7,2.8,15.4,22.5,1.1,2.2,3.3,0.112,-0.8,0.1,-0.8,0.4
Chris Paul,paulch01,LAC,PG,29,82,2857,26.0,0.596,0.298,0.274,2.1,12.5,7.4,47.4,2.8,0.4,12.7,23.7,12.9,3.2,16.1,0.27,6.4,1.6,8.0,7.2
Chuck Hayes,hayesch01,TOR,C,31,29,255,10.4,0.492,0.0,0.239,8.1,14.9,11.5,11.3,2.0,1.3,13.6,10.4,0.3,0.2,0.5,0.091,-2.1,1.0,-1.0,0.1
Cleanthony Early,earlycl01,NYK,SF,23,39,647,8.4,0.447,0.393,0.224,3.8,13.8,8.7,9.1,2.0,1.5,14.5,19.6,-0.8,0.4,-0.4,-0.03,-3.7,-1.5,-5.2,-0.5
Clint Capela,capelca01,HOU,C,20,12,90,12.1,0.409,0.0,0.793,12.3,31.8,22.1,3.6,0.6,7.8,11.3,21.3,-0.2,0.2,0.0,0.019,-5.3,0.0,-5.4,-0.1
Cody Zeller,zelleco01,CHO,C,22,62,1487,14.1,0.53,0.003,0.44,7.0,20.1,13.4,10.9,1.2,2.6,12.2,15.6,1.6,2.2,3.8,0.123,-2.0,1.4,-0.6,0.5
Cole Aldrich,aldrico01,NYK,C,26,61,976,18.1,0.513,0.0,0.213,11.6,28.9,20.0,13.3,2.0,5.5,15.2,18.3,0.8,1.4,2.2,0.107,-0.8,1.1,0.3,0.6
Corey Brewer,breweco01,"MIN,HOU",SF,28,80,2087,13.9,0.507,0.292,0.281,4.2,11.7,7.9,13.8,2.7,0.7,12.7,21.6,1.0,2.1,3.1,0.071,-1.2,0.2,-1.0,0.5
Cory Jefferson,jeffeco01,BRK,PF,24,50,531,13.2,0.48,0.09,0.323,10.0,20.6,15.3,4.8,1.0,3.2,9.5,18.1,0.2,0.6,0.8,0.071,-2.1,-0.9,-3.0,-0.1
Cory Joseph,josepco01,SAS,PG,23,79,1444,15.5,0.564,0.107,0.348,3.5,11.4,7.5,19.7,1.6,0.9,12.4,17.0,2.7,1.8,4.5,0.149,0.2,1.3,1.4,1.2
Courtney Lee,leeco01,MEM,SG,29,77,2354,11.5,0.555,0.348,0.201,1.0,7.6,4.3,9.8,1.7,0.4,10.0,15.2,2.5,2.4,4.8,0.099,-1.0,0.5,-0.5,0.9
D.J. Augustin,augusdj01,"DET,OKC",PG,27,82,1964,13.9,0.527,0.38,0.317,1.1,7.9,4.4,28.2,1.3,0.1,16.4,19.8,2.5,0.9,3.4,0.083,0.4,-1.6,-1.2,0.4
Dahntay Jones,jonesda02,LAC,SF,34,33,123,1.9,0.406,0.19,0.524,0.9,9.0,5.0,2.1,1.2,0.0,3.7,9.8,0.0,0.1,0.0,0.013,-7.6,-0.6,-8.3,-0.2
Damian Lillard,lillada01,POR,PG,24,82,2925,20.7,0.56,0.421,0.293,1.8,11.8,6.9,29.0,1.7,0.5,12.6,26.9,7.3,3.3,10.6,0.174,4.3,0.3,4.7,4.9
Damjan Rudež,rudezda01,IND,SF,28,68,1047,8.2,0.591,0.646,0.087,0.9,4.1,2.5,7.9,0.8,0.4,14.7,13.8,0.6,0.7,1.3,0.061,-1.7,-0.6,-2.3,-0.1
Danilo Gallinari,gallida01,DEN,SF,26,59,1426,16.8,0.563,0.53,0.336,2.3,14.7,8.3,9.4,1.6,1.1,8.0,21.5,3.0,1.0,3.9,0.132,2.6,-0.2,2.4,1.6
Danny Granger,grangda01,MIA,SF,31,30,613,8.6,0.527,0.519,0.228,4.0,11.5,7.8,4.4,1.1,0.8,11.9,15.5,0.2,0.3,0.6,0.046,-2.5,-1.3,-3.9,-0.3
Danny Green,greenda02,SAS,SG,27,81,2312,16.5,0.596,0.619,0.172,2.7,13.9,8.4,10.3,2.2,2.8,10.5,17.5,4.0,3.9,7.8,0.163,2.6,2.0,4.6,3.8
Dante Cunningham,cunnida01,NOP,PF,27,66,1652,8.9,0.473,0.029,0.139,4.8,12.8,8.8,4.4,1.5,1.7,8.9,10.9,0.5,1.2,1.6,0.047,-2.8,0.4,-2.5,-0.2
Dante Exum,exumda01,UTA,PG,19,82,1817,5.7,0.457,0.635,0.077,1.7,6.6,4.2,16.6,1.2,0.6,21.5,13.8,-1.1,1.0,-0.1,-0.003,-3.6,-0.7,-4.3,-1.1
Darius Miller,milleda01,NOP,SF,24,5,43,-5.1,0.143,0.143,0.0,0.0,2.6,1.3,6.1,1.2,0.0,12.5,8.5,-0.1,0.0,-0.1,-0.122,-9.9,-1.4,-11.3,-0.1
Darius Morris,morrida01,BRK,PG,24,38,299,6.7,0.377,0.311,0.085,2.6,7.5,5.1,24.7,1.6,0.0,16.0,20.0,-0.5,0.1,-0.4,-0.068,-4.3,-2.1,-6.4,-0.3
Darrell Arthur,arthuda01,DEN,PF,26,58,988,11.5,0.466,0.286,0.154,5.6,13.4,9.3,9.3,2.4,2.1,10.3,20.0,-0.1,0.9,0.9,0.042,-2.4,0.7,-1.7,0.1
Darren Collison,collida01,SAC,PG,27,45,1565,17.5,0.575,0.293,0.335,1.4,8.7,5.2,27.2,2.2,0.7,15.1,20.9,3.0,0.8,3.8,0.116,2.3,-0.2,2.1,1.6
David Lee,leeda02,GSW,PF,31,49,904,17.8,0.541,0.006,0.332,10.0,20.3,15.3,13.7,1.7,2.1,12.0,19.6,1.6,1.6,3.2,0.168,0.1,0.8,0.9,0.7
David Stockton,stockda01,SAC,PG,23,3,33,10.8,0.463,0.333,1.0,0.0,6.6,3.4,39.1,3.1,0.0,31.6,16.9,0.0,0.0,0.0,-0.014,-2.2,-1.7,-3.9,0.0
David Wear,wearda01,SAC,PF,24,2,7,2.4,0.0,0.5,0.0,33.6,0.0,16.2,18.8,0.0,0.0,0.0,12.6,0.0,0.0,0.0,-0.11,-3.2,-6.2,-9.4,0.0
David West,westda01,IND,PF,34,66,1895,16.0,0.508,0.029,0.235,6.4,19.7,13.1,20.1,1.3,2.0,13.7,21.0,1.4,2.8,4.3,0.108,0.3,1.3,1.6,1.7
DeAndre Jordan,jordade01,LAC,C,26,82,2820,21.0,0.638,0.007,0.882,16.2,32.4,24.5,3.2,1.5,5.4,12.8,13.6,7.4,5.4,12.8,0.217,2.2,0.7,2.9,3.5
DeJuan Blair,blairde01,WAS,PF,25,29,180,7.7,0.469,0.0,0.105,10.3,24.5,17.5,2.6,2.0,0.4,17.9,18.3,-0.2,0.3,0.1,0.033,-7.5,-0.9,-8.4,-0.3
DeMar DeRozan,derozde01,TOR,SG,25,60,2100,17.4,0.51,0.089,0.438,2.3,12.9,7.6,17.0,1.8,0.4,10.4,28.4,2.6,1.4,4.0,0.09,0.5,-1.4,-0.9,0.6
DeMarcus Cousins,couside01,SAC,C,24,59,2013,25.2,0.545,0.008,0.508,10.8,30.6,21.1,20.4,2.3,4.0,16.3,34.1,2.8,3.2,6.0,0.144,2.8,1.5,4.3,3.2
DeMarre Carroll,carrode01,ATL,SF,28,70,2189,15.9,0.603,0.466,0.277,5.3,13.8,9.7,8.3,2.2,0.7,9.3,16.9,4.3,2.8,7.0,0.154,1.2,0.4,1.7,2.0
Dennis Schröder,schrode01,ATL,PG,21,77,1516,15.7,0.516,0.223,0.269,2.3,9.9,6.2,34.6,1.7,0.2,16.8,27.0,1.1,1.4,2.5,0.08,-0.1,-1.2,-1.3,0.2
Deron Williams,willide01,BRK,PG,30,68,2114,15.7,0.504,0.307,0.313,1.5,11.0,6.3,33.7,1.6,0.6,14.9,22.3,2.3,1.3,3.6,0.083,1.1,-0.9,0.2,1.2
Derrick Favors,favorde01,UTA,PF,23,74,2280,21.8,0.558,0.007,0.362,10.0,20.7,15.4,9.4,1.4,4.3,10.2,23.8,5.0,3.3,8.3,0.175,1.9,0.6,2.5,2.6
Derrick Rose,rosede01,CHI,PG,26,51,1530,15.9,0.493,0.325,0.224,2.6,8.7,5.7,30.7,1.2,0.8,14.9,31.7,0.0,1.2,1.2,0.038,1.6,-2.2,-0.6,0.6
Derrick Williams,willide02,SAC,PF,23,74,1462,12.8,0.54,0.322,0.404,3.3,12.1,7.8,5.6,1.2,0.2,8.9,18.9,1.7,0.4,2.1,0.069,-0.3,-1.6,-2.0,0.0
Devin Harris,harride01,DAL,PG,31,76,1685,14.8,0.559,0.508,0.309,0.8,8.0,4.4,20.4,2.3,0.7,12.5,18.0,2.9,1.3,4.2,0.12,0.6,0.8,1.4,1.4
Devyn Marble,marblde01,ORL,SG,22,16,208,5.9,0.362,0.5,0.364,2.7,14.4,8.4,11.5,2.2,0.8,15.0,13.1,-0.3,0.2,-0.1,-0.031,-4.7,-0.1,-4.8,-0.1
Dewayne Dedmon,dedmode01,ORL,C,25,59,845,13.3,0.568,0.006,0.395,15.5,24.1,19.7,1.6,1.0,4.8,21.1,13.0,0.7,1.0,1.7,0.099,-3.3,-0.2,-3.5,-0.3
Dion Waiters,waitedi01,"CLE,OKC",SG,23,80,2208,10.9,0.46,0.26,0.182,2.1,7.4,4.8,11.9,2.1,0.8,10.0,22.5,-0.6,1.7,1.1,0.025,-2.5,-0.8,-3.3,-0.7
Dirk Nowitzki,nowitdi01,DAL,PF,36,77,2282,19.2,0.56,0.258,0.272,2.1,19.9,11.0,10.4,0.9,1.2,6.5,24.9,5.2,2.0,7.2,0.152,2.7,-0.5,2.2,2.4
Donald Sloan,sloando01,IND,PG,27,53,1107,13.1,0.503,0.369,0.217,1.2,13.0,7.1,27.5,1.1,0.0,14.3,18.6,0.9,1.1,2.0,0.085,0.0,-0.1,-0.1,0.5
Donatas Motiejūnas,motiedo01,HOU,PF,24,71,2037,14.4,0.553,0.19,0.237,7.4,15.4,11.4,10.8,1.4,1.3,13.7,19.1,2.4,2.3,4.7,0.11,-0.4,-0.1,-0.5,0.8
Dorell Wright,wrighdo01,POR,SF,29,48,592,13.4,0.525,0.568,0.221,2.6,17.2,10.0,10.2,1.7,1.3,7.9,17.1,0.7,0.8,1.6,0.128,0.3,1.5,1.8,0.6
Doug McDermott,mcderdo01,CHI,SF,23,36,321,6.1,0.48,0.383,0.14,2.1,12.2,7.3,3.0,0.6,0.2,13.0,18.3,-0.3,0.2,0.0,-0.005,-4.1,-1.9,-6.0,-0.3
Draymond Green,greendr01,GSW,PF,24,79,2490,16.4,0.54,0.43,0.261,5.1,22.4,14.0,16.1,2.4,2.9,13.5,17.2,3.3,5.2,8.5,0.163,0.7,2.8,3.5,3.5
Drew Gooden,goodedr01,WAS,PF,33,51,864,11.9,0.469,0.214,0.159,9.6,19.3,14.5,8.6,1.2,0.8,8.7,17.0,0.5,1.2,1.7,0.094,-1.5,0.1,-1.4,0.1
Drew Gordon,gordodr01,PHI,PF,24,9,71,3.7,0.428,0.158,0.105,10.2,17.7,13.7,4.8,0.7,0.0,28.7,17.1,-0.2,0.1,-0.1,-0.093,-7.1,-2.4,-9.5,-0.1
Dwight Buycks,buyckdw01,LAL,PG,25,6,123,13.1,0.586,0.275,0.25,1.7,9.3,5.4,18.4,1.2,0.0,21.3,20.4,0.1,0.0,0.1,0.027,-0.2,-2.3,-2.6,0.0
Dwight Howard,howardw01,HOU,C,29,41,1223,19.2,0.596,0.005,0.641,10.0,28.9,19.5,7.3,1.1,3.4,17.5,23.3,1.4,2.2,3.6,0.14,-0.3,-0.1,-0.4,0.5
Dwight Powell,poweldw01,"BOS,DAL",PF,23,29,236,13.8,0.552,0.164,0.493,8.3,14.9,11.6,5.5,1.9,2.1,11.9,17.5,0.3,0.3,0.6,0.122,-1.7,0.7,-1.0,0.1
Dwyane Wade,wadedw01,MIA,SG,33,62,1971,21.4,0.534,0.094,0.341,3.6,9.6,6.7,32.1,2.0,0.9,14.4,34.7,2.1,1.4,3.5,0.086,3.5,-1.4,2.1,2.1
E'Twaun Moore,mooreet01,CHI,SG,25,56,504,10.3,0.504,0.273,0.144,2.7,7.1,5.0,10.4,2.1,0.9,8.7,14.4,0.3,0.5,0.8,0.08,-2.7,1.1,-1.5,0.1
Earl Barron,barroea01,PHO,C,33,16,143,5.0,0.361,0.103,0.308,10.6,10.8,10.7,4.9,1.4,1.1,10.1,15.1,-0.1,0.1,0.0,-0.011,-6.6,-0.8,-7.4,-0.2
Earl Clark,clarkea01,BRK,PF,27,10,93,6.7,0.425,0.467,0.133,1.2,26.5,13.9,5.0,1.7,3.5,15.9,18.5,-0.2,0.1,-0.1,-0.037,-6.4,-0.1,-6.5,-0.1
Ed Davis,davised01,LAL,PF,25,79,1840,20.0,0.594,0.0,0.403,13.3,23.1,18.0,8.3,1.4,4.3,9.5,14.8,4.6,1.6,6.3,0.164,1.4,0.1,1.5,1.6
Ekpe Udoh,udohek01,LAC,PF,27,33,128,11.6,0.519,0.0,0.375,6.3,16.4,11.4,8.5,3.2,4.5,20.0,12.3,0.0,0.2,0.3,0.101,-3.9,2.7,-1.2,0.0
Elfrid Payton,paytoel01,ORL,PG,20,82,2489,13.8,0.456,0.059,0.302,4.8,11.2,7.9,32.6,2.9,0.7,20.2,18.3,0.0,2.3,2.3,0.044,-1.5,0.3,-1.2,0.5
Elijah Millsap,millsel01,UTA,SG,27,47,924,7.9,0.45,0.378,0.361,3.5,15.2,9.4,9.7,3.2,1.4,19.5,17.0,-1.0,1.4,0.4,0.02,-5.1,2.1,-3.1,-0.3
Elliot Williams,williel01,"UTA,NOP",SG,25,13,119,8.7,0.477,0.486,0.108,0.0,7.7,3.8,15.5,1.8,0.0,9.4,16.4,0.0,0.1,0.1,0.039,-2.7,-0.2,-2.8,0.0
Elton Brand,brandel01,ATL,C,35,36,486,9.4,0.457,0.011,0.242,6.8,16.4,11.8,6.4,1.8,4.3,14.6,11.6,-0.1,0.8,0.7,0.07,-4.3,1.4,-3.0,-0.1
Enes Freedom,kanteen01,"UTA,OKC",C,22,75,2135,20.3,0.564,0.048,0.252,14.6,20.5,17.6,4.8,0.9,1.1,12.3,24.7,4.3,2.1,6.4,0.145,1.6,-2.5,-0.9,0.6
Eric Bledsoe,bledser01,PHO,PG,25,81,2800,18.4,0.555,0.26,0.422,2.8,13.9,8.3,27.9,2.3,1.2,18.1,23.7,4.1,2.9,7.0,0.119,1.6,0.5,2.1,2.9
Eric Gordon,gordoer01,NOP,SG,26,61,2018,12.7,0.544,0.454,0.192,1.6,7.4,4.5,17.6,1.3,0.5,14.0,19.8,2.2,0.7,2.9,0.069,0.2,-1.2,-1.0,0.5
Eric Moreland,moreler01,SAC,PF,23,3,2,40.8,1.0,0.0,0.0,0.0,54.8,28.4,0.0,0.0,0.0,0.0,22.0,0.0,0.0,0.0,0.431,8.7,8.5,17.2,0.0
Erick Green,greener01,DEN,PG,23,43,410,8.9,0.436,0.29,0.074,1.8,6.6,4.1,15.1,1.5,0.0,7.7,19.1,-0.1,0.1,0.0,0.0,-3.0,-1.3,-4.3,-0.2
Ersan İlyasova,ilyaser01,MIL,PF,27,58,1319,16.8,0.554,0.341,0.192,7.0,17.0,12.0,7.4,1.4,1.2,6.9,22.1,2.3,1.7,4.0,0.146,1.6,-0.5,1.1,1.0
Evan Fournier,fournev01,ORL,SG,22,58,1661,12.4,0.546,0.391,0.256,1.9,8.7,5.2,11.5,1.2,0.1,11.4,19.7,1.5,0.6,2.1,0.059,-0.5,-1.3,-1.8,0.1
Evan Turner,turneev01,BOS,SG,26,82,2260,12.8,0.482,0.16,0.189,1.9,18.5,10.1,30.0,1.8,0.7,19.7,19.5,-0.3,2.8,2.5,0.054,-1.8,0.8,-1.0,0.6
Festus Ezeli,ezelife01,GSW,C,25,46,504,16.2,0.58,0.0,0.561,13.3,19.7,16.6,2.5,0.7,6.2,15.6,17.7,0.8,0.9,1.7,0.159,-2.2,0.3,-1.8,0.0
Francisco García,garcifr01,HOU,SF,33,14,200,3.6,0.347,0.714,0.063,1.7,7.7,4.7,11.0,2.2,1.9,13.4,16.2,-0.4,0.2,-0.2,-0.044,-4.9,0.7,-4.2,-0.1
Furkan Aldemir,aldemfu01,PHI,PF,23,41,540,12.0,0.517,0.064,0.346,14.9,20.7,17.7,8.3,1.6,2.4,15.9,8.6,0.7,0.7,1.4,0.122,-3.9,0.4,-3.6,-0.2
Gal Mekel,mekelga01,NOP,PG,26,4,43,0.5,0.15,0.15,0.0,0.0,2.6,1.3,42.2,2.4,0.0,9.1,23.3,-0.2,0.0,-0.2,-0.238,-8.0,-3.2,-11.3,-0.1
Garrett Temple,templga01,WAS,SG,28,52,735,10.9,0.534,0.518,0.282,3.8,9.9,6.9,11.0,2.9,1.0,15.1,13.9,0.4,1.1,1.5,0.1,-2.0,2.6,0.6,0.5
Gary Harris,harriga01,DEN,SG,20,55,719,4.9,0.395,0.475,0.217,3.0,6.7,4.8,5.9,2.7,0.8,13.8,16.6,-1.2,0.5,-0.7,-0.046,-5.6,0.3,-5.3,-0.6
Gary Neal,nealga01,"CHO,MIN",SG,30,54,1193,11.1,0.483,0.326,0.268,1.3,11.0,6.0,14.5,1.0,0.1,10.4,23.8,-0.2,0.8,0.6,0.023,-2.1,-1.3,-3.4,-0.5
George Hill,hillge01,IND,PG,28,43,1267,21.5,0.579,0.361,0.267,2.2,13.3,7.8,31.4,1.8,0.9,10.3,23.8,3.7,1.6,5.4,0.203,4.1,1.2,5.3,2.3
Gerald Green,greenge01,PHO,SG,29,74,1446,15.4,0.532,0.497,0.154,2.5,11.7,7.0,10.9,1.4,0.6,11.1,28.4,1.0,1.0,1.9,0.065,1.2,-1.5,-0.3,0.6
Gerald Henderson,hendege02,CHO,SG,27,80,2315,13.2,0.514,0.161,0.256,1.7,11.6,6.5,15.6,1.1,0.7,10.5,20.7,1.3,2.3,3.6,0.074,-1.3,0.0,-1.4,0.4
Gerald Wallace,wallage01,BOS,SF,32,32,286,6.2,0.431,0.088,0.441,6.4,15.5,10.9,5.1,2.6,1.1,30.7,9.0,-0.3,0.4,0.1,0.014,-4.5,1.4,-3.1,-0.1
Giannis Antetokounmpo,antetgi01,MIL,SG,20,81,2541,14.8,0.552,0.056,0.445,4.5,19.7,12.2,13.1,1.5,2.8,15.6,19.6,2.2,4.0,6.2,0.117,-1.2,1.2,0.0,1.2
Gigi Datome,datomlu01,"DET,BOS",SF,27,21,209,15.1,0.587,0.449,0.011,1.5,13.9,7.6,7.6,0.5,2.6,9.1,20.7,0.2,0.2,0.4,0.095,1.8,-0.6,1.2,0.2
Glen Davis,davisgl01,LAC,PF,29,74,904,10.8,0.495,0.016,0.373,5.5,15.4,10.5,6.3,2.3,1.9,11.6,16.7,0.2,1.1,1.4,0.072,-3.9,0.8,-3.1,-0.3
Glen Rice Jr.,ricegl02,WAS,SG,24,5,43,-3.6,0.312,0.467,0.4,5.4,5.1,5.2,6.5,0.0,0.0,10.2,20.7,-0.1,0.0,-0.1,-0.121,-12.1,-3.8,-15.9,-0.1
Glenn Robinson III,robingl02,"MIN,PHI",SG,21,35,261,8.5,0.471,0.284,0.358,6.1,10.6,8.3,7.0,1.2,0.3,12.4,14.9,0.0,0.1,0.1,0.012,-3.0,-2.3,-5.4,-0.2
Goran Dragić,dragigo01,"PHO,MIA",SG,28,78,2640,17.4,0.577,0.258,0.234,3.5,8.2,5.9,22.8,1.5,0.5,13.5,21.8,5.4,1.4,6.8,0.123,1.6,-0.8,0.8,1.8
Gordon Hayward,haywago01,UTA,SF,24,76,2618,20.2,0.567,0.304,0.425,2.4,14.0,8.2,21.7,2.2,0.9,13.8,26.2,5.8,2.9,8.7,0.159,3.5,0.5,4.0,4.0
Gorgui Dieng,dienggo01,MIN,C,25,73,2193,17.2,0.573,0.012,0.477,11.3,20.8,15.9,10.5,1.6,4.5,16.9,15.0,3.4,1.5,4.9,0.108,-0.1,0.3,0.2,1.2
Grant Jerrett,jerregr01,"OKC,UTA",PF,21,8,51,1.5,0.303,0.577,0.038,4.4,15.2,9.9,9.6,2.1,3.1,10.2,25.4,-0.2,0.1,-0.1,-0.128,-10.0,-0.9,-10.8,-0.1
Greg Monroe,monrogr01,DET,PF,24,69,2137,21.2,0.549,0.0,0.394,11.2,25.1,17.9,11.7,1.9,1.3,13.0,23.9,4.0,2.8,6.8,0.153,2.0,0.0,2.0,2.1
Greg Smith,smithgr02,DAL,PF,24,42,363,10.2,0.605,0.0,0.796,7.8,16.1,11.9,3.4,1.0,2.5,14.3,9.5,0.5,0.3,0.8,0.108,-3.1,0.5,-2.6,-0.1
Greg Stiemsma,stiemgr01,TOR,C,29,17,66,7.8,0.717,0.0,0.5,15.7,10.5,13.1,6.6,1.6,0.0,41.8,11.5,0.0,0.0,0.1,0.05,-5.0,-0.9,-6.0,-0.1
Greivis Vásquez,vasqugr01,TOR,PG,28,82,1991,12.6,0.514,0.484,0.091,1.3,11.2,6.3,23.9,1.2,0.4,13.6,19.8,1.9,0.9,2.8,0.066,0.4,-1.4,-1.0,0.5
Harrison Barnes,barneha02,GSW,SF,22,82,2318,13.4,0.573,0.328,0.229,5.6,15.1,10.5,6.9,1.3,0.6,9.0,14.9,3.7,3.0,6.7,0.139,0.2,-0.1,0.1,1.2
Hassan Whiteside,whiteha01,MIA,C,25,48,1142,26.2,0.619,0.0,0.403,15.6,34.7,25.4,1.0,1.2,9.2,11.3,21.1,2.8,2.4,5.3,0.221,2.5,1.6,4.1,1.8
Hedo Türkoğlu,turkohe01,LAC,SF,35,62,705,10.5,0.602,0.739,0.059,0.8,14.7,7.9,7.5,1.4,0.8,13.1,14.2,0.6,0.6,1.2,0.081,-0.1,-0.1,-0.2,0.3
Henry Sims,simshe01,PHI,C,24,73,1399,14.5,0.521,0.044,0.273,8.9,19.4,13.9,10.7,1.4,1.7,15.0,20.6,0.5,1.5,2.1,0.072,-2.1,-0.7,-2.8,-0.3
Henry Walker,walkebi01,MIA,SF,27,24,628,8.0,0.497,0.786,0.107,1.4,14.0,7.8,7.2,2.0,1.2,12.0,15.0,-0.1,0.6,0.5,0.039,-2.5,0.4,-2.0,0.0
Hollis Thompson,thompho01,PHI,SG,23,71,1776,10.9,0.538,0.529,0.164,3.1,9.3,6.0,8.4,1.6,1.2,10.2,15.9,1.3,1.3,2.6,0.07,-1.6,-0.3,-1.8,0.1
Ian Clark,clarkia01,"UTA,DEN",SG,23,30,192,8.8,0.483,0.545,0.164,2.4,7.1,4.8,9.7,2.4,1.2,13.2,16.0,0.0,0.2,0.2,0.05,-3.0,0.0,-3.0,0.0
Ian Mahinmi,mahinia01,IND,C,28,61,1146,10.8,0.516,0.0,0.481,10.2,24.0,17.2,4.4,1.3,3.1,18.7,12.5,0.1,2.0,2.1,0.09,-3.6,1.2,-2.5,-0.1
Iman Shumpert,shumpim01,"NYK,CLE",SG,24,62,1545,11.4,0.497,0.416,0.136,4.1,12.6,8.3,14.2,2.7,0.8,15.4,17.4,0.1,1.4,1.5,0.047,-1.5,0.7,-0.9,0.4
Isaiah Canaan,canaais01,"HOU,PHI",PG,23,47,938,12.4,0.534,0.651,0.159,2.1,8.3,5.1,18.7,1.5,0.3,13.3,21.6,0.8,0.7,1.4,0.072,0.1,-0.9,-0.8,0.3
Isaiah Thomas,thomais02,"PHO,BOS",PG,25,67,1726,20.6,0.579,0.434,0.437,2.1,7.7,4.9,27.2,1.6,0.2,13.1,27.8,5.0,1.1,6.1,0.169,4.1,-0.9,3.2,2.3
Ish Smith,smithis01,"OKC,PHI",PG,26,55,832,12.3,0.431,0.163,0.155,1.9,11.4,6.5,40.7,2.2,0.6,16.6,24.6,-0.9,0.8,-0.1,-0.006,-1.6,-0.9,-2.5,-0.1
J.J. Barea,bareajo01,DAL,PG,30,77,1362,15.1,0.502,0.312,0.175,1.8,9.0,5.4,29.5,1.2,0.1,10.8,21.2,2.1,0.6,2.7,0.096,0.8,-1.1,-0.3,0.6
J.J. Hickson,hicksjj01,DEN,C,26,73,1411,14.3,0.504,0.004,0.438,11.1,24.0,17.3,6.5,1.3,1.9,14.9,19.7,0.5,1.4,1.8,0.062,-1.6,-1.1,-2.7,-0.2
J.J. Redick,redicjj01,LAC,SG,30,78,2409,16.2,0.622,0.488,0.216,1.0,6.6,3.9,9.0,0.8,0.3,8.5,21.0,5.8,0.9,6.7,0.134,2.9,-1.6,1.3,2.0
J.R. Smith,smithjr01,"NYK,CLE",SG,29,70,2080,13.6,0.538,0.564,0.095,1.7,10.4,6.0,15.6,2.1,0.8,11.0,19.3,2.2,1.5,3.7,0.085,0.7,0.0,0.7,1.5
JaKarr Sampson,sampsja02,PHI,SF,21,74,1131,9.4,0.498,0.367,0.272,3.2,12.9,7.8,12.0,1.7,1.9,16.4,17.9,-0.5,1.1,0.6,0.025,-4.2,0.0,-4.2,-0.6
JaMychal Green,greenja01,"SAS,MEM",PF,24,24,164,14.9,0.603,0.128,0.213,13.3,18.0,15.7,4.0,1.6,2.4,21.4,18.3,0.1,0.3,0.4,0.119,-1.9,0.6,-1.3,0.0
JaVale McGee,mcgeeja01,"DEN,PHI",C,27,23,256,14.4,0.567,0.0,0.418,7.3,18.9,12.9,2.0,0.4,6.1,16.1,18.9,0.1,0.3,0.4,0.071,-2.6,-0.2,-2.8,-0.1
Jabari Brown,brownja01,LAL,SG,22,19,568,11.0,0.547,0.365,0.5,0.6,6.7,3.5,11.0,1.1,0.3,13.4,18.8,0.4,0.0,0.4,0.033,-1.9,-2.4,-4.3,-0.3
Jabari Parker,parkeja01,MIL,PF,19,25,738,14.5,0.527,0.061,0.251,7.8,13.5,10.7,9.5,2.1,0.6,13.9,20.7,0.4,1.0,1.3,0.088,-0.1,-0.4,-0.5,0.3
Jack Cooley,cooleja01,UTA,C,23,16,87,11.4,0.432,0.0,0.955,13.3,19.8,16.6,1.8,3.7,2.8,8.8,18.0,0.0,0.2,0.2,0.092,-6.6,1.0,-5.7,-0.1
Jae Crowder,crowdja01,"DAL,BOS",SF,24,82,1647,13.9,0.517,0.382,0.259,4.7,14.9,9.7,8.6,2.2,1.2,7.5,17.5,1.9,2.0,3.9,0.113,-0.2,0.7,0.5,1.0
Jamaal Franklin,frankja01,DEN,SG,23,3,13,4.9,0.75,1.0,0.0,8.0,8.6,8.3,32.8,0.0,6.0,60.0,16.6,0.0,0.0,0.0,-0.063,-3.8,-1.8,-5.6,0.0
Jamal Crawford,crawfja01,LAC,SG,34,64,1703,16.6,0.532,0.434,0.3,1.2,6.9,4.1,14.9,1.8,0.7,8.8,27.6,2.5,1.2,3.6,0.102,1.9,-1.2,0.7,1.2
Jameer Nelson,nelsoja01,"DAL,BOS,DEN",PG,32,63,1407,12.1,0.503,0.512,0.071,2.5,8.9,5.7,27.8,1.7,0.3,17.3,19.5,0.6,0.8,1.4,0.047,-0.1,-0.9,-1.0,0.4
James Ennis III,ennisja01,MIA,SF,24,62,1051,11.5,0.541,0.385,0.381,6.0,14.0,10.1,7.2,1.3,1.4,11.9,14.6,1.2,0.8,1.9,0.088,-1.0,-0.5,-1.5,0.1
James Harden,hardeja01,HOU,SG,25,81,2981,26.7,0.605,0.378,0.561,2.8,14.2,8.5,34.6,2.6,1.6,14.9,31.3,12.2,4.2,16.4,0.265,7.0,1.8,8.8,8.1
James Johnson,johnsja01,TOR,PF,27,70,1370,17.9,0.617,0.126,0.252,5.1,16.5,10.8,11.4,2.0,4.1,15.0,17.4,2.5,1.6,4.1,0.143,0.7,1.7,2.4,1.5
James Jones,jonesja02,CLE,SF,34,57,669,11.1,0.565,0.871,0.229,1.6,9.0,5.3,5.4,1.0,0.9,5.5,15.8,1.2,0.4,1.5,0.11,0.2,-0.9,-0.7,0.2
James Michael McAdoo,mcadoja01,GSW,PF,22,15,137,17.7,0.564,0.0,0.568,12.2,16.8,14.6,2.1,1.8,4.9,9.8,19.4,0.2,0.3,0.5,0.177,-2.1,-0.2,-2.3,0.0
James Young,youngja01,BOS,SG,19,31,332,8.5,0.457,0.647,0.284,2.9,11.0,6.9,5.6,1.2,0.5,4.2,15.8,0.1,0.3,0.3,0.047,-2.5,-0.9,-3.4,-0.1
Jannero Pargo,pargoja01,CHO,PG,35,9,73,14.9,0.571,0.629,0.057,0.0,4.6,2.3,20.8,0.0,0.0,7.7,24.3,0.1,0.0,0.2,0.113,3.1,-1.3,1.8,0.1
Jared Cunningham,cunnija01,LAC,SG,23,19,89,7.3,0.452,0.394,0.394,1.3,9.9,5.7,16.4,1.7,0.0,15.3,23.2,-0.1,0.1,0.0,-0.023,-6.1,-2.0,-8.1,-0.1
Jared Dudley,dudleja01,MIL,SG,29,72,1717,12.3,0.572,0.454,0.158,3.0,11.6,7.3,11.5,2.1,0.5,12.1,13.5,2.0,2.1,4.1,0.116,-0.5,1.0,0.6,1.1
Jared Sullinger,sullija01,BOS,PF,22,58,1566,17.9,0.503,0.26,0.182,10.1,20.9,15.4,14.2,1.4,2.1,9.3,23.6,1.9,2.1,4.0,0.123,1.3,-0.2,1.1,1.2
Jarnell Stokes,stokeja01,MEM,PF,21,19,126,18.6,0.578,0.0,0.757,14.6,16.3,15.4,5.2,2.1,3.3,12.4,20.5,0.3,0.2,0.5,0.186,-1.3,0.1,-1.1,0.0
Jarrett Jack,jackja01,BRK,PG,31,80,2241,14.6,0.522,0.179,0.278,1.0,11.3,6.1,27.3,1.7,0.5,17.2,22.6,1.1,1.4,2.6,0.055,-0.4,-0.7,-1.1,0.5
Jason Maxiell,maxieja01,CHO,PF,31,61,878,10.4,0.455,0.0,0.37,10.5,15.1,12.7,3.4,1.1,4.0,11.5,13.1,0.1,1.2,1.4,0.074,-3.8,0.6,-3.2,-0.3
Jason Richardson,richaja01,PHI,SG,34,19,416,11.7,0.458,0.539,0.124,3.2,14.5,8.6,16.6,1.6,0.6,7.9,21.3,0.0,0.4,0.4,0.045,-0.9,-0.4,-1.3,0.1
Jason Smith,smithja02,NYK,C,28,82,1785,12.0,0.497,0.071,0.258,6.2,15.0,10.5,13.5,0.9,2.1,13.6,19.7,0.5,0.7,1.2,0.032,-2.4,-1.4,-3.8,-0.8
Jason Terry,terryja01,HOU,SG,37,77,1641,11.4,0.579,0.724,0.108,1.0,7.1,4.1,13.8,2.0,0.9,13.7,14.3,2.0,1.5,3.6,0.104,-0.1,0.6,0.5,1.0
Jason Thompson,thompja02,SAC,PF,28,81,1991,10.2,0.5,0.002,0.334,8.2,21.5,15.1,6.5,0.8,2.3,14.6,12.7,0.9,1.5,2.4,0.057,-2.6,-0.2,-2.8,-0.4
Jeff Adrien,adrieje01,MIN,PF,28,17,215,14.2,0.494,0.0,0.864,11.9,29.6,20.5,10.5,0.9,3.3,12.9,14.3,0.2,0.2,0.4,0.087,-1.9,-0.6,-2.4,0.0
Jeff Ayres,pendeje02,SAS,PF,27,51,383,14.4,0.618,0.0,0.379,11.2,23.3,17.3,5.5,1.1,1.6,19.0,16.3,0.6,0.6,1.2,0.147,-2.4,0.3,-2.2,0.0
Jeff Green,greenje02,"BOS,MEM",SF,28,78,2454,14.4,0.534,0.302,0.297,2.9,12.1,7.5,8.8,1.1,1.1,9.0,21.9,2.7,2.4,5.2,0.101,0.5,-0.7,-0.2,1.2
Jeff Taylor,tayloje03,CHO,SF,25,29,430,8.2,0.481,0.316,0.36,3.5,10.3,6.8,8.2,1.4,0.2,12.6,16.0,-0.1,0.4,0.3,0.034,-4.2,-0.6,-4.9,-0.3
Jeff Teague,teaguje01,ATL,PG,26,73,2228,20.6,0.566,0.233,0.36,1.6,7.7,4.7,37.9,2.9,1.2,16.6,25.3,5.0,2.8,7.7,0.166,2.7,0.3,2.9,2.8
Jeff Withey,witheje01,NOP,C,24,37,259,17.6,0.57,0.0,0.781,10.1,17.9,14.0,6.4,0.8,5.3,12.2,17.3,0.5,0.3,0.8,0.149,-0.4,-0.1,-0.5,0.1
Jerami Grant,grantje01,PHI,SF,20,65,1377,8.7,0.47,0.443,0.548,3.7,12.3,7.8,9.4,1.5,4.0,16.3,16.5,-0.9,1.4,0.5,0.019,-3.9,0.6,-3.3,-0.5
Jerel McNeal,mcneaje01,PHO,PG,27,6,36,1.2,0.379,0.182,0.182,0.0,9.2,4.6,7.8,4.2,2.1,29.6,20.6,-0.2,0.1,-0.1,-0.149,-10.5,1.4,-9.1,-0.1
Jeremy Evans,evansje01,UTA,SF,27,38,266,20.5,0.636,0.086,0.5,11.3,19.4,15.4,7.9,2.2,3.6,6.6,13.1,0.9,0.4,1.3,0.241,2.0,2.1,4.2,0.4
Jeremy Lamb,lambje01,OKC,SG,22,47,633,14.9,0.538,0.444,0.22,1.4,16.5,9.1,10.9,1.7,0.7,9.0,20.5,1.0,0.7,1.6,0.123,0.9,0.8,1.6,0.6
Jeremy Lin,linje01,LAL,PG,26,74,1907,15.6,0.539,0.269,0.41,1.4,10.2,5.7,28.6,2.2,1.4,17.7,21.9,1.8,0.8,2.7,0.068,0.1,-0.5,-0.4,0.8
Jerome Jordan,jordaje01,BRK,C,28,44,383,16.8,0.609,0.0,0.468,15.3,15.5,15.4,5.3,1.1,3.1,16.3,16.1,0.9,0.3,1.2,0.156,-0.6,-0.6,-1.2,0.1
Jerrelle Benimon,benimje01,UTA,PF,23,2,3,4.7,,,,38.7,76.6,57.8,0.0,0.0,0.0,100.0,15.3,0.0,0.0,0.0,-0.215,-9.4,-3.7,-13.0,0.0
Jerryd Bayless,bayleje01,MIL,PG,26,77,1717,11.1,0.519,0.233,0.266,1.5,12.5,7.0,21.0,1.8,0.6,18.8,18.6,0.3,2.0,2.4,0.066,-2.5,0.4,-2.1,0.0
Jimmer Fredette,fredeji01,NOP,PG,25,50,509,9.8,0.479,0.289,0.271,1.8,7.1,4.5,17.2,1.5,0.3,15.1,19.6,0.0,0.2,0.2,0.021,-3.6,-1.2,-4.7,-0.4
Jimmy Butler,butleji01,CHI,SG,25,65,2513,21.3,0.583,0.212,0.508,5.1,11.2,8.2,14.4,2.3,1.0,7.7,21.6,8.2,3.0,11.2,0.214,3.4,1.2,4.6,4.2
Joakim Noah,noahjo01,CHI,C,29,67,2049,15.3,0.482,0.005,0.407,11.9,22.1,17.1,23.0,1.2,2.6,19.6,13.7,2.4,3.1,5.6,0.13,0.1,2.0,2.1,2.1
Jodie Meeks,meeksjo01,DET,SG,27,60,1462,14.1,0.548,0.397,0.3,0.9,7.1,3.9,8.8,2.1,0.3,8.6,20.1,2.2,0.9,3.1,0.103,-0.3,-0.2,-0.5,0.5
Joe Harris,harrijo01,CLE,SG,23,51,493,5.6,0.537,0.7,0.125,1.7,7.8,4.8,7.7,0.7,0.3,17.6,14.1,0.0,0.2,0.2,0.018,-4.0,-1.6,-5.6,-0.4
Joe Ingles,inglejo01,UTA,SF,27,79,1673,9.6,0.533,0.571,0.113,1.5,10.5,6.0,16.8,2.3,0.5,20.9,12.9,0.5,1.6,2.2,0.062,-2.3,1.1,-1.2,0.3
Joe Johnson,johnsjo02,BRK,SG,33,80,2791,14.1,0.523,0.329,0.172,2.1,13.3,7.7,17.1,1.1,0.4,11.1,20.3,2.6,1.5,4.1,0.07,0.7,-0.8,-0.1,1.3
Joel Anthony,anthojo01,DET,C,32,49,406,14.7,0.607,0.0,0.355,8.2,17.0,12.4,1.8,1.5,9.5,14.3,9.1,0.5,0.7,1.2,0.142,-2.9,3.1,0.2,0.2
Joel Freeland,freeljo01,POR,C,27,48,617,12.2,0.522,0.0,0.166,11.0,21.9,16.6,3.8,0.7,2.7,12.4,13.4,0.6,0.9,1.6,0.122,-3.0,0.4,-2.6,-0.1
Joey Dorsey,dorsejo01,HOU,PF,31,69,854,11.1,0.507,0.007,0.572,13.3,22.7,18.0,4.4,2.3,2.3,18.4,11.3,0.4,1.5,1.9,0.108,-3.8,0.7,-3.1,-0.2
Joffrey Lauvergne,lauvejo01,DEN,C,23,24,268,10.5,0.459,0.18,0.315,10.5,20.9,15.5,7.5,1.5,2.9,17.8,19.9,-0.2,0.3,0.1,0.012,-4.8,-0.8,-5.6,-0.2
John Henson,hensojo01,MIL,C,24,67,1228,18.0,0.578,0.0,0.396,11.7,17.4,14.5,7.8,1.2,9.3,17.6,18.1,1.3,2.4,3.6,0.142,-1.5,2.2,0.7,0.8
John Jenkins,jenkijo01,ATL,SG,23,24,297,15.9,0.629,0.525,0.192,0.8,13.8,7.5,7.0,1.7,0.0,6.9,17.8,0.6,0.3,0.9,0.147,0.8,-0.5,0.3,0.2
John Lucas III,lucasjo02,DET,PG,32,21,272,13.0,0.461,0.279,0.048,1.5,5.0,3.2,36.0,1.5,0.0,13.1,19.9,0.2,0.1,0.3,0.058,-0.2,-2.0,-2.2,0.0
John Salmons,salmojo01,NOP,SF,35,21,270,5.1,0.422,0.542,0.083,1.7,7.1,4.4,6.6,1.8,1.1,9.1,9.3,0.0,0.1,0.1,0.017,-4.3,0.9,-3.3,-0.1
John Wall,walljo01,WAS,PG,24,79,2837,19.9,0.523,0.186,0.31,1.5,12.8,7.3,46.3,2.5,1.3,18.7,26.1,3.6,4.2,7.8,0.132,2.6,1.0,3.6,4.0
Johnny O'Bryant,obryajo01,MIL,PF,21,34,368,3.8,0.379,0.0,0.225,8.2,11.7,10.0,7.1,0.7,0.9,15.9,19.2,-0.8,0.3,-0.5,-0.063,-7.3,-2.2,-9.5,-0.7
Jon Leuer,leuerjo01,MEM,PF,25,63,824,11.9,0.478,0.106,0.216,7.0,21.7,14.3,8.8,1.1,0.9,10.5,18.6,0.2,1.2,1.3,0.078,-2.5,-0.3,-2.8,-0.1
Jonas Jerebko,jerebjo01,"DET,BOS",PF,27,75,1230,15.0,0.549,0.369,0.174,8.0,17.2,12.5,9.0,1.9,1.1,9.7,16.2,2.0,1.4,3.5,0.135,0.2,0.6,0.9,0.9
Jonas Valančiūnas,valanjo01,TOR,C,22,80,2096,20.6,0.623,0.002,0.423,11.8,26.3,19.1,3.1,0.8,3.6,12.4,19.1,5.8,2.4,8.2,0.189,1.4,-0.9,0.5,1.3
Jordan Adams,adamsjo01,MEM,SG,20,30,248,12.8,0.489,0.291,0.267,4.2,8.7,6.4,10.1,3.4,2.3,12.7,20.4,0.0,0.4,0.4,0.073,-1.2,2.6,1.4,0.2
Jordan Clarkson,clarkjo01,LAL,PG,22,59,1476,16.9,0.528,0.203,0.265,4.0,10.5,7.1,23.8,1.8,0.7,12.6,23.0,2.0,0.4,2.4,0.078,1.2,-0.9,0.2,0.8
Jordan Farmar,farmajo01,LAC,PG,28,36,529,9.9,0.513,0.614,0.07,1.7,7.1,4.5,18.0,1.9,0.8,16.4,16.6,0.2,0.4,0.6,0.053,-1.2,-0.1,-1.4,0.1
Jordan Hamilton,hamiljo02,LAC,SF,24,14,122,8.3,0.543,0.6,0.0,1.9,12.7,7.4,8.2,0.8,0.0,10.3,14.4,0.1,0.1,0.1,0.059,-1.7,-0.7,-2.4,0.0
Jordan Hill,hilljo01,LAL,C,27,70,1874,16.2,0.494,0.014,0.216,9.9,23.4,16.4,9.5,0.9,2.3,11.1,22.7,1.1,1.1,2.2,0.055,-0.6,-1.6,-2.2,-0.1
Jorge Gutiérrez,gutiejo01,"BRK,MIL",PG,26,20,175,11.0,0.567,0.073,0.317,3.3,12.9,8.1,19.6,1.8,0.0,20.4,15.2,0.1,0.2,0.3,0.088,-4.5,1.0,-3.5,-0.1
Josh McRoberts,mcrobjo01,MIA,PF,27,17,296,10.2,0.613,0.358,0.245,2.9,15.1,9.1,17.5,2.1,0.9,27.3,12.8,0.1,0.3,0.4,0.07,-3.0,0.2,-2.8,-0.1
Josh Smith,smithjo03,"DET,HOU",PF,29,83,2300,14.9,0.467,0.231,0.258,7.2,18.3,12.6,20.5,1.9,3.9,15.8,24.8,-1.1,3.4,2.3,0.048,-0.6,1.2,0.7,1.6
José Calderón,caldejo01,NYK,PG,33,42,1270,11.3,0.519,0.401,0.09,1.7,9.8,5.6,25.6,1.3,0.0,16.9,16.1,0.8,0.1,0.9,0.033,-1.1,-2.0,-3.0,-0.3
Jrue Holiday,holidjr01,NOP,PG,24,40,1303,18.8,0.522,0.253,0.142,2.8,9.0,5.9,34.9,2.5,1.3,13.8,23.1,2.3,1.1,3.4,0.124,2.5,0.3,2.8,1.6
Julius Randle,randlju01,LAL,PF,20,1,14,-7.5,0.258,0.0,0.667,0.0,0.0,0.0,0.0,0.0,0.0,20.5,15.5,-0.1,0.0,-0.1,-0.276,-9.6,-5.6,-15.1,0.0
Justin Hamilton,hamilju01,"MIA,MIN",C,24,41,712,14.6,0.551,0.174,0.264,9.3,12.7,11.0,8.1,2.0,3.4,11.6,14.2,1.0,0.5,1.5,0.102,-0.5,-0.4,-0.8,0.2
Justin Holiday,holidju01,GSW,SG,25,59,657,12.1,0.498,0.464,0.191,2.0,9.7,6.0,10.1,3.0,1.4,10.2,18.8,0.2,1.0,1.3,0.092,-2.4,1.0,-1.4,0.1
Jusuf Nurkić,nurkiju01,DEN,C,20,62,1103,14.8,0.483,0.005,0.345,11.8,26.1,18.7,7.3,2.4,4.8,16.3,20.7,-0.2,1.8,1.6,0.069,-3.7,0.9,-2.8,-0.2
K.J. McDaniels,mcdankj01,"PHI,HOU",SG,21,62,1352,10.6,0.494,0.346,0.306,5.0,11.4,8.0,9.3,1.6,4.2,17.6,19.3,-0.9,1.5,0.6,0.02,-3.1,0.3,-2.8,-0.3
Kalin Lucas,lucaska01,MEM,PG,25,1,6,-0.7,0.0,0.0,0.0,0.0,0.0,0.0,0.0,8.7,0.0,0.0,7.6,0.0,0.0,0.0,-0.057,-13.4,8.7,-4.7,0.0
Kawhi Leonard,leonaka01,SAS,SF,23,64,2033,22.0,0.567,0.234,0.307,4.8,20.6,12.9,13.0,3.7,1.8,9.4,23.0,4.2,4.4,8.6,0.204,2.8,3.1,5.9,4.1
Kelly Olynyk,olynyke01,BOS,C,23,64,1423,15.9,0.558,0.331,0.258,7.0,16.5,11.7,12.2,2.3,2.1,14.3,21.1,1.5,2.1,3.6,0.12,-0.5,0.9,0.4,0.8
Kemba Walker,walkeke02,CHO,PG,24,62,2119,17.6,0.486,0.285,0.288,1.8,9.9,5.7,27.1,2.2,1.2,8.3,25.9,1.8,2.6,4.5,0.101,1.7,0.6,2.3,2.3
Kendall Marshall,marshke01,MIL,PG,23,28,417,12.4,0.562,0.455,0.089,0.6,7.1,3.8,31.1,2.6,0.0,25.0,15.1,0.3,0.5,0.8,0.088,-0.7,-0.1,-0.8,0.1
Kendrick Perkins,perkike01,"OKC,CLE",C,30,68,1148,7.0,0.467,0.004,0.366,8.7,21.2,15.1,6.3,0.7,2.9,26.5,13.6,-1.2,1.3,0.1,0.006,-5.5,0.1,-5.4,-1.0
Kenneth Faried,farieke01,DEN,PF,25,75,2086,18.4,0.548,0.011,0.391,12.1,22.9,17.3,7.1,1.5,2.1,12.0,20.3,3.5,2.1,5.6,0.13,0.6,-0.7,-0.1,1.0
Kent Bazemore,bazemke01,ATL,SG,25,75,1324,9.7,0.52,0.399,0.302,1.9,16.8,9.6,8.6,2.0,2.1,16.3,15.5,-0.4,1.9,1.6,0.057,-3.2,1.1,-2.1,0.0
Kentavious Caldwell-Pope,caldwke01,DET,SG,21,82,2587,11.2,0.501,0.457,0.163,1.9,9.1,5.4,6.8,1.9,0.5,8.3,19.5,1.1,1.8,2.8,0.052,-1.3,-0.4,-1.7,0.2
Kenyon Martin,martike01,MIL,PF,37,11,104,10.0,0.437,0.0,0.091,6.7,14.2,10.5,7.0,2.5,4.9,11.6,11.2,0.0,0.2,0.2,0.086,-4.4,2.2,-2.2,0.0
Kevin Durant,duranke01,OKC,SF,26,27,913,27.6,0.633,0.34,0.366,1.9,18.7,10.4,22.2,1.3,2.2,12.0,29.1,3.8,1.0,4.8,0.252,8.6,1.4,10.0,2.8
Kevin Garnett*,garneke01,"BRK,MIN",PF,38,47,952,15.2,0.496,0.023,0.147,5.7,31.1,18.3,13.1,2.5,1.4,12.4,17.8,0.4,1.5,1.9,0.096,-1.2,1.9,0.7,0.7
Kevin Love,loveke01,CLE,PF,26,75,2532,18.8,0.562,0.412,0.337,6.5,26.3,16.6,10.7,1.0,1.2,10.0,21.7,5.8,2.9,8.7,0.165,3.2,-0.4,2.7,3.0
Kevin Martin,martike02,MIN,SG,31,39,1302,16.7,0.549,0.306,0.309,1.6,11.1,6.2,12.5,1.3,0.1,9.7,26.6,2.0,-0.1,1.9,0.069,1.7,-2.4,-0.7,0.4
Kevin Séraphin,serapke01,WAS,C,25,79,1235,12.5,0.535,0.004,0.182,8.1,17.9,13.1,8.0,0.4,3.8,16.8,21.5,0.0,1.7,1.7,0.066,-4.1,0.3,-3.8,-0.6
Khris Middleton,middlkh01,MIL,SF,23,79,2378,15.6,0.563,0.308,0.18,2.3,14.3,8.4,12.7,2.6,0.4,10.8,19.9,3.2,3.5,6.7,0.135,0.5,1.1,1.6,2.2
Kirk Hinrich,hinriki01,CHI,SG,34,66,1610,6.8,0.468,0.441,0.131,1.4,6.6,4.1,13.8,1.5,0.6,15.3,13.3,-0.3,1.3,1.0,0.03,-3.8,0.0,-3.8,-0.7
Klay Thompson,thompkl01,GSW,SG,24,77,2455,20.8,0.591,0.42,0.197,1.2,9.4,5.4,14.6,1.7,1.8,9.5,27.6,5.7,3.1,8.8,0.172,4.5,-0.1,4.4,4.0
Kobe Bryant*,bryanko01,LAL,SG,36,35,1207,17.6,0.477,0.258,0.338,2.3,16.5,9.1,29.9,2.0,0.5,13.5,34.9,-0.4,0.6,0.2,0.006,2.0,-1.7,0.3,0.7
Kosta Koufos,koufoko01,MEM,C,25,81,1348,14.2,0.53,0.0,0.237,10.3,25.8,18.1,4.3,1.1,3.9,14.9,15.8,0.8,2.5,3.3,0.118,-2.0,0.7,-1.2,0.2
Kostas Papanikolaou,papanko01,HOU,SF,24,43,795,7.8,0.444,0.538,0.091,5.4,10.9,8.2,15.8,1.8,1.3,21.2,14.2,-0.4,0.9,0.5,0.029,-2.4,0.4,-2.0,0.0
Kris Humphries,humphkr01,WAS,PF,29,64,1345,15.4,0.512,0.016,0.262,10.1,24.4,17.4,6.7,1.3,1.5,8.5,18.3,1.6,2.1,3.8,0.134,-1.0,0.0,-1.0,0.3
Kyle Anderson,anderky01,SAS,SF,21,33,358,8.2,0.389,0.124,0.157,1.6,20.8,11.4,10.9,2.1,1.5,9.5,13.4,-0.3,0.6,0.3,0.044,-3.8,2.3,-1.4,0.1
Kyle Korver,korveky01,ATL,SG,33,75,2418,14.8,0.699,0.748,0.197,0.7,13.3,7.2,12.1,1.1,1.5,14.1,14.4,5.0,2.4,7.5,0.148,2.4,0.4,2.8,3.0
Kyle Lowry,lowryky01,TOR,PG,28,70,2414,19.3,0.527,0.375,0.299,2.6,13.1,7.8,32.4,2.3,0.4,12.8,25.4,5.1,2.0,7.1,0.141,3.2,-0.1,3.0,3.1
Kyle O'Quinn,oquinky01,ORL,PF,24,51,824,14.8,0.55,0.178,0.236,6.2,21.4,13.6,11.3,1.9,3.8,17.1,17.7,0.5,1.1,1.6,0.091,-1.7,1.5,-0.3,0.4
Kyle Singler,singlky01,"DET,OKC",SF,26,80,1743,8.5,0.512,0.54,0.117,2.0,10.2,6.0,7.3,1.4,1.0,10.5,13.2,0.9,1.2,2.0,0.056,-2.1,0.0,-2.1,0.0
Kyrie Irving,irvinky01,CLE,PG,22,75,2730,21.5,0.583,0.306,0.296,2.3,7.5,5.0,25.0,2.2,0.6,11.8,26.2,8.4,2.0,10.4,0.183,4.4,-0.4,4.1,4.2
LaMarcus Aldridge,aldrila01,POR,PF,29,71,2512,22.8,0.528,0.074,0.256,7.7,22.9,15.5,9.2,1.0,1.9,7.2,30.2,4.9,3.7,8.6,0.165,3.2,-0.3,2.9,3.1
Lance Stephenson,stephla01,CHO,SG,24,61,1573,8.8,0.419,0.191,0.2,2.7,17.1,9.7,25.4,1.2,0.4,17.6,21.1,-2.7,1.8,-0.9,-0.026,-4.3,-0.1,-4.5,-1.0
Lance Thomas,thomala01,"OKC,NYK",PF,26,62,1490,8.0,0.456,0.05,0.224,4.8,9.9,7.3,7.4,1.3,0.4,13.2,17.0,-0.9,0.4,-0.4,-0.014,-3.9,-1.7,-5.6,-1.3
Landry Fields,fieldla01,TOR,SF,26,26,216,10.8,0.527,0.049,0.146,5.3,8.5,6.9,10.1,2.6,0.0,15.5,10.8,0.2,0.1,0.3,0.072,-1.4,1.2,-0.1,0.1
Langston Galloway,gallola01,NYK,PG,23,45,1457,12.3,0.489,0.344,0.153,2.9,12.5,7.5,17.6,1.9,0.7,10.1,19.2,0.7,0.6,1.3,0.043,-1.5,-0.9,-2.3,-0.1
Larry Drew II,drewla02,PHI,PG,24,12,219,4.5,0.388,0.448,0.052,0.5,7.3,3.7,33.9,1.4,0.0,29.6,16.8,-0.5,0.1,-0.4,-0.087,-7.1,-2.8,-9.9,-0.4
Larry Sanders,sandela01,MIL,C,26,27,586,15.2,0.507,0.0,0.279,13.2,19.2,16.2,6.3,2.3,5.6,12.7,17.0,0.4,1.2,1.6,0.132,-2.4,1.4,-1.0,0.2
Lavoy Allen,allenla01,IND,C,25,63,1070,14.9,0.493,0.0,0.157,12.8,20.5,16.7,10.9,0.7,3.1,11.1,15.2,1.3,1.6,2.8,0.127,-0.5,0.5,0.0,0.6
LeBron James,jamesle01,CLE,SF,30,69,2493,25.9,0.577,0.265,0.413,2.4,16.6,9.6,38.6,2.3,1.6,15.3,32.3,7.4,2.9,10.4,0.199,6.1,1.0,7.1,5.7
Leandro Barbosa,barbole01,GSW,SG,32,66,982,15.3,0.558,0.29,0.192,2.6,7.2,5.0,14.9,2.0,0.6,9.5,20.5,1.6,1.2,2.8,0.137,0.0,0.4,0.3,0.6
Lester Hudson,hudsole01,LAC,SG,30,5,56,16.0,0.571,0.429,0.286,2.1,13.8,8.0,12.6,5.4,1.5,16.0,15.1,0.1,0.1,0.2,0.141,-0.7,4.8,4.1,0.1
Lorenzo Brown,brownlo01,MIN,PG,24,29,549,11.0,0.468,0.23,0.156,2.8,12.0,7.3,24.9,2.6,0.9,18.7,12.9,0.1,0.2,0.3,0.025,-2.8,0.3,-2.5,-0.1
Lou Amundson,amundlo01,"CLE,NYK",PF,32,53,937,11.8,0.442,0.004,0.341,11.3,22.0,16.5,12.2,1.2,4.6,17.5,17.4,-0.6,0.9,0.3,0.017,-4.1,-0.2,-4.3,-0.5
Lou Williams,willilo02,TOR,SG,28,80,2016,19.9,0.564,0.482,0.426,1.4,7.3,4.3,13.6,2.3,0.4,8.4,27.0,5.4,1.1,6.6,0.157,3.5,-0.9,2.6,2.3
Luc Mbah a Moute,mbahalu01,PHI,PF,28,67,1916,10.6,0.466,0.318,0.256,4.4,14.6,9.3,9.8,2.1,0.9,12.3,18.3,-0.9,2.0,1.1,0.027,-2.7,-0.1,-2.8,-0.4
Lucas Nogueira,noguelu01,TOR,C,22,6,23,5.2,0.307,0.0,0.5,10.0,45.1,27.6,6.2,4.5,0.0,17.0,23.1,-0.1,0.1,0.0,-0.071,-10.0,-0.6,-10.5,0.0
Luis Scola,scolalu01,IND,PF,34,81,1659,16.8,0.515,0.031,0.352,9.3,25.6,17.5,11.0,1.5,0.8,11.3,22.8,1.7,2.7,4.4,0.126,-0.5,0.2,-0.3,0.7
Luke Babbitt,babbilu01,NOP,SF,25,63,830,11.1,0.639,0.599,0.099,1.6,13.5,7.6,4.3,1.1,1.0,11.5,12.4,1.1,0.5,1.6,0.092,0.0,-0.3,-0.4,0.3
Luke Ridnour,ridnolu01,ORL,PG,33,47,683,10.0,0.507,0.358,0.119,1.3,10.1,5.6,21.0,1.5,0.5,17.0,14.8,0.3,0.3,0.6,0.042,-2.8,-0.5,-3.3,-0.2
Luol Deng,denglu01,MIA,SF,29,72,2421,15.5,0.561,0.28,0.319,5.2,13.3,9.3,9.9,1.4,0.8,10.7,19.5,3.7,1.6,5.4,0.106,1.1,-1.1,0.0,1.2
Malcolm Lee,leema01,PHI,SG,24,1,2,-19.7,0.0,0.0,0.0,0.0,0.0,0.0,0.0,0.0,0.0,0.0,21.8,0.0,0.0,0.0,-0.527,-18.0,-9.7,-27.6,0.0
Malcolm Thomas,thomama01,PHI,PF,26,17,194,8.2,0.492,0.175,0.325,8.5,23.5,15.6,6.0,0.8,0.4,22.1,13.2,-0.1,0.2,0.1,0.023,-5.3,-1.7,-7.0,-0.2
Manu Ginóbili*,ginobma01,SAS,SG,37,70,1587,16.2,0.544,0.438,0.346,2.0,12.8,7.5,28.6,2.2,0.9,18.5,23.9,1.4,2.3,3.7,0.111,0.9,0.9,1.7,1.5
Marc Gasol,gasolma01,MEM,C,30,81,2687,21.7,0.558,0.016,0.41,4.9,21.8,13.4,19.7,1.4,4.0,12.2,24.6,5.5,4.7,10.2,0.182,2.7,2.4,5.1,4.8
Marcin Gortat,gortama01,WAS,C,30,82,2453,18.2,0.587,0.004,0.226,8.5,24.1,16.5,6.5,1.0,3.6,10.5,17.6,4.4,4.2,8.6,0.168,0.6,0.9,1.5,2.1
Marco Belinelli,belinma01,SAS,SG,28,62,1388,12.4,0.553,0.489,0.211,2.2,10.5,6.4,10.3,1.1,0.2,10.6,18.8,1.5,1.4,2.9,0.1,-0.3,-0.7,-1.0,0.4
Marcus Morris,morrima03,PHO,PF,25,81,2045,13.7,0.52,0.41,0.148,3.9,16.9,10.3,10.2,1.5,0.6,8.2,19.0,2.2,1.8,4.0,0.093,0.1,0.0,0.1,1.1
Marcus Smart,smartma01,BOS,PG,20,67,1808,11.0,0.491,0.57,0.266,3.6,9.9,6.7,16.3,2.7,0.8,14.4,15.1,0.7,2.2,2.9,0.077,-1.9,1.5,-0.5,0.7
Marcus Thornton,thornma01,"BOS,PHO",SG,27,48,721,15.0,0.514,0.414,0.162,3.4,9.7,6.5,8.2,1.9,0.8,6.8,24.1,0.6,0.7,1.2,0.083,1.6,-0.4,1.2,0.6
Mario Chalmers,chalmma01,MIA,PG,28,80,2368,11.7,0.521,0.374,0.401,1.2,9.0,5.2,21.0,2.7,0.4,18.2,18.9,0.8,2.0,2.8,0.056,-2.6,0.1,-2.5,-0.3
Markel Brown,brownma02,BRK,SG,23,47,781,9.1,0.459,0.305,0.271,2.3,13.0,7.7,7.4,2.1,1.2,10.3,15.3,-0.2,0.7,0.5,0.031,-3.0,0.4,-2.6,-0.1
Markieff Morris,morrima02,PHO,PF,25,82,2581,15.8,0.523,0.163,0.211,4.6,17.0,10.7,12.4,2.0,1.2,12.4,23.3,1.8,2.7,4.6,0.085,-0.5,0.2,-0.3,1.1
Marreese Speights,speigma01,GSW,C,27,76,1207,19.5,0.546,0.028,0.276,10.1,18.7,14.5,9.9,0.8,2.1,10.2,29.1,2.2,1.8,4.0,0.158,-0.9,-1.1,-1.9,0.0
Martell Webster,webstma02,WAS,SF,28,32,352,5.9,0.445,0.473,0.703,3.3,11.3,7.4,6.7,1.0,0.2,15.6,18.2,-0.3,0.3,0.0,0.0,-4.4,-1.2,-5.6,-0.3
Marvin Williams,willima02,CHO,PF,28,78,2035,11.8,0.541,0.535,0.176,3.1,18.2,10.4,7.8,1.8,1.4,10.1,13.3,1.5,2.9,4.3,0.102,-1.4,1.4,0.0,1.0
Mason Plumlee,plumlma01,BRK,C,24,82,1743,18.0,0.57,0.006,0.648,11.3,21.6,16.5,7.0,1.9,2.9,14.4,19.2,2.5,2.3,4.8,0.131,-0.2,0.3,0.1,0.9
Matt Barnes,barnema02,LAC,SF,34,76,2271,11.3,0.574,0.603,0.152,2.6,12.2,7.5,7.2,1.5,1.8,11.6,14.9,2.2,2.1,4.3,0.091,-0.5,0.2,-0.3,1.0
Matt Bonner,bonnema01,SAS,PF,34,72,935,10.1,0.536,0.548,0.161,3.6,10.2,7.0,7.1,0.5,1.0,4.3,12.5,1.3,0.9,2.1,0.11,-0.5,-0.2,-0.7,0.3
Matthew Dellavedova,dellama01,CLE,SG,24,67,1380,8.5,0.493,0.544,0.124,3.1,7.3,5.2,21.1,0.9,0.1,15.9,12.6,1.4,0.5,1.9,0.067,-2.0,-0.8,-2.8,-0.3
Maurice Harkless,harklma01,ORL,SF,21,45,674,8.4,0.449,0.354,0.259,6.3,11.6,8.9,5.4,2.4,1.1,13.3,13.7,-0.3,0.6,0.3,0.021,-3.8,0.2,-3.6,-0.3
Meyers Leonard,leoname01,POR,C,22,55,847,14.8,0.631,0.457,0.131,5.9,25.3,15.8,5.8,0.6,1.2,13.1,15.8,1.6,1.2,2.8,0.158,0.1,0.5,0.6,0.6
Michael Beasley,beaslmi01,MIA,PF,26,24,505,10.6,0.474,0.16,0.123,2.9,17.9,10.6,11.5,1.6,2.2,14.2,24.2,-0.6,0.5,-0.1,-0.007,-4.2,-0.3,-4.5,-0.3
Michael Carter-Williams,cartemi01,"PHI,MIL",PG,23,66,2149,14.1,0.461,0.166,0.317,3.2,15.3,9.0,37.3,2.6,1.1,19.5,26.7,-2.1,2.9,0.8,0.017,-1.3,0.3,-1.1,0.5
Michael Kidd-Gilchrist,kiddgmi01,CHO,SF,21,55,1587,15.1,0.519,0.0,0.444,7.4,21.9,14.4,8.2,1.0,1.9,9.9,18.4,1.6,2.2,3.8,0.114,-1.1,0.6,-0.5,0.6
Mike Conley,conlemi01,MEM,PG,27,70,2225,18.6,0.558,0.314,0.282,1.5,9.2,5.4,28.0,2.1,0.5,13.6,23.7,4.2,2.7,6.8,0.147,2.6,0.2,2.8,2.7
Mike Dunleavy,dunlemi02,CHI,SF,34,63,1838,11.6,0.573,0.547,0.181,1.7,12.7,7.3,9.7,1.1,0.8,10.4,14.2,2.4,1.7,4.1,0.108,-0.3,0.2,0.0,0.9
Mike Miller,millemi01,CLE,SF,34,52,701,4.6,0.471,0.86,0.035,0.7,14.0,7.4,9.0,1.0,0.5,16.6,8.9,-0.1,0.5,0.4,0.028,-3.7,0.3,-3.4,-0.2
Mike Muscala,muscami01,ATL,PF,23,40,502,18.0,0.608,0.146,0.166,12.2,14.8,13.5,8.0,1.6,3.2,11.5,16.7,1.2,0.7,1.9,0.179,0.3,-0.2,0.1,0.3
Mike Scott,scottmi01,ATL,PF,26,68,1123,15.1,0.543,0.424,0.17,4.7,15.2,10.1,10.9,1.1,0.2,7.4,21.4,1.6,1.1,2.7,0.115,0.6,-1.1,-0.5,0.4
Miles Plumlee,plumlmi01,"PHO,MIL",C,26,73,1194,13.4,0.536,0.0,0.181,10.3,19.3,14.8,4.2,1.7,4.3,15.7,12.0,0.9,1.7,2.6,0.103,-1.5,1.0,-0.6,0.4
Miroslav Raduljica,radulmi01,MIN,C,27,5,23,3.3,0.45,0.0,0.25,9.7,15.4,12.4,0.0,2.2,0.0,18.4,20.9,0.0,0.0,0.0,-0.057,-11.8,-3.2,-15.0,-0.1
Mirza Teletović,teletmi01,BRK,PF,29,40,892,10.7,0.5,0.605,0.144,3.4,20.9,12.2,8.1,0.8,1.4,13.5,20.1,-0.3,0.8,0.5,0.026,-1.0,-0.6,-1.7,0.1
Mitch McGary,mcgarmi01,OKC,PF,22,32,485,16.6,0.55,0.012,0.242,11.9,24.4,18.2,4.6,1.7,2.6,14.5,19.0,0.6,0.7,1.3,0.127,-1.4,-0.5,-1.9,0.0
Mo Williams,willima01,"MIN,CHO",PG,32,68,1980,15.4,0.512,0.405,0.217,1.2,8.9,4.9,37.4,1.2,0.6,15.4,25.2,1.6,0.6,2.1,0.052,1.5,-2.3,-0.8,0.6
Monta Ellis,ellismo01,DAL,SG,29,80,2699,16.5,0.509,0.21,0.224,1.4,6.4,3.9,20.5,2.8,0.8,11.7,27.9,1.4,2.2,3.6,0.065,0.0,-0.1,-0.1,1.3
Nate Robinson,robinna01,"DEN,LAC",PG,30,42,591,10.6,0.432,0.439,0.18,3.1,6.2,4.6,25.7,1.7,0.4,9.8,22.5,0.0,0.2,0.3,0.021,-1.8,-1.2,-3.0,-0.1
Nate Wolters,woltena01,"MIL,NOP",PG,23,21,247,4.6,0.352,0.123,0.105,3.7,11.9,7.8,12.2,1.7,0.6,17.9,13.3,-0.4,0.2,-0.2,-0.036,-6.0,0.2,-5.8,-0.2
Nazr Mohammed,mohamna01,CHI,C,37,23,128,8.7,0.431,0.0,0.1,9.6,22.3,16.1,3.6,1.6,2.8,18.3,13.4,-0.1,0.2,0.1,0.04,-4.9,0.4,-4.5,-0.1
Nenê,hilarne01,WAS,PF,32,67,1693,14.3,0.534,0.008,0.336,5.7,17.0,11.5,12.0,2.0,1.0,15.2,21.8,0.5,2.5,3.0,0.086,-1.7,0.9,-0.8,0.5
Nerlens Noel,noelne01,PHI,C,20,75,2311,15.0,0.493,0.0,0.352,8.3,21.0,14.3,9.8,2.9,5.0,16.2,17.0,-0.2,4.2,4.0,0.083,-2.6,2.3,-0.3,1.0
Nick Calathes,calatni01,MEM,SG,25,58,838,12.3,0.455,0.174,0.182,2.6,11.8,7.2,26.6,3.9,0.5,18.6,17.9,-0.4,1.5,1.1,0.065,-3.1,3.2,0.0,0.4
Nick Collison,collini01,OKC,PF,34,66,1101,11.2,0.485,0.237,0.257,8.9,15.3,12.2,11.6,1.6,1.8,13.8,12.8,1.0,1.2,2.2,0.097,-1.9,0.9,-1.0,0.3
Nick Johnson,johnsni01,HOU,SG,22,28,262,4.8,0.43,0.28,0.333,5.5,10.9,8.2,6.3,1.3,0.9,18.1,17.4,-0.4,0.2,-0.1,-0.02,-5.6,-0.9,-6.5,-0.3
Nick Young,youngni01,LAL,SG,29,42,1000,14.2,0.52,0.473,0.311,1.8,9.1,5.3,6.9,1.2,0.9,7.5,26.0,1.1,0.1,1.2,0.058,0.8,-2.1,-1.3,0.2
Nicolas Batum,batumni01,POR,SF,26,71,2380,13.1,0.516,0.515,0.163,2.8,15.6,9.4,20.5,1.7,1.2,17.0,14.6,2.0,3.2,5.2,0.105,0.3,1.8,2.1,2.4
Nik Stauskas,stausni01,SAC,SG,21,73,1127,7.5,0.492,0.503,0.216,1.1,7.5,4.4,9.0,0.9,1.2,11.0,14.2,0.3,0.2,0.5,0.021,-2.4,-1.0,-3.3,-0.4
Nikola Mirotić,mirotni01,CHI,PF,23,82,1654,17.9,0.556,0.502,0.455,4.3,21.8,13.3,9.7,1.7,2.4,10.6,22.8,3.0,2.7,5.7,0.165,1.4,1.0,2.3,1.8
Nikola Peković,pekovni01,MIN,C,29,31,815,16.6,0.502,0.0,0.393,12.1,21.0,16.4,5.7,1.2,1.2,9.8,23.1,0.9,0.2,1.2,0.069,0.3,-2.3,-2.0,0.0
Nikola Vučević,vucevni01,ORL,C,24,74,2529,21.5,0.548,0.005,0.181,10.4,26.0,18.1,11.0,1.1,1.7,10.2,26.0,4.5,2.5,7.0,0.133,2.0,-1.2,0.9,1.8
Noah Vonleh,vonleno01,CHO,PF,19,25,259,13.2,0.475,0.171,0.342,11.6,25.3,18.3,2.5,0.8,2.7,11.2,17.3,0.1,0.4,0.5,0.085,-2.1,-0.9,-3.1,-0.1
Norris Cole,coleno01,"MIA,NOP",PG,26,75,1831,10.9,0.483,0.315,0.145,0.9,9.3,5.1,22.2,1.6,0.7,14.3,17.5,0.4,1.0,1.4,0.036,-2.1,-0.7,-2.8,-0.4
O.J. Mayo,mayooj01,MIL,SG,27,71,1697,13.5,0.529,0.395,0.198,2.0,10.5,6.3,19.4,1.7,0.9,14.4,23.6,0.9,1.9,2.8,0.079,-0.2,-0.4,-0.6,0.6
Ognjen Kuzmić,kuzmiog01,GSW,C,24,16,72,12.9,0.727,0.0,0.333,10.8,14.5,12.7,11.1,1.4,1.0,26.7,11.3,0.2,0.1,0.3,0.171,-2.3,0.8,-1.4,0.0
Omri Casspi,casspom01,SAC,SF,26,67,1416,14.4,0.58,0.204,0.447,4.5,15.9,10.4,11.8,1.1,0.5,14.7,18.7,2.0,0.6,2.7,0.091,0.3,-1.1,-0.8,0.4
Otto Porter Jr.,porteot01,WAS,SF,21,74,1432,11.6,0.523,0.266,0.202,5.6,11.6,8.7,6.8,1.6,1.7,10.9,15.1,1.0,1.8,2.7,0.092,-1.1,0.6,-0.5,0.6
P.J. Hairston,hairspj02,CHO,SG,22,45,687,8.9,0.446,0.606,0.134,3.4,11.5,7.4,5.1,1.6,1.5,7.2,20.4,-0.5,0.8,0.3,0.022,-2.6,-0.2,-2.9,-0.1
P.J. Tucker,tuckepj01,PHO,SF,29,78,2383,12.5,0.541,0.423,0.24,5.2,18.0,11.5,7.4,2.2,0.7,12.7,13.9,2.2,2.7,4.9,0.098,-0.7,1.0,0.4,1.4
Pablo Prigioni,prigipa01,"NYK,HOU",PG,37,67,1197,12.2,0.557,0.728,0.18,2.8,8.6,5.7,21.5,3.4,0.1,20.1,11.6,1.3,1.0,2.3,0.092,-1.4,1.3,0.0,0.6
Patrick Beverley,beverpa01,HOU,PG,26,56,1727,11.3,0.509,0.607,0.113,4.3,10.8,7.6,17.2,1.7,1.0,12.9,16.1,1.7,1.8,3.5,0.096,-0.4,0.5,0.1,0.9
Patrick Christopher,chrispa01,UTA,SG,26,4,29,-2.6,0.25,0.333,0.0,8.0,15.9,12.0,0.0,1.8,0.0,7.7,20.6,-0.1,0.0,-0.1,-0.15,-13.0,-2.0,-15.0,-0.1
Patrick Patterson,pattepa01,TOR,PF,25,81,2156,14.6,0.568,0.529,0.15,6.8,16.3,11.6,10.7,1.4,1.6,8.7,13.1,4.4,1.7,6.1,0.137,2.3,0.2,2.5,2.4
Patty Mills,millspa02,SAS,PG,26,51,801,13.0,0.496,0.542,0.119,3.0,7.5,5.3,16.9,1.8,0.2,9.0,22.1,0.6,0.9,1.4,0.087,0.0,-0.2,-0.3,0.4
Pau Gasol,gasolpa01,CHI,PF,34,78,2681,22.7,0.55,0.023,0.317,9.2,27.6,18.6,14.4,0.5,4.0,10.7,24.7,6.0,4.4,10.4,0.187,2.9,0.6,3.5,3.7
Paul George,georgpa01,IND,SF,24,6,91,13.0,0.492,0.449,0.224,4.9,21.7,13.4,11.8,2.8,0.9,18.2,32.8,-0.2,0.2,0.0,-0.008,-2.3,0.1,-2.2,0.0
Paul Millsap,millspa01,ATL,PF,29,73,2390,20.0,0.565,0.232,0.362,6.9,20.0,13.6,15.4,2.8,2.4,13.3,23.8,4.0,4.3,8.3,0.166,1.7,1.7,3.4,3.3
Paul Pierce*,piercpa01,WAS,SF,37,73,1914,15.2,0.58,0.462,0.32,2.7,14.3,8.7,11.9,1.2,1.0,10.9,19.9,3.2,2.3,5.5,0.138,1.2,0.3,1.5,1.7
Pero Antić,anticpe01,ATL,C,32,63,1037,9.5,0.508,0.584,0.416,6.6,14.0,10.4,6.9,0.9,1.1,12.3,17.6,0.5,1.0,1.5,0.07,-3.0,-1.2,-4.1,-0.6
Perry Jones,jonespe01,OKC,SF,23,43,631,6.9,0.459,0.326,0.201,1.0,11.7,6.5,4.2,1.4,1.0,10.7,15.3,-0.3,0.5,0.2,0.015,-4.0,-0.4,-4.4,-0.4
Phil Pressey,pressph01,BOS,PG,23,50,600,11.8,0.453,0.374,0.282,2.3,12.4,7.3,28.0,2.5,0.8,17.3,17.3,0.0,0.7,0.8,0.06,-2.2,1.0,-1.2,0.1
Quincy Acy,acyqu01,NYK,PF,24,68,1287,11.9,0.533,0.181,0.293,6.9,20.5,13.5,8.7,1.1,1.4,13.8,15.5,1.0,0.7,1.7,0.063,-2.1,-1.0,-3.1,-0.3
Quincy Miller,millequ01,"SAC,DET",PF,22,10,119,7.4,0.338,0.474,0.289,3.7,14.9,9.4,9.8,3.0,3.3,10.5,17.8,-0.2,0.2,-0.1,-0.03,-4.4,0.6,-3.8,-0.1
Quincy Pondexter,pondequ01,"MEM,NOP",SF,26,75,1793,9.9,0.55,0.546,0.215,3.4,9.0,6.2,7.7,0.6,1.0,9.4,13.8,2.1,0.8,2.9,0.078,-1.1,-1.0,-2.1,0.0
Rajon Rondo,rondora01,"BOS,DAL",PG,28,68,2018,13.5,0.448,0.133,0.121,3.9,16.4,10.1,39.3,2.3,0.3,23.6,19.5,-0.7,2.3,1.6,0.037,-1.1,0.3,-0.8,0.6
Ramon Sessions,sessira01,"SAC,WAS",PG,28,64,1188,11.1,0.49,0.18,0.518,2.3,11.2,6.9,23.0,1.2,0.0,17.3,18.7,0.4,0.7,1.1,0.044,-1.8,-0.9,-2.7,-0.2
Randy Foye,foyera01,DEN,SG,31,50,1087,11.0,0.51,0.654,0.137,0.9,7.8,4.2,17.0,1.6,0.8,12.3,19.3,0.6,0.4,1.0,0.045,-0.3,-0.9,-1.2,0.2
Rasual Butler,butlera01,WAS,SF,35,75,1505,11.4,0.531,0.455,0.13,2.1,12.4,7.4,6.5,1.0,1.2,8.1,17.9,1.0,1.6,2.6,0.084,-0.5,-0.3,-0.8,0.4
Ray McCallum,mccalra01,SAC,PG,23,68,1436,12.5,0.496,0.236,0.179,4.3,9.8,7.1,21.3,1.6,0.6,14.4,18.2,0.8,0.5,1.4,0.045,-0.9,-1.1,-2.0,0.0
Raymond Felton,feltora01,DAL,PG,30,29,281,12.4,0.48,0.321,0.142,0.8,9.4,5.1,21.9,2.0,1.2,13.8,20.7,0.0,0.2,0.2,0.039,-1.3,-0.2,-1.4,0.0
Reggie Bullock,bullore01,"LAC,PHO",SF,23,36,338,6.2,0.466,0.657,0.129,0.3,16.0,8.3,3.2,1.5,0.9,9.8,10.9,-0.2,0.3,0.1,0.019,-3.2,0.0,-3.2,-0.1
Reggie Evans,evansre01,SAC,PF,34,47,764,11.7,0.49,0.015,0.708,14.9,29.0,22.2,6.1,1.4,0.5,20.0,13.0,0.4,0.8,1.2,0.074,-1.6,-0.8,-2.4,-0.1
Reggie Jackson,jacksre01,"OKC,DET",PG,24,77,2268,17.2,0.511,0.242,0.219,2.6,12.9,7.8,34.8,1.4,0.3,14.6,24.6,3.3,1.7,4.9,0.104,1.8,-0.6,1.1,1.8
Reggie Williams,willire02,SAS,SF,28,20,105,10.5,0.454,0.487,0.103,5.5,12.7,9.2,14.4,0.5,0.0,4.7,18.5,0.1,0.1,0.2,0.083,-2.0,-0.9,-3.0,0.0
Richard Jefferson,jefferi01,DAL,SF,34,74,1244,11.3,0.577,0.478,0.352,2.2,14.0,8.1,7.0,1.3,0.7,12.2,15.3,1.4,0.9,2.3,0.088,-0.8,0.0,-0.8,0.4
Ricky Ledo,ledori01,"DAL,NYK",SG,22,17,244,6.3,0.426,0.281,0.229,7.4,9.7,8.5,13.0,1.3,0.3,19.7,24.8,-0.6,0.0,-0.6,-0.112,-4.3,-3.8,-8.1,-0.4
Ricky Rubio,rubiori01,MIN,PG,24,22,692,15.2,0.452,0.233,0.324,3.0,18.1,10.3,43.5,2.8,0.1,20.4,20.0,0.1,0.4,0.5,0.033,-0.3,0.2,-0.1,0.3
Robbie Hummel,hummero01,MIN,SF,25,45,742,9.7,0.536,0.297,0.169,4.6,16.4,10.3,5.6,1.1,1.0,8.9,12.1,0.7,0.1,0.8,0.05,-2.7,-1.4,-4.1,-0.4
Robert Covington,covinro01,PHI,SF,24,70,1956,14.7,0.554,0.59,0.287,3.4,14.6,8.8,9.8,2.5,1.3,13.1,21.8,1.6,2.3,4.0,0.097,0.3,0.4,0.7,1.3
Robert Sacre,sacrero01,LAL,C,25,67,1133,10.9,0.449,0.003,0.268,8.4,14.6,11.4,7.4,1.3,3.1,9.5,14.8,0.3,0.6,0.8,0.035,-2.9,-0.6,-3.5,-0.4
Robin Lopez,lopezro01,POR,C,26,59,1638,16.2,0.574,0.002,0.291,12.7,13.1,12.9,5.1,0.5,3.7,12.9,15.5,3.2,1.9,5.1,0.15,0.1,0.1,0.1,0.9
Rodney Hood,hoodro01,UTA,SG,22,50,1064,12.3,0.529,0.455,0.214,1.0,11.7,6.4,13.2,1.5,0.9,9.9,19.6,1.3,0.9,2.2,0.098,-1.0,0.3,-0.7,0.3
Rodney Stuckey,stuckro01,IND,PG,28,71,1874,15.4,0.528,0.187,0.286,2.1,12.4,7.3,20.2,1.5,0.4,12.2,23.4,1.9,2.2,4.0,0.103,0.1,0.2,0.3,1.1
Ronnie Price,pricero01,LAL,PG,31,43,982,10.2,0.455,0.489,0.202,2.1,5.8,3.9,24.4,3.5,0.3,17.6,13.4,0.2,0.6,0.7,0.036,-3.5,0.9,-2.6,-0.1
Ronny Turiaf,turiaro01,MIN,C,32,2,19,4.3,,,,0.0,6.2,3.0,14.0,0.0,0.0,,0.0,0.0,0.0,0.0,0.009,-1.3,-1.8,-3.2,0.0
Roy Hibbert,hibbero01,IND,C,28,76,1926,15.4,0.501,0.003,0.287,9.0,21.9,15.5,7.4,0.5,5.1,11.8,21.3,1.0,3.2,4.2,0.105,-1.8,0.6,-1.2,0.4
Rudy Gay,gayru01,SAC,SF,28,68,2408,19.7,0.556,0.197,0.352,4.8,13.7,9.4,19.0,1.5,1.3,12.4,27.0,4.8,1.3,6.1,0.122,3.4,-0.7,2.7,2.9
Rudy Gobert,goberru01,UTA,C,22,82,2158,21.6,0.627,0.005,0.639,14.3,27.2,20.7,8.2,1.6,7.0,16.9,14.0,5.0,4.3,9.3,0.206,1.7,2.5,4.2,3.4
Russ Smith,smithru01,"NOP,MEM",PG,23,12,65,5.2,0.488,0.44,0.52,1.8,8.7,5.3,19.4,2.4,0.0,28.1,30.1,-0.2,0.1,-0.1,-0.094,-7.6,-1.2,-8.8,-0.1
Russell Westbrook,westbru01,OKC,PG,26,67,2302,29.1,0.536,0.196,0.445,5.9,16.7,11.4,47.0,3.0,0.5,14.3,38.4,7.5,3.2,10.6,0.222,6.9,1.2,8.1,5.8
Ryan Anderson,anderry01,NOP,PF,26,61,1675,15.6,0.524,0.492,0.207,7.3,12.7,10.0,5.4,1.0,0.9,7.2,23.4,2.6,0.9,3.5,0.1,1.8,-2.1,-0.3,0.7
Ryan Hollins,holliry01,SAC,C,30,46,441,13.1,0.648,0.0,0.659,9.6,16.6,13.2,5.0,0.7,3.4,19.1,13.1,0.7,0.3,1.0,0.104,-2.1,-0.1,-2.3,0.0
Ryan Kelly,kellyry01,LAL,PF,23,52,1233,8.6,0.473,0.434,0.307,1.1,12.4,6.5,10.9,1.2,1.6,9.5,14.0,0.4,0.3,0.7,0.027,-3.0,-0.3,-3.3,-0.4
Samuel Dalembert,dalemsa01,NYK,C,33,32,544,11.8,0.461,0.0,0.154,10.9,25.1,17.8,8.6,1.4,6.3,21.9,15.0,-0.4,0.7,0.3,0.023,-3.8,0.7,-3.1,-0.1
Sean Kilpatrick,kilpase01,MIN,SG,25,4,72,10.0,0.506,0.65,0.2,1.5,8.2,4.8,8.5,2.1,0.0,8.4,14.6,0.1,0.0,0.1,0.033,-1.4,-0.9,-2.2,0.0
Sebastian Telfair,telfase01,OKC,PG,29,16,327,11.4,0.479,0.48,0.272,0.7,9.0,4.9,20.8,1.5,0.0,11.4,20.8,0.2,0.2,0.4,0.063,-1.0,-0.4,-1.4,0.1
Serge Ibaka,ibakase01,OKC,PF,25,64,2116,16.6,0.549,0.261,0.14,7.0,18.1,12.6,4.2,0.7,5.8,10.4,18.9,2.9,2.7,5.6,0.127,0.5,0.4,0.9,1.6
Sergey Karasev,karasse01,BRK,SG,21,33,555,10.5,0.508,0.403,0.284,4.5,8.9,6.7,12.3,2.1,0.1,13.7,14.4,0.3,0.4,0.7,0.061,-2.1,0.5,-1.7,0.0
Seth Curry,curryse01,PHO,PG,24,2,8,-11.4,0.0,0.333,0.0,0.0,27.7,13.7,15.6,0.0,0.0,0.0,16.5,-0.1,0.0,0.0,-0.298,-20.1,-3.0,-23.1,0.0
Shabazz Muhammad,muhamsh01,MIN,SG,22,38,866,19.9,0.556,0.128,0.365,8.1,12.4,10.2,9.6,1.1,0.6,7.1,25.3,2.1,-0.1,2.0,0.11,3.5,-2.7,0.7,0.6
Shabazz Napier,napiesh01,MIA,PG,23,51,1012,9.3,0.517,0.518,0.246,2.1,11.2,6.7,19.9,2.1,0.3,24.3,15.5,-0.3,0.8,0.5,0.024,-2.7,-0.5,-3.2,-0.3
Shane Larkin,larkish01,NYK,PG,22,76,1865,10.9,0.504,0.269,0.181,1.7,9.4,5.4,19.4,2.6,0.4,15.1,13.6,0.8,0.9,1.7,0.045,-3.0,0.2,-2.8,-0.4
Shannon Brown,brownsh01,MIA,SG,29,5,89,4.4,0.482,0.368,0.211,0.0,1.3,0.7,5.2,2.4,0.0,16.2,13.1,-0.1,0.0,0.0,-0.016,-5.5,-1.3,-6.8,-0.1
Shaun Livingston,livinsh01,GSW,PG,29,78,1468,12.9,0.529,0.005,0.23,3.3,10.0,6.7,24.2,1.6,1.0,19.0,15.9,1.5,1.8,3.3,0.107,-1.4,0.6,-0.8,0.4
Shavlik Randolph,randosh01,"PHO,BOS",PF,31,21,126,7.2,0.298,0.143,0.343,13.8,19.3,16.5,4.4,2.0,1.8,6.9,15.1,-0.2,0.2,0.0,-0.004,-4.6,-1.1,-5.7,-0.1
Shawn Marion,mariosh01,CLE,SF,36,57,1101,11.0,0.489,0.172,0.127,6.8,14.2,10.5,6.9,1.3,1.9,10.5,12.9,0.8,0.9,1.7,0.074,-0.9,-0.1,-1.0,0.3
Shawne Williams,willish03,"MIA,DET",SF,28,63,1087,10.5,0.537,0.593,0.133,3.9,14.0,9.0,6.5,1.2,1.6,8.6,14.9,1.1,0.8,1.9,0.084,-1.4,-0.6,-2.0,0.0
Shayne Whittington,whittsh01,IND,PF,23,20,108,20.0,0.547,0.143,0.548,10.3,19.3,14.8,9.6,2.4,1.5,8.8,23.9,0.3,0.2,0.4,0.2,-0.3,0.7,0.4,0.1
Shelvin Mack,macksh01,ATL,PG,24,55,833,13.2,0.489,0.435,0.106,1.1,9.5,5.4,28.6,1.8,0.2,13.8,19.5,0.5,0.8,1.3,0.075,-0.7,-1.0,-1.7,0.1
Sim Bhullar,bhullsi01,SAC,C,22,3,3,44.3,0.5,0.0,0.0,0.0,36.5,18.9,78.5,0.0,26.3,0.0,29.4,0.0,0.0,0.0,0.389,14.9,17.5,32.5,0.0
Solomon Hill,hillso01,IND,SF,23,82,2381,10.2,0.507,0.328,0.304,3.3,11.2,7.3,11.9,1.4,0.6,13.8,15.9,0.9,2.6,3.5,0.072,-2.0,0.5,-1.5,0.3
Spencer Dinwiddie,dinwisp01,DET,PG,21,34,455,10.2,0.394,0.385,0.201,0.9,10.9,5.7,34.9,2.2,1.0,15.2,21.1,-0.3,0.4,0.1,0.009,-3.0,0.2,-2.8,-0.1
Spencer Hawes,hawessp01,LAC,PF,26,73,1274,9.8,0.478,0.424,0.164,2.7,19.7,11.4,10.0,1.0,3.4,12.1,17.9,-0.3,1.5,1.2,0.044,-3.0,0.7,-2.3,-0.1
Stephen Curry,curryst01,GSW,PG,26,80,2613,28.0,0.638,0.482,0.251,2.4,11.4,7.0,38.6,3.0,0.5,14.3,28.9,11.5,4.1,15.7,0.288,8.2,1.7,9.9,7.9
Steve Blake,blakest01,POR,PG,34,81,1529,9.5,0.507,0.67,0.125,1.1,8.3,4.8,26.2,1.4,0.2,23.2,13.2,0.7,1.4,2.1,0.066,-1.8,0.0,-1.8,0.1
Steve Novak,novakst01,"UTA,OKC",SF,31,35,197,8.6,0.554,0.857,0.036,1.1,11.4,6.3,8.6,0.0,0.8,8.1,14.1,0.2,0.1,0.3,0.075,-0.1,-1.8,-1.9,0.0
Steven Adams,adamsst01,OKC,C,21,70,1771,14.1,0.549,0.005,0.514,12.2,19.3,15.8,5.5,1.1,3.8,16.8,14.3,1.9,2.2,4.1,0.111,-1.5,0.2,-1.3,0.3
T.J. Warren,warretj01,PHO,SF,21,40,614,14.0,0.551,0.098,0.089,7.3,7.9,7.6,6.6,1.5,1.1,10.8,17.8,0.7,0.4,1.1,0.085,-0.6,-0.4,-0.9,0.2
Taj Gibson,gibsota01,CHI,PF,29,62,1692,16.1,0.545,0.0,0.364,10.7,14.6,12.7,6.9,1.1,3.2,11.6,17.6,2.7,2.1,4.8,0.137,-0.5,0.1,-0.4,0.7
Tarik Black,blackta01,"HOU,LAL",C,23,63,1196,14.7,0.583,0.004,0.432,12.8,21.4,17.0,5.6,0.8,1.6,12.9,13.8,2.2,0.9,3.1,0.124,-1.0,-1.1,-2.1,0.0
Tayshaun Prince,princta01,"MEM,BOS,DET",SF,34,58,1397,12.0,0.504,0.167,0.162,4.1,12.8,8.3,10.3,1.1,0.9,7.5,15.0,1.3,1.2,2.5,0.086,-0.4,-0.2,-0.6,0.5
Terrence Jones,joneste01,HOU,PF,23,33,889,18.3,0.567,0.124,0.314,9.7,17.6,13.7,6.9,1.0,5.2,9.8,18.4,1.7,1.3,3.0,0.16,0.7,0.5,1.2,0.7
Terrence Ross,rosste01,TOR,SF,23,82,2092,11.2,0.519,0.518,0.074,1.8,10.7,6.2,6.5,1.3,1.0,8.1,18.3,1.3,1.0,2.4,0.054,-0.1,-1.3,-1.4,0.3
Thabo Sefolosha,sefolth01,ATL,SF,30,52,976,13.8,0.506,0.313,0.233,6.4,19.3,13.1,11.2,2.8,1.8,12.2,14.6,0.8,1.7,2.5,0.121,-0.8,1.8,1.0,0.8
Thaddeus Young,youngth01,"MIN,BRK",PF,26,76,2434,15.7,0.507,0.119,0.207,5.8,13.5,9.6,12.4,2.6,0.8,10.0,21.5,1.6,1.4,3.1,0.061,0.0,-0.2,-0.1,1.1
Thomas Robinson,robinth01,"POR,PHI",PF,23,54,798,15.3,0.502,0.008,0.408,12.6,28.6,20.5,7.6,2.0,1.9,16.1,20.2,0.0,1.4,1.5,0.089,-2.3,0.3,-2.0,0.0
Tiago Splitter,splitti01,SAS,C,30,52,1030,18.9,0.601,0.0,0.396,10.2,17.4,13.9,11.8,1.7,2.7,14.4,18.4,2.3,1.7,4.0,0.189,0.8,1.5,2.3,1.1
Tim Duncan*,duncati01,SAS,C,38,77,2227,22.6,0.56,0.009,0.38,8.8,26.7,17.9,16.8,1.4,5.1,12.1,22.2,4.9,4.7,9.6,0.207,2.3,2.8,5.1,4.0
Tim Frazier,fraziti01,"PHI,POR",PG,24,11,239,8.1,0.406,0.279,0.344,2.6,10.2,6.3,39.4,1.7,0.0,26.2,17.5,-0.3,0.2,-0.1,-0.017,-4.5,-0.7,-5.2,-0.2
Tim Hardaway Jr.,hardati02,NYK,SG,22,70,1681,12.1,0.512,0.494,0.218,0.8,10.2,5.4,13.5,0.6,0.7,9.5,23.8,0.8,0.0,0.8,0.023,0.2,-3.0,-2.8,-0.3
Timofey Mozgov,mozgoti01,"DEN,CLE",C,28,81,2045,16.6,0.594,0.011,0.382,11.0,21.4,16.1,4.3,0.8,3.7,14.9,16.9,3.5,2.2,5.7,0.133,-0.6,-0.1,-0.7,0.7
Tobias Harris,harrito02,ORL,SF,22,68,2369,16.7,0.551,0.252,0.258,3.4,17.3,10.3,8.8,1.5,1.2,9.8,22.5,3.0,1.8,4.8,0.098,1.1,-0.6,0.5,1.5
Toney Douglas,douglto01,NOP,SG,28,12,177,11.2,0.45,0.353,0.255,1.3,12.8,7.1,20.0,3.3,1.7,15.0,17.2,0.0,0.2,0.2,0.046,-3.5,1.7,-1.7,0.0
Tony Allen,allento01,MEM,SG,33,63,1648,14.6,0.528,0.064,0.277,7.2,12.2,9.7,8.1,4.1,1.5,14.4,16.6,0.9,3.2,4.1,0.119,-1.5,3.1,1.6,1.5
Tony Parker,parketo01,SAS,PG,32,68,1953,15.9,0.539,0.107,0.2,0.9,6.5,3.7,28.7,1.2,0.1,13.9,24.5,2.4,1.7,4.1,0.1,0.1,-1.4,-1.3,0.3
Tony Snell,snellto01,CHI,SF,23,72,1412,10.2,0.55,0.531,0.148,2.5,10.9,6.8,6.8,1.2,0.6,10.8,14.1,1.2,1.2,2.4,0.082,-1.3,-0.1,-1.4,0.2
Tony Wroten,wroteto01,PHI,PG,21,30,895,14.9,0.494,0.327,0.415,2.5,8.1,5.2,34.9,2.7,0.7,18.0,30.5,-0.6,0.9,0.3,0.014,0.0,-1.2,-1.2,0.2
Toure' Murry,murryto01,"UTA,WAS",SG,25,5,18,1.1,0.51,0.0,0.4,6.4,0.0,3.1,8.3,2.8,0.0,40.5,24.9,-0.1,0.0,-0.1,-0.171,-9.6,-2.3,-11.9,0.0
Travis Wear,weartr01,NYK,SF,24,51,672,8.5,0.451,0.144,0.124,5.2,13.3,9.1,9.9,1.2,1.4,13.7,17.5,-0.5,0.2,-0.3,-0.02,-3.4,-2.1,-5.5,-0.6
Trevor Ariza,arizatr01,HOU,SF,29,82,2930,12.7,0.539,0.61,0.157,2.9,14.4,8.6,11.1,2.6,0.5,12.7,16.5,2.7,3.9,6.6,0.108,-0.1,1.1,1.0,2.2
Trevor Booker,booketr01,UTA,PF,27,79,1564,15.3,0.536,0.181,0.319,10.3,19.0,14.7,9.0,1.5,2.1,14.3,18.1,1.7,1.9,3.6,0.11,-0.3,0.1,-0.2,0.7
Trey Burke,burketr01,UTA,PG,22,76,2288,12.6,0.455,0.388,0.144,1.6,8.7,5.2,25.0,1.5,0.5,10.4,23.9,0.8,1.6,2.4,0.05,-0.1,-1.3,-1.4,0.3
Tristan Thompson,thomptr01,CLE,PF,23,82,2194,15.6,0.58,0.0,0.508,14.5,19.7,17.2,2.7,0.8,2.2,12.2,14.0,4.7,2.1,6.8,0.148,0.1,-1.4,-1.2,0.4
Troy Daniels,danietr01,"HOU,MIN,CHO",SG,23,47,397,9.6,0.515,0.715,0.079,2.2,7.2,4.7,9.2,0.8,0.2,10.5,21.3,0.1,0.1,0.2,0.022,-0.8,-2.4,-3.2,-0.1
Ty Lawson,lawsoty01,DEN,PG,27,75,2665,18.5,0.526,0.221,0.392,1.6,8.1,4.7,43.0,1.7,0.3,14.6,20.6,6.0,1.0,7.0,0.126,3.0,-0.9,2.2,2.8
Tyler Ennis,ennisty01,"PHO,MIL",PG,20,33,411,7.3,0.411,0.299,0.049,1.9,7.7,4.8,27.3,2.2,1.0,22.2,20.6,-0.8,0.5,-0.3,-0.04,-4.1,-0.2,-4.3,-0.2
Tyler Hansbrough,hansbty01,TOR,PF,29,74,1058,13.3,0.597,0.042,0.842,11.6,17.3,14.4,2.8,1.5,1.1,8.1,10.5,2.6,0.9,3.4,0.156,-0.7,-0.6,-1.3,0.2
Tyler Johnson,johnsty01,MIA,SG,22,32,603,12.0,0.506,0.287,0.281,2.9,13.1,8.1,11.3,2.9,1.3,13.8,17.0,0.1,0.7,0.8,0.06,-2.0,1.0,-0.9,0.2
Tyler Zeller,zellety01,BOS,C,25,82,1731,18.9,0.594,0.0,0.3,9.1,20.5,14.7,10.8,0.5,2.3,9.8,19.6,4.5,2.0,6.5,0.179,1.0,0.0,0.9,1.3
Tyreke Evans,evansty01,NOP,SG,25,79,2690,17.7,0.508,0.195,0.25,3.5,14.1,8.8,32.7,2.0,1.0,16.0,26.1,2.4,2.2,4.6,0.082,1.4,-0.2,1.2,2.2
Tyrus Thomas,thomaty01,MEM,PF,28,2,7,31.4,1.064,0.0,2.0,0.0,0.0,0.0,22.5,0.0,0.0,0.0,12.3,0.1,0.0,0.1,0.477,11.2,7.3,18.5,0.0
Tyson Chandler,chandty01,DAL,C,32,75,2286,20.1,0.697,0.0,0.584,14.1,27.4,20.7,5.3,0.9,3.2,16.0,12.8,7.2,3.1,10.3,0.216,2.4,0.2,2.6,2.7
Udonis Haslem,hasleud01,MIA,PF,34,62,995,10.6,0.488,0.042,0.268,8.8,22.1,15.6,7.4,1.1,1.1,13.3,14.6,0.4,1.0,1.4,0.066,-3.0,-0.8,-3.7,-0.4
Vander Blue,blueva01,LAL,SG,22,2,74,4.0,0.342,0.333,0.167,2.9,10.9,6.7,16.8,2.1,0.0,15.7,23.0,-0.3,0.0,-0.2,-0.156,-6.5,-3.3,-9.8,-0.1
Victor Claver,clavevi01,POR,SF,26,10,76,9.2,0.6,0.55,0.0,4.3,23.5,14.1,1.9,0.7,0.9,16.7,14.1,0.0,0.1,0.1,0.086,-3.5,0.3,-3.2,0.0
Victor Oladipo,oladivi01,ORL,SG,22,72,2573,15.9,0.527,0.228,0.295,2.2,11.2,6.6,19.3,2.4,0.6,14.3,25.2,1.5,2.0,3.5,0.065,-0.1,-0.3,-0.4,1.1
Vince Carter,cartevi01,MEM,SG,38,66,1091,9.6,0.445,0.571,0.14,2.8,11.1,7.0,11.1,2.1,1.1,9.1,19.9,-0.5,1.4,1.0,0.043,-2.1,0.4,-1.7,0.1
Wayne Ellington,ellinwa01,LAL,SG,27,65,1675,11.6,0.504,0.394,0.104,2.0,12.3,6.9,10.2,1.0,0.1,7.2,18.5,1.1,0.1,1.2,0.034,-0.5,-1.8,-2.3,-0.1
Wesley Johnson,johnswe01,LAL,SF,27,76,2245,11.1,0.509,0.375,0.162,3.2,12.9,7.8,8.6,1.3,1.6,10.5,16.4,1.0,0.7,1.7,0.037,-1.1,-0.8,-1.9,0.1
Wesley Matthews,matthwe02,POR,SG,28,60,2024,16.1,0.586,0.592,0.193,2.1,9.5,5.9,10.8,1.9,0.4,9.0,19.8,4.0,2.2,6.2,0.147,2.0,1.1,3.1,2.6
Will Barton,bartowi01,"POR,DEN",SG,24,58,983,13.6,0.503,0.241,0.266,2.8,15.3,8.9,13.0,2.5,1.5,13.4,20.2,0.2,1.1,1.3,0.063,-1.2,1.1,-0.2,0.4
Will Bynum,bynumwi01,WAS,SG,32,7,67,4.8,0.336,0.29,0.129,3.4,6.6,5.0,42.2,0.8,1.2,19.6,27.6,-0.2,0.1,-0.2,-0.132,-8.2,-4.8,-13.0,-0.2
Will Cherry,cherrwi01,CLE,PG,23,8,69,5.8,0.347,0.474,0.316,1.7,6.6,4.2,16.4,4.5,1.1,15.6,16.8,-0.1,0.1,0.0,-0.021,-7.5,1.5,-6.0,-0.1
Willie Green,greenwi01,ORL,SG,33,52,951,7.9,0.477,0.395,0.111,1.6,7.9,4.7,10.9,1.4,0.4,13.0,17.6,-0.4,0.4,-0.1,-0.003,-3.2,-1.0,-4.2,-0.5
Wilson Chandler,chandwi01,DEN,SF,27,78,2471,13.2,0.523,0.416,0.146,4.1,17.2,10.4,8.9,1.2,0.9,9.6,20.1,2.1,1.5,3.6,0.071,0.2,-0.7,-0.6,0.9
Xavier Henry,henryxa01,LAL,SF,23,9,86,4.9,0.424,0.0,1.846,2.5,2.7,2.6,4.8,1.8,0.0,11.3,13.7,-0.1,0.0,-0.1,-0.03,-4.9,-2.3,-7.2,-0.1
Zach LaVine,lavinza01,MIN,PG,19,77,1902,11.3,0.515,0.247,0.261,1.6,11.6,6.4,24.0,1.4,0.4,20.4,22.0,-0.7,0.0,-0.7,-0.018,-2.2,-2.5,-4.6,-1.3
Zach Randolph,randoza01,MEM,PF,33,71,2304,19.5,0.538,0.021,0.32,11.2,25.8,18.5,11.4,1.6,0.5,12.8,24.3,3.4,3.8,7.2,0.149,1.4,-0.1,1.3,1.9
Zaza Pachulia,pachuza01,MIL,C,30,73,1730,15.6,0.506,0.006,0.302,13.1,19.9,16.5,16.2,2.4,1.0,18.2,19.1,1.3,2.9,4.2,0.116,-0.4,0.8,0.4,1.0
Zoran Dragić,dragizo01,"PHO,MIA",SG,25,16,75,8.2,0.435,0.467,0.167,7.8,4.6,6.2,11.2,1.4,0.0,13.4,22.9,-0.1,0.0,-0.1,-0.042,-4.1,-3.6,-7.7,-0.1
Ömer Aşık,asikom01,NOP,C,28,76,1982,15.5,0.545,0.0,0.546,14.0,28.8,21.4,5.4,0.8,2.1,15.7,14.0,2.8,2.2,5.0,0.12,-0.4,-0.9,-1.2,0.4
