Player,PlayerID,Tms,Pos,Age,G,MP,PER,TS%,3PAr,FTr,ORB%,DRB%,TRB%,AST%,STL%,BLK%,TOV%,USG%,OWS,DWS,WS,WS/48,OBPM,DBPM,BPM,VORP
A.C. Green,greenac01,PHO,SF,32,82,2113,12.9,0.558,0.117,0.534,9.2,20.9,15.2,4.9,1.1,0.8,12.6,13.2,2.7,1.7,4.4,0.1,-0.4,-0.9,-1.3,0.4
Aaron McKie,mckieaa01,POR,SG,23,81,2259,13.4,0.534,0.162,0.276,4.4,10.9,7.7,14.6,2.1,0.7,14.3,18.3,2.1,3.2,5.3,0.113,-1.3,1.7,0.4,1.4
Acie Earl,earlac01,TOR,C,25,42,655,14.1,0.484,0.011,0.413,9.2,14.3,11.7,6.9,1.4,4.3,13.1,25.2,-0.1,0.4,0.3,0.02,-3.1,-2.0,-5.1,-0.5
Adam Keefe,keefead01,UTA,PF,25,82,1708,13.8,0.574,0.012,0.581,13.0,19.5,16.3,5.5,1.6,2.0,16.8,14.0,2.3,2.3,4.6,0.13,-0.5,0.0,-0.6,0.6
Adrian Caldwell,caldwad01,IND,PF,29,51,327,10.4,0.556,0.0,0.434,16.6,25.2,21.0,3.0,1.5,1.2,26.2,18.8,-0.2,0.5,0.3,0.044,-5.1,-0.7,-5.8,-0.3
Alan Henderson,hendeal01,ATL,PF,23,79,1416,12.9,0.482,0.007,0.461,13.2,16.7,14.9,5.8,1.7,2.4,14.3,19.3,0.5,1.6,2.0,0.069,-3.2,-0.9,-4.1,-0.8
Allan Houston,houstal01,DET,SG,24,82,3072,15.7,0.576,0.359,0.291,2.2,9.3,5.9,15.5,1.1,0.4,14.2,25.4,4.2,3.0,7.1,0.112,1.9,-0.9,1.0,2.3
Alonzo Mourning,mournal01,MIA,C,25,70,2671,22.7,0.584,0.028,0.662,9.7,21.7,15.9,11.4,1.4,5.5,15.9,28.1,4.4,5.5,9.9,0.178,2.2,2.0,4.2,4.2
Alton Lister,listeal01,"MIL,BOS",C,37,64,735,9.6,0.537,0.0,0.61,10.1,33.6,21.5,3.6,0.4,4.0,26.5,10.7,-0.1,1.0,0.9,0.06,-5.0,0.8,-4.2,-0.4
Alvin Heggs,heggsal01,HOU,SF,28,4,14,20.7,0.633,0.0,0.6,8.3,7.9,8.1,0.0,0.0,0.0,0.0,20.3,0.1,0.0,0.1,0.196,3.2,-2.4,0.8,0.0
Alvin Robertson,roberal01,TOR,SG,33,77,2478,12.7,0.531,0.249,0.26,5.3,11.2,8.2,19.7,3.5,1.1,21.3,15.3,0.9,1.9,2.8,0.054,-1.9,1.2,-0.7,0.8
Andrew DeClercq,declean01,GSW,C,22,22,203,12.1,0.505,0.02,0.38,10.1,12.0,11.1,6.8,1.8,1.8,6.4,13.4,0.3,0.1,0.4,0.102,-2.0,0.2,-1.7,0.0
Andrew Lang,langan01,"ATL,MIN",C,29,71,2365,11.9,0.484,0.006,0.197,7.5,15.6,11.4,4.6,0.9,4.1,12.6,18.6,0.1,2.3,2.3,0.047,-3.0,-0.4,-3.4,-0.8
Andy Toolson,toolsan01,UTA,SF,30,13,53,4.4,0.463,0.545,0.182,0.0,13.5,6.9,2.9,0.0,0.0,7.8,22.2,0.0,0.0,0.0,-0.003,-7.1,-3.2,-10.3,-0.1
Anfernee Hardaway,hardaan01,ORL,PG,24,82,3015,24.6,0.605,0.233,0.477,5.1,8.5,6.8,32.2,2.9,1.0,13.5,25.5,11.0,3.4,14.4,0.229,6.2,1.0,7.2,6.9
Anthony Avent,aventan01,VAN,PF,26,71,1586,6.9,0.415,0.0,0.165,7.7,18.9,13.1,7.4,1.0,2.0,17.6,17.5,-2.8,1.6,-1.2,-0.037,-6.5,-0.7,-7.3,-2.1
Anthony Bonner,bonnean01,ORL,PF,27,4,43,11.3,0.36,0.0,0.467,16.6,34.4,25.7,13.5,3.6,0.0,14.2,22.2,-0.1,0.1,0.0,0.04,-7.9,-0.8,-8.7,-0.1
Anthony Bowie,bowiean01,ORL,SG,32,74,1078,10.4,0.527,0.114,0.169,4.4,8.8,6.6,14.2,1.6,0.7,15.8,14.6,0.7,0.9,1.6,0.071,-2.4,0.1,-2.3,-0.1
Anthony Cook,cookan01,POR,PF,28,11,60,7.6,0.422,0.125,0.25,9.5,13.2,11.4,5.1,0.0,1.2,5.3,13.7,0.0,0.1,0.1,0.057,-4.5,-1.4,-5.9,-0.1
Anthony Goldwire,goldwan01,CHO,PG,24,42,621,10.4,0.536,0.439,0.317,1.5,7.0,4.2,27.4,1.4,0.0,22.6,20.3,0.2,0.1,0.3,0.021,-1.8,-2.5,-4.3,-0.3
Anthony Mason,masonan01,NYK,SF,29,82,3457,15.8,0.61,0.0,0.519,7.8,18.1,13.1,16.7,1.1,0.8,17.7,16.1,6.3,5.0,11.3,0.157,1.0,0.9,1.9,3.4
Anthony Miller,millean01,LAL,PF,24,27,123,7.8,0.457,0.057,0.286,10.6,13.0,11.8,4.7,1.7,0.6,16.9,17.3,-0.1,0.1,0.0,0.014,-5.2,-1.4,-6.6,-0.1
Anthony Peeler,peelean01,LAL,SG,26,73,1608,14.1,0.555,0.422,0.143,3.3,6.5,5.0,11.3,1.9,0.4,8.0,19.4,2.5,1.2,3.7,0.11,0.7,-0.6,0.1,0.9
Antoine Carr,carran01,UTA,SF,34,80,1532,10.6,0.506,0.006,0.282,5.8,10.1,8.0,7.6,1.0,3.5,12.0,19.5,0.6,1.5,2.1,0.065,-3.5,0.0,-3.5,-0.6
Antonio Davis,davisan01,IND,PF,27,82,2092,13.9,0.567,0.004,0.716,11.6,18.1,15.0,3.2,0.8,2.5,12.1,15.8,3.6,2.4,6.0,0.137,-0.6,-0.4,-1.1,0.5
Antonio Harvey,harvean01,"VAN,LAC",PF,25,55,821,8.9,0.392,0.009,0.371,9.8,19.5,14.5,2.9,1.7,4.3,14.4,16.7,-1.3,1.0,-0.3,-0.02,-4.8,-0.9,-5.7,-0.8
Antonio Lang,langan02,CLE,SF,23,41,367,11.5,0.594,0.026,0.61,6.1,13.3,9.6,5.6,2.2,2.9,19.7,16.7,0.2,0.5,0.7,0.09,-4.8,1.3,-3.5,-0.1
Antonio McDyess,mcdyean01,DEN,PF,21,76,2280,15.6,0.516,0.005,0.276,11.6,17.4,14.5,5.8,1.2,3.6,13.5,22.4,0.9,2.7,3.6,0.075,-1.4,-0.5,-1.9,0.0
Armen Gilliam,gilliar01,NJN,SF,31,78,2856,17.6,0.522,0.001,0.288,9.1,18.6,13.7,9.4,1.3,1.4,11.4,23.7,3.3,3.4,6.7,0.113,1.2,-0.4,0.8,1.9
Arvydas Sabonis,sabonar01,POR,C,31,73,1735,24.7,0.617,0.144,0.422,9.7,28.8,19.3,13.8,1.9,3.4,15.2,25.5,4.5,3.9,8.4,0.233,3.7,2.9,6.7,3.8
Ashraf Amaya,amayaas01,VAN,PF,24,54,1104,11.8,0.534,0.004,0.591,11.7,20.8,16.1,5.1,1.1,0.7,15.2,15.5,0.7,1.1,1.8,0.078,-3.3,-1.5,-4.8,-0.8
Avery Johnson,johnsav01,SAS,PG,30,82,3084,16.3,0.534,0.035,0.295,1.4,5.9,3.7,39.1,2.0,0.5,16.3,17.5,5.6,3.5,9.1,0.141,1.4,0.3,1.7,2.9
B.J. Armstrong,armstbj01,GSW,PG,28,82,2262,17.3,0.595,0.285,0.384,1.1,8.3,4.7,28.4,1.5,0.2,13.1,18.8,6.2,0.8,7.0,0.149,2.7,-0.8,1.8,2.2
Benoit Benjamin,benjabe01,"VAN,MIL",C,31,83,1896,14.4,0.539,0.005,0.329,8.8,26.1,17.3,5.7,1.3,3.4,17.6,19.8,0.1,2.2,2.3,0.057,-2.3,-0.3,-2.6,-0.3
Bill Wennington,wennibi01,CHI,C,32,71,1065,11.0,0.519,0.003,0.125,6.4,12.7,9.5,6.4,1.0,1.1,9.3,16.5,1.2,1.6,2.8,0.125,-3.3,0.1,-3.2,-0.3
Billy Owens,owensbi01,"MIA,SAC",SF,26,62,1982,14.2,0.517,0.027,0.367,8.5,15.5,12.1,17.8,1.3,1.5,17.3,21.5,0.7,2.5,3.2,0.077,-0.2,0.5,0.3,1.2
Bimbo Coles,colesbi01,"MIA,GSW",PG,27,81,2615,12.4,0.513,0.327,0.272,2.2,9.2,5.8,25.9,1.9,0.5,16.4,17.9,2.2,2.8,5.0,0.091,-0.8,0.6,-0.2,1.2
Bison Dele,delebi01,LAC,C,26,65,2157,17.0,0.582,0.008,0.349,8.2,19.5,13.7,9.4,1.7,1.9,17.7,22.2,2.1,1.9,4.0,0.09,-0.2,-0.4,-0.6,0.8
Blue Edwards,edwarbl01,VAN,SF,30,82,2773,11.9,0.498,0.256,0.218,4.0,10.9,7.3,13.8,2.2,1.3,14.0,20.0,-0.7,2.5,1.9,0.032,-2.0,0.0,-1.9,0.1
Bo Outlaw,outlabo01,LAC,PF,24,80,985,15.6,0.556,0.016,0.871,10.4,14.0,12.2,7.4,2.3,6.9,14.9,13.7,1.0,1.2,2.3,0.111,-0.8,2.4,1.6,0.9
Bob McCann,mccanbo01,WSB,PF,31,62,653,9.1,0.507,0.013,0.484,8.5,17.1,12.9,5.3,1.6,1.6,18.5,15.6,-0.2,0.8,0.6,0.044,-4.7,0.2,-4.5,-0.4
Bob Sura,surabo01,CLE,SG,22,79,1150,15.0,0.5,0.217,0.392,3.9,11.9,7.8,35.7,2.8,1.6,21.4,23.6,0.2,1.5,1.6,0.069,-0.7,0.8,0.1,0.6
Bob Thornton,thornbo01,WSB,PF,33,7,31,4.1,0.218,0.0,0.333,23.2,22.3,22.8,0.0,1.7,0.0,12.7,11.4,0.0,0.0,0.0,0.001,-7.8,-4.6,-12.4,-0.1
Bobby Hurley,hurlebo01,SAC,PG,24,72,1059,6.5,0.411,0.33,0.37,1.3,6.9,4.1,29.5,1.4,0.2,24.3,14.7,-0.7,0.4,-0.3,-0.013,-4.1,-1.8,-5.9,-1.0
Bobby Phills,phillbo01,CLE,SG,26,72,2530,16.8,0.564,0.255,0.291,3.2,10.7,6.9,19.7,2.4,0.9,11.9,21.1,4.5,2.7,7.1,0.136,1.1,0.6,1.7,2.3
Brad Lohaus,lohaubr01,"SAS,NYK",PF,31,55,598,10.6,0.556,0.697,0.029,1.4,10.6,6.1,11.2,0.9,2.1,10.1,15.1,0.5,0.7,1.3,0.101,-0.1,1.0,0.9,0.4
Brent Barry,barrybr01,LAC,SG,24,79,1898,15.9,0.609,0.496,0.229,2.4,8.4,5.3,18.8,2.6,0.9,15.4,18.3,3.7,1.2,4.9,0.124,1.7,0.5,2.2,2.0
Brent Price,pricebr01,WSB,PG,27,81,2042,17.5,0.655,0.564,0.358,2.2,10.7,6.6,29.7,2.0,0.1,19.8,16.9,5.6,1.8,7.4,0.174,3.0,0.1,3.0,2.6
Brian Grant,grantbr01,SAC,PF,23,78,2398,15.8,0.56,0.02,0.425,8.4,17.9,13.2,9.2,0.9,3.2,15.6,21.7,2.4,2.3,4.7,0.094,-0.6,-0.3,-0.9,0.6
Brian Shaw,shawbr01,ORL,PG,29,75,1679,10.2,0.463,0.296,0.235,4.1,11.3,7.8,28.7,1.8,0.5,24.4,19.1,-1.0,1.6,0.6,0.018,-2.4,-0.7,-3.1,-0.4
Brooks Thompson,thompbr01,ORL,PG,25,33,246,16.9,0.609,0.621,0.262,1.9,9.3,5.7,20.6,2.6,0.0,17.3,25.5,0.4,0.3,0.6,0.121,1.2,-0.1,1.1,0.2
Bryant Reeves,reevebr01,VAN,C,22,77,2460,13.4,0.506,0.003,0.341,8.2,19.4,13.6,8.3,0.9,1.7,13.5,21.6,0.0,2.3,2.3,0.045,-2.4,-1.2,-3.7,-1.0
Bryant Stith,stithbr01,DEN,SG,25,82,2810,13.9,0.519,0.162,0.416,5.1,11.3,8.2,13.8,2.1,0.4,12.7,19.6,2.7,2.5,5.2,0.089,-0.8,0.2,-0.6,1.0
Bryon Russell,russebr01,UTA,SF,25,59,577,10.0,0.507,0.282,0.472,6.1,12.8,9.6,7.2,2.7,1.2,17.4,16.5,0.0,0.8,0.8,0.064,-2.4,0.8,-1.6,0.1
Buck Williams,willibu01,POR,PF,35,70,1672,12.3,0.548,0.008,0.487,10.9,16.6,13.8,3.8,1.2,2.1,16.2,14.6,1.4,2.6,3.9,0.113,-2.4,1.0,-1.4,0.3
Byron Houston,houstby01,SAC,PF,26,25,276,13.1,0.57,0.047,0.406,13.0,22.3,17.6,4.0,2.4,1.9,18.4,14.7,0.3,0.4,0.7,0.117,-3.1,0.4,-2.8,-0.1
Byron Scott,scottby01,VAN,SG,34,80,1894,13.0,0.523,0.327,0.359,2.4,9.8,5.9,11.7,1.8,0.9,11.3,21.3,1.0,1.3,2.3,0.059,-0.8,-0.6,-1.3,0.3
Calbert Cheaney,cheanca01,WSB,SF,24,70,2324,13.0,0.528,0.17,0.236,3.5,8.5,6.1,10.6,1.5,0.6,11.4,21.7,1.5,1.7,3.2,0.065,-1.0,-0.9,-1.9,0.1
Carl Herrera,herreca01,SAS,PF,29,44,393,4.7,0.407,0.01,0.175,8.9,13.9,11.5,5.9,1.2,1.5,21.7,15.3,-0.7,0.5,-0.2,-0.02,-7.1,-0.1,-7.2,-0.5
Carlos Rogers,rogerca01,TOR,PF,24,56,1043,13.9,0.536,0.061,0.378,9.1,10.3,9.7,5.5,1.2,3.5,13.2,19.5,0.6,0.3,0.9,0.042,-1.0,-1.5,-2.5,-0.1
Cedric Ceballos,cebalce01,LAL,SF,26,78,2628,22.1,0.599,0.153,0.34,9.7,13.9,11.9,7.9,1.9,0.6,10.8,26.5,7.1,2.8,9.8,0.18,3.9,-1.3,2.6,3.1
Cedric Lewis,lewisce01,WSB,C,26,3,4,62.7,0.667,0.0,0.0,60.0,0.0,29.4,0.0,12.8,0.0,0.0,33.5,0.0,0.0,0.1,0.613,23.7,1.9,25.6,0.0
Charles Barkley,barklch01,PHO,PF,32,71,2632,24.8,0.585,0.151,0.488,10.9,25.0,18.1,17.4,2.2,1.6,13.4,27.5,7.0,3.5,10.5,0.191,5.0,0.6,5.7,5.1
Charles Claxton,claxtch01,BOS,C,25,3,7,0.2,0.347,0.0,1.0,31.2,0.0,16.0,0.0,0.0,10.0,25.8,23.9,0.0,0.0,0.0,-0.179,-16.3,-2.6,-18.9,0.0
Charles Jones,jonesch01,HOU,PF,38,46,297,8.1,0.324,0.0,0.684,10.9,17.1,14.1,5.3,0.9,5.8,10.8,4.2,0.2,0.4,0.6,0.09,-3.8,1.6,-2.2,0.0
Charles Oakley,oaklech01,NYK,PF,32,53,1775,15.1,0.559,0.058,0.469,11.1,19.3,15.3,12.1,1.7,0.6,16.1,16.9,2.6,3.0,5.6,0.15,-0.1,1.0,0.9,1.3
Charles Smith,smithch01,"MIN,NYK,SAS",PF,30,73,1716,11.3,0.469,0.026,0.282,9.2,14.8,12.1,6.0,1.5,3.5,14.0,20.2,-1.0,2.9,1.9,0.053,-3.9,0.6,-3.4,-0.6
Charlie Ward,wardch01,NYK,PG,25,62,787,12.0,0.505,0.454,0.248,4.5,10.7,7.7,25.9,3.6,0.6,24.6,19.0,-0.4,1.4,1.0,0.064,-2.2,2.1,0.0,0.4
Cherokee Parks,parksch02,DAL,C,23,64,869,10.9,0.456,0.105,0.251,7.3,19.9,13.0,5.0,1.4,2.6,10.2,14.6,0.1,0.8,0.9,0.05,-3.8,-0.2,-3.9,-0.4
Chris Carr,carrch01,PHO,SG,21,60,590,10.5,0.493,0.194,0.276,5.4,14.5,10.0,11.4,0.9,0.6,14.1,21.4,-0.1,0.3,0.3,0.021,-3.4,-1.8,-5.2,-0.5
Chris Childs,childch01,NJN,PG,28,78,2408,16.4,0.549,0.333,0.391,2.3,9.1,5.6,38.6,2.4,0.3,20.1,20.7,3.3,2.5,5.8,0.115,1.3,0.4,1.7,2.2
Chris Dudley,dudlech02,POR,C,30,80,1924,12.2,0.473,0.003,0.439,14.2,28.4,21.3,2.8,1.1,3.9,15.6,11.5,0.6,4.0,4.7,0.117,-2.7,1.5,-1.3,0.4
Chris Gatling,gatlich01,"GSW,MIA",PF,28,71,1427,19.9,0.601,0.002,0.365,10.5,23.2,16.9,5.8,1.3,2.1,12.6,23.4,2.7,2.0,4.6,0.156,0.5,-0.4,0.1,0.7
Chris King,kingch01,VAN,SF,26,80,1930,10.8,0.492,0.193,0.232,6.0,11.5,8.7,9.5,1.9,1.3,13.8,17.7,-0.5,1.6,1.1,0.028,-2.1,-0.3,-2.5,-0.2
Chris Mills,millsch01,CLE,SF,26,80,3060,15.2,0.554,0.216,0.271,4.8,14.6,9.6,11.2,1.4,1.5,10.0,19.9,4.7,3.1,7.8,0.122,0.1,-0.2,-0.1,1.5
Chris Morris,morrich01,UTA,SG,30,66,1424,15.8,0.522,0.325,0.21,8.8,10.8,9.9,8.9,2.4,1.2,9.7,23.6,1.7,1.7,3.3,0.112,1.3,-0.5,0.8,1.0
Chris Mullin,mullich01,GSW,SF,32,55,1617,16.7,0.602,0.278,0.297,3.1,8.3,5.7,19.8,2.4,1.4,16.7,19.7,2.9,1.1,4.0,0.117,1.9,0.2,2.1,1.7
Chris Webber,webbech01,WSB,PF,22,15,558,23.6,0.581,0.123,0.25,8.0,15.9,12.0,24.9,2.5,1.2,13.8,28.5,1.2,0.7,1.9,0.165,5.1,0.6,5.7,1.1
Chris Whitney,whitnch01,WSB,PG,24,21,335,17.1,0.634,0.444,0.444,0.7,10.7,5.8,22.6,2.8,0.2,16.3,18.9,0.9,0.4,1.3,0.181,1.1,1.3,2.4,0.4
Christian Laettner,laettch01,"MIN,ATL",C,26,74,2495,17.7,0.563,0.043,0.437,8.6,17.2,12.8,13.7,1.5,2.2,14.7,22.6,3.9,2.4,6.2,0.12,0.7,-0.1,0.6,1.6
Chuck Person,persoch01,SAS,SF,31,80,2131,13.6,0.581,0.657,0.148,4.1,16.9,10.8,7.2,1.2,0.9,10.8,17.8,2.4,3.1,5.5,0.125,1.3,0.2,1.5,1.9
Chucky Brown,brownch01,HOU,PF,27,82,2019,13.7,0.568,0.014,0.27,7.7,16.8,12.4,7.0,1.2,1.3,13.1,15.9,2.2,2.1,4.2,0.101,-1.2,-0.4,-1.6,0.2
Clarence Weatherspoon,weathcl01,PHI,SF,25,78,3096,17.1,0.541,0.002,0.42,8.6,19.8,14.0,9.3,1.9,2.6,13.0,19.9,3.4,2.4,5.8,0.089,0.1,-0.3,-0.2,1.4
Clifford Robinson,robincl02,POR,SF,29,78,2980,16.3,0.532,0.361,0.415,4.7,12.2,8.5,10.9,1.5,1.7,11.2,25.6,3.9,4.2,8.0,0.13,1.7,0.4,2.1,3.0
Clifford Rozier,roziecl01,GSW,C,23,59,723,10.6,0.578,0.015,0.407,11.2,16.1,13.6,4.6,1.4,3.0,20.1,12.0,0.4,0.6,1.1,0.072,-3.3,0.3,-2.9,-0.2
Clint McDaniel,mcdancl01,SAC,SG,23,12,71,15.6,0.499,0.261,0.696,4.9,11.5,8.2,15.4,3.6,0.0,6.2,19.8,0.1,0.1,0.2,0.151,-0.5,2.2,1.7,0.1
Clyde Drexler,drexlcl01,HOU,SG,33,52,1997,20.0,0.551,0.308,0.442,5.6,15.3,10.6,24.7,2.7,0.9,12.8,23.6,4.1,2.6,6.7,0.161,2.8,1.2,4.0,3.0
Corey Beck,beckco01,CHO,PG,24,5,33,0.8,0.282,0.0,0.25,10.8,15.0,12.9,21.0,1.6,0.0,31.1,17.7,-0.1,0.0,-0.1,-0.14,-9.0,-0.7,-9.7,-0.1
Corie Blount,blounco01,LAL,PF,27,57,715,10.9,0.491,0.012,0.263,11.5,16.1,13.8,8.3,1.8,3.4,20.1,14.6,-0.1,1.0,0.9,0.063,-3.5,0.9,-2.7,-0.1
Corliss Williamson,willico02,SAC,SF,22,53,609,8.5,0.487,0.011,0.313,10.6,11.1,10.8,6.9,0.9,1.1,19.9,27.5,-1.1,0.3,-0.8,-0.062,-6.3,-2.9,-9.3,-1.1
Cory Alexander,alexaco01,SAS,PG,22,60,560,8.7,0.506,0.426,0.161,1.9,6.3,4.2,31.6,2.5,0.3,29.1,18.8,-0.5,0.7,0.2,0.021,-4.2,-0.1,-4.3,-0.3
Craig Ehlo,ehlocr01,ATL,SG,34,79,1758,13.7,0.526,0.374,0.174,4.2,13.4,8.6,12.8,2.6,0.4,14.0,18.9,1.5,1.8,3.3,0.09,-0.3,0.4,0.2,1.0
Cuonzo Martin,marticu01,VAN,SG,24,4,19,20.6,0.765,0.6,0.4,6.0,6.4,6.2,19.5,2.8,0.0,14.5,16.5,0.1,0.0,0.1,0.17,7.3,1.8,9.2,0.1
Dale Davis,davisda01,IND,PF,26,78,2617,14.3,0.553,0.0,0.482,12.4,21.1,16.9,4.6,1.2,3.4,14.1,14.8,2.6,3.7,6.2,0.115,0.1,0.3,0.4,1.5
Dale Ellis,ellisda01,DEN,SF,35,81,2626,14.7,0.58,0.38,0.187,3.9,10.0,6.9,9.1,1.1,0.2,8.6,19.3,4.7,1.5,6.2,0.114,1.5,-0.9,0.6,1.7
Damon Stoudamire,stoudda01,TOR,PG,22,70,2865,16.7,0.528,0.298,0.262,2.4,9.3,5.8,37.4,1.8,0.5,17.5,23.5,3.7,0.6,4.3,0.072,2.5,-2.4,0.1,1.6
Dan Majerle,majerda01,CLE,SF,30,82,2367,15.1,0.53,0.553,0.226,3.9,13.4,8.6,15.9,2.0,1.3,10.2,19.5,3.0,2.6,5.5,0.112,1.7,0.2,1.9,2.3
Dan O'Sullivan,osullda01,TOR,C,27,5,139,8.4,0.428,0.029,0.229,11.1,16.4,13.7,2.1,0.7,2.2,11.5,13.8,0.0,0.0,0.0,0.008,-4.5,-3.6,-8.1,-0.2
Dana Barros,barroda01,BOS,PG,28,80,2328,15.6,0.596,0.457,0.182,1.0,8.4,4.6,20.8,1.2,0.1,12.1,18.3,4.8,0.8,5.6,0.116,2.3,-1.1,1.1,1.8
Danny Ferry,ferryda01,CLE,PF,29,82,2680,14.2,0.557,0.395,0.146,3.5,12.0,7.7,13.2,1.2,1.2,11.1,20.7,3.2,2.3,5.5,0.098,0.6,-0.7,-0.1,1.3
Danny Manning,mannida01,PHO,PF,29,33,816,14.7,0.506,0.036,0.281,4.3,15.8,10.1,13.9,2.4,2.2,15.0,28.0,-0.5,0.9,0.4,0.026,-2.8,0.1,-2.6,-0.1
Danny Schayes,schayda01,MIA,C,36,32,399,8.1,0.442,0.0,0.489,8.7,17.1,13.0,3.5,1.5,3.1,16.8,15.6,-0.3,0.7,0.4,0.049,-5.1,0.9,-4.1,-0.2
Darrell Armstrong,armstda01,ORL,PG,27,13,41,32.4,0.622,0.375,0.125,0.0,5.6,2.8,29.3,7.7,0.0,15.1,43.8,0.0,0.1,0.1,0.158,5.7,3.8,9.5,0.1
Darrick Martin,martida01,"VAN,MIN",PG,24,59,1149,11.7,0.5,0.191,0.331,1.6,6.9,4.2,31.1,2.4,0.2,20.5,20.3,-0.2,0.7,0.5,0.023,-2.3,-0.9,-3.1,-0.3
Darrin Hancock,hancoda01,CHO,SF,24,63,838,10.0,0.553,0.014,0.341,5.7,8.6,7.1,8.7,1.8,0.4,18.5,16.3,0.2,0.3,0.5,0.028,-2.9,-0.9,-3.8,-0.4
Darryl Johnson,johnsda02,CLE,PG,30,11,28,9.7,0.466,0.083,0.167,9.3,0.0,4.8,6.9,0.0,0.0,7.2,25.0,0.0,0.0,0.0,0.01,-4.2,-4.2,-8.4,0.0
David Benoit,benoida01,UTA,SF,27,81,1961,12.2,0.524,0.33,0.193,5.8,17.9,12.0,6.3,1.2,2.1,10.1,16.4,1.6,2.3,3.9,0.096,-0.2,0.0,-0.2,0.9
David Robinson,robinda01,SAS,C,30,82,3019,29.4,0.589,0.007,0.597,12.3,24.2,18.4,14.6,1.9,6.4,9.8,28.8,11.1,7.2,18.3,0.29,5.8,3.1,8.9,8.3
David Vaughn,vaughda02,ORL,PF,22,33,266,6.0,0.364,0.013,0.225,14.8,20.1,17.5,4.3,1.2,4.2,17.0,18.0,-0.5,0.4,-0.1,-0.013,-9.4,-1.5,-10.9,-0.6
David Wesley,wesleda01,BOS,PG,25,82,2104,18.5,0.585,0.37,0.391,3.5,10.7,7.0,29.2,2.4,0.4,15.6,20.9,4.8,1.6,6.3,0.144,2.8,0.0,2.8,2.5
David Wingate,wingada01,SEA,SG,32,60,695,8.1,0.485,0.16,0.193,3.0,6.3,4.8,12.9,1.5,0.5,15.4,17.5,-0.2,0.8,0.6,0.041,-3.3,-0.5,-3.8,-0.3
David Wood,woodda01,"GSW,PHO,DAL",PF,31,62,772,9.2,0.531,0.356,0.287,6.6,15.4,10.6,6.4,1.2,0.9,10.9,12.0,0.8,0.5,1.3,0.081,-4.3,-0.2,-4.5,-0.5
Dee Brown,brownde01,BOS,PG,27,65,1591,13.7,0.507,0.357,0.256,2.5,7.2,4.8,14.3,2.5,0.5,9.7,20.5,1.4,1.0,2.4,0.073,-0.5,0.0,-0.5,0.6
Dell Curry,curryde01,CHO,SG,31,82,2371,16.8,0.568,0.417,0.176,3.4,10.2,6.8,12.5,2.4,0.8,11.0,22.5,3.8,1.4,5.1,0.104,2.1,-0.3,1.8,2.3
Dell Demps,dempsde01,SAS,SG,25,16,87,17.1,0.655,0.061,0.515,2.7,8.6,5.8,15.9,1.8,0.8,22.9,27.1,0.1,0.1,0.2,0.105,-2.0,0.2,-1.8,0.0
Dennis Rodman,rodmade01,CHI,PF,34,64,2088,13.6,0.501,0.089,0.349,19.9,33.2,26.6,10.0,0.9,1.0,28.2,10.3,1.7,4.6,6.2,0.143,-0.3,0.3,0.0,1.1
Dennis Scott,scottde01,ORL,SF,27,82,3041,16.1,0.589,0.562,0.199,2.5,9.2,5.9,12.4,1.5,0.7,9.1,19.9,6.4,2.4,8.8,0.138,2.9,-0.6,2.3,3.3
Derek Harper,harpede01,NYK,PG,34,82,2893,13.9,0.558,0.346,0.219,1.3,6.8,4.1,20.1,2.4,0.1,14.7,19.4,2.6,3.7,6.3,0.105,-0.2,0.7,0.5,1.8
Derek Strong,stronde01,LAL,PF,27,63,746,12.4,0.518,0.053,0.503,9.6,18.1,13.9,6.0,1.3,1.1,8.8,13.6,1.1,0.8,1.9,0.125,-1.3,-0.5,-1.8,0.0
Derrick Alston,alstode01,PHI,C,23,73,1614,11.8,0.518,0.008,0.289,8.8,12.9,10.8,6.5,1.8,2.4,11.9,13.7,1.0,0.8,1.7,0.052,-2.5,-0.2,-2.8,-0.3
Derrick Coleman,colemde01,PHI,PF,28,11,294,12.0,0.466,0.178,0.271,5.0,23.8,14.1,19.3,0.7,2.5,17.5,24.3,-0.4,0.2,-0.2,-0.029,-2.8,-0.7,-3.5,-0.1
Derrick McKey,mckeyde01,IND,SF,29,75,2440,14.2,0.543,0.096,0.31,6.5,11.8,9.2,17.5,1.8,1.4,15.0,17.9,3.1,2.6,5.7,0.112,0.7,1.2,1.9,2.4
Detlef Schrempf,schrede01,SEA,SF,33,63,2200,17.3,0.598,0.242,0.5,4.1,13.1,8.8,20.6,1.3,0.3,13.9,21.3,5.3,2.9,8.2,0.179,2.5,-0.1,2.5,2.5
Dickey Simpkins,simpkdi01,CHI,PF,23,60,685,10.4,0.533,0.006,0.606,11.2,15.3,13.3,7.7,0.7,0.9,21.6,16.7,0.2,1.0,1.2,0.084,-2.9,-0.8,-3.7,-0.3
Dikembe Mutombo,mutomdi01,DEN,C,29,74,2713,17.1,0.562,0.002,0.622,10.6,26.6,18.6,6.1,0.7,8.8,17.1,14.4,2.6,5.0,7.6,0.134,-0.7,2.8,2.1,2.8
Dino Radja,radjadi01,BOS,PF,28,53,1984,18.0,0.536,0.0,0.323,6.2,23.7,14.7,7.2,1.2,2.9,10.7,23.6,1.8,2.2,4.0,0.096,0.2,-0.5,-0.3,0.9
Doc Rivers,riverdo01,SAS,PG,34,78,1235,9.6,0.489,0.472,0.221,2.8,9.4,6.2,14.1,3.0,1.2,15.2,13.7,0.2,2.0,2.2,0.087,-2.9,3.1,0.2,0.7
Don MacLean,macledo01,DEN,SF,26,56,1107,15.7,0.493,0.09,0.362,6.5,15.0,10.7,14.7,1.0,0.3,9.7,28.3,0.7,0.8,1.5,0.064,0.2,-1.5,-1.3,0.2
Don Reid,reiddo01,DET,PF,22,69,997,12.1,0.595,0.0,0.412,9.8,14.6,12.3,1.8,2.6,3.2,15.7,12.5,1.1,1.8,2.9,0.141,-3.3,2.6,-0.6,0.3
Donald Hodge,hodgedo01,"DAL,CHO",C,26,15,115,5.9,0.375,0.0,0.0,7.5,14.1,10.6,4.9,0.4,4.8,7.7,9.4,0.0,0.1,0.1,0.026,-7.4,0.9,-6.5,-0.1
Donald Royal,royaldo01,ORL,SF,29,64,963,12.7,0.585,0.009,0.759,7.1,11.3,9.3,6.3,1.6,1.1,15.3,16.0,1.4,0.9,2.3,0.113,-1.9,-0.6,-2.4,-0.1
Donnie Boyce,boycedo01,ATL,SG,22,8,41,17.7,0.485,0.348,0.174,13.9,15.0,14.4,13.6,3.9,1.9,19.5,33.7,-0.1,0.1,0.0,0.004,1.6,-1.0,0.6,0.0
Donny Marshall,marshdo02,CLE,SF,23,34,208,10.5,0.462,0.441,0.515,5.7,11.1,8.3,5.8,2.2,0.9,7.7,22.0,0.0,0.2,0.2,0.051,-3.9,-1.3,-5.2,-0.2
Dontonio Wingfield,wingfdo01,POR,SF,21,44,487,11.1,0.48,0.401,0.217,10.6,13.7,12.2,8.9,2.1,0.9,15.3,18.3,0.1,0.8,0.9,0.085,-2.3,1.0,-1.3,0.1
Donyell Marshall,marshdo01,GSW,SF,22,62,934,12.7,0.488,0.299,0.264,7.9,18.4,13.1,8.2,1.2,2.4,12.0,18.6,0.5,0.8,1.3,0.065,-0.9,-0.8,-1.7,0.1
Doug Christie,chrisdo01,"NYK,TOR",SF,25,55,1036,14.0,0.549,0.315,0.276,3.9,13.8,8.8,18.0,3.5,1.4,20.1,20.4,0.2,1.2,1.4,0.065,-1.7,0.8,-0.8,0.3
Doug Edwards,edwardo01,VAN,PF,25,31,519,7.5,0.432,0.044,0.418,7.6,12.2,9.8,11.8,1.0,2.6,21.2,12.0,-0.3,0.4,0.1,0.005,-4.3,0.2,-4.0,-0.3
Doug Overton,overtdo01,DEN,PG,26,55,607,9.9,0.45,0.146,0.309,1.5,10.5,6.0,27.0,1.1,0.6,16.5,17.8,-0.1,0.4,0.2,0.02,-2.5,-0.8,-3.3,-0.2
Doug Smith,smithdo03,BOS,PF,26,17,92,4.2,0.388,0.0,0.205,14.3,12.5,13.4,6.8,1.6,0.0,20.6,25.0,-0.3,0.1,-0.2,-0.123,-8.9,-3.3,-12.2,-0.2
Doug West,westdo01,MIN,SG,28,73,1639,7.6,0.509,0.033,0.366,3.5,8.2,5.9,11.3,0.9,0.8,15.1,14.5,0.3,0.5,0.8,0.024,-4.1,-0.9,-5.1,-1.3
Duane Causwell,causwdu01,SAC,C,27,73,1044,9.9,0.484,0.005,0.444,9.5,18.0,13.7,2.9,1.3,5.6,17.0,13.1,0.0,1.3,1.3,0.059,-4.4,1.2,-3.2,-0.3
Duane Ferrell,ferredu01,IND,SF,30,54,591,10.9,0.529,0.048,0.343,7.0,12.5,9.8,8.2,2.1,0.4,15.1,17.5,0.3,0.6,1.0,0.077,-2.4,0.3,-2.1,0.0
Dwayne Schintzius,schindw01,IND,C,27,33,297,11.9,0.465,0.0,0.191,10.0,22.4,16.4,8.0,1.6,3.2,13.7,21.4,-0.1,0.5,0.3,0.054,-3.9,0.1,-3.8,-0.1
Dwayne Whitfield,whitfdw01,TOR,PF,23,8,122,9.3,0.504,0.0,0.733,8.7,15.7,12.2,2.4,1.3,1.2,16.8,17.2,0.0,0.0,0.0,0.01,-4.6,-2.6,-7.2,-0.2
Ed O'Bannon,obanned01,NJN,SG,23,64,1253,9.2,0.446,0.14,0.27,5.6,9.3,7.4,8.4,1.9,0.7,12.2,17.8,-0.5,1.1,0.7,0.026,-3.4,0.0,-3.4,-0.4
Ed Pinckney,pincked01,"TOR,PHI",PF,32,74,1710,14.3,0.578,0.009,0.534,12.8,18.8,15.8,6.4,1.9,1.2,15.7,12.7,2.6,1.1,3.7,0.105,-0.5,-0.6,-1.1,0.4
Eddie Johnson,johnsed03,IND,SF,36,62,1002,13.1,0.505,0.294,0.181,5.8,13.0,9.5,12.0,1.1,0.3,10.6,24.1,0.8,0.8,1.6,0.077,0.2,-1.4,-1.2,0.2
Eddie Jones,jonesed02,LAL,SG,24,70,2184,17.0,0.583,0.331,0.269,2.4,9.8,6.2,17.0,3.1,1.4,11.4,17.8,4.1,2.7,6.8,0.15,1.4,1.9,3.3,2.9
Elden Campbell,campbel01,LAL,PF,27,82,2699,18.0,0.549,0.006,0.393,7.1,19.5,13.4,10.3,1.7,5.5,11.6,19.6,3.8,4.4,8.2,0.147,-0.2,1.9,1.7,2.6
Eldridge Recasner,recasel01,HOU,SG,28,63,1275,12.3,0.562,0.532,0.184,2.8,9.8,6.4,20.2,0.9,0.3,13.6,15.8,1.9,0.8,2.6,0.099,0.2,-0.9,-0.7,0.4
Elliot Perry,perryel01,PHO,PG,26,81,1668,16.2,0.549,0.107,0.353,2.4,7.0,4.7,33.3,2.7,0.2,18.7,20.8,1.9,1.1,3.1,0.088,0.5,-0.6,-0.2,0.8
Elmer Bennett,benneel01,PHI,PG,25,8,66,-0.5,0.293,0.0,0.235,1.7,7.2,4.4,18.7,0.8,1.1,27.2,17.4,-0.3,0.0,-0.3,-0.2,-8.3,-3.0,-11.3,-0.2
Elmore Spencer,spencel01,"DEN,POR",C,26,17,58,2.3,0.448,0.0,0.462,5.9,19.7,12.8,2.7,0.0,2.6,27.7,16.4,-0.1,0.1,-0.1,-0.056,-9.7,-0.3,-10.0,-0.1
Eric Leckner,leckner01,DET,C,29,18,155,8.8,0.634,0.0,0.448,6.5,19.5,13.3,1.1,0.7,2.0,24.1,14.1,0.0,0.2,0.2,0.075,-5.3,0.1,-5.2,-0.1
Eric Mobley,mobleer01,"MIL,VAN",C,25,39,676,9.4,0.533,0.014,0.63,9.1,15.5,12.2,5.6,1.1,2.7,22.1,15.3,-0.4,0.6,0.2,0.015,-4.7,-0.4,-5.1,-0.5
Eric Montross,montrer01,BOS,C,24,61,1432,10.6,0.546,0.0,0.384,9.1,18.7,13.8,4.6,0.7,1.4,17.0,14.7,0.3,1.0,1.3,0.044,-2.9,-1.1,-4.0,-0.7
Eric Murdock,murdoer01,"MIL,VAN",PG,27,73,1673,16.2,0.498,0.247,0.244,1.8,10.4,5.9,35.1,4.3,0.4,16.9,21.3,0.4,2.2,2.5,0.073,-0.7,1.9,1.2,1.3
Eric Piatkowski,piatker01,LAC,SG,25,65,784,12.2,0.541,0.471,0.339,6.0,9.8,7.9,9.2,1.6,1.0,13.9,18.4,0.8,0.4,1.2,0.071,-0.3,-0.9,-1.2,0.2
Eric Riley,rileyer01,MIN,C,25,25,310,12.0,0.533,0.014,0.378,12.4,17.0,14.7,2.5,1.3,3.9,16.5,14.8,0.2,0.3,0.5,0.071,-3.2,-0.6,-3.8,-0.1
Eric Snow,snower01,SEA,PG,22,43,389,10.7,0.473,0.1,0.49,2.9,9.9,6.5,28.2,3.7,0.0,23.8,18.3,-0.2,0.7,0.5,0.061,-4.0,1.6,-2.4,0.0
Eric Williams,willier01,BOS,SF,23,64,1470,13.3,0.506,0.018,0.546,6.8,9.8,8.3,7.6,1.9,0.5,11.5,22.4,0.7,0.9,1.6,0.052,-1.7,-1.2,-2.9,-0.3
Ervin Johnson,johnser02,SEA,C,28,81,1519,13.1,0.547,0.009,0.361,10.5,22.6,16.8,4.8,1.3,6.7,19.4,14.9,0.5,3.4,3.9,0.123,-3.2,2.1,-1.1,0.4
Felton Spencer,spencfe01,UTA,C,28,71,1267,10.4,0.57,0.0,0.537,9.9,19.4,14.8,1.3,0.8,3.6,18.1,15.3,0.7,1.7,2.4,0.089,-4.3,-0.2,-4.5,-0.8
Frank Brickowski,brickfr01,SEA,C,36,63,986,8.6,0.585,0.313,0.341,3.3,14.3,9.0,9.1,1.3,0.6,21.2,16.7,0.1,1.4,1.6,0.076,-4.1,0.3,-3.8,-0.4
Frankie King,kingfr01,LAL,PG,23,6,20,0.7,0.284,0.091,0.273,5.9,5.7,5.8,15.0,5.2,0.0,14.0,32.1,-0.1,0.0,-0.1,-0.234,-13.1,-1.4,-14.5,-0.1
Fred Hoiberg,hoibefr01,IND,SG,23,15,85,14.4,0.594,0.158,0.947,6.1,7.1,6.6,14.3,3.8,0.9,20.6,18.3,0.1,0.1,0.2,0.138,-0.3,3.1,2.8,0.1
Fred Roberts,roberfr01,LAL,C,35,33,317,14.1,0.558,0.144,0.289,6.8,10.4,8.6,12.3,2.6,0.9,18.0,18.9,0.2,0.4,0.6,0.086,-0.3,0.2,-0.1,0.1
Gary Grant,grantga01,NYK,PG,30,47,596,13.5,0.562,0.133,0.32,2.5,7.7,5.2,19.0,3.5,0.4,17.9,19.7,0.4,1.0,1.4,0.11,-2.6,2.3,-0.4,0.2
Gary Payton,paytoga01,SEA,PG,27,81,3162,19.6,0.554,0.234,0.24,4.1,8.4,6.3,33.3,3.7,0.5,15.6,23.6,5.9,5.6,11.5,0.174,2.8,1.8,4.6,5.2
Gary Trent,trentga01,POR,PF,21,69,1219,12.4,0.527,0.021,0.329,7.9,14.3,11.1,7.0,1.1,0.7,15.8,21.0,0.1,1.6,1.7,0.065,-2.6,-0.3,-2.9,-0.3
Geert Hammink,hammige01,"ORL,GSW",C,26,6,17,10.5,0.565,0.0,1.75,14.0,13.5,13.7,0.0,0.0,0.0,22.0,23.8,0.0,0.0,0.0,0.017,-2.5,-3.8,-6.4,0.0
George Lynch,lynchge01,LAL,SF,25,76,1012,11.4,0.474,0.048,0.294,9.6,14.3,12.0,7.2,2.4,0.7,11.5,15.4,0.4,1.3,1.7,0.08,-2.2,0.1,-2.1,0.0
George McCloud,mccloge01,DAL,SF,28,79,2846,15.9,0.543,0.529,0.175,3.9,10.6,7.0,12.5,2.0,0.9,10.7,22.6,4.2,1.6,5.8,0.098,1.9,-0.6,1.4,2.4
George Zídek,zidekge01,CHO,C,22,71,888,8.0,0.486,0.0,0.375,9.2,15.9,12.5,2.7,0.5,0.6,11.6,16.7,0.3,0.3,0.6,0.031,-5.2,-2.3,-7.5,-1.2
Gerald Glass,glassge01,"NJN,CHO",SF,28,15,71,10.4,0.389,0.182,0.03,9.2,3.3,6.4,10.3,2.2,1.1,0.0,20.7,0.0,0.1,0.1,0.047,-1.6,-0.2,-1.9,0.0
Gerald Wilkins,wilkige01,VAN,SG,32,28,738,7.3,0.437,0.312,0.112,3.4,7.1,5.2,15.5,1.6,0.2,14.7,15.6,-0.6,0.4,-0.2,-0.014,-4.8,-1.2,-6.0,-0.7
Gheorghe Mureșan,muresgh01,WSB,C,24,76,2242,21.0,0.6,0.001,0.348,13.3,24.7,19.1,4.2,1.2,5.5,13.4,21.2,4.3,3.8,8.0,0.172,0.9,0.8,1.6,2.1
Glen Rice,ricegl01,CHO,SF,28,79,3142,17.8,0.584,0.311,0.294,3.3,11.5,7.3,12.6,1.5,0.5,10.0,23.4,7.2,1.2,8.3,0.127,2.6,-1.2,1.4,2.7
Glenn Robinson,robingl01,MIL,SF,23,82,3249,15.9,0.534,0.19,0.281,5.0,14.1,9.5,15.7,1.6,1.0,15.4,25.8,1.8,1.7,3.5,0.052,1.2,-1.2,0.0,1.6
Grant Hill,hillgr01,DET,SF,23,80,3260,20.9,0.537,0.021,0.529,4.9,23.4,14.5,31.4,1.7,1.2,14.9,25.9,6.0,5.7,11.7,0.172,3.1,1.7,4.8,5.6
Grant Long,longgr01,ATL,PF,29,82,3008,16.2,0.546,0.103,0.402,9.4,22.1,15.5,9.7,1.9,0.9,13.7,17.1,4.7,3.8,8.4,0.134,0.6,0.2,0.7,2.1
Greg Anderson,andergr01,SAS,PF,31,46,344,7.7,0.466,0.021,0.532,9.8,22.1,16.2,4.0,1.3,5.0,27.5,10.5,-0.3,0.7,0.4,0.056,-6.2,2.6,-3.5,-0.1
Greg Anthony,anthogr01,VAN,PG,28,69,2096,18.6,0.53,0.347,0.38,1.6,8.4,4.9,41.9,2.9,0.4,14.9,23.3,2.9,1.9,4.8,0.111,2.6,0.4,2.9,2.6
Greg Foster,fostegr01,UTA,C,27,73,803,9.0,0.501,0.033,0.295,8.3,18.6,13.6,4.7,0.5,2.3,17.4,19.0,-0.3,0.9,0.6,0.035,-4.5,-1.2,-5.6,-0.7
Greg Graham,grahagr01,"PHI,NJN",SG,25,53,613,11.1,0.538,0.425,0.352,3.0,7.5,5.2,14.3,2.1,0.1,17.1,19.3,0.3,0.4,0.8,0.06,-1.9,-0.4,-2.4,-0.1
Greg Grant,grantgr01,"PHI,WSB,DEN",PG,29,31,527,7.7,0.408,0.343,0.061,1.5,6.0,3.7,27.4,2.2,0.3,22.8,11.2,-0.2,0.2,0.0,0.003,-4.0,0.0,-4.0,-0.3
Greg Minor,minorgr01,BOS,SG,24,78,1761,14.0,0.535,0.042,0.203,5.8,10.7,8.2,13.5,1.0,0.4,10.1,18.9,2.3,0.7,3.0,0.082,-0.3,-1.3,-1.6,0.2
Greg Ostertag,ostergr01,UTA,C,22,57,661,13.2,0.505,0.0,0.297,10.9,21.3,16.2,1.1,0.4,7.9,10.8,16.0,0.4,1.1,1.4,0.104,-2.6,0.5,-2.1,0.0
Greg Sutton,suttogr01,"CHO,PHI",PG,28,48,655,10.6,0.531,0.539,0.212,1.4,7.7,4.5,25.7,2.0,0.2,20.7,20.5,0.1,0.1,0.2,0.016,-2.0,-1.7,-3.6,-0.3
Hakeem Olajuwon,olajuha01,HOU,C,33,72,2797,25.5,0.558,0.009,0.367,7.3,24.0,15.9,18.3,2.1,5.3,12.5,31.9,4.5,5.2,9.7,0.166,2.8,2.0,4.9,4.9
Harold Miner,minerha01,CLE,SG,24,19,136,7.6,0.528,0.192,0.25,3.8,8.0,5.9,11.2,0.0,0.0,19.5,26.6,-0.1,0.0,-0.1,-0.029,-5.8,-3.3,-9.1,-0.2
Harvey Grant,grantha01,POR,PF,30,76,2394,10.4,0.487,0.099,0.162,5.6,11.6,8.6,7.3,1.3,1.3,10.1,14.8,0.9,3.1,4.0,0.081,-1.9,1.0,-0.9,0.6
Haywoode Workman,workmha01,IND,PG,30,77,1164,10.2,0.479,0.274,0.282,3.0,10.1,6.7,27.4,3.0,0.3,24.2,15.2,-0.1,1.4,1.4,0.056,-2.5,1.6,-1.0,0.3
Henry James,jameshe01,HOU,PF,30,7,58,9.9,0.573,0.625,0.208,6.0,5.7,5.9,5.7,0.0,0.0,13.2,23.4,0.1,0.0,0.1,0.058,-2.2,-2.6,-4.8,0.0
Herb Williams,willihe01,"TOR,NYK",PF,37,44,571,8.0,0.429,0.026,0.132,3.2,15.2,9.3,7.3,1.3,4.4,12.0,14.9,-0.6,0.9,0.4,0.033,-5.3,1.7,-3.6,-0.2
Hersey Hawkins,hawkihe01,SEA,SG,29,82,2823,16.1,0.603,0.406,0.304,3.8,8.4,6.2,12.5,2.7,0.4,13.4,19.4,5.3,4.2,9.5,0.161,1.9,0.9,2.8,3.4
Horace Grant,grantho01,ORL,PF,30,63,2286,17.9,0.551,0.009,0.306,9.3,20.0,14.8,11.4,1.4,2.4,7.7,16.5,5.0,3.1,8.0,0.169,1.7,0.6,2.3,2.5
Hot Rod Williams,williho01,PHO,C,33,62,1652,12.4,0.501,0.003,0.327,9.2,16.8,13.0,5.5,1.4,4.1,12.0,13.9,1.0,1.7,2.8,0.08,-2.0,0.3,-1.6,0.2
Howard Eisley,eisleho01,UTA,PG,23,65,961,9.3,0.52,0.256,0.318,2.9,7.0,5.0,22.3,1.6,0.3,21.8,16.8,0.2,0.7,1.0,0.048,-3.0,-0.4,-3.4,-0.3
Howard Nathan,nathaho01,ATL,PG,24,5,15,11.3,0.604,0.111,0.444,0.0,0.0,0.0,31.5,10.7,0.0,42.6,56.2,-0.2,0.0,-0.1,-0.37,-11.7,-0.5,-12.2,0.0
Hubert Davis,davishu01,NYK,SG,25,74,1773,14.8,0.633,0.472,0.228,2.4,5.7,4.1,9.6,0.9,0.3,9.2,18.0,4.0,1.6,5.6,0.151,2.3,-0.6,1.7,1.7
Isaiah Rider,rideris01,MIN,SG,24,75,2594,15.6,0.55,0.228,0.245,4.6,9.7,7.1,15.3,0.9,0.7,13.1,26.3,2.6,0.8,3.4,0.063,1.3,-2.2,-0.9,0.7
J.R. Reid,reidjr01,"SAS,NYK",PF,27,65,1313,10.6,0.552,0.003,0.438,6.6,15.4,11.2,5.0,1.7,1.0,17.0,16.2,0.5,2.0,2.5,0.091,-3.9,0.6,-3.2,-0.4
Jack Haley,haleyja01,CHI,C,32,1,7,1.8,0.363,0.0,0.333,16.7,16.6,16.6,0.0,0.0,0.0,12.7,49.6,0.0,0.0,0.0,-0.228,-14.2,-8.2,-22.4,0.0
Jalen Rose,roseja01,DEN,SG,23,80,2134,14.3,0.553,0.179,0.459,2.5,11.6,7.0,37.4,1.3,1.3,24.4,20.1,1.2,1.7,2.9,0.065,0.0,-0.6,-0.6,0.7
Jamal Mashburn,mashbja01,DAL,SF,23,18,669,14.4,0.478,0.266,0.347,5.3,10.3,7.6,13.2,1.1,0.3,11.1,30.9,0.0,0.2,0.2,0.014,1.0,-2.5,-1.5,0.1
James Edwards,edwarja01,CHI,C,40,28,274,3.5,0.403,0.0,0.236,6.4,10.6,8.5,5.9,0.2,2.2,14.7,22.9,-0.5,0.4,-0.2,-0.028,-10.2,-2.0,-12.2,-0.7
James Robinson,robinja02,POR,PG,25,76,1627,10.6,0.512,0.495,0.235,3.1,7.9,5.5,14.7,1.1,0.7,14.9,20.0,0.6,1.7,2.3,0.068,-1.1,-0.3,-1.4,0.3
Jamie Watson,watsoja01,UTA,SF,23,16,217,6.9,0.493,0.163,0.302,2.9,12.1,7.6,15.6,2.0,0.8,25.9,13.9,-0.2,0.2,0.1,0.02,-3.9,1.0,-2.9,0.0
Jaren Jackson,jacksja01,HOU,SG,28,4,33,1.5,0.323,0.625,1.25,0.0,10.1,5.1,0.0,1.6,0.0,0.0,16.9,-0.1,0.0,0.0,-0.049,-10.2,-2.0,-12.2,-0.1
Jason Caffey,caffeja01,CHI,PF,22,57,545,7.9,0.474,0.006,0.42,10.9,12.8,11.9,6.3,1.2,1.0,20.0,19.4,-0.4,0.8,0.4,0.038,-6.1,-1.1,-7.1,-0.7
Jason Kidd,kiddja01,DAL,PG,22,81,3034,17.8,0.468,0.306,0.256,6.5,13.3,9.6,41.5,2.9,0.6,18.6,24.3,1.7,2.6,4.3,0.068,2.3,-0.3,2.0,3.0
Jayson Williams,willija01,NJN,PF,27,80,1858,16.4,0.462,0.011,0.412,19.8,28.0,23.8,4.4,1.0,2.3,12.0,20.8,0.9,3.0,3.8,0.099,-1.0,-2.0,-3.1,-0.5
Jeff Hornacek,hornaje01,UTA,SG,32,82,2588,19.1,0.619,0.253,0.33,3.0,6.8,5.0,21.2,2.2,0.6,11.2,20.1,7.9,2.4,10.2,0.19,3.8,0.5,4.4,4.2
Jeff Malone,malonje01,"PHI,MIA",SG,34,32,510,8.8,0.449,0.083,0.166,1.8,7.4,4.5,9.0,1.6,0.0,9.6,20.1,-0.3,0.1,-0.2,-0.022,-4.2,-1.3,-5.5,-0.4
Jeff Turner,turneje01,ORL,PF,33,13,192,3.6,0.453,0.529,0.039,6.2,10.7,8.5,4.4,0.5,0.4,17.5,14.8,-0.2,0.1,-0.1,-0.015,-5.9,-2.3,-8.2,-0.3
Jeff Webster,webstje01,WSB,SF,24,11,58,7.0,0.391,0.261,0.0,4.1,9.9,7.1,7.7,3.5,0.0,11.5,20.0,-0.1,0.1,0.0,-0.03,-4.8,-0.2,-4.9,0.0
Jerome Allen,allenje01,MIN,SG,23,41,362,7.8,0.447,0.314,0.343,1.7,6.6,4.1,20.8,3.0,1.1,22.0,19.0,-0.5,0.3,-0.3,-0.033,-4.3,-0.2,-4.6,-0.2
Jerome Kersey,kerseje01,GSW,SF,33,76,1620,13.1,0.452,0.034,0.294,10.8,15.0,12.9,10.9,2.9,2.0,11.7,17.2,0.6,1.8,2.4,0.071,-1.8,1.0,-0.9,0.5
Jerry Reynolds,reynoje01,MIL,SF,33,19,191,11.2,0.45,0.189,0.396,8.2,13.1,10.6,9.5,4.2,2.4,20.4,18.7,-0.3,0.2,0.0,-0.002,-2.3,2.7,0.4,0.1
Jerry Stackhouse,stackje01,PHI,SG,21,72,2701,14.8,0.525,0.268,0.475,3.7,7.7,5.7,19.0,1.5,2.1,16.0,26.0,0.8,0.4,1.2,0.021,0.7,-1.7,-1.0,0.7
Jim Jackson,jacksji01,DAL,SG,25,82,2820,16.6,0.538,0.255,0.32,5.9,9.7,7.6,14.3,0.8,0.5,11.3,24.9,4.8,0.6,5.4,0.092,1.8,-2.1,-0.3,1.2
Jim McIlvaine,mcilvji01,WSB,C,23,80,1195,9.7,0.476,0.0,0.724,6.6,15.8,11.3,1.2,0.9,9.9,15.8,8.5,-0.1,1.9,1.8,0.074,-3.9,3.1,-0.8,0.4
Jimmy King,kingji02,TOR,SG,22,62,868,9.9,0.483,0.133,0.302,5.9,9.2,7.6,15.6,1.2,1.1,17.2,17.7,-0.1,0.1,0.0,0.0,-2.7,-2.1,-4.8,-0.6
Joe Courtney,courtjo01,CLE,PF,26,23,200,7.0,0.443,0.0,0.514,15.7,16.9,16.3,7.2,1.5,2.7,28.4,15.1,-0.2,0.2,0.0,0.0,-7.1,-0.9,-8.0,-0.3
Joe Dumars,dumarjo01,DET,PG,32,67,2193,13.7,0.579,0.498,0.329,1.6,5.8,3.8,20.4,1.1,0.1,12.4,17.0,4.3,1.7,6.0,0.131,1.7,-0.5,1.1,1.7
Joe Kleine,kleinjo01,PHO,C,34,56,663,6.8,0.456,0.041,0.148,6.4,16.5,11.5,9.7,1.0,0.7,17.1,14.6,-0.3,0.4,0.1,0.007,-5.4,-0.8,-6.1,-0.7
Joe Smith,smithjo02,GSW,PF,20,82,2821,17.2,0.523,0.027,0.383,12.1,17.2,14.6,4.6,1.5,3.4,10.3,20.6,4.1,2.7,6.8,0.116,0.3,-1.0,-0.7,0.9
Joe Wolf,wolfjo01,"CHO,ORL",PF,31,64,1065,8.8,0.528,0.023,0.11,5.5,14.8,10.2,8.7,0.7,0.3,13.2,13.5,0.6,0.9,1.5,0.067,-4.2,-0.6,-4.8,-0.8
John Amaechi,amaecjo01,CLE,PF,25,28,357,3.1,0.456,0.0,0.471,4.8,14.8,9.7,4.1,1.0,2.7,28.7,16.8,-0.9,0.4,-0.6,-0.075,-8.3,-0.9,-9.1,-0.6
John Coker,cokerjo01,PHO,C,24,5,11,37.3,0.8,0.0,0.0,21.4,0.0,10.5,21.2,0.0,6.8,0.0,20.2,0.1,0.0,0.1,0.36,11.6,1.9,13.5,0.0
John Crotty,crottjo01,CLE,PG,26,58,617,13.0,0.59,0.237,0.632,4.2,7.5,5.8,26.9,2.1,0.9,25.9,16.1,0.8,0.5,1.3,0.101,-1.5,0.2,-1.3,0.1
John Salley,sallejo01,"TOR,CHI",PF,31,42,673,10.0,0.521,0.0,0.607,8.0,16.6,12.3,11.5,1.5,3.1,23.7,15.2,0.0,0.7,0.6,0.045,-4.1,0.8,-3.3,-0.2
John Starks,starkjo01,NYK,SG,30,81,2491,14.2,0.555,0.468,0.206,1.5,9.5,5.6,20.8,2.2,0.3,14.5,20.2,2.3,3.4,5.7,0.11,0.2,0.8,1.0,1.9
John Stockton,stockjo01,UTA,PG,33,82,2915,21.9,0.642,0.275,0.345,2.3,7.1,4.8,49.1,2.6,0.4,20.7,18.7,10.1,2.9,13.0,0.214,6.0,0.7,6.8,6.4
Johnny Newman,newmajo01,MIL,SG,32,82,2690,11.5,0.592,0.25,0.357,3.0,6.2,4.6,8.8,1.8,0.4,12.6,14.6,3.7,0.7,4.4,0.079,-1.2,-0.1,-1.4,0.4
Jon Barry,barryjo01,GSW,SG,26,68,712,14.9,0.638,0.503,0.2,2.7,7.5,5.1,18.5,2.4,1.1,17.3,14.9,1.4,0.4,1.8,0.122,2.0,0.8,2.8,0.9
Jon Koncak,koncajo01,ORL,C,32,67,1288,7.1,0.507,0.051,0.326,5.8,18.5,12.3,5.3,1.1,2.5,17.0,8.5,0.3,1.6,2.0,0.073,-4.8,1.2,-3.5,-0.5
Jud Buechler,buechju01,CHI,SF,27,74,740,14.1,0.552,0.372,0.091,7.1,10.4,8.7,11.1,2.4,0.7,13.4,17.3,1.0,1.2,2.3,0.148,0.8,1.0,1.7,0.7
Junior Burrough,burroju01,BOS,PF,23,61,495,9.0,0.448,0.0,0.547,9.9,14.8,12.3,4.6,1.5,1.4,15.9,21.8,-0.6,0.4,-0.2,-0.018,-5.5,-2.0,-7.5,-0.7
Juwan Howard,howarju01,WSB,PF,22,81,3294,17.0,0.53,0.009,0.284,6.9,16.5,11.8,18.7,1.0,0.8,15.2,27.0,2.5,3.1,5.6,0.082,0.6,-1.0,-0.4,1.3
Karl Malone,malonka01,UTA,PF,32,82,3113,26.0,0.575,0.026,0.466,7.1,24.2,15.8,20.6,2.4,1.5,9.8,29.8,9.9,5.3,15.1,0.233,5.6,1.4,7.0,7.1
Keith Askins,askinke01,MIA,SF,28,75,1897,10.0,0.55,0.606,0.146,7.1,12.7,9.9,9.8,1.3,2.5,16.5,11.9,1.6,2.8,4.4,0.111,-0.8,1.8,1.0,1.4
Keith Tower,towerke01,LAC,C,25,34,305,7.5,0.491,0.014,0.361,8.5,11.6,10.1,2.4,0.7,2.7,16.1,14.5,0.0,0.1,0.1,0.014,-4.9,-1.4,-6.3,-0.3
Ken Norman,normake01,ATL,SF,31,34,770,13.4,0.517,0.308,0.176,5.9,14.7,10.1,13.8,1.0,1.6,13.5,19.9,0.5,0.6,1.1,0.069,0.0,-1.1,-1.0,0.2
Kendall Gill,gillke01,"CHO,NJN",SG,27,47,1683,15.5,0.545,0.151,0.336,5.0,11.6,8.2,24.6,2.0,1.1,17.9,19.5,2.1,1.1,3.2,0.091,0.9,0.5,1.4,1.4
Kenny Anderson,anderke01,"NJN,CHO",PG,25,69,2344,19.5,0.534,0.307,0.405,3.0,7.1,5.0,40.4,2.5,0.5,12.9,21.4,6.1,1.6,7.7,0.158,4.1,0.2,4.3,3.7
Kenny Gattison,gattike01,VAN,PF,31,25,570,10.7,0.51,0.0,0.411,7.0,16.8,11.7,4.6,0.9,1.5,15.1,21.2,-0.3,0.5,0.1,0.012,-4.1,-1.4,-5.5,-0.5
Kenny Smith,smithke01,HOU,PG,30,68,1617,12.5,0.568,0.513,0.228,1.5,5.1,3.4,23.2,1.5,0.1,16.4,17.0,2.0,0.8,2.9,0.085,-0.3,-1.3,-1.6,0.2
Kevin Duckworth,duckwke01,MIL,C,31,8,58,-2.7,0.27,0.0,0.429,4.2,10.8,7.4,4.8,1.8,0.0,10.7,14.7,-0.2,0.0,-0.1,-0.11,-13.2,-2.1,-15.3,-0.2
Kevin Edwards,edwarke01,NJN,SG,30,34,1007,9.8,0.461,0.267,0.215,1.5,6.8,4.1,12.1,2.8,0.5,13.7,21.5,-0.6,1.1,0.5,0.022,-2.8,0.7,-2.1,0.0
Kevin Gamble,gamblke01,"MIA,SAC",SF,30,65,1325,8.4,0.482,0.301,0.127,1.9,7.9,5.0,12.1,1.4,0.5,9.7,15.1,0.5,1.3,1.8,0.064,-2.9,0.4,-2.5,-0.2
Kevin Garnett,garneke01,MIN,SF,19,80,2293,15.8,0.522,0.038,0.203,9.1,17.0,13.1,10.6,1.9,4.4,12.1,17.6,1.8,2.6,4.4,0.092,0.1,0.9,1.0,1.7
Kevin Johnson,johnske02,PHO,PG,29,56,2007,22.8,0.617,0.085,0.591,2.5,10.2,6.4,41.5,2.1,0.5,16.7,22.6,6.9,1.3,8.2,0.195,4.5,0.3,4.7,3.4
Kevin Pritchard,pritcke01,WSB,PG,28,2,22,25.6,0.81,0.333,1.0,0.0,10.5,5.3,44.3,4.7,0.0,0.0,8.8,0.1,0.0,0.2,0.384,5.7,6.3,11.9,0.1
Kevin Willis,willike02,"MIA,GSW",PF,33,75,2135,11.7,0.496,0.013,0.284,11.4,23.1,17.3,4.2,0.8,1.5,16.7,20.1,-0.7,2.9,2.2,0.05,-3.5,-1.3,-4.8,-1.5
Khalid Reeves,reevekh01,"CHO,NJN",PG,23,51,833,11.1,0.53,0.401,0.361,2.5,8.6,5.5,22.1,2.3,0.3,19.3,17.4,0.5,0.6,1.1,0.064,-2.8,0.0,-2.9,-0.2
Kurt Thomas,thomaku01,MIA,PF,23,74,1655,13.5,0.533,0.004,0.325,8.8,21.8,15.5,4.9,1.5,1.7,13.5,19.9,0.8,3.0,3.8,0.11,-2.6,0.8,-1.8,0.1
LaPhonso Ellis,ellisla01,DEN,SF,25,45,1269,12.1,0.474,0.051,0.343,8.4,20.9,14.7,9.6,1.5,1.9,14.3,20.4,-0.5,1.5,1.0,0.039,-3.2,0.1,-3.1,-0.3
LaSalle Thompson,thompla01,PHI,C,34,44,773,6.2,0.454,0.0,0.289,9.0,21.0,14.9,5.1,1.3,1.9,28.3,7.5,-0.3,0.5,0.2,0.013,-6.0,0.2,-5.8,-0.7
Lamond Murray,murrala01,LAC,SF,22,77,1816,11.1,0.513,0.202,0.23,5.8,10.6,8.1,7.1,1.7,1.0,14.6,18.2,0.3,0.9,1.2,0.032,-1.4,-1.0,-2.4,-0.2
Larry Johnson,johnsla02,CHO,PF,26,81,3274,19.8,0.563,0.149,0.46,9.0,16.4,12.7,18.0,0.9,1.0,11.0,22.9,8.8,1.3,10.1,0.149,3.9,-1.1,2.8,3.9
Larry Sykes,sykesla01,BOS,PF,22,1,2,0.0,,,,54.7,57.4,56.0,0.0,0.0,0.0,100.0,21.5,0.0,0.0,0.0,-0.397,-10.9,-6.9,-17.7,0.0
Latrell Sprewell,sprewla01,GSW,SG,25,78,3064,15.9,0.527,0.235,0.371,4.6,9.7,7.1,17.7,2.1,1.1,13.7,23.0,3.6,1.9,5.5,0.086,1.3,-0.6,0.7,2.1
Lawrence Moten,motenla01,VAN,SG,23,44,573,15.7,0.52,0.223,0.304,7.1,5.3,6.2,17.4,2.7,1.1,13.6,25.8,0.1,0.4,0.6,0.047,0.9,-0.3,0.6,0.4
LeRon Ellis,ellisle02,MIA,C,26,12,74,1.6,0.264,0.0,0.273,8.1,4.6,6.3,8.1,1.4,3.2,10.9,17.0,-0.2,0.1,-0.1,-0.081,-7.5,-1.3,-8.8,-0.1
Ledell Eackles,eacklle01,WSB,SG,29,55,1238,12.5,0.553,0.34,0.313,4.3,9.7,7.0,10.2,1.2,0.2,11.7,17.6,1.6,0.8,2.4,0.094,0.3,-1.0,-0.7,0.4
Lee Mayberry,maybele01,MIL,PG,25,82,1705,11.2,0.536,0.519,0.187,1.5,5.1,3.2,26.1,2.0,0.5,18.4,13.0,1.7,0.5,2.1,0.06,-0.4,-0.5,-0.9,0.5
Lindsey Hunter,hunteli01,DET,PG,25,80,2138,11.2,0.499,0.46,0.191,2.6,8.2,5.5,14.7,2.2,0.7,10.5,17.0,1.3,2.6,3.9,0.089,-0.8,1.1,0.3,1.2
Lionel Simmons,simmoli01,SAC,SF,27,54,810,11.6,0.492,0.235,0.346,5.8,14.9,10.4,15.9,2.0,1.9,16.9,16.3,0.2,0.8,1.1,0.062,-1.1,0.8,-0.3,0.3
Logan Vander Velden,vandelo01,LAC,SF,24,15,31,1.8,0.286,0.357,0.286,3.8,19.7,11.6,4.6,0.0,0.0,0.0,22.7,-0.1,0.0,-0.1,-0.124,-8.9,-5.0,-13.9,-0.1
Loren Meyer,meyerlo01,DAL,C,23,72,1266,9.4,0.484,0.033,0.309,8.7,18.6,13.2,6.7,0.8,1.8,15.2,14.5,0.2,0.8,1.1,0.041,-5.2,-0.7,-5.9,-1.3
Lorenzo Williams,willilo01,DAL,C,26,65,1806,9.6,0.404,0.005,0.327,12.5,18.3,15.1,6.4,1.3,4.7,24.2,7.4,-0.1,1.8,1.7,0.045,-4.3,1.2,-3.0,-0.5
Lou Roe,roelo01,DET,SF,23,49,372,9.0,0.432,0.1,0.356,10.1,15.0,12.7,6.5,1.5,1.7,14.0,15.5,-0.1,0.5,0.4,0.053,-3.1,0.1,-3.0,-0.1
Loy Vaught,vaughlo01,LAC,PF,27,80,2966,16.7,0.551,0.017,0.189,8.1,24.9,16.4,6.3,1.5,1.0,11.8,20.1,3.4,2.9,6.3,0.102,0.1,-1.0,-0.9,0.8
Luc Longley,longllu01,CHI,C,27,62,1641,11.9,0.515,0.0,0.205,7.4,15.2,11.3,10.6,0.7,3.9,17.2,17.8,0.7,2.8,3.5,0.101,-2.9,1.3,-1.6,0.2
Lucious Harris,harrilu01,DAL,SG,25,61,1016,15.5,0.553,0.315,0.219,3.9,9.2,6.3,12.9,1.7,0.2,9.6,19.7,1.8,0.4,2.1,0.101,0.9,-0.7,0.2,0.6
Magic Johnson,johnsma02,LAL,PF,36,32,958,21.1,0.612,0.197,0.684,5.0,17.0,11.1,34.1,1.4,1.0,21.2,22.7,2.6,1.1,3.6,0.181,4.7,0.5,5.2,1.8
Mahmoud Abdul-Rauf,abdulma02,DEN,PG,26,57,2029,18.6,0.535,0.324,0.164,1.5,6.4,3.9,34.7,1.6,0.1,10.1,25.1,4.4,1.1,5.5,0.131,3.5,-1.6,1.9,1.9
Malik Sealy,sealyma01,LAC,SF,25,62,1601,13.8,0.484,0.153,0.281,5.6,12.5,9.0,11.6,2.7,1.3,13.3,23.7,-0.2,1.4,1.2,0.036,-1.6,-0.2,-1.9,0.1
Mario Bennett,bennema01,PHO,SF,22,19,230,13.3,0.515,0.016,0.656,10.7,13.9,12.3,3.9,2.5,3.6,11.8,18.1,0.2,0.3,0.5,0.098,-3.4,0.8,-2.6,0.0
Mario Elie,eliema01,HOU,SF,32,45,1385,14.6,0.612,0.356,0.322,3.9,8.6,6.3,15.4,1.7,0.6,12.6,15.1,2.8,1.0,3.8,0.133,0.9,0.4,1.3,1.2
Mark Bryant,bryanma01,HOU,PF,30,71,1587,13.1,0.583,0.004,0.397,9.6,15.3,12.5,5.2,1.0,0.9,14.0,17.3,2.1,1.4,3.6,0.107,-2.5,-1.1,-3.7,-0.7
Mark Davis,davisma02,MIN,SF,22,57,571,10.9,0.47,0.087,0.779,11.7,14.5,13.1,12.6,3.6,2.9,25.4,20.8,-0.8,0.8,-0.1,-0.005,-4.2,1.0,-3.2,-0.2
Mark Jackson,jacksma01,IND,PG,30,81,2643,15.9,0.568,0.238,0.305,3.2,11.0,7.3,37.4,2.0,0.2,22.1,15.8,4.6,2.6,7.2,0.13,2.5,0.2,2.7,3.1
Mark Macon,maconma01,DET,PG,26,23,287,9.5,0.515,0.224,0.164,4.4,4.9,4.6,9.2,2.9,0.0,11.1,13.4,0.2,0.4,0.5,0.092,-3.0,2.2,-0.9,0.1
Mark Price,pricema01,WSB,PG,31,7,127,10.3,0.435,0.5,0.167,0.9,5.5,3.2,21.3,2.4,0.0,13.4,26.2,-0.1,0.1,0.0,-0.011,-1.4,-1.1,-2.5,0.0
Mark West,westma01,DET,C,35,47,682,7.2,0.514,0.0,0.357,9.0,14.4,11.8,1.4,0.5,4.3,19.4,12.7,-0.1,1.0,0.8,0.059,-5.7,0.9,-4.8,-0.5
Marques Bragg,braggma01,MIN,PF,25,53,369,9.8,0.475,0.0,0.342,12.3,13.3,12.8,3.6,2.4,1.7,15.8,19.7,-0.3,0.3,0.1,0.012,-4.6,-1.0,-5.6,-0.3
Martin Lewis,lewisma01,TOR,SF,20,16,189,11.2,0.528,0.117,0.417,9.4,8.9,9.1,2.5,2.2,1.2,16.5,19.8,0.0,0.1,0.0,0.011,-3.3,-2.8,-6.1,-0.2
Marty Conlon,conloma01,MIL,C,28,74,958,12.2,0.526,0.092,0.336,7.3,15.5,11.3,11.7,1.1,0.9,17.4,21.7,0.1,0.5,0.6,0.028,-2.3,-1.2,-3.5,-0.4
Matt Bullard,bullama01,ATL,PF,28,46,460,11.5,0.509,0.444,0.123,4.4,11.3,7.7,6.4,2.0,1.9,12.3,19.0,0.2,0.4,0.6,0.065,-1.4,-0.3,-1.6,0.0
Matt Fish,fishma01,"NYK,DEN",C,26,18,134,16.5,0.586,0.0,0.528,8.7,9.5,9.1,10.2,1.2,3.8,6.3,15.9,0.3,0.1,0.4,0.154,-0.1,1.1,1.0,0.1
Matt Geiger,geigema01,CHO,C,26,77,2349,14.2,0.573,0.012,0.308,10.2,23.6,16.8,4.1,1.0,2.0,15.3,17.2,2.4,1.9,4.3,0.088,-1.8,-1.1,-2.9,-0.5
Melvin Booker,bookeme01,HOU,PG,23,11,131,6.2,0.401,0.38,0.22,0.9,6.8,3.9,24.5,2.0,0.5,18.0,22.9,-0.3,0.1,-0.2,-0.065,-7.3,-2.5,-9.8,-0.3
Michael Adams,adamsmi01,CHO,PG,33,21,329,16.1,0.579,0.494,0.422,1.8,6.4,4.1,30.4,3.3,0.9,20.3,17.0,0.6,0.2,0.8,0.117,1.6,1.2,2.8,0.4
Michael Cage,cagemi01,CLE,C,34,82,2631,14.1,0.561,0.003,0.232,14.3,22.7,18.4,3.3,1.9,2.7,11.0,9.4,4.1,4.0,8.1,0.148,-0.4,0.2,-0.2,1.2
Michael Curry,currymi01,"WSB,DET",SG,27,46,783,9.4,0.56,0.329,0.385,4.3,8.6,6.6,5.6,1.7,0.2,11.3,12.9,0.8,0.8,1.6,0.1,-2.4,0.9,-1.5,0.1
Michael Finley,finlemi01,PHO,SF,22,82,3212,14.0,0.551,0.191,0.331,5.1,8.3,6.7,13.9,1.4,0.7,10.6,17.3,5.0,1.3,6.3,0.095,0.6,-0.8,-0.2,1.5
Michael Jordan,jordami01,CHI,SG,32,82,3090,29.4,0.582,0.141,0.355,5.6,14.9,10.2,21.2,3.1,1.0,8.4,33.3,14.2,6.2,20.4,0.317,8.3,2.2,10.5,9.8
Michael Smith,smithmi02,SAC,PF,23,65,1384,14.2,0.565,0.004,0.744,11.9,20.6,16.3,12.3,1.7,2.5,18.6,12.3,1.4,1.7,3.1,0.108,-0.4,1.2,0.8,1.0
Micheal Williams,willimi02,MIN,PG,29,9,189,6.9,0.504,0.075,0.825,1.9,12.7,7.3,24.0,1.4,1.2,29.7,18.2,-0.2,0.1,-0.1,-0.021,-6.3,-0.8,-7.1,-0.2
Mike Brown,brownmi01,PHI,C,32,9,162,7.3,0.554,0.0,1.063,9.7,16.8,13.2,2.8,1.0,0.9,20.4,8.1,0.1,0.1,0.1,0.037,-4.4,-1.7,-6.1,-0.2
Mike Peplowski,peplomi01,"WSB,MIL",C,25,7,17,9.8,0.554,0.0,0.6,7.1,22.0,14.4,11.3,3.1,9.1,24.0,22.4,0.0,0.0,0.0,0.036,-12.4,4.9,-7.4,0.0
Mitch Richmond,richmmi01,SAC,SG,30,81,2946,19.2,0.591,0.376,0.359,2.1,8.5,5.3,15.9,2.2,0.5,12.2,26.9,7.2,2.1,9.3,0.151,3.9,-0.4,3.5,4.1
Mitchell Butler,butlemi02,WSB,SG,25,61,858,7.4,0.446,0.262,0.362,4.1,12.0,8.1,11.1,2.4,1.0,20.1,17.3,-1.2,1.0,-0.2,-0.01,-4.7,0.6,-4.1,-0.5
Monty Williams,willimo01,"NYK,SAS",SF,24,31,184,8.4,0.443,0.015,0.294,12.9,12.0,12.4,6.8,1.7,0.8,19.0,23.4,-0.3,0.3,-0.1,-0.018,-5.9,-1.5,-7.5,-0.3
Mookie Blaylock,blaylmo01,ATL,PG,28,81,2893,18.9,0.529,0.555,0.151,4.3,9.5,6.8,27.6,3.9,0.5,13.6,21.5,5.4,3.6,9.0,0.149,3.8,1.5,5.3,5.4
Muggsy Bogues,boguemu01,CHO,PG,31,6,77,10.6,0.415,0.063,0.125,9.3,1.6,5.5,35.1,1.4,0.0,26.2,13.4,0.0,0.0,0.0,0.02,0.1,-3.0,-2.9,0.0
Nate McMillan,mcmilna01,SEA,PG,31,55,1261,12.9,0.537,0.508,0.172,4.0,15.1,9.8,22.5,3.9,1.1,22.7,11.7,1.0,2.7,3.7,0.141,-0.4,4.2,3.7,1.8
Nick Anderson,anderni01,ORL,SG,28,77,2717,16.5,0.562,0.476,0.265,4.0,13.5,8.9,15.6,2.3,1.2,12.3,19.1,4.2,3.3,7.4,0.131,2.3,0.6,2.9,3.4
Nick Van Exel,vanexni01,LAL,PG,24,74,2513,15.9,0.528,0.424,0.215,1.4,6.9,4.2,30.7,1.4,0.3,13.0,21.4,4.2,1.6,5.7,0.109,2.3,-1.8,0.6,1.6
Olden Polynice,polynol01,SAC,C,31,81,2441,15.8,0.543,0.004,0.248,12.1,24.1,18.1,4.1,1.1,2.0,12.3,18.6,2.5,2.8,5.3,0.105,-0.4,-1.3,-1.7,0.2
Oliver Miller,milleol01,TOR,PF,25,76,2516,16.2,0.55,0.014,0.278,8.3,18.3,13.3,14.2,2.2,4.3,18.5,19.2,1.3,2.4,3.8,0.072,-0.9,0.9,0.0,1.2
Otis Thorpe,thorpot01,DET,PF,33,82,2841,15.7,0.573,0.005,0.424,9.3,19.6,14.6,10.1,1.0,1.1,16.2,20.3,3.5,4.1,7.6,0.128,-0.4,0.1,-0.4,1.2
P.J. Brown,brownpj01,NJN,C,26,81,2942,12.6,0.5,0.019,0.332,7.9,13.2,10.5,9.3,1.4,2.6,12.7,15.6,2.0,3.3,5.3,0.087,-1.3,0.7,-0.5,1.1
Patrick Ewing,ewingpa01,NYK,C,33,76,2783,20.9,0.516,0.019,0.317,6.9,26.9,17.1,11.2,1.3,5.1,11.8,31.5,0.6,6.1,6.8,0.116,0.3,1.3,1.6,2.5
Pervis Ellison,ellispe01,BOS,C,28,69,1431,13.1,0.527,0.0,0.397,11.5,24.1,17.7,6.3,1.4,4.8,19.5,12.9,0.6,1.9,2.6,0.086,-2.5,1.2,-1.3,0.3
Pete Chilcutt,chilcpe01,HOU,PF,27,74,651,12.5,0.525,0.547,0.145,9.1,17.8,13.6,6.0,1.5,1.5,10.4,14.7,0.6,0.8,1.4,0.101,-0.4,-0.7,-1.1,0.1
Pete Myers,myerspe01,"MIA,CHO",SG,32,71,1092,8.4,0.459,0.235,0.494,3.8,11.4,7.6,20.1,1.6,1.2,21.2,15.9,-0.5,1.1,0.6,0.026,-3.4,0.5,-2.8,-0.2
Pooh Richardson,richapo01,LAC,PG,29,63,2013,14.5,0.517,0.369,0.158,2.1,7.5,4.7,25.9,2.0,0.5,11.8,17.8,3.0,0.8,3.8,0.091,0.9,-0.9,0.0,1.0
Popeye Jones,jonespo01,DAL,PF,25,68,2322,13.4,0.486,0.053,0.181,10.8,23.6,16.6,8.8,1.2,0.8,12.1,16.2,1.7,1.9,3.7,0.076,-1.9,-0.8,-2.7,-0.4
Rafael Addison,addisra01,CHO,SF,31,53,516,9.6,0.489,0.055,0.133,5.8,15.6,10.6,9.2,0.9,1.3,13.4,17.7,0.0,0.2,0.2,0.019,-3.9,-1.0,-4.9,-0.4
Randolph Childress,childra01,POR,PG,23,28,250,6.7,0.468,0.595,0.342,0.5,8.2,4.3,19.1,1.7,0.3,23.6,20.8,-0.3,0.3,0.0,-0.009,-4.9,-0.5,-5.4,-0.2
Randolph Keys,keysra01,MIL,SF,29,69,816,10.8,0.511,0.341,0.207,6.0,12.8,9.4,12.0,2.1,1.3,12.7,14.6,0.7,0.6,1.2,0.072,-2.0,0.7,-1.3,0.1
Randy Brown,brownra02,CHI,PG,27,68,671,11.2,0.436,0.057,0.24,3.0,8.5,5.7,15.1,4.5,1.4,12.7,16.0,0.0,1.5,1.5,0.105,-4.3,4.0,-0.2,0.3
Randy Woods,woodsra01,DEN,PG,25,8,72,9.5,0.415,0.955,0.091,4.8,4.8,4.8,24.8,4.3,1.0,17.9,17.3,0.0,0.1,0.1,0.038,-1.7,3.3,1.5,0.1
Rasheed Wallace,wallara01,WSB,PF,21,65,1788,11.8,0.53,0.145,0.212,6.2,13.6,10.0,7.3,1.2,2.2,14.3,18.0,0.6,1.8,2.3,0.063,-1.6,0.2,-1.4,0.3
Rastko Cvetković,cvetkra01,DEN,C,25,14,48,2.1,0.282,0.063,0.25,9.6,16.9,13.2,9.6,2.2,1.5,14.5,19.3,-0.2,0.1,-0.1,-0.118,-9.8,-1.3,-11.0,-0.1
Reggie Jordan,jordare01,ATL,PG,28,24,247,17.1,0.536,0.0,0.535,10.6,14.5,12.4,19.2,2.6,2.2,17.8,19.4,0.3,0.3,0.6,0.118,0.3,1.1,1.4,0.2
Reggie Miller,millere01,IND,SG,30,76,2621,20.1,0.625,0.385,0.467,1.9,8.1,5.1,17.2,1.6,0.4,12.8,25.8,8.3,2.0,10.3,0.188,5.1,-0.4,4.7,4.5
Reggie Slater,slatere01,"POR,DEN,DAL",PF,25,11,72,9.5,0.515,0.0,0.259,6.1,17.6,11.6,5.3,1.4,3.1,23.0,23.5,-0.2,0.1,-0.1,-0.043,-5.8,-0.5,-6.3,-0.1
Reggie Williams,willire01,DEN,SF,31,52,817,8.4,0.444,0.35,0.154,3.5,13.8,8.6,14.1,2.2,1.9,15.8,17.6,-0.7,0.9,0.3,0.016,-4.8,1.1,-3.6,-0.3
Rex Chapman,chapmre01,MIA,SG,28,56,1865,13.0,0.539,0.496,0.166,1.4,7.5,4.5,15.4,1.3,0.4,9.8,19.7,2.3,1.9,4.2,0.108,0.7,0.1,0.8,1.3
Rex Walters,waltere01,"NJN,PHI",SG,25,44,610,12.8,0.544,0.446,0.351,2.4,8.1,5.2,28.4,2.1,0.5,19.4,15.5,0.7,0.2,0.9,0.068,-1.0,-0.5,-1.5,0.1
Rich Manning,manniri01,VAN,PF,25,29,311,7.6,0.449,0.009,0.124,5.8,15.2,10.4,4.2,0.5,1.5,12.5,20.0,-0.4,0.2,-0.2,-0.035,-6.0,-2.0,-8.0,-0.5
Richard Dumas,dumasri02,PHI,PF,26,39,739,11.3,0.515,0.044,0.345,6.4,9.2,7.7,10.3,3.0,0.6,17.3,17.1,0.0,0.4,0.3,0.021,-3.1,0.2,-2.9,-0.2
Rick Fox,foxri01,BOS,SF,26,81,2588,16.1,0.547,0.293,0.274,6.7,13.0,9.7,22.6,2.2,1.1,17.2,20.9,3.0,2.2,5.1,0.095,1.2,0.2,1.3,2.2
Rick Mahorn,mahorri01,NJN,C,37,50,450,7.5,0.421,0.008,0.385,7.4,19.8,13.4,5.7,1.6,2.2,17.4,16.8,-0.5,0.6,0.1,0.011,-6.1,0.5,-5.6,-0.4
Ricky Pierce,piercri01,IND,SG,36,76,1404,14.8,0.542,0.176,0.347,3.7,8.3,6.0,12.7,2.2,0.3,12.0,25.3,1.8,1.3,3.1,0.107,-0.7,0.1,-0.6,0.5
Rik Smits,smitsri01,IND,C,29,63,1901,19.0,0.569,0.006,0.328,8.1,20.0,14.2,11.4,0.6,1.9,13.5,28.6,2.9,2.1,5.0,0.127,1.0,-0.5,0.5,1.2
Robert Churchwell,churcro01,GSW,SG,23,4,20,1.2,0.375,0.0,0.0,0.0,17.4,8.6,8.0,0.0,0.0,20.0,21.8,-0.1,0.0,-0.1,-0.166,-7.8,-2.9,-10.6,0.0
Robert Horry,horryro01,HOU,SF,25,71,2634,13.7,0.537,0.53,0.195,4.3,13.2,8.9,16.1,2.3,2.9,16.8,16.3,1.5,3.4,4.9,0.089,0.7,1.6,2.3,2.8
Robert Pack,packro01,WSB,PG,26,31,1084,19.3,0.534,0.221,0.41,3.2,11.0,7.2,35.3,2.9,0.1,17.9,26.3,1.5,1.2,2.7,0.121,2.4,-0.4,2.0,1.1
Robert Parish,parisro01,CHO,C,42,74,1086,13.0,0.533,0.0,0.295,9.7,24.4,16.9,4.0,1.0,3.7,15.5,13.4,0.7,1.0,1.7,0.074,-1.0,-0.1,-1.1,0.2
Robert Werdann,werdaro01,NJN,C,25,13,93,13.6,0.517,0.0,0.406,5.8,21.8,13.6,3.9,2.8,2.5,13.7,20.5,0.0,0.2,0.2,0.084,-3.7,1.4,-2.3,0.0
Rod Strickland,stricro02,POR,PG,29,67,2526,19.1,0.519,0.109,0.413,4.0,9.3,6.7,43.4,2.0,0.5,17.4,25.4,3.8,3.3,7.1,0.136,2.9,0.3,3.1,3.2
Rodney Rogers,rogerro01,LAC,SF,24,67,1950,13.5,0.537,0.239,0.281,6.8,10.9,8.8,13.5,2.0,1.3,16.7,19.8,1.1,1.2,2.3,0.058,-0.6,-0.5,-1.1,0.5
Ron Grandison,grandro01,"MIA,ATL,NYK",PF,31,28,311,8.5,0.471,0.241,0.431,7.7,13.0,10.4,6.2,2.0,0.5,14.8,11.9,0.0,0.4,0.5,0.076,-2.8,0.8,-2.0,0.0
Ron Harper,harpero01,CHI,PG,32,80,1886,14.4,0.528,0.208,0.277,4.6,8.6,6.6,15.5,2.9,1.3,11.5,14.9,3.0,3.3,6.3,0.161,0.0,2.6,2.6,2.2
Rony Seikaly,seikaro01,GSW,C,30,64,1813,14.2,0.561,0.005,0.496,10.4,21.4,15.8,6.4,1.1,2.8,20.6,20.9,0.5,1.8,2.3,0.061,-2.5,-1.0,-3.4,-0.7
Rumeal Robinson,robinru01,POR,PG,29,43,715,11.8,0.507,0.357,0.231,3.0,9.4,6.2,31.0,1.9,0.5,22.8,19.3,0.1,0.9,1.0,0.069,-1.5,0.4,-1.1,0.2
Sam Cassell,cassesa01,HOU,PG,26,61,1682,16.8,0.565,0.319,0.433,3.5,9.0,6.3,27.3,1.6,0.2,16.7,25.1,2.6,1.2,3.9,0.11,1.2,-0.9,0.3,1.0
Sam Mack,macksa01,HOU,SF,25,31,868,13.1,0.545,0.47,0.16,2.4,10.2,6.4,14.3,1.3,0.7,8.4,17.4,1.2,0.6,1.9,0.103,-0.4,-1.2,-1.6,0.1
Sam Mitchell,mitchsa01,MIN,SF,32,78,2145,13.0,0.566,0.029,0.471,6.0,12.9,9.5,5.7,1.2,0.9,10.4,17.2,3.1,1.1,4.3,0.095,-1.2,-1.0,-2.2,-0.1
Sam Perkins,perkisa01,SEA,PF,34,82,2169,15.4,0.537,0.455,0.302,5.8,13.8,10.0,8.9,2.0,1.8,8.3,20.3,3.4,3.5,6.9,0.153,1.7,0.4,2.0,2.2
Sasha Danilović,danilsa01,MIA,SG,25,19,542,14.4,0.591,0.424,0.391,2.6,7.1,4.9,14.9,1.5,0.4,14.6,21.2,0.9,0.6,1.5,0.129,1.0,-0.6,0.4,0.3
Scott Brooks,brooksc01,DAL,PG,30,69,716,16.6,0.544,0.212,0.235,1.5,4.8,3.0,23.4,3.0,0.3,11.7,21.3,1.2,0.4,1.6,0.11,0.1,0.4,0.5,0.5
Scott Burrell,burresc01,CHO,SF,25,20,693,13.0,0.57,0.476,0.272,4.5,12.9,8.6,10.5,2.0,1.4,15.7,17.9,0.6,0.4,1.1,0.075,0.0,0.1,0.1,0.4
Scott Skiles,skilesc01,PHI,PG,31,10,236,9.0,0.513,0.596,0.175,0.5,7.5,3.9,25.8,1.5,0.0,20.7,14.7,0.1,0.0,0.1,0.014,-2.2,-2.0,-4.2,-0.1
Scott Williams,willisc01,PHI,PF,27,13,193,10.5,0.583,0.069,0.414,7.6,20.3,13.8,4.1,1.6,2.7,18.9,9.8,0.1,0.1,0.3,0.07,-3.6,0.7,-2.9,0.0
Scottie Pippen,pippesc01,CHI,SF,30,77,2825,21.0,0.551,0.33,0.266,6.3,14.2,10.2,25.2,2.5,1.5,13.2,24.4,7.0,5.3,12.3,0.209,4.6,1.7,6.3,5.9
Sean Elliott,elliose01,SAS,SF,27,77,2901,16.3,0.585,0.348,0.375,2.8,12.1,7.6,11.8,1.2,0.8,13.1,23.4,4.1,3.6,7.7,0.128,1.9,-0.2,1.7,2.7
Sean Higgins,higgise01,PHI,SF,27,44,916,10.4,0.517,0.399,0.115,2.5,9.3,5.8,10.7,1.4,0.9,12.6,18.9,0.2,0.1,0.3,0.014,-1.9,-1.7,-3.6,-0.4
Sean Rooks,rooksse01,"MIN,ATL",C,26,65,1117,13.4,0.567,0.025,0.709,8.6,18.7,13.6,6.7,1.1,2.9,17.6,18.1,0.8,1.0,1.8,0.078,-2.1,-0.4,-2.5,-0.1
Sedale Threatt,threase01,LAL,PG,34,82,1687,13.2,0.535,0.321,0.135,1.4,5.1,3.3,23.7,2.1,0.5,11.7,16.8,2.4,1.3,3.7,0.105,-0.8,0.0,-0.7,0.6
Shaquille O'Neal,onealsh01,ORL,C,23,54,1946,26.4,0.57,0.002,0.495,11.1,24.2,17.8,15.9,0.9,4.4,11.0,32.8,3.9,3.0,6.9,0.171,3.5,0.2,3.7,2.8
Sharone Wright,wrighsh01,"PHI,TOR",C,23,57,1434,15.1,0.53,0.006,0.506,11.7,17.2,14.4,4.8,1.1,2.5,14.8,22.8,0.6,0.7,1.3,0.043,-1.8,-2.1,-3.9,-0.7
Shawn Bradley,bradlsh01,"PHI,NJN",C,23,79,2329,15.7,0.481,0.005,0.282,10.3,20.4,15.2,4.9,1.1,9.4,15.4,21.8,-1.1,4.1,3.0,0.062,-3.2,1.7,-1.4,0.3
Shawn Kemp,kempsh01,SEA,PF,26,79,2631,22.6,0.631,0.013,0.709,13.0,26.9,20.3,11.5,1.8,3.8,20.4,26.2,5.2,6.1,11.2,0.205,1.5,1.3,2.8,3.2
Shawn Respert,respesh01,MIL,SG,23,62,845,10.8,0.488,0.418,0.144,4.0,6.8,5.4,12.7,2.0,0.4,11.9,19.1,0.2,0.3,0.5,0.027,-1.0,-0.9,-1.9,0.0
Sherell Ford,fordsh01,SEA,SF,23,28,139,16.4,0.474,0.313,0.425,10.7,9.7,10.2,6.5,2.9,0.6,5.9,32.4,0.1,0.2,0.4,0.124,-3.8,-1.5,-5.2,-0.1
Sherman Douglas,douglsh01,"BOS,MIL",PG,29,79,2335,14.6,0.57,0.161,0.32,2.8,6.6,4.7,30.0,1.4,0.2,19.9,19.0,2.9,0.4,3.3,0.068,0.8,-1.9,-1.1,0.5
Spud Webb,webbsp01,"ATL,MIN",PG,32,77,1462,14.8,0.551,0.3,0.337,2.0,6.2,4.1,32.1,1.9,0.4,18.2,18.4,2.3,0.7,3.0,0.099,0.9,-1.2,-0.3,0.6
Stacey Augmon,augmost01,ATL,SF,27,77,2294,15.9,0.556,0.005,0.43,6.8,9.0,7.8,10.0,2.5,1.0,13.6,19.9,3.5,2.1,5.6,0.117,0.1,0.3,0.4,1.4
Stacey King,kingst01,MIA,PF,29,15,156,2.0,0.481,0.0,0.222,6.9,10.2,8.6,2.1,2.4,1.0,31.3,16.8,-0.4,0.2,-0.2,-0.054,-9.6,1.4,-8.3,-0.2
Stanley Roberts,roberst01,LAC,C,25,51,795,12.8,0.491,0.0,0.438,6.2,18.5,12.2,8.4,1.0,3.7,11.7,23.0,0.0,0.7,0.7,0.04,-4.4,-0.4,-4.8,-0.6
Stefano Rusconi,ruscost01,PHO,PF,27,7,30,2.4,0.357,0.0,0.556,11.8,11.4,11.6,14.5,0.0,5.0,21.1,21.1,-0.1,0.0,-0.1,-0.104,-11.1,-0.3,-11.4,-0.1
Steve Bardo,bardost01,DET,SG,27,9,123,8.4,0.429,0.174,0.261,2.0,18.9,10.8,19.2,1.8,0.6,16.3,11.9,0.0,0.2,0.2,0.069,-4.4,1.9,-2.6,0.0
Steve Kerr,kerrst01,CHI,PG,30,82,1919,15.2,0.663,0.492,0.174,1.5,5.2,3.3,14.1,1.7,0.1,7.5,12.9,6.0,2.3,8.3,0.208,2.4,1.0,3.4,2.6
Steve Scheffler,schefst01,SEA,C,28,35,181,10.3,0.543,0.111,0.422,10.3,11.2,10.8,1.7,1.7,0.9,13.0,15.1,0.1,0.3,0.4,0.096,-3.0,-0.9,-3.9,-0.1
Steve Smith,smithst01,ATL,SG,26,80,2856,16.6,0.551,0.37,0.337,4.9,8.7,6.7,13.4,1.3,0.5,10.3,23.0,6.4,1.5,7.9,0.133,2.3,-1.3,1.0,2.1
Terrell Brandon,brandte01,CLE,PG,25,75,2570,25.2,0.573,0.214,0.348,2.4,10.6,6.4,38.1,3.0,1.1,10.1,27.6,9.5,3.1,12.7,0.237,6.0,1.5,7.5,6.2
Terrence Rencher,renchte01,"MIA,PHO",PG,22,36,405,6.5,0.441,0.29,0.46,2.7,9.8,6.3,20.4,2.1,0.4,26.3,18.3,-0.7,0.5,-0.2,-0.021,-4.5,0.5,-4.0,-0.2
Terry Cummings,cummite01,MIL,PF,34,81,1777,13.9,0.493,0.012,0.274,11.0,19.9,15.3,8.1,1.7,1.3,9.5,18.6,1.5,1.5,3.0,0.08,-1.6,-0.6,-2.3,-0.1
Terry Davis,daviste01,DAL,PF,28,28,501,10.0,0.532,0.0,0.435,8.3,17.0,12.2,6.2,1.0,0.6,16.3,12.8,0.3,0.3,0.5,0.052,-3.7,-1.0,-4.7,-0.3
Terry Dehere,deherte01,LAC,PG,24,82,2018,16.7,0.612,0.461,0.477,2.4,6.2,4.3,27.3,1.4,0.6,18.7,22.6,4.5,0.5,5.0,0.119,2.7,-1.9,0.8,1.4
Terry Mills,millste01,DET,PF,28,82,1656,15.2,0.517,0.307,0.233,8.2,17.2,12.9,11.0,1.4,1.0,11.6,24.3,1.3,2.4,3.7,0.106,0.3,-0.3,0.0,0.8
Terry Porter,portete01,MIN,PG,32,82,2072,15.4,0.552,0.372,0.344,2.1,10.2,6.1,35.1,2.2,0.6,19.8,18.7,2.3,1.3,3.7,0.085,1.1,-0.7,0.4,1.2
Theo Ratliff,ratlith01,DET,C,22,75,1305,14.0,0.603,0.004,0.522,10.6,16.7,13.8,1.6,0.7,7.1,16.5,12.4,1.6,2.2,3.8,0.141,-1.4,2.0,0.6,0.9
Thomas Hamilton,hamilth01,BOS,C,20,11,70,4.3,0.321,0.0,0.581,15.6,19.7,17.6,2.1,0.0,9.0,18.8,29.5,-0.4,0.1,-0.3,-0.213,-11.3,-3.4,-14.7,-0.2
Tim Breaux,breauti01,HOU,SF,25,54,570,6.2,0.445,0.286,0.28,4.5,7.4,6.0,6.3,1.0,1.0,14.2,16.6,-0.6,0.3,-0.2,-0.021,-4.5,-2.2,-6.7,-0.7
Tim Hardaway,hardati01,"GSW,MIA",PG,29,80,2534,18.7,0.54,0.382,0.307,1.6,8.8,5.2,42.8,2.7,0.5,17.3,23.8,4.7,2.6,7.3,0.139,3.3,-0.1,3.1,3.3
Tim Kempton,kemptti01,ATL,PF,32,3,11,-6.2,,,,0.0,22.4,10.7,12.0,0.0,0.0,100.0,4.1,0.0,0.0,0.0,-0.06,-16.0,2.6,-13.3,0.0
Tim Legler,legleti01,WSB,SG,29,77,1775,15.9,0.688,0.533,0.333,2.0,7.2,4.6,11.3,1.3,0.5,7.9,14.4,5.7,1.1,6.8,0.184,3.1,0.1,3.2,2.3
Tim Perry,perryti01,"PHI,NJN",PF,30,30,254,12.0,0.515,0.123,0.138,9.0,12.1,10.5,5.3,0.8,3.9,12.7,13.7,0.1,0.2,0.3,0.062,-0.8,-0.1,-1.0,0.1
Todd Day,dayto01,"MIL,BOS",SG,26,79,1807,13.5,0.489,0.37,0.351,4.3,9.9,7.0,9.5,2.2,2.0,10.4,25.2,0.4,1.5,1.9,0.049,-0.8,-0.5,-1.3,0.3
Todd Mundt,mundtto01,"ATL,BOS",C,25,33,151,7.0,0.416,0.0,0.195,8.2,13.8,10.9,3.0,0.7,2.5,6.3,14.0,0.0,0.1,0.1,0.035,-5.6,-1.5,-7.1,-0.2
Tom Gugliotta,guglito01,MIN,PF,26,78,2835,16.9,0.54,0.086,0.373,7.4,21.7,14.6,14.4,2.5,2.6,16.7,21.9,1.5,3.7,5.3,0.089,0.0,1.0,1.0,2.1
Tom Hammonds,hammoto01,DEN,PF,28,71,1045,11.2,0.537,0.0,0.429,9.4,15.3,12.3,3.5,1.1,0.9,13.1,15.7,0.9,0.9,1.8,0.081,-2.8,-0.9,-3.8,-0.5
Toni Kukoč,kukocto01,CHI,SF,27,81,2103,20.4,0.589,0.274,0.339,6.4,11.5,8.9,21.0,1.6,1.0,11.2,21.4,6.9,3.2,10.1,0.231,4.6,0.9,5.4,4.0
Tony Dumas,dumasto01,DAL,SG,23,67,1284,15.2,0.505,0.316,0.392,4.4,5.1,4.7,13.5,1.6,0.7,9.1,27.4,1.2,0.4,1.6,0.06,0.3,-1.9,-1.6,0.1
Tony Massenburg,masseto01,"TOR,PHI",PF,28,54,1463,13.0,0.538,0.007,0.363,10.0,18.3,14.1,3.4,1.0,1.0,12.7,17.4,1.2,0.6,1.7,0.057,-1.9,-2.1,-4.0,-0.7
Tony Smith,smithto02,"PHO,MIA",SG,27,59,938,11.7,0.506,0.423,0.168,3.8,7.9,5.9,25.6,2.1,0.8,18.3,17.2,0.4,0.9,1.3,0.065,-1.0,0.0,-1.0,0.2
Tracy Moore,mooretr01,HOU,SG,30,8,190,12.4,0.539,0.395,0.25,6.1,7.0,6.6,5.1,0.5,0.0,8.7,21.9,0.2,0.1,0.3,0.076,-0.6,-3.8,-4.4,-0.1
Tracy Murray,murratr01,TOR,SF,24,82,2458,16.8,0.557,0.328,0.201,5.5,11.6,8.5,9.3,1.8,1.2,10.0,23.7,4.0,0.9,4.9,0.096,2.0,-1.8,0.1,1.3
Travis Best,besttr01,IND,PG,23,59,571,11.5,0.545,0.153,0.552,2.5,7.0,4.8,26.8,1.9,0.4,23.7,21.4,0.2,0.5,0.7,0.057,-1.9,-0.4,-2.2,0.0
Trevor Ruffin,ruffitr01,PHI,PG,25,61,1551,14.8,0.534,0.438,0.281,1.5,8.5,4.9,32.2,1.4,0.1,17.0,25.3,1.2,0.0,1.2,0.037,0.9,-2.9,-2.0,0.0
Trevor Wilson,wilsotr01,PHI,PF,27,6,79,13.2,0.528,0.0,0.2,10.0,10.5,10.2,8.7,2.0,0.0,4.4,12.9,0.1,0.0,0.2,0.098,0.3,-0.3,0.0,0.0
Tyrone Corbin,corbity01,"SAC,MIA",SF,33,71,1284,12.6,0.511,0.051,0.342,7.4,14.7,11.0,10.4,2.5,1.2,14.2,16.2,0.9,1.6,2.5,0.093,-1.7,1.0,-0.7,0.4
Tyrone Hill,hillty01,CLE,PF,27,44,929,14.6,0.544,0.0,0.531,13.2,21.9,17.5,6.4,1.9,1.9,17.0,20.5,0.6,1.4,1.9,0.101,-3.6,-0.7,-4.3,-0.5
Tyus Edney,edneyty01,SAC,PG,22,80,2481,12.7,0.505,0.195,0.341,2.9,6.5,4.7,31.5,1.8,0.1,18.4,18.5,2.0,1.2,3.3,0.064,-0.5,-1.3,-1.8,0.1
Vern Fleming,flemive01,NJN,PG,33,77,1747,11.3,0.49,0.053,0.338,3.0,7.8,5.4,24.6,1.2,0.2,16.9,18.1,0.5,1.1,1.6,0.044,-2.1,-0.9,-2.9,-0.4
Vernon Maxwell,maxweve01,PHI,PG,30,75,2467,13.9,0.508,0.437,0.316,1.8,9.1,5.4,24.7,2.0,0.4,15.2,25.6,0.4,0.5,0.9,0.018,0.0,-1.7,-1.7,0.2
Vin Baker,bakervi01,MIL,PF,24,82,3319,18.4,0.527,0.034,0.335,9.5,20.5,14.9,11.4,1.1,2.1,11.6,25.6,3.7,2.4,6.2,0.089,1.2,-1.1,0.1,1.8
Vincent Askew,askewvi01,SEA,SG,29,69,1725,11.9,0.574,0.197,0.369,4.7,10.0,7.5,14.6,1.4,0.7,15.9,15.6,2.2,2.2,4.3,0.12,-0.5,0.4,-0.1,0.8
Vincenzo Esposito,esposvi01,TOR,PG,26,30,282,5.2,0.495,0.56,0.39,1.7,5.1,3.4,12.5,1.3,0.0,25.0,24.4,-0.6,0.0,-0.6,-0.106,-5.0,-4.4,-9.5,-0.5
Vinny Del Negro,delnevi01,SAS,SG,29,82,2766,15.6,0.564,0.156,0.222,1.5,9.1,5.5,18.3,1.6,0.2,8.6,18.8,5.2,3.2,8.3,0.144,0.4,0.7,1.1,2.2
Vlade Divac,divacvl01,LAL,C,27,79,2470,17.4,0.544,0.022,0.366,9.5,22.2,16.0,16.3,1.6,3.7,17.5,20.6,2.2,4.0,6.1,0.119,-0.2,1.6,1.4,2.1
Voshon Lenard,lenarvo01,MIA,SG,22,30,323,15.9,0.55,0.716,0.305,4.4,14.1,9.4,16.9,1.0,0.2,12.6,25.7,0.5,0.4,0.9,0.135,3.2,-0.7,2.5,0.4
Walt Williams,williwa02,"SAC,MIA",SF,25,73,2169,15.8,0.547,0.363,0.287,5.3,11.7,8.5,18.3,2.0,2.0,14.2,21.7,2.6,2.5,5.1,0.112,1.4,0.7,2.1,2.3
Wayman Tisdale,tisdawa01,PHO,PF,31,63,1152,16.4,0.534,0.0,0.264,5.6,15.7,10.8,9.2,0.7,2.3,9.1,26.8,1.2,0.8,2.0,0.083,-1.5,-1.1,-2.6,-0.2
Wesley Person,persowe01,PHO,SG,24,82,2609,12.6,0.543,0.357,0.219,2.5,11.6,7.1,8.2,1.1,0.6,8.5,17.9,2.9,1.2,4.0,0.074,0.1,-1.2,-1.2,0.6
Will Perdue,perduwi01,SAS,C,30,80,1396,13.7,0.535,0.003,0.378,14.5,23.8,19.3,3.5,1.0,3.8,18.2,15.2,0.7,2.7,3.4,0.118,-2.3,0.6,-1.7,0.1
Willie Anderson,anderwi01,"TOR,NYK",SG,29,76,2060,11.3,0.507,0.182,0.247,2.8,11.4,7.1,15.1,1.9,2.2,16.3,18.9,0.0,1.5,1.4,0.033,-2.4,0.2,-2.2,-0.1
Yinka Dare,dareyi01,NJN,C,23,58,626,6.1,0.479,0.0,0.431,9.6,22.5,15.9,0.0,0.7,4.9,29.6,17.0,-1.4,1.0,-0.5,-0.037,-9.0,0.3,-8.7,-1.0
Šarūnas Marčiulionis,marcisa01,SAC,SG,31,53,1039,16.7,0.599,0.404,0.514,2.2,6.4,4.3,19.5,2.6,0.3,16.8,24.2,1.9,0.7,2.6,0.12,1.6,-0.3,1.3,0.9
Žan Tabak,tabakza01,TOR,C,25,67,1332,12.4,0.554,0.002,0.275,10.4,18.3,14.3,7.6,0.9,1.8,17.9,18.7,0.4,0.6,1.1,0.038,-3.0,-1.5,-4.6,-0.9
