Player,PlayerID,Tms,Pos,Age,G,MP,PER,TS%,3PAr,FTr,ORB%,DRB%,TRB%,AST%,STL%,BLK%,TOV%,USG%,OWS,DWS,WS,WS/48,OBPM,DBPM,BPM,VORP
Aaron McKie,mckieaa01,PHI,SF,31,75,2112,13.9,0.55,0.298,0.192,2.5,11.5,7.1,16.8,2.2,0.9,14.1,16.2,2.5,2.3,4.8,0.108,0.2,1.1,1.3,1.8
Aaron Williams,williaa01,NJN,C,32,72,1337,13.2,0.549,0.009,0.453,8.9,17.0,13.0,10.4,1.4,2.7,17.8,17.5,1.1,2.3,3.4,0.122,-2.4,0.8,-1.6,0.1
Adonal Foyle,foylead01,GSW,C,28,44,572,13.0,0.471,0.0,0.269,10.6,22.3,16.4,4.8,0.6,5.8,12.6,13.4,0.3,0.8,1.1,0.093,-2.3,1.2,-1.1,0.1
Adrian Griffin,griffad01,HOU,SG,29,19,133,4.5,0.278,0.111,0.222,0.9,15.2,8.4,11.6,2.9,1.2,13.2,8.2,-0.2,0.2,0.1,0.031,-6.3,4.4,-1.9,0.0
Al Harrington,harrial01,IND,PF,23,79,2441,14.9,0.514,0.085,0.277,7.8,16.9,12.3,10.3,1.8,0.7,13.8,22.9,1.8,4.1,5.9,0.116,-0.9,0.2,-0.7,0.8
Alan Henderson,hendeal01,ATL,PF,31,6,68,18.2,0.508,0.0,0.286,18.5,16.5,17.5,5.2,0.8,2.2,11.3,17.8,0.1,0.0,0.2,0.109,3.1,-2.1,1.0,0.1
Alex Garcia,garcial01,SAS,SG,23,2,13,-4.7,0.19,0.0,0.286,0.0,0.0,0.0,0.0,8.3,0.0,11.3,31.6,-0.1,0.0,-0.1,-0.319,-14.5,0.9,-13.6,0.0
Allan Houston,houstal01,NYK,SG,32,50,1799,14.8,0.539,0.259,0.22,1.3,6.4,3.9,10.3,1.1,0.1,10.6,24.7,2.5,0.6,3.1,0.083,1.1,-1.6,-0.5,0.7
Allen Iverson,iversal01,PHI,SG,28,48,2040,19.3,0.478,0.177,0.404,2.0,8.2,5.1,34.4,3.1,0.2,13.6,35.3,0.5,2.3,2.8,0.066,2.7,-0.6,2.1,2.1
Alonzo Mourning,mournal01,NJN,C,33,12,215,13.3,0.558,0.0,0.479,4.4,10.4,7.4,6.6,0.5,2.2,10.4,20.9,0.4,0.3,0.6,0.14,-1.6,0.1,-1.4,0.0
Alton Ford,fordal02,HOU,PF,22,9,41,12.4,0.55,0.0,0.545,9.1,21.9,15.8,13.5,0.0,1.9,18.0,19.4,0.0,0.1,0.1,0.117,-2.6,1.9,-0.7,0.0
Alvin Williams,willial02,TOR,SG,29,56,1730,11.4,0.463,0.179,0.171,1.2,8.8,5.0,23.6,1.8,0.4,12.8,17.1,0.3,1.8,2.1,0.058,-2.4,0.6,-1.9,0.0
Amal McCaskill,mccasam01,PHI,C,30,59,636,7.3,0.438,0.009,0.231,9.0,15.6,12.3,5.2,1.0,2.5,16.2,11.4,-0.1,0.7,0.6,0.047,-4.4,0.4,-4.0,-0.3
Amar'e Stoudemire,stoudam01,PHO,PF,21,55,2025,19.8,0.536,0.006,0.503,8.8,19.2,14.0,7.0,1.6,3.3,14.4,27.5,2.4,2.0,4.4,0.105,0.8,-0.7,0.1,1.1
Andre Miller,millean02,DEN,PG,27,82,2838,18.8,0.541,0.069,0.437,5.0,9.7,7.3,29.1,2.6,0.6,16.1,20.7,6.1,2.6,8.8,0.148,2.2,0.4,2.5,3.3
Andrei Kirilenko,kirilan01,UTA,PF,22,78,2895,22.6,0.559,0.216,0.533,9.5,17.5,13.5,15.7,2.9,6.3,15.8,21.9,6.5,5.0,11.6,0.192,5.0,2.9,7.9,7.2
Andrew DeClercq,declean01,ORL,C,30,71,1211,10.6,0.526,0.0,0.277,12.0,17.8,14.8,5.5,2.1,1.9,19.8,10.2,1.1,0.6,1.7,0.069,-3.2,-0.4,-3.6,-0.5
Anfernee Hardaway,hardaan01,"PHO,NYK",SG,32,76,2095,11.8,0.472,0.116,0.203,3.8,11.9,7.9,13.9,1.8,0.7,12.6,18.6,0.6,1.4,2.0,0.046,-1.4,-0.3,-1.7,0.1
Ansu Sesay,sesayan01,SEA,SF,27,57,583,13.0,0.504,0.118,0.258,8.8,9.8,9.3,5.4,1.7,2.6,10.4,17.6,0.6,0.2,0.8,0.065,-1.5,-1.0,-2.5,-0.1
Antawn Jamison,jamisan01,DAL,SF,27,82,2376,21.2,0.581,0.044,0.322,10.4,13.5,11.9,4.7,1.8,0.9,7.2,20.7,8.1,1.0,9.0,0.183,3.3,-1.5,1.7,2.2
Anthony Carter,cartean01,SAS,PG,28,5,87,0.3,0.297,0.081,0.0,2.6,11.4,7.1,23.3,2.5,0.0,24.5,26.0,-0.5,0.2,-0.3,-0.176,-9.9,-1.0,-10.9,-0.2
Anthony Goldwire,goldwan01,"MIN,NJN",PG,32,11,85,8.8,0.379,0.364,0.045,1.4,7.8,4.7,18.9,3.2,0.0,11.8,14.1,0.0,0.1,0.1,0.042,-3.6,2.1,-1.5,0.0
Anthony Johnson,johnsan02,IND,PG,29,73,1598,11.6,0.497,0.297,0.229,2.0,7.6,4.8,21.4,2.2,0.4,14.2,15.6,1.4,2.2,3.6,0.109,-1.6,1.2,-0.4,0.6
Anthony Peeler,peelean01,SAC,SG,34,75,1391,11.8,0.575,0.405,0.175,2.6,9.7,6.2,12.8,2.1,0.5,17.0,14.7,1.4,0.8,2.2,0.076,-0.4,-0.2,-0.5,0.5
Antoine Walker,walkean02,DAL,PF,27,82,2840,15.8,0.475,0.27,0.165,7.4,19.1,13.1,19.4,1.2,1.7,14.3,21.8,2.4,1.5,3.9,0.066,1.3,-0.8,0.5,1.8
Antonio Daniels,daniean01,SEA,PG,28,71,1512,19.7,0.596,0.291,0.462,1.8,9.2,5.5,31.9,1.6,0.3,11.3,16.5,5.8,0.0,5.8,0.184,3.9,-1.0,2.9,1.9
Antonio Davis,davisan01,"TOR,CHI",C,35,80,2570,11.8,0.465,0.0,0.348,8.7,20.4,14.4,9.0,0.8,1.9,13.0,15.5,1.0,2.8,3.8,0.071,-2.1,-0.3,-2.4,-0.3
Antonio McDyess,mcdyean01,"NYK,PHO",PF,29,42,927,12.6,0.486,0.0,0.257,8.7,23.0,15.9,6.5,2.1,1.9,16.0,17.6,0.0,1.2,1.2,0.061,-2.5,0.3,-2.2,-0.1
Austin Croshere,croshau01,IND,PF,28,77,1051,14.4,0.549,0.469,0.339,6.7,20.8,13.7,8.5,1.3,1.0,13.5,18.3,1.6,1.8,3.4,0.156,0.7,0.4,1.1,0.8
Avery Johnson,johnsav01,GSW,PG,38,46,637,11.7,0.454,0.015,0.392,0.5,5.3,2.9,29.1,2.2,0.3,17.9,20.6,-0.2,0.4,0.2,0.016,-2.1,-0.7,-2.8,-0.1
Baron Davis,davisba01,NOH,PG,24,67,2686,20.7,0.492,0.415,0.251,2.7,9.6,6.1,37.9,3.2,0.8,12.1,30.1,4.3,3.2,7.5,0.133,4.7,0.5,5.2,4.8
Ben Handlogten,handlbe01,UTA,C,30,17,172,17.1,0.577,0.0,0.574,15.6,24.2,19.8,6.5,1.0,2.0,14.5,18.6,0.4,0.2,0.6,0.168,-0.4,-1.6,-2.0,0.0
Ben Wallace,wallabe01,DET,C,29,81,3050,17.3,0.441,0.011,0.388,12.5,25.5,19.1,7.7,2.6,6.1,12.3,15.3,1.1,9.1,10.2,0.16,0.2,3.3,3.5,4.3
Bimbo Coles,colesbi01,MIA,PG,35,22,170,1.8,0.382,0.0,0.176,1.4,5.5,3.4,14.2,1.0,0.0,19.7,12.6,-0.2,0.1,-0.1,-0.036,-7.8,-0.7,-8.5,-0.3
Bo Outlaw,outlabo01,MEM,PF,32,82,1606,13.1,0.522,0.013,0.372,8.7,15.4,12.0,8.7,2.4,3.2,16.0,12.1,1.4,2.2,3.6,0.107,-1.0,1.9,0.9,1.2
Bob Sura,surabo01,"DET,ATL",SG,30,80,1663,16.2,0.51,0.163,0.466,6.9,15.3,11.2,24.1,2.0,0.6,15.2,19.0,2.6,2.0,4.6,0.133,0.6,0.5,1.1,1.3
Bobby Jackson,jacksbo01,SAC,SG,30,50,1185,19.2,0.538,0.37,0.184,5.4,11.1,8.3,15.8,2.1,0.5,9.0,26.8,2.3,0.8,3.1,0.124,3.1,-1.0,2.1,1.2
Bobby Simmons,simmobo01,LAC,SF,23,56,1376,12.6,0.488,0.032,0.453,9.4,12.3,10.8,11.5,2.0,0.9,14.0,16.8,1.6,0.4,2.0,0.07,-0.9,-0.7,-1.6,0.1
Bonzi Wells,wellsbo01,"POR,MEM",SG,27,72,1872,13.0,0.476,0.081,0.215,4.8,11.2,7.9,13.6,2.6,0.7,14.8,26.5,-0.9,1.8,0.9,0.023,-2.5,-0.5,-3.0,-0.4
Boris Diaw,diawbo01,ATL,SG,21,76,1919,8.8,0.483,0.083,0.297,6.6,13.5,10.1,14.9,1.6,1.4,26.3,11.4,-0.3,1.1,0.8,0.021,-2.4,0.1,-2.3,-0.2
Boštjan Nachbar,nachbbo01,HOU,SF,23,45,516,8.3,0.477,0.477,0.22,1.9,13.5,8.0,9.8,1.5,2.1,13.7,15.5,0.0,0.8,0.8,0.071,-3.0,1.8,-1.2,0.1
Brad Miller,millebr01,SAC,PF,27,72,2621,19.4,0.579,0.052,0.45,8.5,23.3,16.1,18.5,1.3,2.3,14.1,17.6,7.1,3.0,10.0,0.184,2.0,1.0,3.1,3.4
Brandon Armstrong,armstbr01,NJN,SG,23,56,434,5.5,0.427,0.297,0.023,3.3,8.4,5.8,5.7,1.5,0.4,12.0,21.7,-0.8,0.5,-0.3,-0.03,-5.5,-2.0,-7.5,-0.6
Brandon Hunter,huntebr01,BOS,PF,23,36,406,12.6,0.463,0.026,0.371,14.4,18.8,16.6,7.9,1.6,0.2,14.0,17.6,0.2,0.4,0.6,0.066,-1.1,-1.3,-2.4,0.0
Brendan Haywood,haywobr01,WAS,C,24,77,1484,17.2,0.547,0.003,0.603,13.7,15.6,14.6,5.2,1.1,4.9,14.0,17.0,2.4,1.4,3.8,0.123,-0.2,-0.5,-0.7,0.5
Brent Barry,barrybr01,SEA,SG,32,59,1803,18.3,0.668,0.59,0.258,1.4,11.9,6.7,30.5,2.5,0.7,22.6,15.8,4.9,0.7,5.7,0.151,3.2,0.1,3.2,2.4
Brevin Knight,knighbr01,"PHO,WAS,MIL",PG,28,56,1037,13.6,0.475,0.033,0.264,1.5,10.8,6.1,31.7,4.2,0.1,20.8,14.9,0.5,1.2,1.7,0.078,-2.5,2.2,-0.3,0.4
Brian Cardinal,cardibr01,GSW,PF,26,76,1634,19.4,0.626,0.266,0.582,6.9,15.0,10.9,10.7,2.2,0.9,12.6,18.9,5.5,1.7,7.2,0.212,2.2,1.0,3.2,2.2
Brian Cook,cookbr01,LAL,C,23,35,442,14.0,0.505,0.035,0.199,7.8,18.2,12.9,7.4,1.9,2.7,10.0,17.3,0.5,0.7,1.1,0.122,-2.1,0.9,-1.1,0.1
Brian Grant,grantbr01,MIA,C,31,76,2303,12.1,0.502,0.002,0.179,8.7,17.9,13.3,5.3,1.2,1.2,11.0,15.2,2.1,2.8,4.9,0.101,-1.8,-0.2,-2.0,0.0
Brian Scalabrine,scalabr01,NJN,PF,25,69,928,9.5,0.482,0.188,0.321,5.4,16.6,11.0,11.3,1.2,1.2,14.4,14.7,0.3,1.4,1.7,0.089,-3.2,0.7,-2.6,-0.1
Brian Skinner,skinnbr01,MIL,C,27,56,1577,14.4,0.513,0.0,0.269,8.6,21.0,14.8,5.3,1.0,2.8,12.0,18.7,1.2,1.6,2.7,0.083,-1.1,-0.7,-1.8,0.1
Britton Johnsen,johnsbr01,ORL,C,24,20,290,2.6,0.318,0.203,0.271,5.7,12.0,8.8,6.1,1.3,0.2,17.5,12.5,-0.5,0.0,-0.6,-0.096,-6.1,-1.7,-7.8,-0.4
Bruce Bowen,bowenbr01,SAS,SF,32,82,2624,8.2,0.512,0.422,0.227,1.9,8.8,5.4,6.7,1.7,0.9,14.0,11.3,0.8,4.6,5.4,0.098,-2.6,2.2,-0.5,1.0
Bruno Šundov,sundobr01,"CLE,NYK",C,23,5,33,3.5,0.435,0.0,0.6,6.7,26.8,16.8,6.4,0.0,0.0,19.2,21.3,-0.1,0.0,0.0,-0.046,-9.1,-1.6,-10.7,-0.1
Bryce Drew,drewbr01,NOH,PG,29,15,78,4.5,0.311,0.389,0.167,0.0,9.0,4.4,25.7,2.8,0.0,29.3,16.0,-0.2,0.1,-0.2,-0.095,-5.8,-1.7,-7.5,-0.1
Bryon Russell,russebr01,LAL,SF,33,72,945,11.6,0.53,0.459,0.266,3.8,13.9,8.7,11.4,1.8,0.9,12.0,14.7,1.1,1.1,2.2,0.111,-0.9,0.6,-0.2,0.4
Calbert Cheaney,cheanca01,GSW,SF,32,79,2067,10.6,0.493,0.017,0.133,4.2,10.0,7.1,11.2,1.6,0.4,12.2,15.5,1.0,1.3,2.3,0.054,-2.4,0.1,-2.3,-0.1
Calvin Booth,boothca01,SEA,C,27,71,1206,13.6,0.521,0.007,0.324,8.5,18.8,13.7,3.7,0.8,6.3,12.0,14.4,1.3,0.9,2.2,0.088,-2.2,0.3,-1.8,0.0
Carlos Arroyo,arroyca01,UTA,PG,24,71,2008,16.8,0.517,0.152,0.293,2.5,9.0,5.7,34.6,1.7,0.2,15.2,23.7,3.5,1.2,4.7,0.112,2.0,-1.1,0.9,1.5
Carlos Boozer,boozeca01,CLE,PF,22,75,2592,20.8,0.567,0.007,0.317,9.8,26.8,18.3,10.3,1.5,1.5,11.6,20.0,6.1,3.4,9.4,0.174,2.4,-0.2,2.1,2.7
Carmelo Anthony,anthoca01,DEN,SF,19,82,2995,17.6,0.509,0.146,0.358,6.8,12.1,9.4,13.8,1.7,1.0,12.7,28.5,3.7,2.4,6.1,0.098,1.6,-1.6,0.1,1.6
Caron Butler,butleca01,MIA,SF,23,68,2030,10.7,0.44,0.067,0.279,5.2,13.6,9.4,10.8,2.0,0.5,11.4,18.5,-0.2,2.4,2.1,0.05,-2.9,0.1,-2.9,-0.4
Casey Jacobsen,jacobca01,PHO,SF,22,78,1828,9.6,0.57,0.5,0.308,2.6,10.0,6.3,8.0,1.4,0.4,14.3,11.8,2.1,0.5,2.6,0.068,-1.2,-0.6,-1.8,0.1
Cezary Trybański,trybace01,"PHO,NYK",C,24,7,15,-12.1,0.102,0.0,0.5,0.0,7.6,3.8,0.0,3.6,5.0,29.1,21.0,-0.1,0.0,-0.1,-0.396,-20.9,-1.4,-22.3,-0.1
Charles Oakley,oaklech01,HOU,PF,40,7,25,8.1,0.521,0.0,1.0,0.0,22.4,11.8,13.2,0.0,0.0,10.4,18.4,0.0,0.0,0.1,0.147,-6.3,1.6,-4.7,0.0
Charlie Ward,wardch01,"NYK,SAS",PG,33,71,1252,14.5,0.528,0.528,0.069,1.1,11.9,6.6,29.0,2.7,0.7,19.3,18.4,1.1,1.8,2.9,0.11,0.8,1.5,2.3,1.4
Chauncey Billups,billuch01,DET,PG,27,78,2758,18.6,0.55,0.336,0.462,1.5,10.0,5.8,29.3,1.7,0.2,13.6,23.5,7.1,4.2,11.3,0.198,3.1,0.5,3.6,3.9
Cherokee Parks,parksch02,GSW,C,31,12,64,7.0,0.475,0.0,0.6,7.0,10.6,8.8,2.4,0.0,3.4,13.7,10.5,0.0,0.0,0.1,0.043,-2.7,0.4,-2.3,0.0
Chris Andersen,anderch01,DEN,PF,25,71,1029,14.4,0.486,0.005,0.527,9.6,23.3,16.3,5.1,1.7,7.8,16.1,12.7,0.5,1.9,2.4,0.111,-2.2,2.7,0.4,0.6
Chris Bosh,boshch01,TOR,C,19,75,2510,15.1,0.513,0.02,0.404,8.7,16.9,12.8,5.8,1.3,3.1,11.3,18.3,2.5,3.8,6.2,0.119,-1.2,0.5,-0.8,0.8
Chris Crawford,crawfch01,ATL,PF,28,56,1207,15.8,0.544,0.24,0.253,5.5,10.9,8.2,7.0,1.6,1.2,9.5,21.8,2.2,0.5,2.7,0.107,0.5,-2.0,-1.5,0.1
Chris Jefferies,jeffech01,"TOR,CHI",SF,23,21,195,8.4,0.52,0.583,0.278,2.7,13.8,8.1,7.1,1.1,2.6,19.0,23.0,-0.2,0.2,0.0,0.0,-3.7,-0.6,-4.3,-0.1
Chris Kaman,kamanch01,LAC,C,21,82,1843,9.6,0.502,0.005,0.326,7.7,20.9,14.2,7.7,0.7,2.9,23.8,15.7,-0.9,0.9,0.0,0.001,-3.4,-0.8,-4.2,-1.0
Chris Mihm,mihmch01,"CLE,BOS",C,24,76,1330,14.6,0.531,0.0,0.436,13.5,21.6,17.6,2.7,1.4,3.6,16.5,18.5,1.1,1.8,2.9,0.104,-2.4,-0.6,-3.0,-0.3
Chris Webber,webbech01,SAC,PF,30,23,831,17.2,0.456,0.012,0.271,6.7,20.3,13.6,22.0,1.9,1.7,11.3,28.9,0.1,0.9,1.1,0.061,-0.2,-0.4,-0.6,0.3
Chris Whitney,whitnch01,WAS,PG,32,16,186,10.1,0.498,0.4,0.111,1.8,7.4,4.5,12.5,1.7,0.8,11.3,12.6,0.2,0.1,0.2,0.058,-0.5,0.1,-0.4,0.1
Chris Wilcox,wilcoch01,LAC,C,21,65,1340,15.3,0.557,0.002,0.344,10.5,15.4,13.0,7.0,1.1,1.1,13.7,19.3,2.3,0.3,2.6,0.094,-0.4,-1.8,-2.2,-0.1
Christian Laettner,laettch01,WAS,PF,34,48,984,14.5,0.511,0.082,0.195,5.5,21.3,13.2,15.7,2.0,2.1,13.1,14.4,1.1,1.1,2.3,0.111,-0.7,1.2,0.5,0.6
Chucky Atkins,atkinch01,"DET,BOS",PG,29,64,1544,12.1,0.511,0.498,0.2,0.7,6.2,3.5,24.7,1.5,0.1,14.9,18.5,1.5,1.3,2.7,0.085,-0.3,-0.9,-1.1,0.3
Clarence Weatherspoon,weathcl01,"NYK,HOU",PF,33,52,868,14.6,0.538,0.005,0.341,10.5,16.9,13.8,5.9,1.9,1.3,12.6,15.2,1.2,1.3,2.6,0.141,-0.4,0.7,0.3,0.5
Clifford Robinson,robincl02,GSW,PF,37,82,2846,10.8,0.473,0.332,0.183,2.1,10.6,6.4,16.0,1.3,1.8,14.5,19.3,-0.1,2.1,2.0,0.033,-1.1,0.0,-1.1,0.6
Corey Maggette,maggeco01,LAC,SF,24,73,2628,20.1,0.586,0.228,0.612,4.1,14.6,9.3,15.8,1.3,0.4,13.9,25.2,8.2,0.5,8.6,0.157,3.6,-1.5,2.1,2.7
Corie Blount,blounco01,"CHI,TOR",PF,35,62,1050,11.9,0.462,0.012,0.107,10.1,19.1,14.5,9.0,2.5,1.7,14.0,13.3,0.3,1.6,1.9,0.085,-2.5,1.0,-1.4,0.1
Corliss Williamson,willico02,DET,PF,30,79,1574,14.4,0.546,0.0,0.327,6.6,12.2,9.4,7.2,1.0,1.0,14.1,23.8,1.6,2.5,4.1,0.124,-1.4,-0.1,-1.5,0.2
Curtis Borchardt,borchcu01,UTA,C,23,16,258,7.9,0.454,0.018,0.321,6.2,20.0,13.0,9.8,0.9,4.6,22.0,14.8,-0.2,0.3,0.1,0.026,-4.4,1.4,-3.0,-0.1
Cuttino Mobley,moblecu01,HOU,SG,28,80,3229,14.1,0.535,0.389,0.201,1.5,11.2,6.6,14.7,1.8,0.8,13.3,20.1,3.4,4.3,7.6,0.114,0.5,0.9,1.4,2.8
Dahntay Jones,jonesda02,MEM,SG,23,20,154,2.5,0.311,0.075,0.208,5.1,11.9,8.4,12.0,1.7,2.8,17.2,20.4,-0.5,0.2,-0.4,-0.114,-7.1,-0.6,-7.7,-0.2
Dajuan Wagner,wagneda02,CLE,SG,20,44,708,8.6,0.439,0.281,0.154,1.4,7.7,4.5,12.5,1.9,0.7,11.2,23.3,-0.5,0.4,-0.1,-0.008,-3.6,-1.2,-4.9,-0.5
Dale Davis,davisda01,POR,C,34,76,1682,12.9,0.505,0.0,0.377,11.3,16.8,14.1,6.6,1.4,2.8,10.9,10.3,2.4,1.5,3.9,0.11,-0.7,0.4,-0.3,0.7
Damon Jones,jonesda01,MIL,PG,27,82,2016,14.2,0.516,0.521,0.137,0.8,8.7,4.8,36.7,0.8,0.1,15.6,14.8,3.6,0.3,3.9,0.093,2.0,-1.9,0.0,1.0
Damon Stoudamire,stoudda01,POR,PG,30,82,3118,14.8,0.508,0.419,0.142,2.0,9.7,5.9,27.0,1.8,0.2,14.3,19.2,4.5,1.4,5.9,0.091,1.1,-0.9,0.2,1.7
Damone Brown,brownda02,NJN,PF,24,3,17,-4.3,0.138,0.0,0.2,20.9,13.9,17.4,0.0,6.3,0.0,8.4,32.8,-0.2,0.0,-0.1,-0.345,-10.9,-4.7,-15.7,-0.1
Dan Dickau,dickada01,"ATL,POR",PG,25,43,294,9.0,0.456,0.306,0.143,2.8,7.4,5.1,21.8,3.1,0.0,20.0,20.6,-0.2,0.2,0.0,-0.003,-3.8,0.4,-3.4,-0.1
Dan Gadzuric,gadzuda01,MIL,C,25,75,1260,17.0,0.529,0.003,0.338,11.4,19.8,15.6,3.7,2.1,6.1,10.1,16.0,1.7,2.0,3.7,0.141,-1.0,1.6,0.7,0.8
Dan Langhi,langhda01,"GSW,MIL",SF,26,6,37,1.8,0.437,0.143,0.143,0.0,12.2,6.1,0.0,0.0,0.0,11.8,20.9,-0.1,0.0,-0.1,-0.068,-8.7,-1.2,-9.9,-0.1
Dana Barros,barroda01,BOS,SG,36,1,11,17.8,0.773,0.0,0.667,0.0,0.0,0.0,0.0,0.0,0.0,0.0,16.0,0.1,0.0,0.1,0.256,-1.7,-4.7,-6.4,0.0
Daniel Santiago,santida01,MIL,C,27,54,708,11.2,0.536,0.0,0.552,5.6,15.6,10.6,5.3,1.4,2.2,13.6,15.0,0.6,0.6,1.2,0.083,-2.4,0.5,-1.9,0.0
Danny Fortson,fortsda01,DAL,C,27,56,625,15.9,0.605,0.0,0.662,19.3,24.3,21.8,2.0,1.0,1.3,17.1,15.2,1.9,0.4,2.3,0.177,-1.7,-2.4,-4.0,-0.3
Darius Miles,milesda01,"CLE,POR",SF,22,79,2079,16.1,0.514,0.053,0.256,6.2,13.6,9.9,14.0,1.8,2.1,13.4,21.5,1.9,1.7,3.6,0.083,0.4,0.0,0.4,1.3
Darius Songaila,songada01,SAC,PF,25,73,976,14.6,0.541,0.0,0.322,10.8,15.2,13.1,7.6,2.2,0.9,12.1,16.4,1.7,0.9,2.6,0.129,-0.8,-0.4,-1.2,0.2
Darko Miličić,milicda01,DET,C,18,34,159,6.1,0.318,0.015,0.369,8.1,22.9,15.6,7.5,2.4,7.2,14.7,26.0,-0.6,0.5,-0.2,-0.049,-11.6,1.2,-10.4,-0.3
Darrell Armstrong,armstda01,NOH,PG,35,79,2247,15.6,0.525,0.583,0.196,3.1,8.5,5.7,24.3,3.2,0.5,16.2,19.4,2.8,2.5,5.3,0.114,1.3,1.1,2.4,2.5
Darrick Martin,martida01,MIN,PG,32,16,172,6.1,0.388,0.388,0.134,1.4,3.2,2.3,20.5,0.6,0.4,9.0,21.4,-0.1,0.1,0.0,-0.008,-5.0,-2.2,-7.2,-0.2
Darvin Ham,hamda01,DET,SF,30,54,484,8.3,0.531,0.027,0.467,11.4,10.8,11.1,5.3,1.5,1.3,25.5,11.7,0.1,0.8,0.9,0.087,-3.9,0.8,-3.1,-0.1
David Wesley,wesleda01,NOH,SG,33,61,2001,12.6,0.483,0.356,0.228,1.6,6.2,3.8,16.1,1.9,0.5,10.2,22.4,1.4,1.4,2.8,0.067,-0.8,-0.7,-1.5,0.2
David West,westda01,NOH,PF,23,71,930,15.9,0.519,0.009,0.351,14.0,22.6,18.2,11.1,1.6,2.3,15.4,15.3,1.4,1.3,2.8,0.143,-0.8,0.3,-0.5,0.4
DeSagana Diop,diopde01,CLE,C,22,56,730,10.4,0.404,0.0,0.136,10.9,19.2,15.1,7.1,1.9,5.0,15.7,11.3,-0.1,1.1,1.0,0.063,-3.8,1.7,-2.1,0.0
DeShawn Stevenson,stevede01,"UTA,ORL",SG,22,80,2444,11.6,0.473,0.082,0.234,3.8,10.9,7.3,11.9,1.2,0.6,11.1,20.4,0.8,0.7,1.5,0.029,-1.3,-1.7,-3.0,-0.6
DerMarr Johnson,johnsde03,NYK,SF,23,21,287,11.5,0.511,0.371,0.32,2.0,13.5,7.8,6.4,1.5,1.8,12.6,20.5,0.1,0.3,0.4,0.069,-1.3,-0.6,-1.8,0.0
Derek Anderson,anderde01,POR,SG,29,51,1810,15.1,0.499,0.423,0.307,1.7,10.2,6.0,21.1,2.0,0.1,11.5,20.5,2.7,0.9,3.6,0.097,0.8,-0.5,0.3,1.0
Derek Fisher,fishede01,LAL,SG,29,82,1769,11.5,0.451,0.311,0.266,1.9,7.9,4.9,16.3,3.0,0.2,10.9,18.3,0.4,2.0,2.4,0.066,-2.0,1.1,-0.8,0.5
Derrick Coleman,colemde01,PHI,C,36,34,843,11.6,0.471,0.139,0.251,6.3,20.3,13.4,9.9,1.5,2.4,16.5,19.2,-0.4,1.2,0.8,0.047,-2.5,0.4,-2.1,0.0
Derrick Dial,dialde01,ORL,SG,28,9,86,11.6,0.412,0.321,0.286,6.5,10.8,8.6,3.7,3.7,0.0,3.1,17.1,0.0,0.0,0.1,0.035,-1.9,0.5,-1.5,0.0
Desmond Ferguson,fergude01,POR,SF,26,7,32,11.3,0.505,0.667,0.167,0.0,14.7,7.4,5.5,0.0,0.0,7.2,20.5,0.0,0.0,0.0,0.021,4.1,-2.7,1.4,0.0
Desmond Mason,masonde01,MIL,SF,26,82,2534,15.7,0.552,0.045,0.534,4.2,11.9,8.0,10.2,1.2,0.7,12.1,21.8,4.4,1.2,5.7,0.107,0.5,-0.9,-0.4,1.0
Desmond Penigar,penigde01,ORL,PF,22,10,89,12.9,0.538,0.0,0.143,7.5,23.4,15.3,5.9,1.2,1.6,16.8,18.2,0.0,0.0,0.1,0.049,-3.7,-1.2,-4.8,-0.1
Devean George,georgde01,LAL,SF,26,82,1951,11.5,0.492,0.326,0.168,5.0,14.4,9.6,8.9,2.2,1.4,12.5,16.1,0.8,2.5,3.4,0.083,-1.2,0.7,-0.4,0.8
Devin Brown,brownde02,SAS,SG,25,58,627,13.1,0.512,0.071,0.378,6.9,16.2,11.6,9.0,1.3,0.5,14.3,19.7,0.5,1.2,1.7,0.133,-1.9,0.6,-1.4,0.1
Dikembe Mutombo,mutomdi01,NYK,C,37,65,1494,14.3,0.523,0.0,0.403,11.4,22.2,16.9,2.7,0.6,6.2,13.5,12.5,1.6,2.1,3.8,0.122,-0.9,1.0,0.1,0.8
Dion Glover,glovedi01,"ATL,TOR",SG,25,69,1643,12.2,0.471,0.202,0.265,4.0,14.2,9.2,14.0,1.6,0.9,13.4,21.2,0.1,1.0,1.1,0.032,-1.1,-0.9,-2.1,0.0
Dirk Nowitzki,nowitdi01,DAL,C,25,77,2915,22.5,0.561,0.221,0.323,3.3,22.2,12.5,11.3,1.6,2.6,8.3,24.5,9.0,2.5,11.5,0.19,3.8,0.0,3.8,4.3
Donnell Harvey,harvedo01,"ORL,PHO",PF,23,60,783,10.4,0.503,0.015,0.413,6.9,17.0,11.9,4.3,1.6,2.5,15.9,16.3,0.2,0.5,0.7,0.043,-3.7,-0.3,-4.0,-0.4
Donyell Marshall,marshdo01,"CHI,TOR",PF,30,82,2988,18.9,0.548,0.319,0.178,8.0,23.1,15.5,7.9,1.7,3.0,9.6,19.5,4.9,5.5,10.4,0.167,2.0,0.8,2.7,3.6
Doug Christie,chrisdo01,SAC,SG,33,82,2780,14.0,0.544,0.206,0.25,2.9,10.4,6.7,18.6,2.8,1.0,16.9,14.9,3.4,2.4,5.7,0.099,-0.3,1.1,0.8,2.0
Doug Overton,overtdo01,"NJN,LAC",PG,34,61,1033,7.5,0.433,0.094,0.127,1.7,7.8,4.7,21.7,1.3,0.1,18.3,13.6,-0.2,-0.1,-0.3,-0.016,-3.5,-1.4,-4.9,-0.8
Drew Gooden,goodedr01,ORL,PF,22,79,2134,15.6,0.484,0.051,0.316,8.3,19.3,13.7,7.5,1.5,2.4,11.8,22.7,1.0,0.9,1.9,0.043,-0.8,-1.7,-2.5,-0.2
Dwyane Wade,wadedw01,MIA,PG,22,61,2126,17.6,0.53,0.066,0.391,4.6,9.0,6.8,25.1,2.2,1.3,17.3,25.0,2.2,2.3,4.6,0.103,1.4,0.1,1.4,1.9
Earl Boykins,boykiea01,DEN,SG,27,82,1849,16.2,0.501,0.223,0.211,2.5,6.3,4.4,27.3,1.4,0.1,10.7,22.2,3.3,0.8,4.1,0.105,2.0,-1.5,0.5,1.2
Earl Watson,watsoea01,MEM,PG,24,81,1669,12.8,0.438,0.228,0.297,3.3,8.8,6.0,37.5,2.9,0.8,21.8,18.1,0.1,1.7,1.8,0.052,-1.3,0.3,-1.0,0.4
Eddie Gill,gilled01,POR,PG,25,22,157,13.2,0.558,0.222,0.556,3.1,9.8,6.4,16.2,3.2,0.5,21.1,17.1,0.2,0.1,0.3,0.091,-1.1,1.6,0.5,0.1
Eddie House,houseed01,LAC,SG,25,60,1188,12.0,0.436,0.303,0.1,2.7,10.6,6.6,21.6,2.9,0.2,11.8,19.8,0.2,0.5,0.7,0.027,-1.0,-0.3,-1.3,0.2
Eddie Jones,jonesed02,MIA,SG,32,81,2998,16.7,0.538,0.414,0.288,1.5,10.6,6.0,16.1,1.7,0.9,9.0,22.5,6.2,3.0,9.1,0.146,2.2,0.2,2.5,3.4
Eddie Robinson,robined01,CHI,SF,27,51,1024,11.0,0.497,0.015,0.132,2.8,8.4,5.5,10.3,1.7,0.7,11.5,17.0,0.2,0.6,0.8,0.039,-2.2,-0.3,-2.5,-0.1
Eddy Curry,curryed01,CHI,PF,21,73,2154,14.8,0.538,0.001,0.417,7.1,16.1,11.4,6.2,0.6,2.8,15.1,24.3,1.1,1.8,3.0,0.066,-1.7,-1.1,-2.8,-0.5
Eduardo Nájera,najered01,DAL,SF,27,58,720,11.5,0.483,0.025,0.284,9.9,13.8,11.8,4.7,2.5,2.0,13.7,12.8,0.6,0.5,1.1,0.074,-1.8,0.5,-1.3,0.1
Elden Campbell,campbel01,DET,C,35,65,892,13.8,0.49,0.0,0.395,6.8,20.1,13.6,9.3,1.3,4.3,14.6,22.6,0.1,2.0,2.1,0.115,-3.0,2.0,-1.0,0.2
Elton Brand,brandel01,LAC,PF,24,69,2670,23.2,0.567,0.001,0.542,11.4,19.1,15.2,16.0,1.3,4.2,13.7,23.4,7.9,1.8,9.7,0.174,4.0,0.0,4.0,4.0
Eric Piatkowski,piatker01,HOU,SF,33,49,703,8.7,0.507,0.639,0.084,1.8,10.1,6.1,6.3,1.2,0.5,12.8,15.4,0.1,0.8,0.9,0.061,-1.1,0.2,-0.8,0.2
Eric Snow,snower01,PHI,PG,30,82,2966,13.5,0.494,0.025,0.442,2.5,8.6,5.6,33.0,1.8,0.2,18.0,16.5,3.2,2.3,5.5,0.09,-1.0,-0.3,-1.3,0.5
Eric Williams,willier01,"BOS,CLE",SF,31,71,1886,12.5,0.493,0.212,0.473,3.9,13.0,8.5,10.4,1.9,0.3,10.9,19.3,1.7,1.4,3.1,0.079,-1.8,-0.3,-2.0,0.0
Erick Dampier,dampier01,GSW,C,28,74,2403,20.1,0.573,0.003,0.511,16.1,25.5,20.8,4.3,0.7,4.1,14.1,17.8,5.5,3.4,8.9,0.178,1.3,-0.3,1.0,1.8
Erick Strickland,stricer01,MIL,PG,30,43,571,14.0,0.529,0.337,0.26,2.6,11.5,7.1,25.7,2.4,0.3,19.8,21.6,0.4,0.4,0.8,0.069,-0.1,0.0,-0.1,0.3
Ervin Johnson,johnser02,MIN,C,36,66,965,8.5,0.551,0.01,0.272,7.6,19.2,13.7,3.5,1.5,3.2,20.6,7.1,0.6,1.7,2.3,0.115,-3.7,2.4,-1.3,0.2
Etan Thomas,thomaet01,WAS,C,25,79,1901,16.4,0.538,0.0,0.561,10.5,20.9,15.6,6.4,1.0,4.7,14.7,17.9,2.5,2.1,4.5,0.115,-1.1,0.0,-1.1,0.4
Francisco Elson,elsonfr01,DEN,C,27,62,875,11.2,0.498,0.005,0.226,8.3,18.1,13.1,5.6,2.1,3.1,13.8,12.7,0.6,1.2,1.8,0.097,-3.2,1.4,-1.8,0.0
Frank Williams,willifr02,NYK,PG,23,56,714,10.7,0.478,0.288,0.231,1.3,7.2,4.3,27.7,1.9,0.6,21.6,19.0,-0.1,0.5,0.3,0.023,-2.0,-0.9,-2.9,-0.2
Fred Hoiberg,hoibefr01,MIN,SG,31,79,1804,13.6,0.611,0.449,0.303,1.4,14.8,8.5,9.0,2.0,0.4,9.2,12.5,3.6,2.6,6.1,0.163,0.2,1.9,2.0,1.8
Fred Jones,jonesfr01,IND,SG,24,81,1508,11.8,0.527,0.286,0.479,1.9,8.0,4.9,18.7,2.4,0.9,16.2,14.1,1.7,2.3,4.0,0.126,-1.7,1.9,0.2,0.8
Gary Payton,paytoga01,LAL,PG,35,82,2825,17.3,0.528,0.161,0.246,2.8,11.0,6.9,26.9,1.8,0.5,11.7,20.4,5.3,2.7,8.1,0.137,1.8,0.2,2.0,2.9
Gary Trent,trentga01,MIN,C,29,68,1025,12.9,0.515,0.018,0.277,9.8,14.1,12.0,7.8,0.6,1.2,12.8,19.4,1.1,1.2,2.3,0.106,-2.2,-1.1,-3.2,-0.3
George Lynch,lynchge01,NOH,SF,33,78,1701,9.7,0.472,0.371,0.136,6.3,14.9,10.5,11.3,1.5,0.8,13.9,12.4,0.9,1.6,2.5,0.072,-1.9,0.3,-1.5,0.2
Gerald Wallace,wallage01,SAC,SF,21,37,337,10.6,0.377,0.022,0.27,12.1,12.8,12.4,8.2,2.1,2.9,7.4,14.4,0.0,0.3,0.4,0.052,-2.5,-0.4,-3.0,-0.1
Gilbert Arenas,arenagi01,WAS,PG,22,55,2066,16.0,0.512,0.364,0.347,2.9,11.1,6.9,25.5,2.6,0.4,17.7,27.4,1.1,1.5,2.6,0.061,1.1,-1.0,0.1,1.1
Glen Rice,ricegl01,LAC,SF,36,18,262,7.3,0.395,0.368,0.224,3.9,14.0,8.9,14.6,1.2,0.0,13.5,16.3,-0.1,0.0,-0.1,-0.017,-3.1,-1.3,-4.4,-0.2
Glenn Robinson,robingl01,PHI,SF,31,42,1336,15.0,0.518,0.163,0.223,4.1,12.5,8.3,9.1,1.7,0.5,13.6,27.4,0.3,1.3,1.6,0.056,-0.3,-1.2,-1.5,0.1
Gordan Giriček,giricgo01,"ORL,UTA",SF,26,73,2041,13.2,0.521,0.21,0.218,2.9,10.2,6.4,10.9,1.5,0.6,11.5,20.1,2.2,0.2,2.4,0.056,-0.1,-1.6,-1.6,0.2
Greg Buckner,buckngr01,PHI,SG,27,53,703,7.4,0.439,0.251,0.154,4.7,12.4,8.6,11.0,1.6,0.4,15.4,14.8,-0.3,0.7,0.3,0.024,-3.8,0.3,-3.5,-0.3
Greg Ostertag,ostergr01,UTA,C,30,78,2153,14.3,0.506,0.002,0.446,12.6,20.9,16.7,9.8,0.8,5.5,15.9,13.4,2.3,2.7,5.0,0.111,-0.5,0.9,0.5,1.4
Hedo Türkoğlu,turkohe01,SAS,SF,24,80,2073,14.1,0.516,0.374,0.25,2.8,16.3,9.7,12.5,2.1,1.1,11.6,18.1,2.2,4.5,6.7,0.155,0.1,2.4,2.5,2.3
Hiram Fuller,fullehi01,ATL,PF,22,4,43,3.6,0.376,0.0,0.75,10.6,18.2,14.5,7.3,0.0,1.7,27.3,15.5,-0.1,0.0,-0.1,-0.094,-7.3,-3.1,-10.5,-0.1
Horace Grant,grantho01,LAL,PF,38,55,1106,10.6,0.45,0.004,0.241,8.0,16.0,11.9,9.4,1.1,1.4,10.5,11.2,0.8,1.2,2.0,0.087,-1.2,0.0,-1.3,0.2
Howard Eisley,eisleho01,"NYK,PHO",PG,31,67,1457,12.4,0.469,0.361,0.197,1.6,8.5,5.1,30.1,2.0,0.3,16.7,18.5,0.9,0.8,1.7,0.055,-0.9,-0.7,-1.5,0.2
Hubert Davis,davishu01,"DET,NJN",SG,33,17,78,-2.3,0.168,0.091,0.182,3.0,9.1,6.1,7.4,1.4,0.0,20.2,8.9,-0.2,0.1,-0.1,-0.062,-10.0,0.5,-9.5,-0.1
Ime Udoka,udokaim01,LAL,SF,26,4,28,6.7,0.372,0.111,0.444,4.0,16.4,10.1,10.9,3.7,2.6,21.8,22.1,-0.1,0.1,0.0,-0.073,-6.7,1.7,-5.0,0.0
Ira Newble,newblir01,CLE,SF,29,64,1245,6.7,0.429,0.069,0.167,5.8,8.0,6.9,8.9,1.1,1.1,15.4,12.6,-0.4,0.5,0.1,0.004,-3.4,-1.0,-4.5,-0.8
J.R. Bremer,bremejr01,"CLE,GSW",PG,23,36,443,6.2,0.354,0.468,0.127,2.3,6.7,4.5,18.1,2.1,0.6,12.6,19.4,-0.7,0.3,-0.5,-0.053,-4.3,-0.9,-5.2,-0.4
Jabari Smith,smithja01,SAC,C,26,31,168,9.2,0.406,0.043,0.286,7.6,13.2,10.5,10.4,0.6,2.5,8.2,23.1,-0.1,0.1,0.0,-0.005,-5.4,-2.2,-7.7,-0.2
Jacque Vaughn,vaughja01,ATL,PG,28,71,1271,8.0,0.44,0.072,0.245,1.1,9.2,5.2,24.5,1.8,0.1,21.5,14.0,-0.5,0.4,0.0,-0.002,-4.4,-0.6,-5.0,-1.0
Jahidi White,whiteja01,"WAS,PHO",C,27,62,865,11.8,0.532,0.0,0.663,12.7,21.7,17.2,1.3,1.5,4.4,21.2,16.3,0.1,1.0,1.2,0.064,-4.5,-0.2,-4.7,-0.6
Jake Tsakalidis,tsakaja01,MEM,C,24,40,533,12.5,0.532,0.0,0.459,7.8,19.5,13.6,5.5,0.9,3.0,12.6,15.5,0.6,0.6,1.2,0.105,-2.4,0.2,-2.2,0.0
Jake Voskuhl,voskuja01,PHO,C,26,66,1606,11.2,0.577,0.0,0.603,8.7,15.7,12.2,5.4,1.4,1.2,16.9,12.8,2.3,1.0,3.3,0.097,-2.7,-0.3,-2.9,-0.4
Jalen Rose,roseja01,"CHI,TOR",PG,31,66,2497,12.4,0.485,0.212,0.243,1.5,10.7,6.1,25.5,1.1,0.6,16.5,24.1,-0.7,2.2,1.5,0.029,-1.4,-1.2,-2.6,-0.4
Jamaal Magloire,magloja01,NOH,C,25,82,2777,16.5,0.551,0.001,0.581,10.7,24.4,17.4,5.5,0.8,2.8,16.5,20.0,3.9,3.7,7.6,0.131,-0.9,-0.7,-1.6,0.3
Jamaal Tinsley,tinslja01,IND,PG,25,52,1378,16.4,0.541,0.559,0.181,2.4,9.4,5.8,37.7,3.3,0.9,21.6,17.5,1.9,2.5,4.4,0.154,1.7,1.8,3.5,1.9
Jamal Crawford,crawfja01,CHI,SG,23,80,2811,15.9,0.486,0.395,0.182,1.7,9.5,5.5,27.5,2.1,0.8,11.9,25.7,1.9,2.1,4.1,0.069,1.9,-0.5,1.4,2.4
Jamal Mashburn,mashbja01,NOH,SF,31,19,730,14.7,0.457,0.168,0.201,2.9,15.7,9.1,13.3,1.0,0.5,7.9,29.4,0.1,0.6,0.7,0.048,0.2,-1.7,-1.5,0.1
Jamal Sampson,sampsja01,LAL,C,20,10,130,15.0,0.513,0.0,0.522,19.7,25.6,22.6,7.9,0.8,2.3,17.5,11.8,0.2,0.2,0.4,0.156,-1.1,-0.9,-2.0,0.0
James Jones,jonesja02,IND,SF,23,6,26,4.9,0.354,0.444,0.222,0.0,9.2,4.5,0.0,2.1,0.0,0.0,17.9,0.0,0.0,0.0,0.01,-3.4,-0.5,-3.9,0.0
James Posey,poseyja01,MEM,SG,27,82,2451,18.8,0.614,0.377,0.435,4.2,14.5,9.3,8.4,2.9,1.2,10.9,18.9,6.8,3.2,10.0,0.195,2.3,1.4,3.7,3.5
Jamison Brewer,breweja01,IND,PG,23,13,160,6.6,0.425,0.4,0.171,1.5,6.7,4.1,17.3,2.4,0.0,21.0,14.1,-0.2,0.2,0.0,0.014,-3.3,1.8,-1.5,0.0
Jannero Pargo,pargoja01,"LAL,TOR,CHI",PG,24,31,479,11.5,0.491,0.312,0.136,1.8,6.9,4.3,27.2,1.4,0.9,18.2,24.3,-0.2,0.3,0.1,0.006,-1.7,-1.7,-3.4,-0.2
Jared Jeffries,jeffrja01,WAS,PF,22,82,1913,8.7,0.426,0.064,0.365,10.3,14.7,12.4,8.1,1.3,1.1,16.4,15.1,-0.6,1.2,0.6,0.014,-3.6,-1.0,-4.6,-1.2
Jarron Collins,collija03,UTA,C,25,81,1732,11.1,0.587,0.003,0.888,8.3,14.5,11.3,7.5,0.8,0.9,16.1,13.1,3.1,1.1,4.2,0.117,-1.7,-0.3,-2.0,0.0
Jarvis Hayes,hayesja01,WAS,SF,22,70,2044,9.4,0.456,0.188,0.141,3.8,10.9,7.2,9.3,1.8,0.4,13.0,18.4,-0.6,1.1,0.5,0.012,-3.0,-1.0,-4.0,-1.1
Jason Collier,collija02,ATL,C,26,20,545,14.6,0.558,0.024,0.515,7.6,15.4,11.5,5.5,1.1,1.5,13.3,19.5,0.9,0.3,1.2,0.105,-1.7,-1.9,-3.6,-0.2
Jason Collins,collija04,NJN,C,25,78,2220,10.0,0.497,0.005,0.479,7.6,13.6,10.6,10.8,1.6,1.9,17.3,11.9,1.4,3.5,4.9,0.105,-2.9,1.3,-1.5,0.3
Jason Hart,hartja01,SAS,PG,25,53,660,12.3,0.497,0.057,0.27,1.7,11.5,6.7,20.1,2.3,0.6,14.0,14.5,0.6,1.3,1.9,0.139,-2.8,3.0,0.2,0.4
Jason Kapono,kaponja01,CLE,SF,22,41,427,10.2,0.519,0.341,0.186,4.9,9.3,7.1,5.3,1.6,0.3,13.1,16.8,0.3,0.2,0.5,0.056,-1.5,-1.1,-2.6,-0.1
Jason Kidd,kiddja01,NJN,PG,30,67,2450,19.7,0.485,0.306,0.26,4.1,16.5,10.3,44.8,2.7,0.4,16.7,24.6,2.8,4.4,7.2,0.141,3.4,1.3,4.7,4.2
Jason Richardson,richaja01,GSW,SG,23,78,2936,16.8,0.504,0.213,0.294,4.7,15.4,10.1,14.5,1.6,1.0,11.9,25.8,2.6,2.7,5.2,0.085,1.1,-0.6,0.5,1.9
Jason Terry,terryja01,ATL,PG,26,81,3018,16.2,0.519,0.352,0.217,1.9,10.6,6.3,26.6,2.2,0.4,14.9,23.2,3.6,1.5,5.1,0.08,1.4,-1.1,0.3,1.7
Jason Williams,willija02,MEM,PG,28,72,2115,16.9,0.517,0.511,0.137,1.3,6.6,3.9,38.3,2.3,0.2,15.2,19.0,3.9,1.4,5.4,0.122,3.3,-0.8,2.4,2.3
Jeff Foster,fosteje01,IND,C,27,82,1961,16.2,0.578,0.011,0.425,14.8,22.0,18.4,5.5,2.0,1.1,12.3,11.8,4.4,3.8,8.3,0.202,0.8,0.5,1.3,1.6
Jeff McInnis,mcinnje01,"POR,CLE",SG,29,70,2365,15.1,0.511,0.17,0.191,1.6,6.9,4.3,30.7,1.7,0.2,12.9,18.2,4.1,0.8,4.9,0.099,0.6,-1.0,-0.5,0.9
Jeff Trepagnier,trepaje01,DEN,SG,24,11,96,2.3,0.308,0.105,0.158,7.0,10.7,8.8,6.4,1.6,0.0,12.9,21.3,-0.3,0.1,-0.2,-0.122,-6.3,-3.6,-9.9,-0.2
Jelani McCoy,mccoyje01,CLE,C,26,2,12,-3.8,,,,9.2,27.7,18.4,0.0,0.0,0.0,100.0,3.7,0.0,0.0,0.0,-0.044,-11.4,-1.3,-12.7,0.0
Jermaine O'Neal,onealje01,IND,PF,25,78,2788,21.1,0.489,0.013,0.329,8.1,25.0,16.5,12.3,1.2,5.5,10.1,30.2,2.7,6.3,9.0,0.155,1.1,1.3,2.4,3.1
Jerome Beasley,beaslje01,MIA,PF,23,2,5,5.9,0.333,0.0,0.0,0.0,23.6,11.7,0.0,0.0,0.0,0.0,28.2,0.0,0.0,0.0,-0.117,-1.8,-3.4,-5.2,0.0
Jerome James,jamesje01,SEA,C,28,65,990,11.3,0.535,0.0,0.386,9.4,18.0,13.7,5.3,1.1,4.6,21.3,18.0,0.1,0.6,0.7,0.036,-4.6,-0.1,-4.7,-0.7
Jerome Williams,willije01,"TOR,CHI",PF,30,68,1637,14.7,0.522,0.024,0.461,11.7,20.6,16.1,7.3,2.9,0.4,15.5,13.3,1.8,2.5,4.3,0.127,-0.8,1.2,0.4,1.0
Jerry Stackhouse,stackje01,WAS,SF,29,26,774,13.2,0.494,0.202,0.321,2.3,11.6,6.8,25.1,1.6,0.3,19.4,26.0,-0.2,0.4,0.2,0.013,-1.2,-2.5,-3.7,-0.3
Jim Jackson,jacksji01,HOU,SF,33,80,3119,12.2,0.54,0.45,0.141,2.1,15.6,9.2,12.8,1.5,0.6,15.5,17.3,2.2,4.4,6.6,0.102,-0.4,1.0,0.6,2.1
Jiří Welsch,welscji01,BOS,SG,24,81,2179,12.6,0.531,0.296,0.337,3.2,12.2,7.8,14.0,2.4,0.2,15.5,17.4,1.7,1.9,3.6,0.08,-1.1,0.1,-0.9,0.6
Joe Johnson,johnsjo02,PHO,SG,22,82,3331,13.9,0.491,0.211,0.18,2.7,10.5,6.6,18.6,1.4,0.6,12.5,21.6,2.2,1.1,3.3,0.047,0.1,-1.4,-1.3,0.6
Joe Smith,smithjo02,MIL,PF,28,76,2254,16.6,0.51,0.007,0.34,11.6,20.8,16.2,5.6,1.1,3.0,9.2,18.0,4.0,2.3,6.3,0.134,0.3,-0.7,-0.4,0.9
Joel Przybilla,przybjo01,"MIL,ATL",C,24,17,347,6.7,0.385,0.0,0.62,10.5,25.5,18.1,2.9,0.8,3.6,22.0,10.7,-0.3,0.4,0.1,0.007,-6.0,-1.1,-7.1,-0.4
John Salmons,salmojo01,PHI,SG,24,77,1603,10.6,0.485,0.353,0.221,2.8,11.5,7.2,14.5,2.1,0.8,14.4,15.6,0.4,1.7,2.1,0.064,-1.7,0.9,-0.8,0.5
John Wallace,wallajo01,MIA,SF,29,37,368,11.6,0.486,0.09,0.276,3.8,15.1,9.3,7.2,0.7,1.7,12.9,23.9,-0.1,0.4,0.3,0.039,-1.8,-0.8,-2.6,-0.1
Jon Barry,barryjo01,DEN,SG,34,57,1101,14.6,0.535,0.465,0.239,2.5,10.2,6.3,20.6,2.7,0.5,13.9,15.2,1.7,1.1,2.8,0.122,0.8,1.2,2.0,1.1
Jonathan Bender,bendejo01,IND,SF,23,21,271,15.7,0.584,0.208,0.443,3.9,13.7,8.7,6.5,1.0,3.1,20.7,27.8,0.1,0.4,0.5,0.087,-0.8,-0.7,-1.5,0.0
Josh Davis,davisjo02,ATL,PF,23,4,23,2.1,0.46,0.4,0.2,5.0,19.5,12.3,0.0,0.0,0.0,26.9,14.7,0.0,0.0,0.0,-0.075,-8.1,-2.1,-10.2,0.0
Josh Howard,howarjo01,DAL,SF,23,67,1589,15.7,0.485,0.124,0.259,9.9,15.4,12.6,8.8,2.2,2.5,10.2,18.2,2.3,1.2,3.5,0.104,0.2,-0.2,-0.1,0.8
Juan Dixon,dixonju01,WAS,SG,25,71,1478,13.5,0.476,0.311,0.218,2.2,9.2,5.6,17.5,2.9,0.2,13.0,24.0,0.3,1.1,1.4,0.044,-1.0,-0.4,-1.4,0.2
Jumaine Jones,jonesju01,BOS,SG,24,42,373,7.6,0.438,0.458,0.24,7.5,13.2,10.4,5.9,1.7,1.9,15.2,15.2,-0.2,0.3,0.1,0.019,-2.9,-0.4,-3.4,-0.1
Juwan Howard,howarju01,ORL,PF,30,81,2877,15.6,0.513,0.001,0.336,6.6,16.1,11.2,10.0,1.0,0.6,11.7,23.9,3.6,0.0,3.6,0.059,-0.3,-2.5,-2.9,-0.6
Jérôme Moïso,moisoje01,TOR,PF,25,35,417,12.3,0.506,0.012,0.452,11.3,20.0,15.6,3.4,2.3,2.1,19.9,14.6,0.0,0.8,0.8,0.09,-3.4,0.8,-2.6,-0.1
Kaniel Dickens,dickeka01,POR,PF,25,3,12,23.1,0.902,0.0,0.667,20.0,0.0,9.9,0.0,0.0,0.0,20.5,19.3,0.0,0.0,0.0,0.18,2.0,-2.5,-0.5,0.0
Kareem Rush,rushka01,LAL,SG,23,72,1244,10.4,0.505,0.319,0.12,1.8,7.1,4.4,7.8,1.4,1.2,9.5,18.2,0.5,1.0,1.5,0.056,-1.7,-0.5,-2.2,0.0
Karl Malone,malonka01,LAL,PF,40,42,1373,17.8,0.555,0.003,0.563,5.0,25.6,15.1,19.1,1.9,1.1,17.1,19.7,2.1,2.2,4.3,0.151,1.1,1.7,2.8,1.7
Kedrick Brown,brownke01,"BOS,CLE",SF,22,55,969,12.5,0.543,0.39,0.106,4.8,12.1,8.5,10.8,1.6,0.5,9.8,13.7,1.4,0.6,2.0,0.1,0.3,0.2,0.5,0.6
Keith Bogans,boganke01,ORL,SF,23,73,1787,11.0,0.499,0.412,0.227,6.6,13.7,10.1,8.7,1.4,0.4,13.1,14.5,1.3,0.0,1.3,0.034,-0.5,-2.0,-2.4,-0.2
Keith McLeod,mcleoke01,MIN,PG,24,33,391,8.1,0.436,0.122,0.524,1.5,8.0,5.0,21.6,2.2,0.2,22.3,15.7,-0.2,0.5,0.2,0.028,-4.7,0.6,-4.1,-0.2
Keith Van Horn,vanhoke01,"NYK,MIL",SF,28,72,2340,17.8,0.564,0.258,0.321,7.4,17.1,12.3,9.2,1.5,1.0,14.1,23.6,4.1,2.2,6.3,0.129,1.8,-0.6,1.2,1.9
Kelvin Cato,catoke01,HOU,PF,29,69,1743,13.2,0.495,0.0,0.394,10.9,20.5,16.0,6.9,1.6,4.2,16.6,13.9,1.1,3.5,4.6,0.127,-2.0,2.4,0.4,1.1
Kendall Gill,gillke01,CHI,SG,35,56,1411,11.1,0.443,0.069,0.248,4.6,10.3,7.4,11.4,2.4,0.8,12.0,21.9,-0.9,1.3,0.4,0.013,-2.8,-0.1,-2.8,-0.3
Kendrick Perkins,perkike01,BOS,C,19,10,35,22.8,0.58,0.0,0.6,16.7,28.9,22.9,17.4,0.0,4.4,20.9,31.1,0.1,0.0,0.1,0.145,0.2,0.5,0.7,0.0
Kenny Anderson,anderke01,IND,PG,33,44,905,11.1,0.473,0.016,0.188,2.5,8.2,5.3,24.2,1.6,0.4,15.3,17.1,0.4,1.1,1.5,0.079,-2.3,0.6,-1.7,0.1
Kenny Thomas,thomake01,PHI,PF,26,74,2699,15.9,0.527,0.006,0.397,11.5,21.1,16.4,7.7,1.7,1.0,15.3,19.6,2.9,3.7,6.6,0.118,-0.2,-0.5,-0.7,0.9
Kenyon Martin,martike01,NJN,PF,26,65,2252,18.7,0.528,0.028,0.327,7.0,25.3,16.2,13.7,2.3,2.8,14.0,25.0,1.5,5.1,6.7,0.142,0.1,1.8,1.9,2.2
Keon Clark,clarkke01,UTA,PF,28,2,27,8.8,0.333,0.0,0.0,4.5,28.0,16.1,6.1,2.1,0.0,0.0,10.3,0.0,0.0,0.0,0.058,-2.1,1.2,-0.9,0.0
Kerry Kittles,kittlke01,NJN,SG,29,82,2842,14.7,0.526,0.288,0.142,2.3,11.2,6.8,12.9,2.4,1.1,8.5,18.4,3.1,4.5,7.6,0.128,0.4,1.2,1.6,2.6
Kevin Garnett,garneke01,MIN,PF,27,82,3231,29.4,0.547,0.027,0.289,9.1,30.0,20.1,24.4,2.0,4.0,10.5,29.6,10.4,8.0,18.3,0.272,6.8,3.3,10.2,10.0
Kevin Ollie,ollieke01,CLE,PG,31,82,1401,12.2,0.51,0.035,0.685,1.8,11.6,6.7,25.0,1.9,0.4,19.5,13.3,1.5,1.0,2.4,0.083,-2.3,0.3,-2.0,0.0
Kevin Willis,willike02,SAS,C,41,48,373,14.9,0.491,0.007,0.26,11.2,18.1,14.7,5.5,3.0,1.8,16.1,24.7,-0.1,1.0,0.9,0.111,-3.4,1.5,-1.9,0.0
Keyon Dooling,doolike01,LAC,PG,23,58,1137,10.0,0.458,0.131,0.267,1.7,6.3,4.0,19.4,2.1,0.4,14.2,17.9,0.2,0.1,0.3,0.013,-2.8,-1.1,-3.9,-0.6
Kirk Hinrich,hinriki01,CHI,PG,23,76,2706,13.1,0.51,0.448,0.204,1.7,9.0,5.2,32.5,1.9,0.6,18.5,18.2,2.1,1.9,4.1,0.072,-0.5,-0.4,-0.8,0.8
Kirk Penney,penneki01,MIA,SG,23,2,18,-7.2,0.25,0.5,0.0,0.0,6.6,3.2,8.7,3.0,0.0,33.3,23.5,-0.1,0.0,-0.1,-0.326,-11.8,-3.2,-15.0,-0.1
Kobe Bryant,bryanko01,LAL,SG,25,65,2447,23.7,0.551,0.184,0.452,4.7,12.0,8.3,24.4,2.4,0.8,10.8,29.1,7.8,3.0,10.7,0.21,5.1,0.5,5.6,4.7
Kurt Thomas,thomaku01,NYK,PF,31,80,2548,14.1,0.503,0.004,0.153,6.7,23.1,15.0,10.2,1.2,2.4,13.0,18.5,1.7,3.3,5.0,0.094,-1.3,0.6,-0.8,0.8
Kwame Brown,brownkw01,WAS,PF,21,74,2239,15.7,0.547,0.003,0.567,8.7,19.2,13.8,8.8,1.5,1.7,16.0,17.3,2.9,2.0,4.9,0.105,0.0,-0.5,-0.6,0.8
Kyle Korver,korveky01,PHI,SF,22,74,882,10.1,0.489,0.633,0.073,4.0,10.7,7.4,8.3,1.5,0.7,10.8,20.2,0.2,0.8,1.0,0.054,-0.2,-0.5,-0.7,0.3
Lamar Odom,odomla01,MIA,PF,24,80,3003,18.5,0.516,0.182,0.406,6.1,24.2,15.1,20.6,1.5,1.9,15.1,24.5,3.6,4.8,8.4,0.134,1.7,1.2,2.9,3.8
Lamond Murray,murrala01,TOR,SF,30,33,518,8.9,0.428,0.279,0.163,3.1,17.0,10.0,10.4,1.6,1.0,14.2,25.1,-1.1,0.7,-0.3,-0.031,-3.6,-0.2,-3.8,-0.2
Larry Hughes,hughela01,WAS,SG,25,61,2061,17.6,0.496,0.23,0.332,5.1,12.9,8.9,14.3,2.4,0.9,11.6,28.1,2.1,1.6,3.8,0.088,1.7,-0.7,0.9,1.5
Latrell Sprewell,sprewla01,MIN,SF,33,82,3100,14.7,0.493,0.236,0.233,2.2,8.9,5.7,15.4,1.5,0.5,10.2,23.6,2.5,3.2,5.7,0.088,0.3,-0.6,-0.3,1.3
LeBron James,jamesle01,CLE,SG,19,79,3122,18.3,0.488,0.145,0.308,3.5,11.8,7.6,27.8,2.2,1.3,13.9,28.2,2.4,2.6,5.1,0.078,2.3,-0.6,1.7,2.9
Leandro Barbosa,barbole01,PHO,PG,21,70,1500,12.7,0.553,0.447,0.13,1.7,7.6,4.7,18.0,3.2,0.3,19.5,18.6,0.9,1.0,1.9,0.061,-1.3,0.5,-0.8,0.5
Lee Nailon,nailole01,"ATL,ORL,CLE",PF,28,57,780,13.2,0.484,0.009,0.177,9.2,11.3,10.3,9.2,1.0,0.8,11.3,23.0,0.4,0.3,0.7,0.042,-1.6,-2.7,-4.3,-0.5
Leon Smith,smithle01,SEA,C,23,1,4,21.7,0.5,0.0,0.0,29.7,29.2,29.5,0.0,0.0,0.0,0.0,23.1,0.0,0.0,0.0,0.201,5.7,-5.7,0.0,0.0
Lindsey Hunter,hunteli01,DET,SG,33,33,661,9.0,0.399,0.35,0.056,2.3,9.3,5.9,20.7,3.2,0.7,18.8,12.8,-0.4,1.3,0.9,0.067,-3.4,3.1,-0.2,0.3
Linton Johnson,johnsli01,CHI,SF,23,41,734,9.6,0.394,0.163,0.182,8.5,19.0,13.6,6.1,2.6,3.2,14.4,15.6,-0.8,1.1,0.4,0.023,-4.4,1.1,-3.3,-0.2
Lonny Baxter,baxtelo01,"CHI,TOR,WAS",C,25,62,766,12.6,0.518,0.014,0.364,9.4,18.5,13.9,4.8,1.2,2.8,13.6,17.2,0.5,1.0,1.5,0.094,-3.3,0.1,-3.2,-0.2
Loren Woods,woodslo01,MIA,C,25,38,506,12.3,0.503,0.0,0.573,14.8,16.1,15.4,3.3,1.2,3.0,17.8,13.6,0.4,0.6,1.1,0.1,-1.6,-0.6,-2.2,0.0
Lorenzen Wright,wrighlo02,MEM,C,28,65,1674,14.0,0.474,0.009,0.224,9.6,20.5,15.0,7.2,1.4,2.5,10.7,19.4,1.0,2.1,3.2,0.092,-1.7,-0.5,-2.1,0.0
Lucious Harris,harrilu01,NJN,PG,33,69,1504,11.1,0.481,0.218,0.168,3.1,7.9,5.5,15.2,1.5,0.1,9.6,17.2,0.9,1.7,2.5,0.081,-1.7,-0.5,-2.2,-0.1
Luke Ridnour,ridnolu01,SEA,PG,22,69,1114,13.1,0.496,0.229,0.226,3.7,7.7,5.7,23.9,2.5,0.5,17.2,19.3,0.9,0.2,1.2,0.051,-0.9,-0.6,-1.5,0.2
Luke Walton,waltolu01,LAL,PF,23,72,730,12.7,0.505,0.255,0.288,6.0,13.8,9.8,23.0,2.0,0.8,20.3,13.3,0.7,0.9,1.6,0.103,-0.4,1.3,0.9,0.5
Maciej Lampe,lampema01,PHO,C,18,21,224,12.2,0.512,0.045,0.148,4.6,17.9,11.2,7.2,0.7,1.0,13.8,21.9,0.0,0.1,0.1,0.029,-2.8,-2.0,-4.8,-0.2
Malik Allen,allenma01,MIA,PF,25,45,616,10.5,0.449,0.0,0.167,7.9,14.7,11.3,4.7,1.1,3.6,11.3,18.3,-0.1,0.8,0.7,0.051,-3.7,-0.1,-3.8,-0.3
Malik Rose,rosema01,SAS,PF,29,67,1256,15.0,0.526,0.007,0.557,9.9,18.5,14.2,9.4,1.5,1.4,18.2,22.6,1.1,2.7,3.8,0.145,-2.1,1.1,-1.0,0.3
Mamadou N'Diaye,ndiayma02,"DAL,ATL",C,28,28,366,12.9,0.516,0.0,0.855,13.4,21.1,17.3,0.0,1.2,5.0,15.9,14.0,0.4,0.4,0.8,0.104,-3.9,-1.4,-5.3,-0.3
Manu Ginóbili,ginobma01,SAS,SG,26,77,2260,18.5,0.536,0.311,0.378,4.3,12.6,8.5,22.5,3.2,0.5,14.9,22.1,4.0,5.1,9.1,0.194,1.5,3.1,4.7,3.8
Marc Jackson,jacksma02,PHI,PF,29,22,598,13.2,0.498,0.006,0.474,8.9,15.8,12.4,5.4,1.1,0.8,10.4,18.1,0.7,0.6,1.3,0.1,-0.9,-1.2,-2.2,0.0
Marcus Banks,banksma01,BOS,PG,22,81,1385,11.0,0.48,0.195,0.296,2.5,8.4,5.5,21.3,3.3,0.7,20.0,20.5,-0.6,1.4,0.7,0.026,-3.4,0.4,-3.0,-0.4
Marcus Camby,cambyma01,DEN,C,29,72,2162,17.8,0.511,0.004,0.248,10.9,27.4,19.0,9.6,2.0,6.1,13.9,14.3,2.6,4.3,6.9,0.154,-0.1,2.5,2.5,2.5
Marcus Fizer,fizerma01,CHI,SF,25,46,738,13.4,0.447,0.049,0.343,8.8,21.5,15.0,11.1,1.1,0.8,11.2,27.5,-0.3,0.8,0.5,0.033,-2.7,-1.7,-4.5,-0.5
Marcus Haislip,haislma01,MIL,PF,23,31,263,14.6,0.539,0.027,0.378,9.1,13.8,11.4,2.5,1.2,3.3,9.4,16.4,0.4,0.2,0.6,0.113,-0.8,-0.1,-0.9,0.1
Mark Blount,blounma01,BOS,C,28,82,2402,16.0,0.601,0.0,0.366,10.1,17.9,14.0,5.4,1.7,3.4,17.6,16.1,3.7,2.9,6.5,0.131,-0.6,0.1,-0.5,0.9
Mark Jackson,jacksma01,HOU,PG,38,42,577,8.9,0.44,0.41,0.39,2.2,11.7,7.2,32.8,1.6,0.1,31.1,14.1,-0.3,0.7,0.4,0.034,-3.2,-0.3,-3.5,-0.2
Mark Madsen,madsema01,MIN,C,28,72,1246,9.4,0.506,0.029,0.578,13.0,12.0,12.5,3.3,1.4,1.0,15.5,11.5,1.1,1.5,2.7,0.103,-2.9,0.0,-2.9,-0.3
Mark Pope,popema01,DEN,PF,31,4,20,-9.0,0.41,0.0,0.5,0.0,17.2,8.5,0.0,2.6,0.0,55.1,11.9,-0.1,0.0,-0.1,-0.172,-16.9,1.5,-15.4,-0.1
Marko Jarić,jaricma01,LAC,PG,25,58,1760,12.6,0.475,0.314,0.212,2.8,8.5,5.7,26.3,2.8,0.8,18.1,16.0,0.9,0.6,1.5,0.042,-0.6,0.0,-0.7,0.6
Marquis Daniels,daniema01,DAL,SG,23,56,1039,20.1,0.536,0.088,0.19,6.7,8.6,7.6,17.4,2.6,0.9,9.0,20.6,2.7,0.4,3.2,0.146,2.7,-0.4,2.3,1.1
Mateen Cleaves,cleavma01,CLE,PG,26,4,92,6.8,0.314,0.043,0.087,1.2,7.2,4.2,31.3,2.3,1.5,17.3,14.1,-0.1,0.1,0.0,-0.024,-4.8,-0.3,-5.2,-0.1
Matt Barnes,barnema02,LAC,SF,23,38,724,10.6,0.519,0.094,0.442,8.3,15.5,11.9,10.6,2.0,0.3,21.1,12.8,0.4,0.3,0.7,0.045,-1.4,-0.7,-2.2,0.0
Matt Carroll,carroma01,"POR,SAS",SG,23,16,70,3.8,0.51,0.188,0.375,1.6,8.2,4.9,4.6,0.8,0.0,24.4,16.5,-0.1,0.0,0.0,-0.033,-6.6,-1.5,-8.2,-0.1
Matt Harpring,harprma01,UTA,SF,27,31,1134,16.1,0.524,0.08,0.383,9.8,17.3,13.5,10.9,1.1,0.1,11.9,22.3,1.9,0.9,2.8,0.116,1.0,-1.8,-0.8,0.3
Maurice Carter,cartema01,"LAL,NOH",SG,27,10,110,5.8,0.479,0.314,0.571,2.0,9.5,5.7,5.8,0.0,0.0,17.0,21.7,-0.1,0.0,0.0,-0.014,-4.8,-3.2,-8.0,-0.2
Maurice Taylor,tayloma01,HOU,PF,27,75,2081,13.6,0.512,0.003,0.227,7.8,13.6,10.9,10.1,1.1,1.7,15.0,22.7,0.9,2.8,3.7,0.085,-1.9,0.1,-1.8,0.1
Mehmet Okur,okurme01,DET,PF,24,71,1580,18.3,0.538,0.089,0.386,11.9,18.8,15.4,8.2,1.2,3.0,13.7,21.7,2.6,3.3,5.9,0.179,1.0,0.6,1.5,1.4
Melvin Ely,elyme01,LAC,PF,25,42,510,11.1,0.458,0.007,0.275,10.6,11.9,11.3,7.4,0.9,2.4,10.4,16.6,0.3,0.1,0.4,0.039,-1.9,-1.5,-3.3,-0.2
Mengke Bateer,bateeme01,TOR,C,28,7,40,7.2,0.571,0.0,0.0,14.3,8.7,11.5,4.4,1.4,0.0,22.2,10.9,0.0,0.0,0.1,0.09,-5.6,0.3,-5.3,0.0
Metta World Peace,artesro01,IND,SF,24,73,2714,18.2,0.511,0.218,0.395,4.3,12.5,8.4,19.2,3.1,1.4,13.4,26.2,2.8,5.2,8.0,0.141,1.6,1.9,3.5,3.8
Michael Bradley,bradlmi01,"TOR,ATL",C,24,16,98,4.1,0.472,0.0,0.133,7.0,19.8,13.4,1.6,1.6,0.0,30.6,10.8,-0.1,0.1,0.0,-0.015,-7.6,-2.3,-9.9,-0.2
Michael Curry,currymi01,TOR,SF,35,70,1229,3.6,0.46,0.077,0.296,2.0,6.1,4.1,7.2,1.0,0.3,17.8,10.6,-0.6,0.9,0.3,0.013,-6.6,0.4,-6.2,-1.3
Michael Doleac,doleami01,"NYK,DEN",C,26,72,1029,12.4,0.471,0.0,0.161,9.9,19.6,14.8,7.2,1.2,2.6,12.2,17.4,0.5,1.2,1.7,0.079,-2.3,0.1,-2.2,0.0
Michael Finley,finlemi01,DAL,SG,30,72,2778,17.8,0.539,0.319,0.167,3.0,9.9,6.4,11.7,1.6,1.0,6.3,20.9,7.0,0.5,7.6,0.131,3.0,-1.2,1.8,2.7
Michael Olowokandi,olowomi01,MIN,C,28,43,925,11.2,0.446,0.0,0.214,10.2,19.6,15.1,4.1,0.9,5.3,14.8,18.6,-0.5,1.7,1.2,0.061,-4.6,1.0,-3.5,-0.4
Michael Redd,reddmi01,MIL,SG,24,82,3021,19.9,0.544,0.252,0.306,4.4,10.9,7.7,11.3,1.4,0.1,6.6,26.3,8.4,1.3,9.7,0.154,3.8,-1.3,2.5,3.5
Michael Ruffin,ruffimi01,UTA,PF,27,41,733,7.0,0.344,0.0,0.325,13.0,22.2,17.5,8.9,1.7,2.4,23.9,11.2,-0.8,1.0,0.2,0.014,-4.2,0.6,-3.5,-0.3
Michael Stewart,stewami01,"CLE,BOS",C,28,25,147,4.2,0.472,0.0,0.333,6.1,15.9,11.1,0.0,0.7,4.9,17.9,5.1,0.0,0.2,0.2,0.057,-6.3,1.1,-5.2,-0.1
Mickaël Piétrus,pietrmi01,GSW,PG,21,53,748,12.9,0.528,0.455,0.325,7.2,10.7,9.0,6.1,2.3,1.2,13.2,18.7,0.8,0.7,1.5,0.095,-1.0,0.4,-0.6,0.3
Mike Bibby,bibbymi01,SAC,PG,25,82,2980,19.3,0.564,0.323,0.319,2.6,7.8,5.3,24.5,1.9,0.4,11.6,22.9,8.0,1.3,9.3,0.151,3.4,-1.0,2.4,3.3
Mike Dunleavy,dunlemi02,GSW,SF,23,75,2336,15.1,0.547,0.353,0.257,4.2,17.2,10.7,16.1,1.6,0.4,15.1,18.6,3.0,2.2,5.2,0.107,1.0,0.3,1.3,2.0
Mike James,jamesmi01,"BOS,DET",PG,28,81,2196,14.4,0.528,0.428,0.193,1.5,10.6,6.1,26.1,2.3,0.1,14.8,17.4,3.0,2.2,5.2,0.113,0.0,0.2,0.2,1.2
Mike Miller,millemi01,MEM,SF,23,65,1770,14.9,0.532,0.349,0.229,2.7,11.2,6.9,22.1,1.8,0.6,13.6,20.0,2.5,1.4,3.9,0.107,0.8,-0.2,0.6,1.1
Mike Sweetney,sweetmi01,NYK,PF,21,42,494,17.2,0.544,0.007,0.414,16.1,20.5,18.3,4.8,2.0,1.8,16.2,18.6,0.8,0.7,1.4,0.138,0.0,-1.2,-1.2,0.1
Mike Wilks,wilksmi01,HOU,PG,24,26,145,14.4,0.606,0.278,0.333,2.6,10.1,6.5,20.6,1.1,0.0,14.5,15.9,0.4,0.2,0.5,0.169,0.4,1.2,1.7,0.1
Mikki Moore,mooremi01,"NJN,UTA",PF,28,32,395,13.3,0.568,0.0,0.354,9.0,17.5,13.2,8.7,1.0,2.8,16.1,16.1,0.6,0.4,1.0,0.122,-1.6,0.6,-1.0,0.1
Milt Palacio,palacmi01,TOR,PG,25,59,1211,7.4,0.392,0.087,0.228,1.4,8.3,4.8,26.3,1.9,0.7,21.0,16.6,-1.8,1.3,-0.5,-0.02,-4.9,0.1,-4.9,-0.9
Mitchell Butler,butlemi02,WAS,SG,33,41,552,9.3,0.498,0.242,0.194,4.7,9.8,7.2,9.7,2.1,0.5,15.1,12.7,0.2,0.3,0.5,0.048,-2.5,0.2,-2.3,0.0
Mo Williams,willima01,UTA,SG,21,57,772,9.4,0.433,0.129,0.185,3.6,8.0,5.8,18.5,2.0,0.2,13.5,22.8,-0.3,0.5,0.2,0.011,-3.1,-0.9,-4.1,-0.4
Moochie Norris,norrimo01,"HOU,NYK",PG,30,66,847,10.9,0.471,0.267,0.327,1.4,7.3,4.5,23.4,2.8,0.4,20.5,17.3,-0.1,0.9,0.8,0.045,-1.9,0.8,-1.1,0.2
Morris Peterson,petermo01,TOR,SF,26,82,2148,12.1,0.539,0.579,0.16,1.9,12.2,7.0,9.5,2.3,0.5,9.9,15.7,2.1,2.8,4.9,0.11,-1.3,1.4,0.1,1.1
Nazr Mohammed,mohamna01,"ATL,NYK",C,26,80,1611,16.1,0.542,0.0,0.358,12.8,20.7,16.8,4.0,1.8,2.4,14.9,18.3,1.8,1.9,3.7,0.11,-0.5,-0.9,-1.4,0.3
Ndudi Ebi,ebind01,MIN,SF,19,17,32,9.3,0.412,0.0,0.286,7.5,3.4,5.4,16.2,0.0,9.1,16.0,27.6,-0.1,0.0,0.0,-0.057,-6.6,0.4,-6.2,0.0
Nenê,hilarne01,DEN,PF,21,77,2504,14.8,0.578,0.003,0.559,6.8,16.0,11.3,10.7,2.4,1.2,18.9,17.0,3.1,3.0,6.1,0.117,-0.9,0.7,-0.3,1.1
Nick Van Exel,vanexni01,GSW,PG,32,39,1255,13.1,0.469,0.313,0.207,1.4,7.9,4.7,28.5,0.9,0.1,13.0,22.1,0.8,0.4,1.2,0.045,0.4,-1.8,-1.4,0.2
Nikoloz Tskitishvili,tskitni01,DEN,PF,20,39,307,7.1,0.393,0.09,0.238,8.7,14.6,11.6,5.2,1.0,1.8,11.2,21.7,-0.3,0.3,-0.1,-0.012,-5.2,-1.4,-6.6,-0.4
Olden Polynice,polynol01,LAC,C,39,2,12,-9.2,,,,9.4,9.6,9.5,11.7,4.4,0.0,100.0,14.8,-0.1,0.0,-0.1,-0.394,-17.7,1.7,-16.0,0.0
Oliver Miller,milleol01,MIN,C,33,48,506,12.9,0.549,0.01,0.23,11.0,18.0,14.7,10.7,2.0,3.7,23.1,13.3,0.4,1.0,1.4,0.13,-3.0,2.8,-0.2,0.2
Omar Cook,cookom01,POR,PG,22,17,139,4.7,0.259,0.037,0.0,2.6,2.5,2.6,25.6,4.0,0.0,27.0,12.6,-0.3,0.1,-0.2,-0.068,-6.3,1.0,-5.4,-0.1
Othella Harrington,harriot01,NYK,PF,30,56,872,9.0,0.546,0.0,0.386,7.8,15.5,11.7,5.5,0.7,1.2,21.6,16.0,0.2,0.7,0.8,0.046,-4.0,-0.6,-4.6,-0.6
P.J. Brown,brownpj01,NOH,PF,34,80,2753,15.7,0.527,0.001,0.26,9.6,19.3,14.3,9.8,1.5,2.0,11.3,14.8,4.7,3.4,8.1,0.142,0.3,0.4,0.7,1.9
Pat Garrity,garripa01,ORL,PF,27,2,22,0.5,0.333,0.0,0.0,0.0,0.0,0.0,6.6,0.0,0.0,0.0,6.2,0.0,0.0,0.0,-0.06,-5.1,-3.1,-8.2,0.0
Pau Gasol,gasolpa01,MEM,PF,23,78,2458,21.7,0.542,0.014,0.487,9.4,18.3,13.8,14.9,0.9,3.9,12.8,26.8,5.3,2.8,8.1,0.159,2.9,0.1,2.9,3.0
Paul Grant,grantpa01,UTA,C,30,10,98,5.1,0.471,0.0,0.348,8.7,12.9,10.8,5.4,0.6,0.9,20.9,15.9,-0.1,0.1,0.0,-0.015,-5.7,-1.5,-7.2,-0.1
Paul Pierce,piercpa01,BOS,SG,26,80,3099,19.4,0.517,0.257,0.422,2.6,16.4,9.6,25.1,2.2,1.3,14.6,30.5,3.7,3.4,7.1,0.109,2.3,-0.3,2.0,3.2
Paul Shirley,shirlpa01,CHI,PF,26,7,86,4.6,0.432,0.043,0.13,9.9,10.5,10.2,7.9,0.6,0.9,27.0,17.3,-0.2,0.0,-0.1,-0.083,-6.1,-3.1,-9.2,-0.2
Peja Stojaković,stojape01,SAC,SF,26,81,3264,21.8,0.624,0.4,0.307,3.2,14.1,8.8,9.1,1.7,0.3,8.9,23.9,11.4,2.1,13.5,0.198,5.2,-1.3,3.9,4.9
Popeye Jones,jonespo01,GSW,PF,33,5,10,-7.8,0.0,0.0,0.0,11.2,0.0,5.6,0.0,0.0,0.0,0.0,9.2,0.0,0.0,0.0,-0.169,-9.8,-4.7,-14.5,0.0
Predrag Drobnjak,drobnpr01,LAC,C,28,61,949,12.6,0.458,0.095,0.227,6.4,17.2,11.8,7.4,1.2,1.8,10.3,21.7,0.3,0.4,0.7,0.034,-1.3,-1.8,-3.1,-0.3
Primož Brezec,brezepr01,IND,C,24,18,72,9.7,0.489,0.0,0.231,8.1,16.6,12.3,7.9,0.0,3.2,17.3,22.7,0.0,0.1,0.1,0.04,-5.1,0.0,-5.1,-0.1
Quentin Richardson,richaqu01,LAC,SG,23,65,2338,15.1,0.484,0.319,0.191,7.1,13.2,10.1,11.2,1.5,0.6,10.9,24.6,2.0,0.4,2.4,0.05,1.7,-2.5,-0.8,0.7
Quincy Lewis,lewisqu01,MIN,SF,26,14,65,4.1,0.4,0.25,0.0,1.9,10.0,6.1,4.7,1.7,2.2,13.0,16.7,-0.1,0.1,0.0,-0.018,-5.7,0.5,-5.2,-0.1
Qyntel Woods,woodsqy01,POR,SF,22,62,673,9.4,0.425,0.122,0.253,8.2,15.8,12.0,11.5,1.7,1.6,16.5,22.2,-0.7,0.5,-0.2,-0.012,-4.1,-0.8,-4.8,-0.5
Raef LaFrentz,lafrera01,BOS,C,27,17,328,16.8,0.509,0.323,0.105,10.7,16.8,13.8,13.4,1.3,3.1,7.8,19.5,0.6,0.3,0.9,0.137,0.7,-0.2,0.5,0.2
Rafer Alston,alstora01,MIA,PG,27,82,2581,13.7,0.509,0.568,0.175,1.2,9.1,5.1,24.9,2.4,0.6,13.5,17.3,3.1,2.8,5.9,0.11,0.2,0.7,0.9,1.9
Raja Bell,bellra01,UTA,SG,27,82,2020,12.7,0.5,0.206,0.308,3.6,11.3,7.4,10.2,1.7,0.5,10.8,23.6,2.2,1.5,3.7,0.088,-1.2,-0.8,-2.0,0.0
Randy Livingston,livinra01,LAC,PG,28,4,48,1.7,0.316,0.3,0.6,4.7,12.0,8.3,12.4,2.2,0.0,24.0,15.4,-0.1,0.0,-0.1,-0.11,-8.4,-1.1,-9.5,-0.1
Rashard Lewis,lewisra02,SEA,SF,24,80,2931,17.5,0.527,0.314,0.22,5.4,15.4,10.4,10.7,1.8,1.4,9.1,23.4,5.2,1.3,6.5,0.107,2.1,-1.2,1.0,2.2
Rasheed Wallace,wallara01,"POR,ATL,DET",PF,29,68,2390,17.8,0.51,0.255,0.218,5.1,17.4,11.3,12.1,1.4,3.8,10.0,23.4,3.1,3.1,6.2,0.125,1.5,0.8,2.3,2.6
Rasho Nesterović,nestera01,SAS,C,27,82,2353,15.3,0.473,0.0,0.163,12.4,17.6,15.0,8.4,1.2,5.1,12.5,16.8,1.6,5.6,7.2,0.147,-1.1,2.2,1.1,1.9
Rasual Butler,butlera01,MIA,SF,24,45,675,14.0,0.586,0.432,0.084,0.7,10.0,5.3,6.6,0.8,1.5,9.7,20.0,1.0,0.5,1.6,0.113,0.8,-0.7,0.1,0.4
Ray Allen,allenra02,SEA,SG,28,56,2152,21.7,0.566,0.372,0.266,3.8,11.8,7.8,23.3,1.8,0.4,12.1,27.8,6.5,0.4,6.9,0.153,5.5,-1.5,4.0,3.2
Raül López,lopezra01,UTA,PG,23,82,1617,12.0,0.503,0.164,0.226,1.8,10.2,5.9,34.8,2.1,0.1,23.4,21.4,0.1,1.2,1.4,0.041,-1.7,-1.0,-2.8,-0.3
Reece Gaines,gainere01,ORL,PG,23,38,364,6.1,0.356,0.116,0.291,2.4,9.9,6.1,16.6,1.6,0.4,15.7,14.3,-0.4,0.0,-0.5,-0.065,-4.5,-1.6,-6.1,-0.4
Reggie Evans,evansre01,SEA,PF,23,75,1280,9.9,0.471,0.018,0.897,14.5,23.0,18.8,3.7,2.3,0.6,22.0,10.7,0.7,1.1,1.7,0.065,-2.7,-1.2,-3.9,-0.6
Reggie Miller,millere01,IND,SG,38,80,2254,16.1,0.6,0.562,0.278,0.9,9.0,4.9,19.1,1.6,0.4,9.3,15.4,6.0,2.9,8.9,0.189,2.5,0.9,3.5,3.1
Richard Hamilton,hamilri01,DET,SG,25,78,2772,16.8,0.522,0.058,0.293,3.3,8.3,5.8,22.2,2.0,0.5,13.8,25.7,3.8,4.4,8.1,0.141,0.5,0.7,1.2,2.3
Richard Jefferson,jefferi01,NJN,SF,23,82,3133,18.1,0.573,0.118,0.42,4.1,13.3,8.7,18.7,1.6,0.7,13.0,22.8,6.5,4.4,11.0,0.168,1.9,0.4,2.3,3.4
Richie Frahm,frahmri01,SEA,SF,26,54,469,15.7,0.608,0.662,0.187,3.0,11.0,7.0,8.4,1.8,0.6,4.4,15.5,1.4,0.1,1.5,0.152,1.9,-0.6,1.4,0.4
Rick Brunson,brunsri01,"TOR,CHI",PG,31,40,412,13.1,0.497,0.219,0.295,2.3,7.6,4.9,32.8,3.2,0.5,21.8,16.5,0.2,0.4,0.6,0.075,-1.3,1.2,-0.1,0.2
Rick Fox,foxri01,LAL,SF,34,38,846,8.0,0.459,0.328,0.161,3.8,9.9,6.8,17.1,1.8,0.3,19.4,13.1,0.0,0.8,0.8,0.043,-3.4,0.5,-2.9,-0.2
Ricky Davis,davisri01,"CLE,BOS",SF,24,79,2474,16.1,0.533,0.147,0.287,3.6,12.7,8.2,19.1,2.0,0.7,15.0,23.0,2.4,2.0,4.4,0.085,0.6,-0.5,0.1,1.3
Robert Archibald,archiro01,"PHO,ORL,TOR",C,23,32,256,5.6,0.343,0.0,0.939,9.4,14.0,11.7,7.9,3.0,0.9,17.7,10.7,-0.2,0.4,0.2,0.039,-6.7,2.2,-4.5,-0.1
Robert Horry,horryro01,SAS,PF,33,81,1290,14.5,0.496,0.31,0.307,9.5,14.0,11.8,12.8,2.0,2.8,12.2,16.1,1.7,2.9,4.6,0.171,0.0,2.7,2.7,1.5
Robert Pack,packro01,NJN,PG,34,26,220,8.0,0.448,0.0,0.115,2.1,7.5,4.8,20.0,2.9,0.4,22.7,15.1,-0.2,0.3,0.1,0.028,-4.8,1.8,-3.0,-0.1
Robert Traylor,traylro01,NOH,C,26,71,942,16.2,0.527,0.017,0.446,12.5,19.4,15.9,8.4,2.2,3.0,15.3,19.6,1.0,1.5,2.5,0.127,-1.8,0.4,-1.4,0.1
Rod Strickland,stricro02,"ORL,TOR",PG,37,61,1197,14.9,0.482,0.102,0.278,3.2,11.7,7.4,34.5,1.6,0.7,17.7,18.5,1.0,0.3,1.3,0.052,-0.2,-1.7,-1.9,0.0
Rodney Buford,buforro01,SAC,SF,26,22,141,6.2,0.35,0.036,0.107,4.9,7.1,6.0,7.6,2.2,0.5,6.4,20.1,-0.3,0.1,-0.2,-0.063,-5.2,-2.0,-7.2,-0.2
Rodney Rogers,rogerro01,NJN,PF,32,69,1409,14.2,0.492,0.301,0.194,8.4,17.3,12.9,17.2,2.2,1.5,15.2,21.5,0.5,2.6,3.1,0.104,-1.0,0.7,-0.3,0.6
Rodney White,whitero02,DEN,SF,23,72,985,16.4,0.527,0.186,0.222,5.0,14.1,9.5,11.3,1.7,1.4,13.2,26.4,0.8,0.9,1.8,0.087,0.6,-0.9,-0.3,0.4
Roger Mason,masonro01,"CHI,TOR",SG,23,26,328,7.7,0.446,0.398,0.224,0.3,10.6,5.4,14.0,1.8,1.3,15.7,18.7,-0.3,0.4,0.1,0.008,-4.0,0.5,-3.5,-0.1
Ron Mercer,mercero01,SAS,SG,27,39,516,9.3,0.446,0.033,0.081,2.2,8.3,5.3,7.8,1.5,0.7,10.6,21.9,-0.4,0.8,0.4,0.04,-3.9,0.3,-3.6,-0.2
Ronald Dupree,duprero01,CHI,SF,23,47,893,9.7,0.445,0.032,0.372,6.5,14.1,10.2,10.6,1.9,1.5,13.4,19.0,-0.4,0.9,0.5,0.028,-4.1,-0.1,-4.3,-0.5
Ronald Murray,murraro01,SEA,PG,24,82,2021,15.4,0.497,0.25,0.257,2.6,9.2,5.9,18.5,2.1,1.0,12.8,26.7,1.2,0.5,1.7,0.04,0.1,-1.4,-1.2,0.4
Ruben Boumtje-Boumtje,boumtru01,POR,C,25,9,26,3.4,0.34,0.0,0.4,0.0,4.5,2.3,5.6,0.0,2.9,0.0,10.7,0.0,0.0,0.0,-0.014,-4.4,-1.4,-5.8,0.0
Ruben Patterson,patteru01,POR,SF,28,73,1651,14.6,0.53,0.03,0.481,9.4,9.9,9.6,13.9,2.8,1.0,18.0,16.7,1.7,1.3,3.0,0.087,-0.4,0.7,0.4,1.0
Rusty LaRue,larueru01,GSW,PG,30,4,22,3.1,0.515,0.333,0.667,0.0,15.4,7.7,13.4,4.9,0.0,50.8,16.5,-0.1,0.0,-0.1,-0.117,-8.0,3.2,-4.7,0.0
Ryan Bowen,bowenry01,DEN,PF,28,52,392,9.9,0.395,0.0,0.226,11.1,14.0,12.5,6.4,2.4,2.9,9.3,7.2,0.3,0.5,0.8,0.097,-2.1,1.8,-0.3,0.2
Ryan Humphrey,humphry01,MEM,PF,24,2,11,-1.0,0.25,0.25,0.0,20.3,10.4,15.4,13.9,4.8,0.0,33.3,24.6,-0.1,0.0,0.0,-0.217,-12.2,-2.3,-14.6,0.0
Sam Cassell,cassesa01,MIN,PG,34,81,2838,22.8,0.566,0.146,0.261,1.9,8.7,5.5,38.0,1.9,0.5,13.5,27.2,8.8,3.3,12.1,0.205,4.1,0.3,4.4,4.6
Samaki Walker,walkesa01,MIA,PF,27,33,418,10.4,0.444,0.02,0.444,11.6,19.7,15.6,2.4,1.2,2.1,11.2,15.0,0.1,0.6,0.7,0.08,-3.0,-0.5,-3.5,-0.2
Samuel Dalembert,dalemsa01,PHI,C,22,82,2197,16.1,0.566,0.002,0.349,10.5,22.9,16.8,1.7,1.1,6.8,13.0,14.1,3.0,4.0,6.9,0.151,-1.3,1.7,0.3,1.3
Sasha Pavlović,pavloal01,UTA,SF,20,79,1144,8.7,0.463,0.186,0.223,4.7,12.7,8.6,9.5,2.0,1.2,14.0,19.5,-0.1,1.1,0.9,0.04,-3.9,-0.1,-4.0,-0.6
Scot Pollard,pollasc01,IND,C,28,61,678,8.3,0.43,0.0,0.184,11.6,17.1,14.3,2.4,1.9,2.9,15.1,10.1,0.1,1.3,1.4,0.098,-4.4,1.0,-3.4,-0.2
Scott Padgett,padgesc01,HOU,PF,27,58,547,15.6,0.552,0.389,0.192,10.5,19.1,15.0,7.6,1.2,1.8,10.8,17.7,1.1,0.9,1.9,0.17,1.0,0.6,1.7,0.5
Scott Williams,willisc01,"PHO,DAL",C,35,43,527,14.4,0.5,0.016,0.145,8.0,20.2,14.0,5.1,2.0,2.3,7.5,18.1,0.6,0.5,1.1,0.104,-2.1,-0.3,-2.5,-0.1
Scottie Pippen,pippesc01,CHI,SF,38,23,412,12.4,0.448,0.343,0.193,5.2,13.1,9.0,21.0,2.7,1.6,16.0,19.6,-0.2,0.5,0.3,0.037,-1.4,0.8,-0.6,0.1
Sean Lampley,lamplse01,GSW,SF,24,10,63,21.6,0.672,0.0,0.6,3.6,16.1,9.8,6.1,0.0,1.1,10.6,20.7,0.2,0.0,0.2,0.189,3.8,-0.7,3.1,0.1
Sean Rooks,rooksse01,"NOH,ORL",C,34,55,595,6.8,0.421,0.007,0.245,4.5,14.3,9.3,7.7,1.3,1.3,11.6,14.5,-0.2,0.3,0.2,0.014,-5.4,-0.6,-6.1,-0.6
Shammond Williams,willish01,"ORL,NOH",SG,28,53,763,13.1,0.495,0.431,0.25,1.3,7.8,4.5,25.3,2.6,0.2,15.4,18.1,0.7,0.2,1.0,0.06,-0.9,-0.6,-1.5,0.1
Shandon Anderson,andersh01,NYK,SG,30,80,1974,10.1,0.5,0.227,0.285,3.1,9.7,6.5,10.2,1.8,0.7,15.7,17.7,0.2,1.5,1.7,0.042,-2.4,0.1,-2.4,-0.2
Shane Battier,battish01,MEM,SF,25,79,1947,15.3,0.544,0.343,0.302,5.9,11.8,8.8,8.4,2.7,2.2,8.3,15.5,3.5,2.3,5.9,0.145,1.1,1.5,2.6,2.3
Shane Heal,healsh01,SAS,PG,33,6,72,5.3,0.42,0.75,0.208,1.6,4.6,3.1,11.2,0.7,0.0,16.0,20.0,-0.1,0.1,0.0,-0.006,-3.2,-0.4,-3.6,0.0
Shaquille O'Neal,onealsh01,LAL,C,31,67,2464,24.4,0.578,0.0,0.713,11.1,24.4,17.7,14.8,0.7,5.0,13.5,26.3,5.9,4.0,9.9,0.192,3.8,1.0,4.8,4.1
Shareef Abdur-Rahim,abdursh01,"ATL,POR",PF,27,85,2684,19.9,0.557,0.032,0.407,8.2,19.0,13.6,12.3,1.4,1.0,12.9,24.4,6.1,2.0,8.1,0.145,2.3,-0.7,1.6,2.4
Shawn Bradley,bradlsh01,DAL,C,31,66,773,15.6,0.523,0.005,0.261,9.9,14.6,12.2,3.6,2.2,7.1,7.5,12.8,1.5,0.9,2.3,0.145,-1.5,1.6,0.1,0.4
Shawn Marion,mariosh01,PHO,SF,25,79,3217,19.9,0.513,0.198,0.2,7.5,18.7,13.1,11.7,2.7,2.4,9.7,22.7,5.3,3.8,9.1,0.135,3.0,0.6,3.6,4.6
Slavko Vraneš,vranesl01,POR,C,21,1,3,-20.4,0.0,0.0,0.0,0.0,0.0,0.0,0.0,0.0,0.0,0.0,15.8,0.0,0.0,0.0,-0.371,-19.8,-6.4,-26.2,0.0
Speedy Claxton,claxtsp01,GSW,PG,25,60,1595,17.3,0.509,0.042,0.427,2.7,8.4,5.5,28.7,3.3,0.4,14.1,20.9,2.6,1.6,4.2,0.127,-0.2,1.3,1.1,1.2
Stacey Augmon,augmost01,NOH,SF,35,69,1416,10.0,0.486,0.02,0.401,4.1,10.1,7.0,10.0,2.1,0.8,15.7,15.6,0.4,1.3,1.6,0.056,-3.1,0.3,-2.8,-0.3
Stanislav Medvedenko,medvest01,LAL,PF,24,68,1442,13.6,0.479,0.006,0.216,11.5,15.5,13.5,6.6,1.4,0.9,9.1,20.1,1.5,1.6,3.0,0.101,-1.8,-1.4,-3.2,-0.4
Stephen Jackson,jacksst02,ATL,SF,25,80,2940,16.1,0.521,0.339,0.236,3.8,10.4,7.1,15.7,2.6,0.5,13.8,25.0,2.7,1.8,4.4,0.072,1.0,-0.8,0.1,1.5
Stephon Marbury,marbust01,"PHO,NYK",PG,26,81,3254,20.4,0.519,0.198,0.315,2.1,7.2,4.6,40.1,2.1,0.2,13.6,25.8,7.4,1.7,9.1,0.134,4.1,-0.9,3.2,4.3
Steve Blake,blakest01,WAS,PG,23,75,1392,10.9,0.509,0.496,0.165,1.4,8.2,4.7,25.8,2.1,0.4,22.7,17.9,0.1,0.7,0.7,0.026,-1.5,-1.2,-2.7,-0.2
Steve Francis,francst01,HOU,PG,26,79,3194,15.8,0.501,0.224,0.389,4.5,11.1,8.0,28.3,2.4,0.8,18.3,24.0,2.4,4.7,7.1,0.107,0.5,0.9,1.4,2.7
Steve Nash,nashst01,DAL,PG,29,78,2612,20.5,0.59,0.304,0.297,2.4,7.4,4.8,38.3,1.3,0.2,17.9,19.5,8.9,-0.1,8.8,0.162,4.7,-2.2,2.5,3.0
Steve Smith,smithst01,NOH,SG,34,71,929,11.8,0.543,0.365,0.283,3.2,6.8,5.0,10.6,0.9,0.5,11.3,18.3,1.5,0.4,1.9,0.099,-0.5,-1.5,-2.0,0.0
Steven Hunter,huntest01,ORL,C,22,59,789,11.2,0.504,0.0,0.445,7.6,17.0,12.2,2.4,0.3,6.7,13.5,12.3,0.3,0.3,0.6,0.034,-3.1,0.0,-3.0,-0.2
Stromile Swift,swiftst01,MEM,PF,24,77,1528,19.2,0.53,0.007,0.459,10.3,17.7,14.0,4.4,1.9,5.6,11.4,22.8,2.4,2.4,4.8,0.15,-0.2,0.7,0.5,1.0
T.J. Ford,fordtj01,MIL,PG,20,55,1472,12.1,0.443,0.053,0.246,2.9,10.8,6.8,37.4,2.1,0.1,24.0,17.9,-0.2,0.9,0.7,0.022,-1.7,-0.6,-2.4,-0.1
Tamar Slay,slayta01,NJN,SG,23,22,165,7.8,0.401,0.2,0.233,7.2,10.7,8.9,14.5,2.3,0.5,14.3,21.9,-0.3,0.2,0.0,-0.004,-4.4,-0.7,-5.1,-0.1
Tayshaun Prince,princta01,DET,SF,23,82,2701,13.3,0.536,0.217,0.195,4.0,12.5,8.4,12.4,1.3,1.9,13.2,15.6,3.0,4.6,7.5,0.134,0.4,1.4,1.8,2.6
Theo Ratliff,ratlith01,"ATL,POR",C,30,85,2664,14.4,0.521,0.0,0.395,8.6,17.9,13.3,4.3,1.1,8.6,15.7,13.2,1.8,3.4,5.2,0.094,-2.0,2.3,0.3,1.5
Theron Smith,smithth01,MEM,SF,23,20,178,8.4,0.473,0.279,0.186,8.2,18.0,13.0,6.0,1.5,2.0,23.1,15.3,-0.1,0.2,0.1,0.019,-3.0,-0.3,-3.3,-0.1
Tierre Brown,brownti01,NOH,PG,24,3,17,-9.2,0.521,0.0,1.0,0.0,6.9,3.4,20.2,0.0,0.0,54.9,34.3,-0.2,0.0,-0.2,-0.497,-13.0,-8.6,-21.6,-0.1
Tim Duncan,duncati01,SAS,PF,27,69,2527,27.1,0.534,0.01,0.498,10.2,27.6,19.0,17.4,1.3,5.3,11.3,29.7,5.9,7.2,13.1,0.249,5.2,3.3,8.5,6.7
Tim Thomas,thomati01,"MIL,NYK",SF,26,66,2089,15.1,0.534,0.239,0.268,3.5,13.9,8.8,10.4,1.6,0.7,11.3,22.4,2.5,1.6,4.1,0.093,0.6,-0.5,0.2,1.1
Tom Gugliotta,guglito01,"PHO,UTA",PF,34,55,819,9.1,0.374,0.02,0.138,9.5,18.2,13.8,12.4,2.0,1.2,15.3,14.2,-0.5,0.9,0.3,0.019,-2.6,0.5,-2.1,0.0
Toni Kukoč,kukocto01,MIL,PF,35,73,1522,16.1,0.519,0.332,0.393,4.5,15.7,10.1,21.5,2.0,1.0,15.6,21.0,1.7,1.3,3.1,0.096,1.5,0.5,2.0,1.6
Tony Battie,battito01,"BOS,CLE",C,27,73,1478,11.9,0.482,0.023,0.232,9.0,18.1,13.6,6.4,0.9,3.3,13.0,14.8,0.8,1.4,2.3,0.074,-2.2,-0.1,-2.4,-0.1
Tony Delk,delkto01,DAL,SG,30,33,509,13.2,0.484,0.359,0.239,3.3,9.4,6.3,7.8,2.7,1.0,7.7,19.0,0.6,0.3,0.8,0.08,-0.7,0.4,-0.3,0.2
Tony Massenburg,masseto01,SAC,PF,36,59,789,9.7,0.509,0.005,0.288,8.4,18.4,13.5,5.6,0.9,1.6,15.4,16.7,0.3,0.6,0.9,0.057,-4.8,-1.4,-6.1,-0.8
Tony Parker,parketo01,SAS,PG,21,75,2577,15.7,0.516,0.21,0.288,1.9,8.3,5.1,28.7,1.3,0.2,14.4,22.3,3.5,4.0,7.5,0.14,0.8,0.0,0.8,1.8
Torraye Braggs,braggto01,"HOU,WAS",PF,27,15,154,9.5,0.522,0.0,0.364,14.3,15.3,14.9,7.8,1.4,1.0,25.4,15.8,0.0,0.2,0.2,0.07,-4.7,0.7,-4.0,-0.1
Tracy McGrady,mcgratr01,ORL,SG,24,67,2675,25.3,0.526,0.328,0.319,3.9,13.3,8.5,28.3,1.8,1.1,9.1,33.2,8.1,0.4,8.4,0.151,7.6,-1.2,6.4,5.7
Tracy Murray,murratr01,POR,SF,32,7,35,2.4,0.322,0.417,0.083,10.3,6.7,8.5,4.5,1.6,0.0,13.9,19.5,-0.1,0.0,-0.1,-0.109,-5.1,-3.6,-8.7,-0.1
Travis Best,besttr01,DAL,PG,31,61,762,10.1,0.445,0.116,0.267,2.4,7.5,4.9,19.5,2.1,0.4,14.7,12.9,0.5,0.2,0.7,0.044,-2.8,-0.2,-3.0,-0.2
Travis Hansen,hansetr01,ATL,SF,25,41,507,7.2,0.433,0.231,0.208,6.8,8.8,7.8,6.0,1.0,1.3,9.6,14.1,0.1,0.1,0.2,0.019,-3.8,-2.4,-6.2,-0.5
Travis Outlaw,outlatr01,POR,PF,19,8,19,16.4,0.457,0.0,0.571,12.6,12.4,12.5,9.3,2.9,0.0,10.2,24.3,0.0,0.0,0.0,0.067,1.8,-0.3,1.4,0.0
Tremaine Fowlkes,fowlktr01,DET,SF,27,36,261,6.5,0.393,0.167,0.375,8.1,15.3,11.7,8.4,1.9,0.9,17.7,12.2,-0.1,0.5,0.4,0.068,-4.9,2.2,-2.7,0.0
Trenton Hassell,hassetr01,MIN,SG,24,81,2264,8.2,0.498,0.034,0.16,3.6,9.0,6.5,8.5,0.9,1.7,10.1,9.5,1.7,2.3,4.0,0.084,-2.2,0.9,-1.3,0.4
Troy Bell,belltr01,MEM,PG,23,6,34,-4.5,0.285,0.222,0.167,9.9,3.4,6.6,18.7,1.5,0.0,23.7,33.5,-0.2,0.0,-0.2,-0.326,-13.0,-6.5,-19.6,-0.2
Troy Hudson,hudsotr01,MIN,PG,27,29,503,12.5,0.492,0.372,0.159,1.0,6.7,4.0,22.9,0.8,0.0,13.3,23.9,0.3,0.3,0.6,0.058,0.1,-2.1,-2.0,0.0
Troy Murphy,murphtr01,GSW,PF,23,28,610,16.8,0.501,0.07,0.329,8.8,23.2,16.0,6.0,1.1,2.0,10.9,23.6,0.6,0.7,1.3,0.104,-0.6,-1.0,-1.6,0.1
Tyrone Hill,hillty01,MIA,PF,35,5,38,8.2,0.666,0.0,0.8,15.2,9.3,12.3,0.0,0.0,2.1,22.8,10.8,0.1,0.0,0.1,0.123,-4.4,-0.8,-5.2,0.0
Tyronn Lue,luety01,ORL,PG,26,76,2332,12.6,0.518,0.293,0.183,1.2,8.0,4.5,22.7,1.4,0.2,13.8,17.4,2.7,-0.6,2.1,0.042,-0.5,-2.0,-2.5,-0.3
Tyson Chandler,chandty01,CHI,PF,21,35,782,14.2,0.507,0.006,0.747,11.1,27.0,18.9,4.7,1.1,4.1,15.3,14.2,0.7,1.2,1.9,0.116,-2.1,0.3,-1.8,0.0
Udonis Haslem,hasleud01,MIA,PF,23,75,1795,13.7,0.521,0.007,0.409,12.1,18.7,15.4,4.9,1.0,1.1,12.3,15.8,2.7,2.1,4.8,0.128,-1.1,-0.9,-2.0,0.0
Vin Baker,bakervi01,"BOS,NYK",PF,32,54,1313,14.8,0.53,0.007,0.363,10.0,14.4,12.2,9.0,1.1,1.9,13.3,20.1,1.7,1.1,2.8,0.101,-1.0,-1.1,-2.1,0.0
Vince Carter,cartevi01,TOR,SG,27,73,2785,20.0,0.501,0.167,0.286,3.9,10.6,7.2,28.0,1.7,1.7,12.0,32.5,2.6,3.4,6.0,0.103,3.5,0.2,3.6,3.9
Vitaly Potapenko,potapvi01,SEA,C,28,65,1419,11.2,0.511,0.0,0.225,8.4,15.5,12.0,6.2,0.8,1.5,14.6,17.2,0.8,0.3,1.1,0.037,-2.4,-1.9,-4.3,-0.8
Vlade Divac,divacvl01,SAC,C,35,81,2317,16.3,0.511,0.019,0.389,6.8,15.6,11.3,28.7,1.3,2.3,18.1,18.6,3.5,1.8,5.3,0.11,1.1,0.9,2.0,2.4
Vladimir Radmanović,radmavl01,SEA,PF,23,77,2321,15.1,0.533,0.464,0.156,5.3,15.2,10.3,10.3,1.8,1.4,11.2,19.5,3.2,1.0,4.2,0.088,1.6,-0.8,0.8,1.6
Vladimir Stepania,stepavl01,POR,C,27,42,453,12.2,0.454,0.0,0.35,13.2,19.5,16.4,8.1,1.4,2.5,13.8,14.4,0.3,0.4,0.8,0.081,-2.3,-0.3,-2.6,-0.1
Voshon Lenard,lenarvo01,DEN,SG,30,73,2233,13.5,0.512,0.31,0.195,2.3,7.9,5.1,11.6,1.4,0.4,9.1,21.9,2.8,1.2,4.0,0.086,0.0,-1.4,-1.4,0.3
Wally Szczerbiak,szczewa02,MIN,SF,26,28,622,15.3,0.539,0.195,0.271,4.7,11.2,8.1,8.9,1.0,0.1,9.6,22.1,1.0,0.6,1.6,0.126,1.2,-0.6,0.6,0.4
Walter McCarty,mccarwa01,BOS,PF,29,77,1900,10.9,0.541,0.7,0.157,1.7,12.5,7.2,10.6,2.0,0.9,14.0,15.6,1.3,1.6,2.9,0.073,-0.4,0.0,-0.4,0.7
Wang Zhizhi,zhizhwa01,"LAC,MIA",C,26,16,114,11.5,0.466,0.304,0.217,4.0,14.4,9.2,3.3,1.4,3.4,10.6,23.2,0.0,0.1,0.1,0.043,-3.3,-0.8,-4.1,-0.1
Wesley Person,persowe01,"MEM,POR,ATL",SG,32,58,1037,11.5,0.51,0.439,0.124,1.8,11.3,6.6,10.5,1.0,0.6,10.3,16.5,0.9,0.4,1.3,0.061,0.1,-1.4,-1.3,0.2
Willie Green,greenwi01,PHI,SG,22,53,767,10.8,0.464,0.171,0.227,2.5,7.5,5.0,14.1,1.8,0.5,13.1,27.7,-0.7,0.6,0.0,-0.003,-2.6,-1.2,-3.8,-0.3
Yao Ming,mingya01,HOU,C,23,82,2692,21.9,0.586,0.002,0.435,9.1,22.4,16.1,9.3,0.4,4.5,14.3,25.3,6.5,4.8,11.4,0.202,1.7,1.1,2.8,3.2
Zach Randolph,randoza01,POR,PF,22,81,3067,19.6,0.528,0.004,0.287,9.5,23.4,16.5,10.4,1.2,1.0,13.8,27.6,4.1,2.9,7.1,0.111,1.1,-1.6,-0.5,1.2
Zaza Pachulia,pachuza01,ORL,C,19,59,664,10.8,0.452,0.0,0.514,11.5,18.3,14.9,3.1,1.7,1.3,13.7,16.9,0.1,0.2,0.3,0.023,-3.3,-2.5,-5.8,-0.6
Zendon Hamilton,hamilze01,PHI,C,28,46,473,15.9,0.616,0.0,1.011,12.3,23.9,18.2,4.8,0.9,1.3,16.4,16.3,1.1,0.6,1.8,0.178,-1.0,-0.5,-1.5,0.1
Zoran Planinić,planizo01,NJN,SG,21,49,473,10.0,0.492,0.248,0.465,3.5,10.2,6.9,23.9,1.5,0.5,18.8,19.0,0.1,0.6,0.7,0.068,-3.3,-0.1,-3.4,-0.2
Zydrunas Ilgauskas,ilgauzy01,CLE,C,28,81,2539,20.2,0.541,0.007,0.421,12.1,16.3,14.2,7.8,0.8,5.6,12.5,23.1,5.0,2.8,7.8,0.147,1.1,-0.2,0.9,1.9
Žarko Čabarkapa,cabarza01,PHO,PF,22,49,570,8.4,0.461,0.162,0.269,5.2,14.7,9.9,11.6,0.9,1.7,19.7,21.7,-0.7,0.3,-0.4,-0.037,-4.2,-1.4,-5.7,-0.5
Željko Rebrača,rebraze01,"DET,ATL",C,31,24,273,10.5,0.504,0.0,0.39,9.9,14.6,12.2,4.0,1.0,3.0,15.9,18.2,0.1,0.4,0.5,0.097,-4.5,0.6,-3.9,-0.1
