Player,PlayerID,Tms,Pos,Age,G,MP,PER,TS%,3PAr,FTr,ORB%,DRB%,TRB%,AST%,STL%,BLK%,TOV%,USG%,OWS,DWS,WS,WS/48,OBPM,DBPM,BPM,VORP
A.C. Green,greenac01,LAL,PF,24,82,2636,14.5,0.581,0.003,0.592,11.1,19.1,15.3,4.5,1.6,1.0,12.9,14.7,4.5,3.4,7.9,0.144,0.4,-0.1,0.3,1.5
Adrian Branch,brancad01,NJN,SF,24,20,308,10.4,0.461,0.037,0.172,7.3,10.9,9.0,8.3,2.5,2.2,16.8,23.7,-0.5,0.3,-0.1,-0.021,-3.8,-0.4,-4.3,-0.2
Adrian Dantley,dantlad01,DET,SF,32,69,2144,19.9,0.619,0.002,0.663,4.5,7.3,5.9,11.9,0.9,0.3,10.8,24.2,7.5,1.9,9.4,0.21,3.7,-0.2,3.5,2.9
Albert King,kingal01,PHI,SF,28,72,1593,7.2,0.442,0.091,0.191,5.2,10.6,7.9,10.1,1.2,0.7,13.7,18.0,-0.9,0.8,-0.1,-0.004,-4.2,-1.2,-5.4,-1.4
Alex English,englial01,DEN,SF,34,80,2818,19.8,0.535,0.004,0.222,6.0,8.0,7.0,20.5,1.1,0.5,8.8,28.4,5.3,2.2,7.6,0.129,3.4,-1.4,2.0,2.9
Allen Leavell,leaveal01,HOU,SG,30,80,2150,14.3,0.527,0.132,0.377,1.1,6.1,3.6,25.3,2.7,0.2,14.3,16.9,2.6,2.5,5.1,0.115,-0.3,1.1,0.8,1.5
Alton Lister,listeal01,SEA,C,29,82,1812,12.0,0.541,0.006,0.548,12.1,27.2,19.5,4.0,0.7,4.8,17.5,11.4,1.4,2.8,4.1,0.11,-2.5,1.0,-1.5,0.2
Alvan Adams,adamsal01,PHO,C,33,82,1646,13.1,0.543,0.004,0.253,8.0,17.0,12.5,14.9,2.4,1.4,19.9,17.4,0.6,1.6,2.2,0.064,-1.5,1.0,-0.5,0.6
Alvin Robertson,roberal01,SAS,SG,25,82,2978,18.9,0.513,0.067,0.259,5.9,12.2,9.0,26.1,3.8,1.3,13.8,24.1,3.1,2.8,5.8,0.094,1.7,1.2,2.9,3.7
Andre Moore,moorean01,"DEN,MIL",PF,23,10,50,12.1,0.393,0.0,0.296,12.4,17.6,14.9,16.1,1.8,1.1,11.6,27.2,-0.1,0.1,0.0,-0.013,-3.6,-2.4,-6.0,-0.1
Andre Turner,turnean01,HOU,PG,23,12,99,10.4,0.436,0.206,0.412,4.2,4.2,4.2,30.6,3.3,0.6,23.0,21.1,-0.1,0.1,0.0,0.001,-2.2,0.4,-1.9,0.0
Andrew Toney,toneyan01,PHI,SG,30,29,522,13.2,0.521,0.158,0.421,1.8,8.7,5.2,30.9,1.1,0.7,19.8,20.5,0.3,0.2,0.5,0.05,0.6,-2.3,-1.7,0.1
Antoine Carr,carran01,ATL,PF,26,80,1483,15.5,0.59,0.008,0.352,7.0,14.7,10.8,10.2,1.3,3.4,16.3,20.2,2.0,1.8,3.8,0.122,-1.0,1.3,0.3,0.9
Armen Gilliam,gilliar01,PHO,PF,23,55,1807,12.9,0.506,0.0,0.268,8.3,18.8,13.5,5.6,1.5,0.9,13.3,20.9,-0.1,1.4,1.3,0.035,-1.7,-1.7,-3.4,-0.6
Artis Gilmore,gilmoar01,"CHI,BOS",C,38,71,893,8.4,0.558,0.0,0.707,9.6,17.8,13.9,3.0,0.8,2.0,22.0,14.6,-0.1,1.0,0.9,0.048,-4.5,-0.8,-5.3,-0.7
Bart Kofoed,kofoeba01,UTA,SG,23,36,225,1.9,0.428,0.146,0.271,2.0,5.0,3.6,12.7,1.3,0.3,25.1,13.0,-0.4,0.2,-0.1,-0.026,-7.4,-0.5,-7.9,-0.3
Ben Coleman,colembe01,"NJN,PHI",PF,26,70,1498,12.0,0.555,0.007,0.408,8.8,18.5,13.5,6.4,1.4,1.6,19.2,18.6,0.4,1.4,1.8,0.058,-2.8,-0.3,-3.1,-0.4
Ben McDonald,mcdonbe01,GSW,PF,25,81,2039,9.0,0.509,0.063,0.201,7.1,11.3,9.1,9.0,0.9,0.2,13.4,13.8,1.0,0.3,1.3,0.031,-2.4,-1.8,-4.2,-1.1
Benoit Benjamin,benjabe01,LAC,C,23,66,2171,14.1,0.534,0.012,0.368,5.3,21.2,13.0,12.2,1.1,5.9,21.7,19.3,-1.4,3.5,2.0,0.045,-2.8,2.8,-0.1,1.0
Bernard King,kingbe01,WSB,SF,31,69,2044,15.0,0.55,0.006,0.345,4.7,10.7,7.7,15.3,1.2,0.3,16.3,26.1,1.2,1.6,2.8,0.066,-0.1,-1.2,-1.3,0.3
Bernard Thompson,thompbe01,PHO,SF,25,37,566,11.0,0.515,0.013,0.377,7.9,7.2,7.6,11.7,1.8,0.1,10.2,14.9,0.7,0.2,0.9,0.074,-1.5,-0.1,-1.6,0.1
Bill Cartwright,cartwbi01,NYK,C,30,82,1676,17.8,0.639,0.0,0.807,8.4,18.1,13.1,7.5,1.2,1.6,15.9,20.6,4.3,2.1,6.4,0.183,1.5,0.5,2.0,1.7
Bill Hanzlik,hanzlbi01,DEN,SF,30,77,1334,8.2,0.488,0.056,0.568,3.0,10.8,6.7,14.3,2.2,0.7,20.9,13.3,-0.3,1.6,1.3,0.046,-3.9,1.1,-2.8,-0.3
Bill Laimbeer,laimbbi01,DET,C,30,82,2897,15.1,0.546,0.042,0.232,6.5,25.1,16.0,9.6,1.1,1.6,11.8,16.5,3.8,5.0,8.8,0.146,0.5,1.7,2.2,3.1
Bill Martin,martibi01,PHO,SF,25,10,101,5.7,0.353,0.02,0.255,10.0,20.2,15.0,8.0,2.3,0.0,13.7,26.5,-0.3,0.1,-0.2,-0.117,-6.9,-2.0,-8.9,-0.2
Bill Wennington,wennibi01,DAL,C,24,30,125,16.6,0.549,0.041,0.388,12.4,21.4,17.0,4.8,2.0,4.1,13.6,22.0,0.2,0.2,0.4,0.146,-3.3,1.2,-2.1,0.0
Billy Donovan,donovbi01,NYK,PG,22,44,364,8.7,0.444,0.064,0.193,1.5,6.5,3.9,32.8,2.1,0.2,26.2,17.9,-0.4,0.3,-0.1,-0.009,-2.7,-1.1,-3.7,-0.2
Billy Thompson,thompbi01,LAL,SF,24,9,38,-0.8,0.402,0.0,0.769,6.3,19.9,13.4,3.2,1.3,0.0,25.6,25.7,-0.2,0.0,-0.1,-0.135,-13.9,-2.3,-16.2,-0.1
Blair Rasmussen,rasmubl01,DEN,C,25,79,1779,16.0,0.523,0.0,0.192,7.4,18.9,12.9,6.2,0.6,2.6,7.1,22.6,2.1,2.2,4.2,0.114,-0.9,-1.0,-1.8,0.1
Bob Hansen,hansebo01,UTA,SG,27,81,1796,12.9,0.573,0.159,0.249,4.0,7.0,5.6,13.8,1.7,0.2,11.8,17.5,2.3,2.1,4.4,0.118,-1.0,0.3,-0.7,0.6
Bob Thornton,thornbo01,"NYK,PHI",PF,25,48,593,7.0,0.532,0.015,0.423,8.9,13.0,10.9,3.6,0.9,0.3,18.5,13.4,0.1,0.3,0.4,0.034,-4.4,-1.3,-5.7,-0.6
Brad Daugherty,daughbr01,CLE,C,22,79,2957,16.2,0.563,0.002,0.488,6.2,19.9,13.2,17.3,0.8,1.1,16.9,22.8,3.0,3.6,6.6,0.107,0.7,-0.1,0.5,1.9
Brad Davis,davisbr01,DAL,PG,32,75,1480,14.5,0.581,0.178,0.26,1.3,6.1,3.7,28.3,1.7,0.7,16.4,15.5,2.9,1.1,4.0,0.13,0.6,0.3,0.8,1.1
Brad Lohaus,lohaubr01,BOS,PF,23,70,718,12.2,0.543,0.053,0.252,8.1,14.2,11.4,9.2,1.4,3.3,17.8,19.9,0.2,0.8,0.9,0.063,-3.0,0.4,-2.7,-0.1
Brad Sellers,sellebr01,CHI,SF,25,82,2212,10.7,0.496,0.01,0.22,5.6,7.4,6.5,8.9,0.8,1.8,10.4,17.0,1.3,2.0,3.3,0.071,-1.4,-0.6,-2.0,0.0
Brad Wright,wrighbr01,DEN,PF,25,2,7,-24.7,0.2,0.0,0.0,0.0,15.6,7.5,0.0,0.0,0.0,28.6,39.0,-0.1,0.0,-0.1,-0.677,-29.9,-6.6,-36.5,-0.1
Brian Rowsom,rowsobr01,IND,PF,22,4,16,8.2,0.347,0.0,1.0,6.9,27.2,17.1,7.2,3.1,0.0,10.4,25.4,0.0,0.0,0.0,-0.008,-7.8,-0.6,-8.4,0.0
Buck Johnson,johnsbu01,HOU,SF,24,70,879,13.9,0.559,0.027,0.305,9.2,10.7,10.0,7.9,1.6,1.7,13.8,17.9,1.1,1.1,2.1,0.116,-1.1,0.3,-0.8,0.3
Buck Williams,willibu01,NJN,PF,27,70,2637,18.2,0.603,0.001,0.623,12.6,24.4,18.3,6.5,1.3,1.0,15.1,20.0,4.8,2.8,7.6,0.138,1.3,-1.1,0.2,1.5
Byron Scott,scottby01,LAL,SG,26,81,3048,19.2,0.59,0.133,0.235,3.0,9.1,6.2,16.4,2.5,0.5,9.8,22.6,7.4,3.3,10.7,0.168,2.5,0.9,3.4,4.2
Caldwell Jones,jonesca01,POR,C,37,79,1778,8.0,0.539,0.015,0.403,6.4,18.5,12.4,5.3,0.8,3.2,20.9,8.7,0.5,2.2,2.7,0.073,-3.0,1.4,-1.7,0.1
Calvin Natt,nattca01,DEN,PF,31,27,533,14.4,0.537,0.005,0.351,6.6,12.5,9.5,11.6,1.1,0.3,11.1,19.7,0.6,0.5,1.1,0.102,0.2,-1.1,-0.9,0.2
Carey Scurry,scurrca01,"UTA,NYK",SF,25,33,455,12.9,0.518,0.068,0.331,7.4,12.3,9.9,14.4,5.1,2.9,24.1,16.0,-0.2,1.1,0.9,0.095,-2.7,5.5,2.8,0.6
Cedric Maxwell,maxwece01,HOU,SF,32,71,848,12.1,0.577,0.012,0.836,9.2,12.9,11.0,9.0,1.2,0.8,18.8,13.6,1.0,1.0,2.0,0.112,-0.5,0.2,-0.3,0.4
Charles Barkley,barklch01,PHI,PF,24,80,3170,27.6,0.665,0.122,0.741,14.0,20.8,17.4,14.1,1.6,1.9,15.2,26.7,13.4,3.3,16.7,0.253,7.3,0.1,7.4,7.5
Charles Davis,davisch02,"MIL,SAS",SF,29,21,226,8.7,0.436,0.148,0.087,7.6,12.1,9.8,12.5,0.4,1.0,13.1,24.3,-0.3,0.0,-0.3,-0.055,-3.1,-2.8,-5.9,-0.2
Charles Jones,jonesch01,"WSB,POR",PF,30,69,1313,9.3,0.469,0.006,0.424,8.9,18.8,13.8,5.7,2.0,5.0,21.3,8.4,0.0,2.2,2.2,0.082,-3.6,3.4,-0.2,0.6
Charles Oakley,oaklech01,CHI,PF,24,82,2816,15.4,0.543,0.015,0.463,13.4,30.0,21.7,12.0,1.2,0.6,20.5,17.9,2.0,4.7,6.7,0.114,-0.5,-0.1,-0.6,1.0
Chris Dudley,dudlech02,CLE,C,22,55,513,12.1,0.505,0.0,0.518,17.5,15.7,16.5,6.3,1.2,2.2,15.6,16.6,0.3,0.7,1.0,0.093,-2.4,-0.6,-3.1,-0.1
Chris Engler,englech01,NJN,C,28,54,399,7.1,0.498,0.0,0.398,9.0,19.9,14.2,5.2,1.1,0.9,21.9,14.0,-0.2,0.3,0.2,0.022,-5.3,-0.7,-6.0,-0.4
Chris McNealy,mcneach01,NYK,PF,26,19,265,7.7,0.382,0.0,0.419,10.0,17.9,13.8,11.4,2.9,0.5,16.2,16.0,-0.3,0.4,0.2,0.03,-3.6,1.6,-2.0,0.0
Chris Mullin,mullich01,GSW,SF,24,60,2033,19.8,0.58,0.105,0.292,3.1,8.3,5.6,22.1,2.6,0.9,13.0,23.9,4.1,1.0,5.1,0.121,3.3,-0.1,3.2,2.7
Chris Washburn,washbch01,"GSW,ATL",C,22,37,260,10.9,0.475,0.0,0.383,11.8,20.3,16.0,3.2,0.9,1.9,15.2,17.8,-0.1,0.3,0.2,0.035,-2.8,-2.3,-5.0,-0.2
Chris Welp,welpch01,PHI,C,24,10,132,12.4,0.617,0.0,0.581,9.6,11.5,10.6,5.6,1.9,2.3,18.8,15.3,0.2,0.1,0.3,0.099,-2.6,0.2,-2.3,0.0
Chuck Nevitt,nevitch01,DET,C,28,17,63,6.6,0.36,0.0,0.286,7.3,24.2,16.0,0.0,0.8,4.7,7.8,16.9,-0.1,0.1,0.0,0.018,-7.0,-0.4,-7.4,-0.1
Chuck Person,persoch01,IND,SF,23,79,2807,13.9,0.501,0.141,0.157,6.7,14.2,10.5,16.5,1.3,0.2,13.6,23.3,0.6,2.8,3.3,0.057,0.3,-0.7,-0.4,1.1
Claude Gregory,gregocl01,LAC,PF,29,23,313,12.8,0.447,0.007,0.269,12.1,20.4,16.1,8.4,1.4,2.4,12.8,22.3,-0.3,0.4,0.1,0.011,-3.2,-0.8,-4.0,-0.2
Clemon Johnson,johnscl01,SEA,C,31,74,723,7.1,0.504,0.0,0.305,10.0,17.2,13.5,2.9,0.9,2.1,19.6,8.2,0.2,0.7,0.9,0.061,-3.1,-0.1,-3.3,-0.2
Cliff Levingston,levincl01,ATL,PF,27,82,2135,15.5,0.609,0.004,0.436,11.8,14.5,13.1,4.6,1.2,2.4,12.3,15.1,4.6,2.3,7.0,0.157,0.5,0.3,0.8,1.5
Cliff Robinson,robincl01,PHI,SF,27,62,2110,15.7,0.503,0.009,0.281,6.4,16.0,11.1,10.7,1.9,1.1,12.1,26.7,0.7,1.8,2.6,0.059,-0.6,-1.0,-1.7,0.2
Clinton Wheeler,wheelcl01,IND,PG,28,59,513,12.0,0.507,0.0,0.258,4.1,4.5,4.3,26.7,3.4,0.2,26.1,16.4,-0.2,0.6,0.4,0.039,-1.3,0.9,-0.4,0.2
Clyde Drexler,drexlcl01,POR,SG,25,81,3060,24.1,0.564,0.031,0.35,9.2,9.6,9.4,23.5,3.1,1.0,10.9,28.0,9.3,3.9,13.2,0.207,5.7,1.4,7.0,7.0
Conner Henry,henryco01,"BOS,MIL,SAC",SG,24,39,433,12.4,0.536,0.3,0.313,3.4,9.2,6.4,21.1,1.3,0.7,18.6,20.0,0.2,0.2,0.4,0.049,0.0,-0.9,-0.9,0.1
Craig Ehlo,ehlocr01,CLE,SG,26,79,1709,12.5,0.518,0.132,0.272,6.1,12.6,9.4,17.1,2.4,1.0,16.5,16.2,0.9,2.3,3.1,0.088,-0.8,1.4,0.6,1.1
Craig Hodges,hodgecr01,"MIL,PHO",SG,27,66,1445,12.2,0.567,0.335,0.136,1.5,4.6,3.0,15.2,1.5,0.1,12.2,18.2,1.6,0.7,2.4,0.078,0.3,-0.7,-0.4,0.6
Dale Ellis,ellisda01,SEA,SG,27,75,2790,19.3,0.572,0.171,0.26,6.6,7.2,6.9,11.4,1.3,0.2,9.2,26.8,7.4,1.6,9.0,0.155,4.3,-1.8,2.5,3.2
Dallas Comegys,comegda01,NJN,PF,23,75,1122,9.5,0.487,0.003,0.413,5.4,17.5,11.3,8.6,1.6,3.8,21.3,20.5,-1.6,1.3,-0.3,-0.012,-5.0,0.9,-4.2,-0.6
Danny Ainge,aingeda01,BOS,SG,28,81,3018,15.9,0.598,0.364,0.183,2.5,7.0,4.9,22.2,1.9,0.3,12.6,17.3,6.7,1.9,8.6,0.136,2.7,-0.3,2.4,3.3
Danny Schayes,schayda01,DEN,PF,28,81,2166,18.4,0.64,0.003,0.729,9.3,23.3,16.1,6.2,1.3,2.4,14.9,18.7,5.4,3.3,8.8,0.195,0.4,0.5,0.9,1.6
Danny Vranes,vraneda01,PHI,SF,29,57,772,7.0,0.444,0.025,0.289,6.7,10.9,8.8,6.3,1.7,2.6,15.5,8.8,-0.1,0.6,0.6,0.035,-3.0,1.3,-1.7,0.1
Danny Young,youngda01,SEA,PG,25,77,949,13.3,0.503,0.353,0.243,2.1,6.9,4.4,28.8,2.6,0.1,13.3,11.8,1.6,0.8,2.4,0.122,0.4,0.7,1.1,0.8
Darnell Valentine,valenda01,LAC,PG,28,79,1636,13.5,0.474,0.062,0.255,2.3,8.0,5.1,34.9,3.6,0.3,20.0,18.4,-0.5,2.0,1.5,0.043,-1.8,1.0,-0.8,0.5
Darrell Griffith,griffda01,UTA,SG,29,52,1052,12.7,0.471,0.174,0.157,3.8,8.9,6.5,13.4,2.3,0.3,9.7,26.9,-0.7,1.5,0.8,0.037,-2.0,0.0,-2.1,0.0
Darrell Walker,walkeda01,WSB,SG,26,52,940,10.6,0.46,0.021,0.361,5.1,10.1,7.5,14.7,3.2,0.6,17.0,17.8,-0.4,1.2,0.8,0.041,-2.7,2.0,-0.7,0.3
Darren Daye,dayeda01,BOS,SF,27,47,655,13.6,0.554,0.005,0.401,5.8,7.8,6.9,14.7,2.2,0.4,14.7,19.6,0.7,0.5,1.2,0.086,-0.5,0.0,-0.4,0.2
Darryl Dawkins,dawkida01,"UTA,DET",C,31,6,33,-9.5,0.321,0.0,1.667,6.8,9.4,8.1,7.7,0.0,3.5,31.0,28.1,-0.3,0.0,-0.2,-0.313,-20.1,-1.1,-21.2,-0.2
Dave Corzine,corzida01,CHI,C,31,80,2328,13.6,0.514,0.013,0.214,8.4,17.5,13.0,9.2,0.8,2.5,12.2,16.4,1.9,3.0,4.9,0.101,-0.4,0.1,-0.3,1.0
Dave Feitl,feitlda01,GSW,C,25,70,1128,10.7,0.495,0.01,0.332,8.0,25.5,16.5,6.6,0.6,0.5,15.8,19.7,-0.4,0.7,0.3,0.011,-3.1,-2.6,-5.7,-1.1
Dave Greenwood,greenda01,SAS,PF,30,45,1236,10.8,0.511,0.006,0.338,8.0,18.4,13.1,9.6,1.2,1.0,16.4,14.4,0.5,0.6,1.1,0.043,-2.1,-1.0,-3.1,-0.3
Dave Henderson,hendeda01,PHI,SG,23,22,351,6.7,0.461,0.009,0.405,3.6,8.0,5.8,14.4,1.7,0.9,22.6,21.3,-0.6,0.2,-0.4,-0.058,-5.5,-1.6,-7.1,-0.4
Dave Hoppen,hoppeda01,"MIL,GSW",C,23,39,642,11.4,0.528,0.005,0.339,9.8,20.6,15.1,6.7,1.0,0.5,15.0,15.6,0.5,0.4,0.8,0.061,-2.5,-2.2,-4.8,-0.5
David Wingate,wingada01,PHI,SG,24,61,1419,8.5,0.452,0.073,0.242,3.6,4.7,4.1,12.8,1.7,0.9,14.7,21.1,-1.1,0.6,-0.5,-0.018,-3.5,-1.3,-4.8,-1.0
Dell Curry,curryde01,CLE,SG,23,79,1499,15.1,0.5,0.109,0.136,3.5,9.4,6.5,16.3,3.1,0.9,12.1,25.5,0.0,2.0,2.0,0.064,-0.8,0.7,-0.2,0.7
Dennis Hopson,hopsode01,NJN,SG,22,61,1365,10.2,0.468,0.082,0.322,5.2,7.0,6.1,13.3,2.0,1.1,16.0,23.1,-1.3,1.0,-0.3,-0.012,-2.8,-0.8,-3.6,-0.5
Dennis Johnson,johnsde01,BOS,PG,33,77,2670,14.0,0.52,0.057,0.371,2.9,7.4,5.3,28.8,1.7,0.6,17.3,18.1,3.4,1.7,5.0,0.091,0.7,-0.6,0.1,1.4
Dennis Rodman,rodmade01,DET,SF,26,82,2147,17.4,0.571,0.024,0.401,16.9,20.2,18.6,7.4,1.7,1.2,15.8,19.2,3.2,3.6,6.8,0.153,1.2,0.4,1.6,2.0
Derek Harper,harpede01,DAL,PG,26,82,3032,18.1,0.528,0.165,0.295,2.6,6.2,4.4,30.4,2.7,0.7,12.6,20.6,6.1,3.0,9.1,0.145,2.7,0.8,3.5,4.2
Derek Smith,smithde02,SAC,SG,26,35,899,13.9,0.535,0.063,0.31,4.2,8.3,6.2,14.5,1.1,1.1,10.4,20.7,1.2,0.2,1.5,0.078,-0.4,-1.2,-1.6,0.1
Derrick McKey,mckeyde01,SEA,SF,21,82,1706,13.8,0.562,0.058,0.432,7.4,14.4,10.8,8.4,2.0,2.3,14.9,17.1,2.1,2.0,4.1,0.116,-0.7,0.9,0.2,0.9
Detlef Schrempf,schrede01,DAL,SF,25,82,1587,14.2,0.532,0.059,0.494,7.1,11.9,9.6,14.1,1.3,1.2,14.1,19.9,2.1,1.5,3.6,0.11,-0.3,0.0,-0.3,0.7
Dirk Minniefield,minnidi01,"GSW,BOS",PG,27,72,1070,10.4,0.532,0.072,0.249,3.4,6.9,5.2,26.5,2.7,0.2,27.5,13.4,0.3,0.8,1.1,0.05,-2.0,0.4,-1.6,0.1
Doc Rivers,riverdo01,ATL,PG,26,80,2502,20.4,0.527,0.037,0.473,3.7,12.7,8.1,42.1,2.8,1.0,16.3,21.6,5.1,3.2,8.3,0.159,3.4,1.6,4.9,4.4
Dominique Wilkins,wilkido01,ATL,SF,28,78,2948,23.7,0.534,0.066,0.335,7.9,11.0,9.5,13.5,1.7,1.0,8.9,35.2,7.0,2.8,9.8,0.16,5.4,-1.1,4.3,4.7
Duane Washington,washidu01,NJN,SG,23,15,156,16.1,0.531,0.095,0.476,3.6,13.1,8.2,31.3,3.7,0.0,15.1,16.2,0.3,0.2,0.4,0.138,-0.5,2.6,2.0,0.2
Dudley Bradley,bradldu01,"MIL,NJN",SG,30,65,1437,11.4,0.519,0.279,0.266,1.9,8.5,5.1,15.0,3.9,1.8,17.8,14.6,0.1,1.8,1.9,0.064,-2.2,3.1,0.8,1.0
Earl Cureton,curetea01,LAC,PF,30,69,1128,9.2,0.443,0.01,0.203,8.8,17.0,12.8,8.1,1.4,1.8,14.7,14.3,-0.6,1.3,0.7,0.029,-4.1,0.2,-4.0,-0.6
Ed Nealy,nealyed01,SAS,PF,27,68,837,9.2,0.519,0.018,0.578,10.5,18.3,14.3,6.7,1.6,0.3,16.5,7.7,0.7,0.5,1.2,0.068,-1.8,-0.6,-2.4,-0.1
Ed Pinckney,pincked01,SAC,PF,24,79,1177,14.3,0.583,0.006,0.519,8.6,12.6,10.6,7.8,1.6,1.5,15.5,17.1,1.6,0.7,2.3,0.092,-0.4,-0.4,-0.8,0.4
Eddie Hughes,hugheed01,UTA,PG,27,11,42,8.8,0.543,0.462,0.462,8.0,2.4,5.1,24.9,0.0,0.0,27.7,21.1,0.0,0.0,0.0,0.021,-1.8,-3.8,-5.6,0.0
Eddie Johnson,johnsed03,PHO,SF,28,73,2177,15.2,0.532,0.085,0.216,6.2,10.3,8.2,12.6,0.7,0.2,10.3,25.4,2.5,0.5,3.0,0.065,0.8,-2.8,-2.0,0.0
Elston Turner,turneel01,CHI,SF,28,17,98,3.1,0.275,0.0,0.067,9.4,2.3,5.9,11.7,4.1,0.0,24.5,17.9,-0.4,0.1,-0.2,-0.117,-6.5,-0.3,-6.8,-0.1
Ennis Whatley,whatlen01,ATL,PG,25,5,24,9.6,0.511,0.0,0.444,0.0,18.7,9.3,11.8,4.2,0.0,27.1,25.9,-0.1,0.0,0.0,-0.046,-7.2,1.9,-5.3,0.0
Eric White,whiteer01,LAC,SF,22,17,352,15.2,0.597,0.008,0.46,9.0,9.7,9.4,4.1,0.9,0.5,12.3,19.6,0.6,0.2,0.8,0.115,-0.1,-1.4,-1.5,0.0
Fat Lever,leverfa01,DEN,SG,27,82,3061,20.5,0.516,0.042,0.232,6.7,16.5,11.4,28.1,3.3,0.4,10.8,21.4,5.5,4.9,10.4,0.163,3.0,2.2,5.1,5.5
Frank Brickowski,brickfr01,SAS,C,28,70,2227,16.0,0.584,0.006,0.434,8.0,15.5,11.7,16.0,1.5,0.9,17.8,20.7,3.0,1.1,4.1,0.088,0.3,-0.9,-0.6,0.8
Frank Johnson,johnsfr01,WSB,PG,29,75,1258,13.5,0.492,0.018,0.299,3.4,7.4,5.4,22.2,2.7,0.2,14.9,21.7,0.4,1.3,1.6,0.063,-1.4,0.3,-1.0,0.3
Franklin Edwards,edwarfr01,SAC,PG,28,16,414,9.9,0.511,0.017,0.278,1.0,4.0,2.5,29.9,1.1,0.1,26.7,17.1,-0.2,0.0,-0.2,-0.025,-1.4,-3.0,-4.5,-0.3
Fred Roberts,roberfr01,BOS,PF,27,74,1032,12.6,0.559,0.018,0.5,7.4,11.0,9.3,10.4,0.8,0.8,14.4,19.6,1.3,0.6,1.9,0.087,-0.9,-1.5,-2.3,-0.1
Gerald Henderson,hendege01,"NYK,PHI",PG,32,75,1505,12.1,0.564,0.36,0.375,2.1,6.2,4.1,22.5,2.3,0.2,20.1,18.5,1.3,0.9,2.2,0.071,-0.8,-0.6,-1.4,0.2
Gerald Wilkins,wilkige01,NYK,SG,24,81,2703,13.7,0.493,0.097,0.184,4.4,7.2,5.7,19.1,1.6,0.5,12.9,24.7,1.1,2.3,3.4,0.061,0.4,-0.8,-0.4,1.1
Granville Waiters,waitegr01,CHI,C,27,22,114,4.2,0.301,0.034,0.069,9.1,19.0,14.1,1.1,0.9,7.9,16.7,13.5,-0.3,0.2,0.0,-0.021,-9.5,1.1,-8.4,-0.2
Greg Anderson,andergr01,SAS,PF,23,82,1984,14.7,0.531,0.007,0.434,8.7,19.4,14.0,5.3,1.3,3.4,13.7,20.8,0.8,1.5,2.3,0.056,-1.6,-1.1,-2.7,-0.4
Greg Dreiling,dreilgr01,IND,C,25,20,74,10.5,0.598,0.0,1.529,4.5,20.6,12.6,8.8,1.3,3.2,27.9,22.5,0.0,0.1,0.1,0.048,-6.7,1.5,-5.2,-0.1
Greg Kite,kitegr01,"BOS,LAC",C,26,53,1063,7.3,0.467,0.005,0.385,8.4,18.6,13.3,6.1,0.9,3.1,23.3,12.0,-1.0,1.3,0.3,0.014,-5.4,0.7,-4.7,-0.7
Hakeem Olajuwon,olajuha01,HOU,C,25,79,2825,23.4,0.555,0.003,0.396,11.2,24.1,17.7,9.2,2.7,4.2,13.0,26.5,4.4,6.3,10.7,0.182,2.2,2.2,4.4,4.6
Harold Pressley,pressha01,SAC,SF,24,80,2029,12.7,0.51,0.157,0.185,7.4,12.4,9.9,12.7,2.0,1.5,15.1,17.8,0.9,1.3,2.2,0.052,-0.8,-0.1,-0.8,0.6
Herb Williams,willihe01,IND,C,29,75,1966,12.0,0.463,0.008,0.234,6.5,19.6,13.1,7.0,0.9,4.4,12.8,19.9,-1.1,2.9,1.8,0.044,-3.2,1.1,-2.1,0.0
Horace Grant,grantho01,CHI,PF,22,81,1827,13.0,0.53,0.004,0.359,9.8,18.2,14.0,6.7,1.4,1.7,12.8,15.8,1.6,2.6,4.2,0.111,-1.8,0.1,-1.7,0.2
Hot Rod Williams,williho01,CLE,PF,25,77,2106,15.8,0.536,0.002,0.421,9.1,18.9,14.1,7.1,1.4,4.1,11.7,18.0,2.4,3.3,5.7,0.13,-0.4,1.1,0.8,1.5
Isiah Thomas,thomais01,DET,PG,26,81,2927,18.2,0.521,0.072,0.294,2.5,8.0,5.3,35.0,2.4,0.3,15.3,25.4,3.8,3.7,7.6,0.124,2.6,0.4,3.0,3.7
Jack Sikma,sikmaja01,MIL,C,32,82,2923,17.4,0.558,0.013,0.329,7.5,19.8,13.7,14.1,1.6,1.6,11.5,19.7,5.4,3.9,9.4,0.154,1.3,1.1,2.3,3.2
James Bailey,baileja01,PHO,PF,30,65,869,8.3,0.514,0.017,0.369,9.4,17.9,13.6,6.2,0.9,1.9,20.0,16.4,-0.2,0.6,0.4,0.023,-5.1,-0.7,-5.7,-0.8
James Donaldson,donalja01,DAL,C,30,81,2523,12.4,0.616,0.0,0.497,10.8,21.5,16.3,3.4,0.8,2.4,19.6,9.4,3.0,3.3,6.2,0.119,-0.4,0.4,0.0,1.3
James Edwards,edwarja01,"PHO,DET",C,32,69,1705,12.1,0.519,0.002,0.499,7.8,19.3,13.6,6.4,0.4,1.3,14.2,21.9,0.3,1.2,1.5,0.042,-2.3,-1.8,-4.1,-0.9
James Worthy,worthja01,LAL,SF,26,75,2655,18.2,0.571,0.014,0.262,5.8,10.0,8.0,16.2,1.3,1.2,10.7,22.8,5.5,2.4,7.9,0.143,2.6,-0.2,2.3,2.9
Jamie Waller,walleja01,NJN,SG,23,9,91,7.1,0.438,0.05,0.45,11.1,5.3,8.3,5.2,2.1,0.7,18.7,27.3,-0.2,0.1,-0.2,-0.097,-5.4,-1.8,-7.1,-0.1
Jawann Oldham,oldhaja01,SAC,C,30,54,946,12.9,0.515,0.0,0.348,9.4,25.7,17.5,4.7,0.6,6.5,17.7,14.9,0.0,1.2,1.2,0.062,-3.3,1.4,-1.9,0.0
Jay Humphries,humphja01,"PHO,MIL",PG,25,68,1809,14.8,0.564,0.033,0.284,3.0,7.8,5.4,29.7,2.1,0.2,17.3,16.6,2.5,1.0,3.5,0.093,0.4,-0.3,0.1,1.0
Jay Murphy,murphja01,WSB,PF,25,9,46,6.6,0.397,0.0,0.217,9.6,29.4,19.4,3.2,0.0,0.0,16.6,27.1,-0.1,0.1,-0.1,-0.085,-6.1,-3.9,-9.9,-0.1
Jay Vincent,vinceja01,DEN,SF,28,73,1755,15.6,0.518,0.004,0.3,4.6,14.3,9.2,11.7,1.2,0.8,11.2,27.1,0.9,1.9,2.8,0.076,-0.8,-1.2,-2.0,0.0
Jeff Cook,cookje01,PHO,PF,31,33,359,5.7,0.358,0.017,0.475,11.5,21.8,16.6,4.5,1.2,1.3,16.4,9.7,-0.2,0.3,0.1,0.017,-4.6,-0.8,-5.4,-0.3
Jeff Hornacek,hornaje01,PHO,SG,24,82,2243,15.9,0.569,0.096,0.306,3.5,9.6,6.6,31.5,2.3,0.3,18.5,15.3,3.7,1.3,5.0,0.106,1.4,0.0,1.4,1.9
Jeff Lamp,lampje01,LAL,SF,28,3,7,9.2,1.136,,,0.0,0.0,0.0,0.0,0.0,0.0,0.0,5.2,0.0,0.0,0.0,0.227,-0.2,1.4,1.2,0.0
Jeff Malone,malonje01,WSB,SG,26,80,2655,16.1,0.537,0.018,0.279,1.8,6.9,4.3,14.9,0.9,0.3,10.1,26.4,4.0,1.5,5.6,0.101,1.0,-1.4,-0.3,1.1
Jerome Kersey,kerseje01,POR,SF,25,79,2888,17.3,0.542,0.012,0.323,7.9,16.7,12.3,11.7,2.0,1.3,10.3,21.3,4.8,3.8,8.6,0.144,1.2,0.6,1.8,2.8
Jerome Whitehead,whiteje01,GSW,C,31,72,1221,10.8,0.514,0.0,0.228,9.7,19.8,14.6,4.4,1.2,1.0,11.0,14.8,0.9,0.7,1.6,0.062,-2.8,-1.4,-4.2,-0.7
Jerry Reynolds,reynoje01,MIL,SF,25,62,1161,13.6,0.512,0.017,0.368,6.8,8.7,7.8,13.0,3.1,1.6,17.6,21.4,-0.2,1.5,1.3,0.055,-1.0,1.3,0.3,0.7
Jerry Sichting,sichtje01,"BOS,POR",PG,31,52,694,11.1,0.585,0.128,0.134,1.5,4.3,3.0,17.1,1.5,0.0,10.8,12.1,1.1,0.3,1.5,0.103,-0.6,-0.4,-1.1,0.2
Jim Farmer,farmeji01,DAL,SG,23,30,157,4.4,0.416,0.087,0.145,6.3,6.1,6.2,14.6,0.9,0.4,23.1,25.1,-0.4,0.1,-0.4,-0.111,-7.0,-2.9,-9.9,-0.3
Jim Paxson,paxsoji02,"POR,BOS",SG,30,45,801,11.7,0.521,0.07,0.265,2.2,4.1,3.2,12.7,1.8,0.4,10.5,19.4,0.7,0.5,1.2,0.071,-1.9,-1.0,-2.9,-0.2
Jim Petersen,peterji01,HOU,PF,25,69,1793,11.8,0.552,0.012,0.314,8.5,16.9,12.7,8.0,0.9,1.2,17.6,15.1,1.1,2.3,3.4,0.091,-1.9,0.3,-1.6,0.2
Joe Arlauckas,arlaujo01,SAC,SF,22,9,85,7.9,0.365,0.0,0.186,7.6,9.0,8.3,13.3,1.7,2.6,7.9,24.0,-0.1,0.1,-0.1,-0.045,-5.1,-1.7,-6.8,-0.1
Joe Barry Carroll,carrojo01,"GSW,HOU",C,29,77,2004,13.6,0.477,0.002,0.244,6.9,18.9,12.9,8.3,1.2,3.0,13.8,23.8,-1.1,2.7,1.6,0.039,-2.2,0.1,-2.2,-0.1
Joe Dumars,dumarjo01,DET,SG,24,82,2732,13.7,0.53,0.02,0.321,2.6,5.5,4.1,20.0,1.6,0.3,13.6,19.3,3.2,2.7,5.9,0.103,0.3,0.3,0.6,1.8
Joe Kleine,kleinjo01,SAC,C,26,82,1999,13.4,0.521,0.0,0.274,9.7,21.9,15.8,6.5,0.7,1.6,12.2,17.7,1.7,1.3,3.1,0.074,-1.7,-1.3,-3.0,-0.5
Joe Wolf,wolfjo01,LAC,C,23,42,1137,7.6,0.447,0.045,0.162,4.6,13.2,8.7,12.6,1.6,0.8,17.5,15.5,-1.1,1.1,0.1,0.002,-4.8,0.4,-4.4,-0.7
John Bagley,baglejo01,NJN,PG,27,82,2774,12.4,0.503,0.18,0.201,2.5,8.5,5.4,25.8,1.9,0.2,17.1,17.9,0.8,1.7,2.6,0.044,-0.7,-0.7,-1.4,0.4
John Battle,battljo01,ATL,SG,25,67,1227,16.3,0.512,0.067,0.307,2.3,7.9,5.1,20.0,1.3,0.2,9.7,26.4,1.5,0.8,2.3,0.092,1.4,-1.0,0.4,0.7
John Long,longjo01,IND,SG,31,81,2022,15.2,0.539,0.088,0.208,3.9,8.5,6.2,12.9,2.0,0.3,11.7,22.7,2.0,1.9,3.9,0.093,0.2,0.0,0.3,1.2
John Lucas,lucasjo01,MIL,PG,34,81,1766,16.1,0.529,0.239,0.257,1.8,8.3,5.1,32.1,2.5,0.1,15.1,19.7,2.2,1.7,3.9,0.106,1.8,0.3,2.0,1.8
John Paxson,paxsojo01,CHI,PG,27,81,1888,12.3,0.532,0.163,0.077,1.0,5.3,3.2,22.5,1.3,0.0,9.6,15.1,2.7,1.5,4.2,0.106,-0.9,-0.5,-1.4,0.3
John Salley,sallejo01,DET,C,23,82,2003,14.2,0.614,0.0,0.572,9.5,12.9,11.2,7.6,1.3,4.0,17.4,14.3,3.0,3.1,6.2,0.148,-0.3,2.5,2.2,2.1
John Stockton,stockjo01,UTA,PG,25,82,2842,23.2,0.645,0.085,0.41,2.1,6.6,4.5,54.8,4.0,0.3,21.9,17.2,9.2,4.9,14.1,0.238,5.2,3.3,8.5,7.6
John Stroeder,stroejo01,MIL,PF,29,41,271,7.0,0.423,0.025,0.38,10.0,19.6,14.8,9.9,0.5,2.6,20.7,18.1,-0.4,0.3,-0.1,-0.013,-6.0,-0.1,-6.1,-0.3
John Williams,willijo02,WSB,SF,21,82,2428,14.9,0.512,0.042,0.281,5.8,14.7,10.2,14.3,2.4,0.8,12.4,19.8,1.9,3.1,5.0,0.098,0.1,1.2,1.3,2.0
Johnny Dawkins,dawkijo01,SAS,PG,24,65,2179,17.0,0.551,0.073,0.265,3.2,6.9,5.1,29.4,1.9,0.1,14.2,19.7,4.0,0.3,4.3,0.095,1.9,-1.9,0.0,1.1
Johnny Moore,moorejo01,"SAS,NJN",PG,29,5,61,5.9,0.4,0.1,0.0,3.6,7.3,5.4,23.1,2.3,0.0,41.2,11.2,-0.1,0.0,-0.1,-0.077,-4.1,-2.0,-6.0,-0.1
Johnny Newman,newmajo01,NYK,SF,24,77,1589,12.1,0.531,0.15,0.397,6.1,5.4,5.7,5.7,2.2,0.4,12.4,21.2,1.6,1.5,3.1,0.093,-1.5,-0.4,-1.9,0.1
Johnny Rogers,rogerjo01,CLE,PF,24,24,168,7.5,0.465,0.033,0.213,5.8,13.0,9.5,2.6,1.2,1.1,13.0,19.5,-0.1,0.2,0.0,0.008,-4.9,-1.5,-6.4,-0.2
Jon Koncak,koncajo01,ATL,C,24,49,1073,11.8,0.531,0.01,0.67,10.6,24.0,17.3,2.3,1.7,3.2,16.8,12.4,0.6,1.8,2.3,0.104,-2.4,1.3,-1.0,0.3
Jon Sundvold,sundvjo01,SAS,PG,26,52,1024,12.7,0.526,0.169,0.127,1.5,3.6,2.5,23.4,1.2,0.1,12.5,17.6,1.1,-0.1,1.0,0.048,0.1,-2.5,-2.3,-0.1
Kannard Johnson,johnska01,CLE,SF,22,4,12,-4.6,0.333,0.0,0.0,0.0,0.0,0.0,0.0,4.1,0.0,40.0,17.8,-0.1,0.0,-0.1,-0.238,-9.3,-0.3,-9.7,0.0
Kareem Abdul-Jabbar,abdulka01,LAL,C,40,80,2308,15.8,0.57,0.001,0.298,6.1,16.9,11.7,8.4,1.0,2.2,13.5,21.4,2.6,2.7,5.3,0.111,-0.1,0.1,0.0,1.2
Karl Malone,malonka01,UTA,PF,24,82,3198,20.7,0.568,0.003,0.478,9.7,22.8,16.6,10.1,1.7,0.9,14.0,29.7,4.0,6.1,10.1,0.152,1.7,-0.2,1.5,2.9
Kelly Tripucka,tripuke01,UTA,SF,28,49,976,11.4,0.553,0.244,0.224,3.5,9.2,6.4,14.5,1.6,0.2,17.0,16.8,0.5,1.2,1.7,0.083,-1.1,0.2,-0.9,0.3
Ken Norman,normake01,LAC,SF,23,66,1435,11.2,0.495,0.02,0.34,7.2,12.5,9.7,8.5,1.5,1.3,15.2,19.2,-0.8,1.4,0.6,0.021,-2.6,-0.5,-3.1,-0.4
Kenny Fields,fieldke01,LAC,SF,25,7,154,8.7,0.548,0.0,0.722,8.7,11.5,10.0,9.3,1.5,0.7,28.6,17.5,-0.1,0.1,0.0,0.0,-3.9,-0.5,-4.4,-0.1
Kenny Smith,smithke01,SAC,PG,22,61,2170,13.3,0.537,0.056,0.294,2.0,4.9,3.5,27.7,2.0,0.2,19.0,18.0,1.6,0.6,2.2,0.049,-0.5,-1.3,-1.8,0.1
Kenny Walker,walkeke01,NYK,SF,23,82,2139,12.3,0.512,0.001,0.245,10.0,10.9,10.4,5.8,1.4,1.7,9.3,16.9,2.5,2.3,4.7,0.106,-0.8,0.1,-0.7,0.7
Kent Benson,bensoke01,CLE,C,33,2,12,11.8,0.868,0.0,1.0,0.0,9.6,4.9,0.0,4.1,4.9,41.0,17.4,0.0,0.0,0.0,0.015,-6.3,2.4,-3.9,0.0
Kermit Washington,washike01,GSW,PF,36,6,56,12.9,0.538,0.0,0.143,17.4,20.4,18.9,0.0,3.4,4.2,21.2,13.7,0.0,0.1,0.1,0.082,-3.6,0.8,-2.7,0.0
Kevin Duckworth,duckwke01,POR,C,23,78,2223,14.9,0.561,0.0,0.474,10.9,17.1,14.0,4.1,0.6,0.8,13.9,22.6,3.0,2.1,5.2,0.112,-0.8,-2.0,-2.8,-0.4
Kevin Gamble,gamblke01,POR,SF,22,9,19,-1.0,0.0,0.333,0.0,11.4,5.7,8.5,5.7,4.9,0.0,40.0,10.4,-0.1,0.0,-0.1,-0.139,-7.2,0.2,-7.0,0.0
Kevin Henderson,hendeke01,"GSW,CLE",SG,23,17,190,6.7,0.442,0.019,0.491,5.3,7.2,6.2,15.9,2.0,0.0,20.9,17.5,-0.2,0.1,-0.2,-0.045,-5.0,-1.4,-6.3,-0.2
Kevin Johnson,johnske02,"CLE,PHO",PG,21,80,1917,15.5,0.531,0.04,0.354,2.1,9.2,5.7,31.4,2.6,0.7,17.5,18.2,2.2,1.9,4.0,0.101,0.3,0.6,0.9,1.4
Kevin McHale,mchalke01,BOS,PF,30,64,2390,21.9,0.656,0.0,0.476,8.4,17.5,13.3,10.5,0.6,2.2,11.3,22.3,8.2,2.0,10.2,0.205,4.0,-0.5,3.5,3.3
Kevin McKenna,mckenke01,NJN,SG,29,31,393,9.2,0.525,0.459,0.229,1.1,8.2,4.6,14.5,1.9,0.3,13.7,14.9,0.2,0.2,0.5,0.061,-2.8,0.1,-2.8,-0.1
Kevin Williams,willike01,SEA,SG,26,80,1084,12.0,0.498,0.016,0.271,6.2,7.0,6.6,12.5,2.7,0.4,11.9,21.2,0.8,1.1,1.9,0.084,-2.9,0.3,-2.6,-0.1
Kevin Willis,willike02,ATL,PF,25,75,2091,14.0,0.548,0.003,0.357,12.4,16.7,14.5,1.9,1.6,1.2,14.8,18.8,1.7,2.5,4.2,0.095,-1.1,-1.0,-2.1,-0.1
Kiki Vandeweghe,vandeki01,POR,SF,29,37,1038,19.8,0.587,0.104,0.325,3.7,7.6,5.7,10.4,0.9,0.4,7.0,26.0,3.1,0.7,3.8,0.176,3.4,-1.7,1.7,1.0
Kurt Nimphius,nimphku01,SAS,C,29,72,919,10.9,0.538,0.004,0.323,7.2,10.8,9.0,7.2,1.1,3.3,14.3,14.7,0.6,0.4,1.0,0.052,-2.5,-0.4,-2.8,-0.2
Kurt Rambis,rambiku01,LAL,PF,29,70,845,15.0,0.61,0.0,0.5,14.5,21.1,18.0,8.2,2.2,0.9,20.6,14.1,1.3,1.3,2.6,0.147,-0.3,0.5,0.2,0.5
LaSalle Thompson,thompla01,SAC,C,26,69,1257,15.3,0.521,0.011,0.36,11.9,25.2,18.5,7.7,2.0,3.2,17.1,20.4,0.3,1.6,1.9,0.074,-2.5,0.4,-2.1,0.0
Lancaster Gordon,gordola01,LAC,SG,25,8,65,8.0,0.416,0.0,0.194,3.2,3.4,3.3,16.9,0.7,1.7,10.6,23.5,-0.1,0.0,0.0,-0.035,-4.5,-2.1,-6.6,-0.1
Larry Bird,birdla01,BOS,SF,31,76,2965,27.8,0.608,0.142,0.271,4.6,22.3,14.0,25.7,2.1,1.1,10.2,30.2,11.2,3.8,15.0,0.243,7.8,1.0,8.8,8.1
Larry Drew,drewla01,LAC,PG,29,74,2024,11.7,0.498,0.125,0.15,1.1,5.3,3.1,29.4,1.5,0.0,16.5,18.5,0.1,1.2,1.2,0.03,-1.7,-1.4,-3.1,-0.6
Larry Krystkowiak,krystla01,MIL,PF,23,50,1050,11.1,0.558,0.011,0.477,9.4,15.4,12.4,6.5,0.8,0.5,15.0,15.2,1.1,1.0,2.1,0.096,-2.0,-0.9,-2.9,-0.2
Larry Nance,nancela01,"PHO,CLE",PF,28,67,2383,20.3,0.586,0.007,0.424,9.3,19.8,14.6,12.9,1.3,3.9,12.4,21.7,5.1,2.9,8.0,0.161,2.4,1.1,3.5,3.3
Larry Smith,smithla01,GSW,PF,30,20,499,10.8,0.471,0.008,0.22,17.2,23.6,20.3,6.6,1.1,1.3,21.1,13.9,-0.1,0.4,0.3,0.025,-2.3,-1.8,-4.1,-0.3
Leon Wood,woodle01,"SAS,ATL",PG,25,52,909,15.4,0.562,0.407,0.317,2.0,4.8,3.4,24.7,1.3,0.1,9.9,17.2,2.1,0.0,2.2,0.114,2.5,-1.9,0.6,0.6
Lester Conner,connele01,HOU,PG,28,52,399,13.6,0.524,0.065,0.38,5.3,4.7,5.0,19.6,4.5,0.1,20.7,16.0,0.1,0.6,0.7,0.09,-1.5,3.1,1.6,0.4
Louis Orr,orrlo01,NYK,SF,29,29,180,2.7,0.351,0.02,0.32,8.0,13.8,10.8,6.6,1.6,0.0,19.7,16.0,-0.4,0.2,-0.2,-0.059,-6.9,-0.6,-7.5,-0.3
Magic Johnson,johnsma02,LAL,PG,28,72,2637,23.1,0.581,0.056,0.491,4.0,14.8,9.7,45.4,2.1,0.3,18.2,23.4,7.8,3.1,10.9,0.199,5.2,0.8,6.0,5.3
Manute Bol,bolma01,WSB,C,25,77,1136,10.8,0.472,0.006,0.297,7.0,20.2,13.5,1.5,0.5,10.6,15.8,8.0,-0.1,2.1,2.0,0.085,-3.4,4.5,1.1,0.9
Marc Iavaroni,iavarma01,UTA,PF,31,81,1238,8.6,0.518,0.006,0.321,8.5,14.5,11.6,7.0,0.9,1.2,19.1,14.4,0.0,1.7,1.7,0.064,-3.5,0.0,-3.5,-0.5
Mark Acres,acresma01,BOS,C,25,79,1151,9.3,0.57,0.0,0.547,11.6,15.9,13.9,4.5,1.2,1.3,17.7,11.4,1.1,1.0,2.2,0.09,-2.6,-0.2,-2.8,-0.2
Mark Aguirre,aguirma01,DAL,SF,28,77,2610,21.9,0.539,0.109,0.321,7.7,10.3,9.0,18.4,1.3,1.3,10.2,31.6,6.5,2.3,8.8,0.163,4.6,-0.8,3.8,3.9
Mark Alarie,alarima01,WSB,PF,24,63,769,11.6,0.508,0.06,0.163,10.1,13.2,11.6,7.7,0.6,0.9,13.5,19.9,0.3,0.6,0.9,0.058,-1.9,-1.3,-3.2,-0.2
Mark Eaton,eatonma01,UTA,C,31,82,2731,9.5,0.457,0.0,0.353,9.5,18.3,14.1,2.5,0.7,6.4,17.3,11.3,-1.1,5.2,4.1,0.072,-3.8,2.0,-1.8,0.1
Mark Jackson,jacksma01,NYK,PG,22,82,3249,15.7,0.493,0.124,0.263,4.1,10.0,7.0,37.4,3.1,0.1,18.6,17.3,3.5,4.2,7.6,0.113,1.6,1.1,2.7,3.9
Mark McNamara,mcnamma01,PHI,C,28,42,581,9.4,0.469,0.0,0.496,13.1,18.3,15.7,4.3,0.3,1.2,13.8,13.7,0.3,0.3,0.6,0.052,-2.3,-2.1,-4.4,-0.4
Mark Price,pricema01,CLE,PG,23,80,2626,17.6,0.589,0.152,0.259,2.5,5.5,4.0,28.1,1.9,0.3,14.5,20.6,5.6,2.2,7.8,0.143,2.9,-0.7,2.2,2.8
Mark Wade,wadema01,GSW,PG,22,11,123,4.5,0.184,0.1,0.2,2.6,11.2,6.8,32.5,2.7,0.5,37.4,11.4,-0.4,0.1,-0.3,-0.11,-5.8,-1.2,-7.1,-0.2
Mark West,westma01,"CLE,PHO",C,27,83,2098,13.1,0.574,0.002,0.497,9.2,19.5,14.4,5.0,1.1,4.1,19.9,17.4,0.4,2.7,3.1,0.071,-2.5,0.6,-2.0,0.0
Martin Nessley,nesslma01,"LAC,SAC",C,22,44,336,2.8,0.401,0.0,0.346,7.1,19.4,13.0,6.4,1.1,2.0,27.7,10.0,-0.5,0.4,-0.1,-0.014,-9.4,1.2,-8.2,-0.5
Maurice Cheeks,cheekma01,PHI,PG,31,79,2871,18.0,0.551,0.025,0.318,2.4,7.9,5.1,33.6,2.9,0.5,14.0,16.9,6.1,2.2,8.3,0.138,2.6,0.8,3.4,3.9
Maurice Lucas,lucasma01,POR,PF,35,73,1191,11.5,0.508,0.008,0.397,9.2,19.5,14.3,10.0,1.3,0.5,14.3,16.9,0.9,1.4,2.3,0.091,-2.2,-0.1,-2.2,-0.1
Maurice Martin,martima01,DEN,SF,23,26,136,9.2,0.406,0.066,0.344,9.7,8.8,9.3,13.1,2.0,1.3,12.5,23.0,-0.2,0.2,0.0,-0.014,-4.4,-1.4,-5.9,-0.1
Melvin Turpin,turpime01,UTA,C,27,79,1011,13.8,0.544,0.008,0.252,9.8,15.1,12.5,4.6,1.2,3.9,14.1,20.4,0.4,1.7,2.1,0.1,-2.2,0.6,-1.6,0.1
Michael Adams,adamsmi01,DEN,PG,25,82,2778,15.6,0.56,0.409,0.215,1.5,7.2,4.2,22.5,2.8,0.3,12.4,16.2,4.4,3.2,7.5,0.13,1.5,0.9,2.5,3.1
Michael Brooks,brookmi01,DEN,SF,29,16,133,9.6,0.424,0.0,0.082,14.5,20.5,17.4,12.2,1.4,0.4,19.1,18.4,-0.1,0.2,0.0,0.016,-4.2,-1.6,-5.7,-0.1
Michael Cage,cagemi01,LAC,PF,26,72,2660,16.4,0.537,0.001,0.619,14.3,23.5,18.8,6.2,1.6,1.2,14.1,17.3,2.9,3.8,6.7,0.121,0.0,-0.6,-0.6,0.9
Michael Cooper,coopemi01,LAL,SG,31,61,1793,11.6,0.5,0.369,0.234,3.3,10.7,7.2,20.2,1.8,0.8,16.0,14.7,1.3,1.8,3.1,0.082,-0.1,0.9,0.8,1.3
Michael Holton,holtomi01,POR,PG,26,82,1279,11.4,0.532,0.042,0.365,4.2,8.4,6.3,20.6,1.5,0.4,17.3,15.3,1.3,1.1,2.3,0.087,-1.5,-0.1,-1.5,0.1
Michael Jackson,jacksmi02,SAC,PG,23,58,760,7.8,0.424,0.146,0.187,2.4,6.0,4.2,29.8,1.3,0.4,23.9,12.9,-0.3,0.1,-0.2,-0.011,-3.3,-1.7,-4.9,-0.6
Michael Jordan,jordami01,CHI,SG,24,82,3311,31.7,0.603,0.027,0.43,4.8,10.7,7.8,27.0,3.9,2.4,9.6,34.1,15.2,6.1,21.2,0.308,8.8,4.2,13.0,12.5
Michael Phelps,phelpmi01,LAC,SG,26,2,23,19.3,0.514,0.0,0.571,0.0,9.6,4.6,19.3,10.3,0.0,18.6,19.0,0.0,0.1,0.1,0.126,-1.6,7.7,6.1,0.0
Mike Brown,brownmi01,CHI,C,24,46,591,10.0,0.48,0.006,0.408,12.9,17.9,15.4,6.5,0.9,0.4,15.6,17.7,0.0,0.7,0.7,0.058,-3.9,-1.6,-5.5,-0.5
Mike Evans,evansmi01,DEN,PG,32,56,656,13.7,0.532,0.296,0.121,1.4,6.5,3.8,16.7,2.4,0.5,11.7,21.8,0.4,0.7,1.1,0.082,-0.3,0.0,-0.3,0.3
Mike Gminski,gminsmi01,"NJN,PHI",C,28,81,2961,16.8,0.526,0.002,0.348,9.5,22.7,15.9,7.4,1.1,2.4,12.0,21.0,3.4,3.0,6.5,0.105,0.7,-0.5,0.1,1.6
Mike McGee,mcgeemi01,"ATL,SAC",SF,28,48,1003,14.9,0.5,0.302,0.192,5.9,8.0,7.0,10.8,2.5,0.3,10.2,25.8,0.5,0.6,1.1,0.052,0.3,-1.0,-0.7,0.3
Mike Mitchell,mitchmi01,SAS,SF,32,68,1501,15.7,0.529,0.015,0.247,3.9,10.5,7.1,6.6,0.9,0.5,5.6,24.2,2.2,0.2,2.4,0.076,0.4,-2.8,-2.4,-0.2
Mike O'Koren,okoremi01,NJN,SF,29,4,52,13.7,0.507,0.063,0.25,2.2,6.9,4.5,6.0,2.8,2.3,0.0,14.4,0.0,0.1,0.1,0.082,0.9,2.2,3.1,0.1
Mike Sanders,sandemi01,"PHO,CLE",SF,27,59,883,11.1,0.542,0.003,0.251,4.9,9.2,7.1,9.1,1.7,0.6,12.9,18.2,0.6,0.6,1.2,0.066,-2.5,-0.2,-2.7,-0.1
Mike Smrek,smrekmi01,LAL,C,25,48,421,7.7,0.5,0.0,0.641,7.6,14.9,11.4,2.4,0.8,5.6,18.5,16.1,-0.2,0.6,0.4,0.047,-7.3,1.3,-6.0,-0.4
Mike Woodson,woodsmi01,LAC,SG,29,80,2534,14.7,0.509,0.062,0.27,2.6,5.5,4.0,18.5,2.0,0.6,11.6,25.7,1.1,2.0,3.1,0.058,-0.8,-0.4,-1.2,0.5
Milt Wagner,wagnemi01,LAL,SG,24,40,380,10.4,0.476,0.068,0.197,1.3,6.8,4.2,21.7,0.8,0.6,12.1,20.0,0.1,0.2,0.4,0.046,-3.0,-1.5,-4.5,-0.2
Moses Malone,malonmo01,WSB,C,32,79,2692,21.1,0.577,0.006,0.632,15.3,21.5,18.3,6.4,1.1,1.6,15.2,25.2,5.7,3.4,9.2,0.163,3.0,-1.4,1.6,2.5
Muggsy Bogues,boguemu01,WSB,PG,23,79,1628,12.7,0.429,0.038,0.174,2.4,7.0,4.7,33.5,3.8,0.1,18.0,14.2,0.2,2.1,2.3,0.066,-1.0,1.9,0.9,1.2
Mychal Thompson,thompmy01,LAL,C,33,80,2007,14.6,0.544,0.004,0.404,11.8,15.7,13.8,4.6,0.9,2.2,11.7,20.0,2.4,2.3,4.6,0.111,-1.3,-1.1,-2.4,-0.2
Nate Blackwell,blackna01,SAS,PG,22,10,112,6.1,0.424,0.268,0.146,1.9,3.9,2.9,20.0,1.2,0.0,15.5,18.2,-0.1,0.0,-0.1,-0.045,-4.6,-2.6,-7.2,-0.1
Nate McMillan,mcmilna01,SEA,PG,23,82,2453,15.9,0.532,0.048,0.413,5.2,10.4,7.7,35.9,3.3,1.2,24.4,12.7,3.4,3.1,6.5,0.127,1.4,1.9,3.3,3.3
Nikita Wilson,wilsoni01,POR,SF,23,15,54,2.3,0.371,0.0,0.261,4.0,18.0,11.0,7.0,0.0,0.0,16.3,22.4,-0.2,0.0,-0.1,-0.099,-7.6,-3.7,-11.3,-0.1
Norris Coleman,colemno01,LAC,SF,26,29,431,6.6,0.37,0.01,0.188,8.6,11.5,10.0,4.6,1.2,0.8,7.2,21.0,-0.8,0.4,-0.4,-0.046,-5.2,-1.9,-7.1,-0.6
Olden Polynice,polynol01,SEA,C,23,82,1080,9.8,0.521,0.008,0.622,12.4,22.2,17.2,3.9,1.4,1.5,20.0,15.0,0.2,1.4,1.6,0.069,-4.0,-0.7,-4.7,-0.7
Orlando Woolridge,woolror01,NJN,SF,28,19,622,14.5,0.513,0.008,0.526,5.6,11.6,8.5,18.0,1.0,1.9,13.6,23.9,0.4,0.4,0.8,0.061,-0.5,-0.9,-1.4,0.1
Otis Birdsong,birdsot01,NJN,SG,32,67,1882,10.4,0.47,0.034,0.125,4.3,6.0,5.1,18.7,1.4,0.4,14.2,20.3,-0.9,0.8,-0.1,-0.003,-2.0,-1.4,-3.4,-0.7
Otis Smith,smithot01,"DEN,GSW",SG,24,72,1549,18.4,0.551,0.062,0.346,8.7,8.9,8.8,15.0,2.8,1.6,12.3,22.6,2.5,1.1,3.6,0.111,2.1,-0.2,1.9,1.5
Otis Thorpe,thorpot01,SAC,PF,25,82,3072,18.7,0.57,0.005,0.497,9.8,19.9,14.8,12.9,1.0,1.0,13.2,22.6,6.2,1.9,8.1,0.126,1.8,-1.0,0.9,2.2
Pace Mannion,mannipa01,MIL,SF,27,35,477,8.0,0.458,0.102,0.314,4.0,8.0,6.0,15.4,1.3,0.9,15.2,14.0,0.0,0.4,0.3,0.032,-3.1,0.5,-2.6,-0.1
Pat Cummings,cummipa01,NYK,PF,31,62,946,9.6,0.495,0.003,0.261,9.6,19.1,14.2,5.6,1.0,0.7,16.0,17.5,0.0,1.1,1.1,0.055,-3.2,-0.5,-3.7,-0.4
Patrick Ewing,ewingpa01,NYK,C,25,82,2546,21.9,0.594,0.003,0.402,10.7,20.0,15.2,8.3,2.0,6.0,17.1,26.8,3.4,4.7,8.1,0.154,1.9,2.4,4.2,4.0
Paul Mokeski,mokespa01,MIL,C,31,60,848,8.8,0.519,0.019,0.343,9.3,20.1,14.7,3.5,1.6,1.9,16.9,14.4,0.1,1.2,1.3,0.073,-5.1,0.6,-4.5,-0.5
Paul Pressey,presspa01,MIL,SG,29,75,2484,17.0,0.572,0.056,0.509,5.9,11.1,8.5,29.6,2.2,0.8,18.7,17.9,4.3,2.7,7.1,0.136,1.8,1.3,3.0,3.2
Pearl Washington,washipe01,NJN,PG,24,68,1379,13.1,0.502,0.09,0.346,4.4,5.6,5.0,23.6,3.2,0.2,18.3,23.6,-0.5,1.2,0.7,0.025,-1.8,-0.1,-1.9,0.0
Pete Myers,myerspe01,SAS,SG,24,22,328,10.1,0.499,0.042,0.411,3.6,8.7,6.1,18.2,2.4,1.0,22.7,17.5,-0.2,0.1,-0.1,-0.009,-2.8,-0.5,-3.2,-0.1
Phil Hubbard,hubbaph01,CLE,SF,31,78,1631,11.8,0.554,0.01,0.501,8.7,11.5,10.1,7.2,1.5,0.3,16.6,18.6,1.1,1.6,2.7,0.081,-1.8,-1.0,-2.7,-0.3
Phil Zevenbergen,zevenph01,SAS,C,23,8,58,13.7,0.538,0.0,0.074,7.4,16.9,12.1,7.6,2.4,0.9,12.5,21.7,0.0,0.0,0.0,0.041,-2.3,-0.2,-2.4,0.0
Purvis Short,shortpu01,HOU,SG,30,81,1949,15.8,0.531,0.021,0.243,3.8,8.0,5.9,13.0,1.4,0.4,9.8,24.9,2.6,1.8,4.4,0.108,-0.2,-0.5,-0.6,0.7
Pétur Guðmundsson,gudmupe01,SAS,C,29,69,1017,12.9,0.574,0.004,0.518,9.8,24.7,17.2,10.6,0.8,3.3,23.1,17.3,0.5,0.9,1.4,0.064,-3.0,0.3,-2.7,-0.2
Quintin Dailey,dailequ01,LAC,SG,27,67,1282,16.8,0.505,0.016,0.415,5.0,7.9,6.4,15.5,2.6,0.2,12.1,32.2,0.1,1.2,1.3,0.05,0.1,-0.2,-0.1,0.6
Ralph Lewis,lewisra01,DET,SG,24,50,310,5.6,0.384,0.011,0.552,6.3,12.0,9.2,5.7,2.0,0.8,14.9,17.0,-0.5,0.4,-0.1,-0.008,-5.4,0.6,-4.8,-0.2
Ralph Sampson,sampsra01,"HOU,GSW",C,27,48,1663,13.4,0.487,0.016,0.287,9.0,21.4,15.1,10.6,1.2,3.0,18.2,22.8,-1.3,1.9,0.6,0.018,-2.2,0.1,-2.2,-0.1
Randy Breuer,breuera01,MIL,C,27,81,2258,15.3,0.53,0.0,0.363,9.5,18.0,13.7,6.7,1.0,2.8,10.5,19.0,2.4,2.8,5.1,0.109,-0.1,0.0,-0.1,1.1
Randy Wittman,wittmra01,ATL,SG,28,82,2412,11.6,0.498,0.0,0.113,1.8,6.1,3.9,17.5,1.0,0.5,9.0,15.8,2.2,1.3,3.5,0.07,-0.7,-0.5,-1.2,0.5
Ray Tolbert,tolbera01,"NYK,LAL",PF,29,25,259,9.7,0.541,0.0,0.435,10.1,14.2,12.1,5.3,1.5,1.1,20.3,16.4,0.0,0.3,0.3,0.056,-2.7,0.2,-2.6,0.0
Reggie Lewis,lewisre01,BOS,SG,22,49,405,14.3,0.504,0.021,0.295,8.8,9.6,9.2,9.3,1.9,2.1,12.1,26.3,0.1,0.4,0.4,0.052,-2.2,-1.2,-3.4,-0.1
Reggie Miller,millere01,IND,SG,22,82,1840,14.0,0.58,0.274,0.297,5.7,5.6,5.7,10.2,1.4,0.6,12.5,18.6,2.9,1.3,4.2,0.11,1.1,-0.4,0.7,1.3
Reggie Theus,theusre01,SAC,SG,30,73,2653,16.5,0.529,0.045,0.292,2.9,6.6,4.8,27.2,1.1,0.3,13.6,26.1,3.4,0.3,3.7,0.066,1.5,-2.4,-0.9,0.7
Reggie Williams,willire01,LAC,SF,23,35,857,7.6,0.4,0.136,0.155,6.6,8.1,7.3,10.8,1.6,1.4,12.1,24.6,-1.8,0.7,-1.1,-0.061,-5.2,-1.4,-6.6,-1.0
Richard Anderson,anderri01,"HOU,POR",PF,27,74,1350,11.1,0.474,0.342,0.175,7.3,17.0,12.1,10.4,1.8,0.7,11.4,15.6,0.7,1.6,2.3,0.082,-0.7,0.1,-0.6,0.5
Richard Rellford,rellfri01,SAS,SF,23,4,42,11.6,0.694,0.0,1.0,5.1,13.0,9.0,2.9,0.0,3.9,25.8,14.6,0.0,0.0,0.0,0.048,-1.6,-0.2,-1.8,0.0
Rick Carlisle,carliri01,NYK,SG,28,26,204,9.0,0.515,0.254,0.164,3.3,4.1,3.6,22.2,2.6,1.2,23.4,18.7,-0.1,0.2,0.2,0.036,-2.5,1.0,-1.5,0.0
Rick Mahorn,mahorri01,DET,PF,29,67,1963,13.7,0.622,0.004,0.451,9.3,22.6,16.1,4.2,1.1,1.3,17.1,14.7,2.8,3.2,5.9,0.145,-0.8,0.9,0.2,1.1
Rickey Green,greenri01,UTA,PG,33,81,1116,13.2,0.483,0.051,0.224,1.4,6.1,3.8,36.2,2.4,0.1,18.8,18.4,0.4,1.4,1.8,0.078,-0.8,0.1,-0.7,0.4
Rickie Winslow,winslri01,MIL,SF,23,7,45,-3.4,0.252,0.077,0.154,7.5,10.0,8.8,5.7,1.1,0.0,22.4,16.7,-0.2,0.0,-0.2,-0.165,-11.9,-2.9,-14.8,-0.1
Ricky Pierce,piercri01,MIL,SG,28,37,965,16.6,0.561,0.029,0.251,3.5,6.2,4.8,12.7,1.1,0.4,9.6,26.0,1.6,0.6,2.2,0.107,1.0,-1.4,-0.4,0.4
Ricky Wilson,wilsori02,"NJN,SAS",PG,23,24,420,10.0,0.49,0.236,0.364,0.5,6.5,3.5,20.0,2.6,0.4,16.4,14.5,0.1,0.2,0.3,0.032,-2.6,0.0,-2.6,-0.1
Robert Parish,parisro01,BOS,C,34,74,2312,17.2,0.62,0.001,0.321,9.5,21.9,16.1,6.9,1.2,2.1,15.2,18.7,3.8,2.6,6.4,0.134,1.1,-0.3,0.8,1.6
Robert Reid,reidro01,HOU,SG,32,62,980,10.9,0.512,0.096,0.177,4.1,9.2,6.7,9.6,1.3,0.3,9.7,17.4,0.7,0.9,1.7,0.083,-2.3,-0.2,-2.5,-0.1
Rod Higgins,higgiro01,GSW,SF,28,68,2188,16.3,0.608,0.054,0.444,4.7,10.4,7.5,12.3,1.5,0.8,11.4,18.1,5.0,0.6,5.7,0.124,1.7,-0.8,0.9,1.6
Rodney McCray,mccraro01,HOU,SF,26,81,2689,15.1,0.554,0.005,0.492,9.1,15.4,12.3,13.1,1.0,1.1,13.7,15.7,4.4,3.2,7.6,0.135,1.2,0.4,1.6,2.5
Rolando Blackman,blackro01,DAL,SG,28,71,2580,16.0,0.544,0.005,0.361,3.5,6.8,5.2,15.1,1.2,0.4,10.6,21.8,5.1,1.6,6.8,0.126,1.0,-0.8,0.2,1.4
Ron Anderson,anderro01,IND,SF,29,74,1097,16.2,0.544,0.005,0.323,8.9,12.6,10.8,10.5,1.8,0.3,12.8,22.0,1.3,1.2,2.5,0.108,0.9,-0.3,0.6,0.7
Ron Harper,harpero01,CLE,SG,24,57,1830,16.6,0.514,0.027,0.38,4.2,10.0,7.2,23.6,3.3,1.7,15.6,23.6,0.8,2.7,3.5,0.092,0.5,1.8,2.3,2.0
Ron Moore,moorero01,"DET,PHO",C,26,14,59,2.0,0.369,0.0,0.276,3.9,11.5,7.6,2.4,4.1,0.0,11.0,25.5,-0.2,0.1,-0.1,-0.074,-11.5,-1.0,-12.5,-0.2
Ronnie Murphy,murphro01,POR,SF,23,18,89,2.9,0.334,0.082,0.224,6.1,7.3,6.7,8.7,2.6,0.6,12.9,27.4,-0.3,0.1,-0.2,-0.13,-9.1,-2.5,-11.5,-0.2
Rory Sparrow,sparrro01,"NYK,CHI",PG,29,58,1044,8.3,0.423,0.044,0.113,1.7,6.2,4.0,21.3,2.0,0.2,15.9,15.0,-0.5,1.0,0.5,0.024,-3.8,-0.2,-4.0,-0.5
Roy Hinson,hinsoro01,"PHI,NJN",SF,26,77,2592,14.8,0.543,0.002,0.377,6.9,16.4,11.6,6.0,1.3,3.2,13.5,20.4,1.9,2.6,4.5,0.083,-1.1,0.0,-1.1,0.6
Roy Tarpley,tarplro01,DAL,PF,23,81,2307,19.5,0.541,0.006,0.312,17.3,27.8,22.6,5.6,2.2,2.1,14.6,21.2,3.5,4.4,7.8,0.163,0.3,-0.1,0.2,1.3
Russ Schoene,schoeru01,SEA,PF,27,81,973,13.5,0.502,0.128,0.139,8.8,14.2,11.4,8.0,1.9,0.8,10.6,22.2,0.7,1.0,1.8,0.087,-1.3,-1.0,-2.3,-0.1
Sam Perkins,perkisa01,DAL,PF,26,75,2499,15.0,0.521,0.034,0.379,8.9,17.1,13.1,6.7,1.5,1.2,10.4,18.9,3.7,3.0,6.7,0.128,-0.3,0.0,-0.3,1.1
Sam Vincent,vincesa01,"SEA,CHI",PG,24,72,1501,15.1,0.536,0.046,0.362,2.6,8.9,5.8,34.6,1.8,0.6,20.3,18.7,1.8,1.5,3.3,0.106,0.5,-0.3,0.2,0.8
Scott Hastings,hastisc01,ATL,PF,27,55,403,10.8,0.586,0.146,0.329,7.4,19.4,13.4,5.1,1.0,1.5,13.0,11.3,0.6,0.5,1.0,0.125,-1.8,0.4,-1.4,0.1
Scott Roth,rothsc01,UTA,SF,24,26,201,10.1,0.482,0.149,0.405,3.9,10.8,7.5,10.8,2.8,0.0,11.2,20.0,0.0,0.3,0.3,0.078,-4.8,1.0,-3.8,-0.1
Scott Skiles,skilesc01,IND,PG,23,51,760,9.5,0.479,0.096,0.258,1.6,7.9,4.8,31.2,1.4,0.2,24.6,17.1,-0.3,0.6,0.3,0.016,-2.9,-1.3,-4.2,-0.4
Scottie Pippen,pippesc01,CHI,SF,22,79,1650,12.9,0.489,0.041,0.305,8.1,12.6,10.4,14.5,2.8,1.9,17.0,20.0,-0.4,2.6,2.3,0.066,-1.9,1.3,-0.6,0.6
Sedale Threatt,threase01,"CHI,SEA",PG,26,71,1055,16.0,0.539,0.064,0.167,2.5,7.1,4.8,22.7,2.8,0.5,12.1,20.6,1.5,1.2,2.7,0.121,-0.2,0.9,0.7,0.7
Sedric Toney,toneyse01,NYK,PG,25,21,139,12.8,0.539,0.292,0.229,2.4,4.3,3.3,24.7,3.1,0.4,18.5,18.9,0.1,0.2,0.3,0.099,-1.3,0.7,-0.6,0.1
Sidney Green,greensi02,NYK,PF,27,82,2049,10.3,0.48,0.003,0.325,12.0,24.3,17.9,6.3,1.5,1.0,18.1,16.2,-0.4,3.1,2.7,0.063,-3.1,-0.1,-3.2,-0.6
Sidney Moncrief,moncrsi01,MIL,SG,30,56,1428,15.2,0.569,0.07,0.441,4.6,9.6,7.1,20.4,1.4,0.6,14.0,18.2,2.5,1.2,3.7,0.123,1.1,-0.2,0.9,1.1
Sleepy Floyd,floydsl01,"GSW,HOU",PG,27,77,2514,15.4,0.513,0.074,0.365,3.3,9.3,6.3,30.5,1.8,0.3,16.5,21.6,2.2,2.1,4.4,0.084,0.6,-0.4,0.2,1.4
Spud Webb,webbsp01,ATL,PG,24,82,1347,14.8,0.533,0.047,0.326,1.3,10.8,6.0,34.3,2.3,0.5,22.2,18.5,0.9,1.4,2.3,0.082,-0.1,0.2,0.1,0.7
Steve Alford,alforst01,DAL,PG,23,28,197,11.6,0.472,0.145,0.309,1.7,10.9,6.3,15.4,4.3,0.9,16.1,15.6,0.0,0.3,0.3,0.082,-4.1,3.1,-1.1,0.0
Steve Burtt,burttst01,LAC,SG,25,19,312,10.2,0.508,0.029,0.5,2.0,7.4,4.6,20.1,1.5,0.9,19.2,27.2,-0.4,0.2,-0.1,-0.019,-4.5,-0.8,-5.3,-0.3
Steve Colter,coltest01,"PHI,WSB",PG,25,68,1513,12.8,0.501,0.023,0.215,4.3,8.6,6.4,24.4,2.0,0.5,15.4,15.6,1.2,1.4,2.6,0.081,-0.4,0.7,0.4,0.9
Steve Harris,harrist01,"HOU,GSW",SG,24,58,1084,14.0,0.498,0.014,0.232,5.3,7.6,6.4,12.0,2.2,0.4,9.4,22.1,0.7,0.5,1.2,0.052,-0.8,-1.2,-2.0,0.0
Steve Johnson,johnsst03,POR,C,30,43,1050,14.9,0.554,0.002,0.51,8.6,16.3,12.5,8.0,0.8,1.7,17.0,27.0,0.2,1.1,1.3,0.058,-1.7,-1.4,-3.1,-0.3
Steve Stipanovich,stipast01,IND,C,27,80,2692,15.0,0.558,0.018,0.379,6.4,20.4,13.5,9.5,1.6,1.5,13.9,17.6,3.0,3.8,6.9,0.123,-0.3,1.3,1.0,2.1
Stuart Gray,grayst01,IND,C,24,74,807,9.9,0.498,0.005,0.378,9.6,24.3,17.0,7.2,0.7,2.3,18.2,14.4,0.0,1.2,1.1,0.067,-3.9,0.6,-3.3,-0.3
T.R. Dunn,dunntr01,DEN,SG,32,82,1534,8.3,0.503,0.006,0.333,7.3,9.3,8.2,6.3,3.0,0.4,12.7,5.2,1.3,2.0,3.2,0.102,-2.0,2.4,0.4,0.9
Tellis Frank,frankte01,GSW,PF,22,78,1597,10.2,0.483,0.002,0.366,6.4,16.8,11.5,9.6,1.6,0.8,14.2,19.4,-0.3,0.9,0.6,0.018,-3.9,-1.2,-5.1,-1.2
Terry Catledge,catlete01,WSB,PF,24,70,1610,14.7,0.542,0.003,0.402,12.4,15.2,13.8,5.9,1.0,0.3,12.8,20.2,2.0,1.5,3.5,0.103,0.0,-1.6,-1.6,0.1
Terry Cummings,cummite01,MIL,PF,26,76,2629,17.4,0.516,0.002,0.292,7.9,15.8,11.8,11.6,1.5,1.0,9.8,27.9,2.2,2.9,5.2,0.094,0.7,-0.7,-0.1,1.3
Terry Porter,portete01,POR,PG,24,82,2991,18.1,0.592,0.078,0.364,2.3,11.3,6.8,35.9,2.3,0.3,19.1,16.8,6.5,3.3,9.8,0.157,2.6,0.6,3.2,4.0
Terry Teagle,teaglte01,GSW,SG,27,47,958,13.0,0.496,0.016,0.222,4.6,4.8,4.7,10.3,1.6,0.2,11.8,28.7,-0.3,0.1,-0.2,-0.012,-1.5,-2.7,-4.3,-0.6
Terry Tyler,tylerte01,SAC,SF,31,74,1185,12.4,0.471,0.017,0.157,7.9,14.3,11.1,6.6,1.7,2.2,9.0,16.3,0.4,0.8,1.2,0.049,-1.2,0.0,-1.3,0.2
Thurl Bailey,baileth01,UTA,SF,26,82,2804,16.3,0.547,0.002,0.317,5.4,14.6,10.2,8.6,0.8,2.6,11.5,24.2,2.7,4.1,6.8,0.116,0.3,-0.1,0.2,1.6
Tim McCormick,mccorti01,"PHI,NJN",C,25,70,2114,13.4,0.566,0.003,0.332,7.8,18.1,12.8,8.7,0.7,0.7,13.0,17.0,2.5,1.4,3.9,0.089,-0.6,-0.9,-1.5,0.3
Tod Murphy,murphto01,LAC,PF,24,1,19,15.7,0.906,0.0,4.0,5.4,5.8,5.6,14.0,2.5,0.0,0.0,5.9,0.1,0.0,0.1,0.235,0.6,1.1,1.7,0.0
Tom Chambers,chambto01,SEA,PF,28,82,2680,16.8,0.526,0.08,0.38,5.5,15.3,10.3,11.9,1.6,1.2,11.6,27.0,3.7,2.7,6.4,0.114,0.8,-0.8,0.0,1.3
Tony Campbell,campbto01,LAL,SF,25,13,242,14.2,0.605,0.03,0.386,3.9,8.5,6.3,9.3,2.2,0.5,18.0,24.9,0.2,0.2,0.4,0.079,-2.9,-0.6,-3.5,-0.1
Tony White,whiteto01,"CHI,NYK,GSW",PG,22,49,581,9.4,0.478,0.024,0.217,2.2,3.8,3.0,15.0,1.6,0.2,14.7,22.3,-0.4,0.1,-0.3,-0.025,-3.3,-2.2,-5.4,-0.5
Tree Rollins,rollitr01,ATL,C,32,76,1765,10.6,0.569,0.0,0.308,8.9,20.1,14.5,1.4,0.9,4.6,14.7,8.3,1.6,2.5,4.1,0.112,-2.0,1.5,-0.5,0.7
Trent Tucker,tucketr01,NYK,SG,28,71,1248,11.8,0.52,0.367,0.156,2.8,8.2,5.5,13.5,2.1,0.3,8.8,17.3,1.6,1.3,2.9,0.11,-0.1,0.8,0.7,0.8
Tyrone Corbin,corbity01,"CLE,PHO",SF,25,84,1739,12.4,0.534,0.011,0.263,8.6,14.6,11.7,9.2,2.0,0.6,15.1,16.6,1.1,1.9,3.0,0.082,-1.3,0.0,-1.3,0.3
Uwe Blab,blabuw01,DAL,C,25,73,658,7.4,0.504,0.0,0.492,8.7,13.3,11.1,6.9,0.6,2.5,23.4,13.2,-0.1,0.6,0.5,0.036,-4.7,0.3,-4.5,-0.4
Vern Fleming,flemive01,IND,PG,25,80,2733,17.5,0.573,0.015,0.335,4.3,10.3,7.3,29.3,2.1,0.2,15.3,17.7,5.6,2.8,8.4,0.148,1.9,0.9,2.8,3.3
Vincent Askew,askewvi01,PHI,SG,21,14,234,7.1,0.33,0.0,0.149,3.0,8.0,5.5,19.8,2.1,1.5,13.2,16.4,-0.4,0.2,-0.2,-0.043,-3.3,0.5,-2.8,0.0
Vinnie Johnson,johnsvi01,DET,SG,31,82,1935,13.8,0.475,0.025,0.226,5.3,7.9,6.7,21.1,1.5,0.5,12.6,25.9,0.2,2.1,2.3,0.056,-0.5,-0.4,-0.9,0.5
Walker Russell,russewa01,DET,PG,27,1,1,-1.8,0.0,1.0,0.0,0.0,0.0,0.0,100.0,0.0,0.0,0.0,41.6,0.0,0.0,0.0,-0.54,-10.4,-15.4,-25.8,0.0
Walter Berry,berrywa01,SAS,SF,23,73,1922,18.8,0.578,0.0,0.333,9.8,12.4,11.1,8.7,1.3,1.8,12.8,25.9,2.7,0.7,3.4,0.086,1.6,-2.0,-0.4,0.8
Walter Davis,daviswa03,PHO,SF,33,68,1951,17.8,0.537,0.093,0.224,1.8,7.4,4.6,21.9,2.1,0.1,10.0,26.3,3.0,0.9,3.8,0.094,1.8,-1.2,0.6,1.3
Wayman Tisdale,tisdawa01,IND,PF,23,79,2378,16.1,0.558,0.002,0.315,7.8,14.8,11.3,6.6,1.1,0.8,11.3,22.7,3.3,2.5,5.7,0.116,0.1,-0.7,-0.7,0.8
Wayne Cooper,coopewa01,DEN,C,31,45,865,11.7,0.477,0.004,0.248,11.5,21.7,16.4,4.2,0.6,6.2,16.5,16.1,-0.2,1.4,1.2,0.068,-3.9,0.7,-3.2,-0.3
Wes Matthews,matthwe01,LAL,PG,28,51,706,12.4,0.522,0.121,0.262,2.7,7.7,5.3,26.4,1.7,0.2,20.0,20.4,0.2,0.6,0.8,0.054,-1.5,-1.0,-2.5,-0.1
William Bedford,bedfowi01,DET,C,24,38,298,9.0,0.454,0.0,0.228,10.4,13.9,12.2,1.8,1.3,3.3,14.6,18.2,-0.2,0.5,0.2,0.039,-4.4,0.6,-3.8,-0.1
Winston Crite,critewi01,PHO,SF,22,29,258,9.8,0.551,0.0,0.368,11.7,16.2,14.0,7.6,0.9,1.8,24.0,16.4,0.0,0.2,0.1,0.025,-3.8,-1.2,-5.0,-0.2
Winston Garland,garlawi01,GSW,PG,23,67,2122,13.8,0.492,0.05,0.203,3.5,8.6,6.0,28.3,2.6,0.2,16.5,19.3,0.8,0.9,1.7,0.039,-0.9,-0.9,-1.8,0.1
World B. Free,freewo01,HOU,SG,34,58,682,11.1,0.475,0.1,0.286,2.2,4.6,3.4,13.1,1.4,0.2,11.1,26.1,-0.1,0.5,0.4,0.028,-3.1,-1.7,-4.7,-0.5
Xavier McDaniel,mcdanxa01,SEA,SF,24,78,2703,18.2,0.528,0.036,0.279,8.4,13.3,10.8,15.2,1.7,1.2,12.4,26.8,3.6,2.6,6.2,0.11,2.2,-0.8,1.4,2.3
