Player,PlayerID,Tms,Pos,Age,G,MP,PER,TS%,3PAr,FTr,ORB%,DRB%,TRB%,AST%,STL%,BLK%,TOV%,USG%,OWS,DWS,WS,WS/48,OBPM,DBPM,BPM,VORP
Abdul Jeelani,jeelaab01,POR,SF,25,77,1286,18.7,0.563,0.011,0.361,9.6,13.5,11.5,11.6,1.5,1.8,15.2,24.6,2.3,1.5,3.8,0.141,1.7,-0.1,1.5,1.1
Adrian Dantley,dantlad01,UTA,SF,24,68,2674,24.3,0.635,0.002,0.415,8.3,14.0,11.3,12.3,1.8,0.3,13.5,27.8,9.5,1.1,10.5,0.189,5.3,-1.6,3.7,3.8
Al Skinner,skinnal01,PHI,SG,27,2,10,-0.6,0.5,0.0,0.0,0.0,0.0,0.0,25.4,0.0,0.0,50.0,16.0,0.0,0.0,0.0,-0.152,-4.6,-0.2,-4.8,0.0
Alex English,englial01,"IND,DEN",SF,26,78,2401,18.0,0.536,0.005,0.239,11.3,14.9,13.1,13.9,1.4,1.4,14.8,23.4,3.3,2.0,5.3,0.105,1.6,-1.2,0.4,1.5
Allan Bristow,bristal01,UTA,SF,28,82,2304,16.6,0.534,0.009,0.31,9.0,16.7,13.0,21.4,1.9,0.1,16.7,20.0,3.2,1.2,4.4,0.091,1.4,-0.8,0.6,1.5
Allen Leavell,leaveal01,HOU,PG,22,77,2123,15.1,0.56,0.029,0.337,2.9,6.8,4.8,26.3,2.8,0.7,21.4,17.8,2.6,1.4,4.0,0.091,0.6,0.5,1.1,1.7
Alonzo Bradley,bradlal01,HOU,SF,26,22,96,4.1,0.395,0.021,0.188,2.2,4.7,3.5,4.3,1.5,0.0,13.3,24.7,-0.2,0.0,-0.2,-0.097,-5.2,-1.6,-6.8,-0.2
Alvan Adams,adamsal01,PHO,C,25,75,2168,19.2,0.571,0.002,0.27,8.2,22.4,15.4,21.6,2.3,1.4,18.2,21.9,3.1,3.9,7.0,0.155,1.7,1.9,3.6,3.1
Alvin Scott,scottal01,PHO,SF,24,79,1303,9.9,0.493,0.01,0.405,7.7,11.5,9.6,9.3,1.7,2.2,20.6,13.6,0.0,1.7,1.7,0.062,-1.6,0.8,-0.8,0.4
Andre Wakefield,wakefan01,UTA,SG,25,8,47,-2.0,0.46,0.0,0.2,0.0,9.6,5.0,8.8,1.0,0.0,32.9,22.2,-0.2,0.0,-0.2,-0.187,-6.2,-0.9,-7.1,-0.2
Anthony Roberts,roberan01,DEN,SF,24,23,486,9.3,0.427,0.006,0.331,11.3,12.1,11.7,5.6,1.2,0.3,11.9,19.0,-0.2,0.2,0.1,0.009,-3.2,-2.4,-5.6,-0.4
Armond Hill,hillar01,ATL,PG,26,79,2092,9.2,0.484,0.009,0.339,1.6,5.5,3.5,27.4,2.5,0.2,25.7,13.0,0.1,2.4,2.5,0.057,-2.7,0.7,-2.0,0.0
Artis Gilmore,gilmoar01,CHI,C,30,48,1568,19.9,0.643,0.0,0.671,7.9,22.7,15.5,13.0,0.9,2.1,16.7,20.7,4.0,1.7,5.6,0.172,2.5,0.4,2.9,1.9
Arvid Kramer,kramear01,DEN,C,23,8,45,6.6,0.35,0.0,0.091,13.6,14.2,13.9,9.3,0.0,6.0,17.9,24.3,-0.1,0.0,-0.1,-0.102,-5.0,-0.4,-5.4,-0.1
Austin Carr,carrau01,CLE,SG,31,77,1595,14.3,0.497,0.007,0.205,5.1,5.8,5.5,13.2,1.1,0.1,10.6,24.6,1.3,0.6,2.0,0.059,0.1,-1.8,-1.7,0.1
Ben Poquette,poquebe01,UTA,C,24,82,2349,14.0,0.572,0.004,0.295,6.4,20.9,13.9,7.7,0.9,3.9,13.9,13.6,3.0,1.8,4.9,0.099,-0.7,0.6,-0.1,1.1
Bernard King,kingbe01,UTA,SF,23,19,419,11.4,0.534,0.0,0.46,7.0,17.2,12.3,18.1,0.8,0.5,23.3,22.0,-0.2,0.1,0.0,-0.002,-2.6,-1.6,-4.2,-0.2
Bernard Toone,toonebe01,PHI,PF,23,23,124,8.9,0.402,0.109,0.156,10.9,17.8,14.5,13.8,1.5,2.2,19.0,27.2,-0.3,0.2,-0.1,-0.036,-5.1,-0.3,-5.4,-0.1
Bill Cartwright,cartwbi01,NYK,C,22,82,3150,17.9,0.608,0.0,0.466,6.6,18.6,12.6,7.0,0.7,1.7,13.2,20.6,7.7,2.1,9.7,0.148,1.7,-1.2,0.6,2.1
Bill Robinzine,robinbi01,KCK,PF,27,81,1917,15.3,0.548,0.003,0.379,9.9,19.8,14.7,4.5,2.6,0.7,14.9,20.7,1.8,3.6,5.5,0.137,-1.5,0.6,-0.8,0.6
Bill Walton,waltobi01,SDC,C,27,14,337,22.2,0.525,0.0,0.335,8.7,32.5,20.2,15.5,1.1,6.1,16.7,26.3,0.2,0.5,0.8,0.108,0.9,2.1,3.0,0.5
Bill Willoughby,willobi01,CLE,SF,22,78,1447,12.7,0.522,0.02,0.278,8.5,15.8,12.0,6.2,1.0,2.3,11.7,15.4,1.7,1.3,3.0,0.099,-1.0,0.2,-0.8,0.4
Billy Knight,knighbi01,IND,SF,27,75,1910,18.0,0.589,0.021,0.363,7.2,12.6,9.8,11.4,2.0,0.3,13.6,19.7,4.2,1.5,5.8,0.145,2.2,-0.8,1.4,1.6
Billy McKinney,mckinbi01,KCK,PG,24,76,1333,13.4,0.502,0.022,0.29,1.6,5.5,3.5,24.8,2.0,0.2,14.7,18.2,1.1,1.6,2.7,0.096,-0.6,0.2,-0.5,0.5
Billy Paultz,paultbi01,"SAS,HOU",C,31,84,2193,13.9,0.507,0.001,0.27,9.2,19.8,14.5,10.7,1.4,2.0,13.2,15.3,2.1,1.9,4.0,0.088,0.1,0.2,0.3,1.3
Billy Ray Bates,batesbi01,POR,SG,23,16,235,24.1,0.552,0.13,0.267,6.0,7.6,6.8,23.8,2.9,0.5,10.9,32.0,0.7,0.3,0.9,0.188,3.7,0.6,4.3,0.5
Bingo Smith,smithbi02,"CLE,SDC",SF,33,78,2123,11.3,0.474,0.091,0.129,4.6,8.7,6.6,6.6,1.4,0.4,7.9,19.2,1.5,0.5,2.1,0.047,-1.7,-1.5,-3.2,-0.7
Bo Ellis,ellisbo02,DEN,PF,25,48,502,12.1,0.508,0.022,0.39,10.3,13.8,12.0,8.0,0.9,2.6,13.1,14.3,0.5,0.4,0.9,0.085,-1.6,-0.3,-1.9,0.0
Bob Carrington,carribo01,SDC,SG,26,10,134,5.9,0.444,0.054,0.216,4.7,5.8,5.2,2.9,1.4,0.4,11.0,13.6,0.0,0.0,0.0,0.001,-4.0,-0.7,-4.6,-0.1
Bob Dandridge,dandrbo01,WSB,SF,32,45,1457,14.8,0.492,0.015,0.209,4.3,12.7,8.5,18.2,0.9,1.3,13.4,24.9,0.5,1.2,1.7,0.056,0.2,-0.4,-0.2,0.7
Bob Elliott,elliobo01,NJN,PF,24,54,722,11.6,0.521,0.018,0.667,9.6,16.9,13.3,10.0,1.8,1.1,23.0,20.5,-0.3,1.0,0.8,0.05,-2.7,-0.2,-2.9,-0.2
Bob Gross,grossbo01,POR,SF,26,62,1581,12.0,0.515,0.021,0.242,5.8,11.6,8.7,20.0,1.8,1.7,24.1,17.9,-0.1,1.8,1.7,0.051,-1.3,0.7,-0.6,0.6
Bob Lanier,laniebo01,"DET,MIL",C,31,63,2131,20.4,0.592,0.007,0.408,7.6,19.9,13.8,12.3,1.6,2.2,13.7,21.6,5.0,2.4,7.4,0.168,2.6,0.6,3.1,2.8
Bob McAdoo,mcadobo01,DET,PF,28,58,2097,16.3,0.524,0.023,0.314,5.0,18.5,11.7,13.9,1.6,1.6,16.9,25.8,0.5,1.6,2.0,0.047,0.0,-0.8,-0.8,0.6
Bob Wilkerson,wilkebo01,DEN,SF,25,75,2381,10.9,0.458,0.033,0.216,3.6,10.3,6.9,14.7,1.8,0.6,14.6,21.7,-1.2,1.4,0.2,0.004,-2.8,-1.1,-3.8,-1.1
Bobby Jones,jonesbo01,PHI,PF,28,81,2125,18.5,0.59,0.004,0.44,8.0,14.1,11.2,9.8,2.2,3.0,14.1,19.5,4.3,3.8,8.1,0.183,1.4,1.9,3.3,2.8
Brad Davis,davisbr01,"IND,UTA",PG,24,18,268,14.1,0.593,0.016,0.254,1.8,5.4,3.7,25.9,2.3,0.2,16.7,13.3,0.5,0.1,0.6,0.108,-0.6,-0.1,-0.7,0.1
Brad Holland,hollabr01,LAL,SG,23,38,197,14.3,0.477,0.144,0.154,2.4,6.6,4.7,14.8,3.5,0.3,10.5,25.2,0.1,0.2,0.3,0.081,-2.9,0.3,-2.6,0.0
Brian Taylor,taylobr01,SDC,PG,28,78,2754,13.9,0.546,0.267,0.181,2.9,4.6,3.7,16.4,2.5,0.5,12.7,16.1,4.6,1.0,5.6,0.098,0.2,0.2,0.4,1.7
Brian Winters,wintebr01,MIL,SG,27,80,2623,14.8,0.534,0.091,0.192,2.0,7.0,4.6,19.0,1.8,0.6,13.3,21.1,3.6,2.6,6.2,0.113,0.3,-0.2,0.2,1.4
Bubba Wilson,wilsobu01,GSW,SG,24,16,143,2.1,0.308,0.0,0.24,4.5,8.0,6.2,10.0,0.7,0.0,22.4,10.3,-0.2,0.0,-0.2,-0.064,-4.4,-0.9,-5.3,-0.2
Butch Lee,leebu01,"CLE,LAL",PG,23,14,55,5.3,0.327,0.0,0.333,14.2,7.3,10.8,25.5,0.8,0.0,26.7,26.9,-0.2,0.0,-0.2,-0.165,-4.2,-0.8,-5.0,-0.1
Caldwell Jones,jonesca01,PHI,C,29,80,2771,9.7,0.482,0.004,0.335,8.9,26.5,18.2,7.4,0.7,3.2,26.3,11.9,-1.5,5.4,3.9,0.068,-3.1,1.5,-1.6,0.2
Calvin Murphy,murphca01,HOU,SG,31,76,2676,16.8,0.543,0.02,0.238,2.7,3.5,3.1,16.7,2.5,0.2,10.4,23.1,6.0,1.1,7.2,0.129,0.9,-0.2,0.7,1.8
Calvin Natt,nattca01,"NJN,POR",SF,23,78,2857,17.0,0.524,0.007,0.323,8.8,16.7,12.7,9.1,1.6,0.7,11.8,23.2,3.5,3.7,7.1,0.12,1.2,-0.7,0.4,1.8
Campy Russell,russeca02,CLE,SF,28,41,1331,16.2,0.508,0.014,0.379,5.8,12.4,8.9,17.5,2.5,0.8,16.8,25.5,0.5,1.4,1.8,0.067,0.6,0.2,0.8,0.9
Carl Kilpatrick,kilpaca01,UTA,C,23,2,6,22.7,0.521,0.0,1.0,20.3,56.3,39.0,0.0,0.0,0.0,0.0,20.6,0.0,0.0,0.0,0.225,-4.3,-0.2,-4.5,0.0
Cedric Maxwell,maxwece01,BOS,SF,24,80,2744,19.0,0.679,0.0,0.739,11.7,16.8,14.3,9.8,1.3,1.3,18.8,17.7,8.3,3.9,12.2,0.214,2.8,0.7,3.5,3.8
Charlie Criss,crissch01,ATL,PG,31,81,1794,11.5,0.5,0.029,0.367,1.6,5.4,3.5,20.0,2.0,0.1,16.2,18.2,1.0,1.8,2.8,0.075,-1.4,0.0,-1.4,0.3
Charlie Scott,scottch01,DEN,SG,31,69,1860,7.4,0.432,0.016,0.172,2.8,6.6,4.6,18.6,1.2,0.7,18.1,19.0,-2.0,0.6,-1.4,-0.037,-4.2,-1.7,-6.0,-1.9
Cheese Johnson,johnsch02,GSW,SF,22,9,53,9.4,0.419,0.0,0.167,12.1,17.2,14.6,5.7,0.9,0.0,11.0,28.1,-0.1,0.0,0.0,-0.033,-4.5,-1.0,-5.5,-0.1
Chris Ford,fordch01,BOS,SG,31,73,2115,13.0,0.537,0.231,0.161,4.1,5.4,4.8,13.5,2.5,0.7,12.2,16.2,2.9,2.6,5.6,0.126,0.6,1.4,2.0,2.1
Clemon Johnson,johnscl01,IND,C,23,79,1541,13.9,0.527,0.0,0.295,9.5,17.2,13.2,9.5,1.4,4.3,14.8,13.2,1.6,1.9,3.5,0.109,-1.1,1.2,0.1,0.8
Cliff Robinson,robincl01,NJN,PF,19,70,1661,17.0,0.506,0.005,0.291,10.8,20.7,15.8,9.3,1.7,1.1,12.7,25.0,1.1,2.5,3.6,0.104,0.2,-0.8,-0.6,0.6
Clifford Ray,raycl01,GSW,C,31,81,1683,11.3,0.546,0.005,0.389,7.7,23.3,15.3,14.2,1.4,1.1,25.7,14.8,0.0,1.9,1.9,0.054,-2.6,1.0,-1.6,0.2
Clint Richardson,richacl01,PHI,SG,23,52,988,9.9,0.472,0.009,0.129,6.2,6.9,6.6,14.9,1.1,0.8,14.8,17.5,0.1,1.0,1.1,0.052,-2.1,-0.5,-2.6,-0.2
Coby Dietrick,dietrco01,CHI,C,31,79,1830,12.1,0.494,0.018,0.236,6.4,15.7,11.1,16.4,2.3,1.6,16.9,14.8,0.8,2.1,2.9,0.076,-0.9,1.5,0.6,1.2
Corky Calhoun,calhoco01,IND,SF,29,7,30,10.6,0.405,0.0,0.222,23.5,10.7,17.3,0.0,3.1,0.0,9.2,14.1,0.0,0.0,0.0,0.067,-4.0,-0.4,-4.4,0.0
Dan Issel,isselda01,DEN,C,31,82,2938,22.2,0.571,0.008,0.471,8.2,17.5,12.7,10.7,1.4,1.0,8.7,25.0,9.2,2.3,11.5,0.188,4.1,-0.8,3.3,3.9
Dan Roundfield,roundda01,ATL,PF,26,81,2588,19.7,0.551,0.004,0.462,12.1,22.7,17.3,11.3,1.9,3.2,16.1,22.8,4.0,5.1,9.1,0.169,1.6,1.4,2.9,3.2
Darnell Hillman,hillmda01,GSW,PF,30,49,708,8.7,0.474,0.0,0.38,8.9,19.5,14.0,8.6,1.4,2.0,22.0,15.6,-0.5,0.8,0.3,0.018,-4.5,0.3,-4.2,-0.4
Darryl Dawkins,dawkida01,PHI,C,23,80,2541,14.6,0.548,0.006,0.308,8.7,19.6,14.5,8.5,0.9,3.0,17.6,20.5,1.3,4.3,5.7,0.107,-1.7,0.6,-1.2,0.5
Dave Corzine,corzida01,WSB,C,23,78,826,10.3,0.457,0.0,0.315,12.5,20.4,16.4,9.7,0.5,2.0,19.6,14.6,-0.1,0.9,0.9,0.05,-3.1,0.2,-3.0,-0.2
Dave Cowens,cowenda01,BOS,C,31,66,2159,14.8,0.477,0.013,0.131,6.6,20.7,13.8,13.4,1.5,1.6,9.9,20.1,1.9,3.6,5.4,0.121,-0.2,1.1,0.9,1.6
Dave Greenwood,greenda01,CHI,PF,22,82,2791,16.2,0.541,0.007,0.396,9.2,21.6,15.6,9.8,1.0,2.6,14.5,21.1,3.5,3.1,6.5,0.112,-0.1,-0.2,-0.3,1.2
Dave Meyers,meyerda01,MIL,PF,26,79,2204,13.3,0.509,0.006,0.296,7.1,14.7,11.0,13.6,1.5,1.0,16.2,20.2,1.0,2.8,3.9,0.084,-0.8,0.0,-0.8,0.7
Dave Robisch,robisda01,CLE,C,30,82,2670,17.2,0.578,0.003,0.35,8.5,17.9,13.0,9.3,0.9,1.1,11.3,17.6,6.3,2.3,8.6,0.154,2.1,-0.3,1.8,2.6
Dave Twardzik,twardda01,POR,PG,29,67,1594,13.9,0.562,0.018,0.64,3.5,7.3,5.4,22.9,2.4,0.0,20.6,16.4,2.1,1.5,3.7,0.11,-0.7,0.2,-0.5,0.6
David Thompson,thompda01,DEN,SG,25,39,1239,19.0,0.549,0.031,0.543,4.6,10.2,7.3,15.6,1.5,1.6,13.2,27.8,2.2,0.8,3.0,0.116,2.5,-0.8,1.6,1.1
Del Beshore,beshode01,CHI,PG,23,68,869,6.4,0.423,0.104,0.348,2.1,5.9,4.1,21.5,3.1,0.3,26.5,18.4,-1.7,0.8,-0.9,-0.052,-5.0,-0.1,-5.1,-0.7
Dennis Awtrey,awtrede01,CHI,C,31,26,560,7.4,0.524,0.0,0.833,6.0,16.9,11.5,9.0,1.0,1.5,24.8,7.9,0.1,0.5,0.6,0.053,-2.3,0.9,-1.4,0.1
Dennis Johnson,johnsde01,SEA,SG,25,81,2937,15.9,0.489,0.043,0.358,6.2,8.7,7.4,16.1,2.3,1.5,12.6,24.2,3.0,4.4,7.4,0.12,0.5,0.8,1.3,2.5
Don Buse,busedo01,PHO,PG,29,81,2499,10.7,0.485,0.134,0.217,3.1,7.0,5.1,16.0,2.4,0.2,12.4,11.7,1.7,2.9,4.6,0.088,-1.1,1.2,0.2,1.4
Don Chaney,chanedo01,BOS,SG,33,60,523,7.8,0.402,0.032,0.222,6.7,8.8,7.8,9.3,2.8,1.2,13.7,18.3,-0.4,0.8,0.4,0.033,-4.3,1.2,-3.1,-0.1
Don Ford,forddo01,"LAL,CLE",SF,27,73,999,9.6,0.518,0.011,0.193,4.9,14.8,9.9,7.8,1.0,1.1,14.6,13.7,0.6,0.9,1.5,0.072,-2.2,0.1,-2.1,0.0
Doug Collins,collido01,PHI,SG,28,36,963,13.6,0.533,0.002,0.302,3.4,6.8,5.2,15.1,1.5,0.4,15.0,22.7,0.9,1.0,1.9,0.094,-1.1,-0.8,-1.9,0.0
Duck Williams,willidu01,UTA,PG,23,77,1794,8.6,0.464,0.023,0.116,1.4,5.3,3.5,14.1,2.7,0.3,16.4,15.6,-0.9,0.6,-0.3,-0.009,-3.8,-0.2,-4.0,-0.9
Dudley Bradley,bradldu01,IND,SG,22,82,2027,13.5,0.502,0.008,0.286,3.4,8.1,5.7,15.9,4.8,1.3,19.5,16.3,0.2,2.9,3.1,0.073,-2.0,3.0,1.0,1.5
Dwight Jones,jonesdw01,"HOU,CHI",PF,27,74,1448,14.2,0.555,0.0,0.397,8.9,19.4,14.2,10.4,0.9,1.6,17.0,20.0,1.4,1.3,2.7,0.09,-1.0,-0.4,-1.5,0.2
Earl Evans,evansea01,DET,PF,24,36,381,10.3,0.495,0.129,0.3,7.1,13.6,10.3,12.9,1.6,0.1,18.5,19.6,-0.1,0.2,0.1,0.015,-2.8,-1.2,-4.0,-0.2
Earl Monroe,monroea01,NYK,SG,35,51,633,15.3,0.497,0.0,0.182,2.7,3.5,3.1,15.0,1.5,0.3,6.9,24.8,1.0,0.1,1.1,0.081,0.2,-2.0,-1.8,0.0
Earl Tatum,tatumea01,CLE,SG,26,33,225,9.3,0.415,0.064,0.202,4.9,7.4,6.1,11.2,3.2,1.2,14.2,20.4,-0.3,0.2,0.0,-0.005,-3.6,0.8,-2.8,0.0
Eddie Johnson,johnsed02,ATL,SG,24,79,2622,18.0,0.538,0.011,0.279,3.9,4.3,4.1,23.5,2.2,0.5,12.2,24.1,5.4,2.7,8.2,0.15,2.5,0.3,2.8,3.2
Eddie Jordan,jordaed01,NJN,PG,25,82,2657,14.4,0.481,0.047,0.254,2.4,8.1,5.3,29.6,3.8,0.6,18.6,20.2,0.1,4.0,4.1,0.074,-0.9,1.5,0.6,1.8
Elvin Hayes,hayesel01,WSB,PF,34,81,3183,17.2,0.492,0.008,0.285,8.4,20.0,14.1,6.1,0.9,3.1,10.2,26.1,2.1,4.2,6.2,0.094,-0.2,-0.2,-0.4,1.2
Eric Fernsten,fernser01,BOS,PF,26,56,431,14.4,0.497,0.0,0.34,10.5,14.3,12.4,8.7,1.8,1.6,10.2,18.1,0.5,0.6,1.2,0.133,0.2,0.6,0.8,0.3
Eric Money,moneyer01,"PHI,DET",SG,24,61,1549,11.4,0.531,0.0,0.194,2.1,5.0,3.5,22.1,1.5,0.4,20.7,18.6,0.4,0.3,0.6,0.02,-1.8,-1.7,-3.6,-0.7
Ernie Grunfeld,grunfer01,KCK,SF,24,80,1397,10.9,0.496,0.005,0.312,6.4,11.5,8.9,10.1,1.9,0.4,14.5,16.0,0.6,1.9,2.5,0.087,-1.9,0.6,-1.3,0.3
Foots Walker,walkefo01,CLE,PG,28,76,2422,15.3,0.527,0.016,0.428,3.3,9.5,6.3,29.5,2.9,0.3,18.9,13.2,3.7,2.4,6.1,0.12,0.5,1.4,1.9,2.4
Fred Brown,brownfr01,SEA,SG,31,80,1701,16.4,0.532,0.104,0.16,2.2,7.5,4.8,15.5,1.8,0.6,10.4,23.4,2.8,2.1,4.9,0.138,1.2,0.2,1.4,1.4
Freeman Williams,willifr01,SDC,SG,23,82,2118,19.4,0.527,0.095,0.177,5.1,4.7,4.9,13.3,1.6,0.2,10.6,30.5,3.8,0.2,4.1,0.092,2.8,-2.3,0.5,1.3
Gar Heard,heardga01,PHO,PF,31,82,1403,11.5,0.453,0.005,0.21,9.4,20.1,14.9,8.8,2.7,1.9,16.4,15.2,-0.3,2.6,2.3,0.08,-2.4,1.6,-0.9,0.4
Gary Garland,garlaga01,DEN,PG,22,78,1106,10.2,0.454,0.053,0.073,4.6,8.5,6.5,17.9,2.3,0.2,16.6,15.6,-0.2,0.7,0.5,0.02,-2.5,-0.1,-2.6,-0.2
Geoff Huston,hustoge01,NYK,PG,22,71,923,7.0,0.425,0.071,0.158,1.6,5.2,3.4,20.0,1.9,0.3,22.1,13.8,-0.7,0.3,-0.3,-0.017,-3.4,-1.0,-4.4,-0.6
George Gervin,gervige01,SAS,SG,27,78,2934,24.0,0.587,0.053,0.306,5.7,8.9,7.3,11.0,1.6,1.4,10.3,31.7,9.3,1.3,10.6,0.173,5.5,-1.6,3.9,4.4
George Johnson,johnsge02,"NJN,DEN",C,31,81,2119,11.8,0.489,0.002,0.232,9.4,20.1,14.7,10.8,1.1,6.7,25.0,14.5,-1.3,3.9,2.6,0.06,-3.3,3.0,-0.3,0.9
George McGinnis,mcginge01,"DEN,IND",PF,29,73,2208,15.2,0.487,0.017,0.551,10.2,23.0,16.4,21.4,2.1,0.6,20.3,24.4,-0.8,2.6,1.9,0.041,-1.2,-0.1,-1.2,0.4
Gerald Henderson,hendege01,BOS,PG,24,76,1061,12.7,0.539,0.016,0.338,3.9,4.8,4.4,19.0,2.0,0.8,19.9,20.5,0.5,1.2,1.7,0.078,-0.5,0.1,-0.4,0.4
Glen Gondrezick,gondrgl01,DEN,SF,24,59,1020,16.7,0.575,0.021,0.423,10.7,15.9,13.2,10.9,3.1,0.8,14.6,15.3,1.9,1.2,3.1,0.145,0.8,1.2,2.0,1.0
Greg Ballard,ballagr01,WSB,SF,25,82,2438,18.1,0.532,0.043,0.206,9.8,16.6,13.1,9.7,1.7,0.8,10.0,21.6,4.1,2.8,6.9,0.136,1.9,0.1,2.0,2.5
Greg Deane,deanegr01,UTA,SG,22,7,48,4.5,0.355,0.091,0.636,5.1,9.4,7.3,15.4,0.0,0.0,17.6,15.3,-0.1,0.0,-0.1,-0.07,-3.8,-1.0,-4.8,-0.1
Greg Kelser,kelsegr01,DET,SF,22,50,1233,16.1,0.52,0.025,0.342,10.5,13.1,11.8,12.6,2.2,1.4,17.0,25.7,0.6,0.9,1.4,0.056,-0.3,-0.9,-1.2,0.3
Gus Bailey,bailegu01,WSB,SG,28,20,180,9.3,0.467,0.029,0.371,3.3,12.4,7.8,17.8,1.8,1.2,21.3,11.3,0.0,0.2,0.2,0.043,-3.0,1.3,-1.7,0.1
Gus Gerard,gerargu01,KCK,SF,26,73,869,14.1,0.491,0.009,0.287,9.2,12.8,10.9,6.9,2.2,1.7,11.1,20.3,0.5,1.4,1.9,0.104,-0.8,0.6,-0.2,0.4
Gus Williams,willigu01,SEA,PG,26,82,2969,20.6,0.529,0.023,0.274,4.5,5.3,4.9,20.7,3.2,0.7,9.5,25.2,7.2,4.4,11.6,0.187,3.1,1.6,4.7,5.0
Harry Davis,davisha01,SAS,SF,24,4,30,5.8,0.505,0.0,0.167,7.3,14.0,10.7,0.0,1.5,0.0,18.9,20.0,0.0,0.0,0.0,-0.03,-4.6,-0.4,-5.1,-0.1
Harvey Catchings,catchha01,MIL,C,28,72,1366,10.9,0.429,0.004,0.254,13.4,19.0,16.3,7.0,0.8,6.5,20.0,9.9,0.2,2.4,2.6,0.09,-2.4,2.6,0.1,0.7
Henry Bibby,bibbyhe01,PHI,PG,30,82,2035,11.1,0.491,0.083,0.457,3.6,7.1,5.4,19.8,1.4,0.2,16.4,17.7,1.3,2.1,3.4,0.079,-1.7,-0.5,-2.2,-0.1
Hollis Copeland,copelho01,NYK,SF,24,75,1142,11.0,0.526,0.005,0.234,6.6,8.3,7.4,8.7,2.4,1.2,17.1,16.5,0.5,0.8,1.2,0.052,-1.7,0.0,-1.8,0.1
Irv Kiffin,kiffiir01,SAS,SF,28,26,212,3.7,0.383,0.0,0.26,6.2,13.9,10.1,10.9,2.1,0.5,21.9,24.5,-0.7,0.1,-0.6,-0.128,-7.1,-1.5,-8.6,-0.5
Jack Givens,givenja01,ATL,SF,23,82,1254,11.5,0.444,0.004,0.271,9.7,11.0,10.4,6.9,2.0,0.9,10.0,19.2,0.6,1.6,2.2,0.084,-1.4,-0.2,-1.6,0.1
Jack Sikma,sikmaja01,SEA,C,24,82,2793,16.5,0.526,0.001,0.295,7.4,26.9,17.1,13.7,1.1,1.5,15.3,18.6,3.3,5.3,8.6,0.148,0.5,1.3,1.8,2.7
Jackie Robinson,robinja01,DET,SF,24,7,51,17.1,0.618,0.059,0.647,6.1,4.2,5.1,0.0,2.6,3.1,8.4,18.0,0.1,0.0,0.2,0.167,-2.7,0.3,-2.4,0.0
Jamaal Wilkes,wilkeja01,LAL,SF,26,82,3111,17.6,0.563,0.013,0.172,6.8,11.2,9.2,10.8,1.9,0.5,9.7,20.8,6.7,3.2,10.0,0.154,1.7,-0.4,1.3,2.6
James Bailey,baileja01,SEA,PF,22,67,726,12.3,0.495,0.0,0.373,10.2,18.3,14.3,5.3,1.4,4.1,20.0,21.4,-0.4,1.4,1.0,0.063,-4.2,0.9,-3.3,-0.2
James Edwards,edwarja01,IND,C,24,82,2314,17.6,0.545,0.001,0.328,7.8,18.4,12.9,8.0,1.1,2.4,10.0,22.0,4.4,2.4,6.7,0.14,0.2,-0.7,-0.5,0.9
James Hardy,hardyja01,UTA,PF,23,76,1600,11.8,0.536,0.006,0.182,9.4,19.4,14.6,8.8,1.4,3.1,21.1,13.4,0.5,1.3,1.8,0.054,-1.8,0.4,-1.4,0.2
James Silas,silasja01,SAS,PG,30,77,2293,16.7,0.585,0.004,0.382,2.1,5.6,3.9,20.1,1.2,0.3,14.1,22.4,5.3,0.2,5.5,0.116,1.4,-1.9,-0.5,0.9
Jan van Breda Kolff,vanbrja01,NJN,SF,28,82,2399,9.5,0.533,0.044,0.338,4.4,14.1,9.3,13.1,1.9,1.7,23.1,11.0,0.6,3.3,3.9,0.078,-2.2,1.8,-0.4,1.0
Jeff Cook,cookje01,PHO,PF,23,66,904,14.4,0.546,0.011,0.469,11.2,18.0,14.6,12.2,1.4,1.1,17.6,17.7,1.1,1.3,2.4,0.126,-0.3,0.1,-0.2,0.4
Jeff Judkins,judkije01,BOS,SF,23,65,674,14.1,0.567,0.098,0.275,5.4,5.5,5.4,9.9,2.0,0.4,13.7,21.1,1.1,0.8,1.8,0.131,-0.2,0.3,0.0,0.3
Jerome Whitehead,whiteje01,"SDC,UTA",C,23,50,553,8.4,0.487,0.0,0.307,11.4,22.6,17.1,5.7,0.7,1.7,21.8,12.5,-0.2,0.4,0.2,0.017,-3.9,-0.8,-4.8,-0.4
Jim Brewer,breweji01,POR,PF,28,67,1016,11.3,0.493,0.027,0.158,10.8,17.1,13.9,9.6,2.0,2.5,19.3,9.8,0.5,1.5,2.0,0.096,-1.2,1.9,0.7,0.7
Jim Chones,choneji01,LAL,C,30,82,2394,11.3,0.521,0.003,0.222,7.1,17.6,12.8,7.6,1.1,1.4,17.3,16.9,0.7,2.8,3.5,0.071,-2.0,-0.3,-2.4,-0.2
Jim Cleamons,cleamji01,"NYK,WSB",PG,30,79,1789,10.8,0.519,0.069,0.251,3.0,5.7,4.3,20.4,1.5,0.3,17.9,13.4,1.3,1.0,2.3,0.063,-1.7,0.0,-1.7,0.2
Jim McElroy,mcelrji01,"DET,ATL",PG,26,67,1528,10.6,0.492,0.04,0.326,2.2,4.7,3.4,20.0,1.4,0.7,17.9,18.8,0.2,0.6,0.8,0.024,-1.7,-1.5,-3.2,-0.5
Jim Paxson,paxsoji02,POR,SG,22,72,1270,9.1,0.443,0.048,0.196,2.1,7.4,4.7,15.9,1.8,0.2,15.7,19.1,-0.8,1.1,0.3,0.011,-3.5,-0.6,-4.1,-0.7
Jim Spanarkel,spanaji01,PHI,SG,22,40,442,10.7,0.545,0.013,0.425,6.9,6.1,6.5,15.9,1.3,0.7,23.9,21.6,0.0,0.5,0.4,0.048,-2.6,-1.0,-3.6,-0.2
Jo Jo White,whitejo01,GSW,PG,33,78,2052,11.2,0.509,0.008,0.161,2.2,7.7,4.9,16.1,2.0,0.4,17.2,18.3,0.1,1.4,1.5,0.035,-2.2,-0.3,-2.4,-0.2
Joe Bryant,bryanjo01,SDC,PF,25,81,2328,11.1,0.485,0.05,0.318,7.7,16.6,12.0,8.1,2.1,0.9,17.9,16.3,0.1,1.7,1.8,0.038,-2.3,-0.2,-2.5,-0.3
Joe Hassett,hassejo01,IND,SG,24,74,1135,13.0,0.501,0.389,0.057,3.1,5.5,4.3,12.6,1.9,0.4,7.9,19.4,1.4,0.6,2.0,0.085,0.4,-1.2,-0.8,0.3
Joe Meriweather,meriwjo01,NYK,PF,26,65,1565,12.2,0.549,0.002,0.254,8.4,16.0,12.2,5.3,1.1,4.2,17.4,15.8,0.8,1.4,2.2,0.068,-2.3,0.2,-2.0,0.0
Joel Kramer,kramejo01,PHO,C,24,54,711,10.0,0.547,0.007,0.49,7.7,15.4,11.7,13.0,1.7,0.4,22.7,12.6,0.5,0.9,1.4,0.095,-2.2,0.8,-1.4,0.1
John Brown,brownjo01,"UTA,ATL",SF,28,32,385,5.1,0.444,0.0,0.457,7.4,12.7,10.0,6.3,0.4,0.6,18.7,16.5,-0.3,0.4,0.1,0.012,-5.0,-0.9,-5.9,-0.5
John Coughran,coughjo01,GSW,SF,28,24,160,6.0,0.39,0.111,0.173,1.3,12.1,6.5,10.6,2.1,0.4,13.0,25.8,-0.4,0.1,-0.3,-0.086,-5.6,-0.9,-6.5,-0.3
John Drew,drewjo01,ATL,SF,25,80,2306,17.8,0.532,0.006,0.547,9.4,12.5,11.0,7.4,1.9,0.6,14.1,30.2,3.3,3.1,6.4,0.134,0.6,-0.9,-0.3,1.0
John Gianelli,gianejo01,UTA,C,29,17,285,5.1,0.377,0.0,0.242,6.0,19.0,12.7,7.7,1.0,1.4,23.1,14.3,-0.6,0.1,-0.4,-0.071,-4.4,-1.1,-5.5,-0.3
John Johnson,johnsjo01,SEA,SF,32,81,2533,13.3,0.532,0.0,0.26,6.7,11.0,8.8,22.4,1.4,0.8,22.3,17.2,1.7,3.2,4.9,0.093,-0.1,0.4,0.3,1.5
John Kuester,kuestjo01,IND,PG,24,24,100,11.1,0.391,0.029,0.206,3.0,11.7,7.2,20.1,3.2,0.5,11.9,16.3,0.0,0.1,0.1,0.039,-3.7,0.5,-3.1,0.0
John Lambert,lambejo01,CLE,PF,27,74,1324,10.4,0.453,0.008,0.253,10.5,17.8,14.0,5.1,1.6,1.7,12.6,14.7,0.4,1.5,1.8,0.066,-2.6,0.0,-2.6,-0.2
John Long,longjo01,DET,SG,23,69,2364,16.4,0.535,0.01,0.167,6.7,8.3,7.5,13.0,2.4,0.6,14.2,23.7,2.4,1.2,3.6,0.072,0.4,-0.8,-0.4,1.0
John Lucas,lucasjo01,GSW,PG,26,80,2763,15.3,0.528,0.051,0.348,2.4,6.6,4.4,29.2,2.4,0.1,16.1,17.0,4.0,1.9,5.9,0.103,0.7,-0.3,0.4,1.7
John Mengelt,mengejo01,CHI,SG,30,36,387,13.4,0.584,0.036,0.295,0.9,5.7,3.3,16.0,1.2,0.0,16.1,23.5,0.4,0.1,0.6,0.07,-1.6,-1.5,-3.1,-0.1
John Olive,olivejo01,SDC,SF,24,1,15,-11.5,0.0,0.0,0.0,0.0,7.5,3.6,0.0,0.0,0.0,50.0,10.7,-0.1,0.0,-0.1,-0.303,-5.1,-0.4,-5.5,-0.1
John Roche,rochejo01,DEN,PG,30,82,2286,13.9,0.562,0.174,0.273,1.1,4.2,2.6,24.7,1.7,0.3,16.1,17.0,3.5,0.7,4.2,0.088,0.3,-1.3,-1.0,0.6
John Shumate,shumajo01,"DET,HOU,SAS",PF,27,65,1337,16.0,0.594,0.003,0.551,8.7,20.4,14.6,7.9,1.3,1.8,15.7,16.5,2.4,1.1,3.5,0.126,0.7,-0.2,0.5,0.9
John Williamson,willijo01,"NJN,WSB",SG,28,58,1374,13.5,0.481,0.043,0.169,2.8,4.6,3.7,14.9,1.2,0.7,9.5,27.5,0.4,0.9,1.3,0.046,-0.9,-1.5,-2.4,-0.1
Johnny Davis,davisjo01,IND,PG,24,82,2912,13.6,0.495,0.036,0.304,3.5,4.5,4.0,20.3,1.7,0.4,13.3,20.2,3.1,1.3,4.4,0.073,-0.4,-1.5,-2.0,0.0
Johnny High,highjo01,PHO,PG,22,82,1121,10.1,0.51,0.022,0.551,6.9,10.0,8.5,13.7,2.9,0.7,23.5,18.6,-0.5,1.6,1.1,0.047,-3.3,0.9,-2.4,-0.1
Julius Erving,ervinju01,PHI,SF,29,78,2812,25.4,0.568,0.012,0.331,8.6,12.9,10.9,21.4,2.8,2.7,13.3,30.3,7.3,5.2,12.5,0.213,5.7,1.9,7.6,6.8
Junior Bridgeman,bridgju01,MIL,SF,26,81,2316,17.1,0.523,0.022,0.214,5.0,9.0,7.1,15.2,1.9,0.5,11.2,26.3,3.6,2.5,6.1,0.127,0.9,-0.5,0.3,1.4
Kareem Abdul-Jabbar,abdulka01,LAL,C,32,82,3143,25.3,0.639,0.001,0.344,7.2,22.2,15.4,16.5,1.2,4.6,15.7,24.1,9.5,5.3,14.8,0.227,4.8,2.4,7.2,7.3
Kenny Carr,carrke01,"LAL,CLE",PF,24,79,1838,15.9,0.526,0.005,0.342,11.0,23.3,16.9,5.6,1.6,1.5,14.8,21.7,1.4,2.3,3.8,0.099,-0.6,-0.6,-1.2,0.3
Kent Benson,bensoke01,"MIL,DET",C,25,73,1891,13.1,0.513,0.008,0.228,7.3,18.3,12.9,12.2,1.8,2.7,18.8,17.4,0.4,2.7,3.2,0.08,-1.6,1.4,-0.3,0.8
Kermit Washington,washike01,POR,PF,28,80,2657,18.2,0.584,0.004,0.473,13.2,21.7,17.4,8.9,1.3,2.9,15.6,16.8,5.2,4.0,9.1,0.165,1.3,0.6,1.9,2.6
Kevin Grevey,greveke01,WSB,SF,26,65,1818,13.7,0.499,0.114,0.31,4.4,6.0,5.2,13.6,1.4,0.5,10.0,22.0,2.2,1.2,3.3,0.088,-0.3,-0.5,-0.8,0.6
Kevin Kunnert,kunneke01,POR,C,28,18,302,13.5,0.474,0.0,0.377,13.3,27.7,20.4,13.8,1.1,4.2,23.6,23.6,-0.3,0.5,0.2,0.032,-3.9,1.1,-2.8,-0.1
Kevin Porter,porteke01,WSB,PG,29,70,1494,13.1,0.514,0.009,0.313,1.7,3.9,2.8,40.0,1.8,0.4,24.8,17.5,0.8,1.0,1.8,0.057,-0.5,-0.9,-1.5,0.2
Kevin Restani,restake01,SAS,SF,28,82,1966,13.9,0.548,0.04,0.221,7.9,13.0,10.5,12.2,1.2,0.3,13.9,17.8,2.7,0.7,3.5,0.085,0.5,-1.4,-0.9,0.5
Kim Hughes,hugheki01,DEN,C,27,70,1208,11.5,0.498,0.0,0.203,10.5,17.7,14.0,7.8,2.5,3.4,18.5,8.8,0.6,1.6,2.2,0.088,-2.1,2.2,0.2,0.7
Larry Bird,birdla01,BOS,PF,23,82,2955,20.5,0.538,0.098,0.246,8.3,23.6,16.0,18.5,2.3,1.0,14.0,25.3,5.6,5.6,11.2,0.182,3.0,1.5,4.5,4.8
Larry Demic,demicla01,NYK,PF,22,82,1872,7.4,0.468,0.0,0.347,11.2,16.9,14.1,4.1,1.3,0.9,21.6,16.0,-1.4,1.3,-0.1,-0.002,-4.5,-1.6,-6.2,-2.0
Larry Kenon,kenonla01,SAS,PF,27,78,2798,17.2,0.527,0.007,0.259,10.1,19.4,14.8,11.1,1.7,0.3,13.5,23.2,3.4,2.0,5.4,0.093,1.1,-1.6,-0.4,1.1
Larry Steele,steella01,POR,SF,30,16,446,10.8,0.462,0.027,0.185,3.2,8.0,5.5,20.8,2.7,0.1,17.3,17.6,0.0,0.5,0.5,0.052,-3.0,0.7,-2.3,0.0
Larry Wright,wrighla01,WSB,PG,25,76,1286,13.3,0.51,0.032,0.216,3.1,6.5,4.8,23.9,1.8,0.7,16.5,20.1,0.8,1.0,1.8,0.069,-1.1,0.1,-1.0,0.3
Lawrence Boston,bostola01,WSB,PF,23,13,125,12.6,0.485,0.0,0.25,15.1,16.2,15.7,2.3,1.5,0.8,12.2,20.7,0.1,0.1,0.2,0.075,-3.3,-0.7,-4.0,-0.1
Len Elmore,elmorle01,KCK,C,27,58,915,10.6,0.472,0.0,0.306,8.4,22.2,15.0,8.8,2.1,2.5,19.6,14.9,-0.3,1.8,1.5,0.08,-3.5,2.1,-1.4,0.1
Leon Douglas,douglle01,DET,C,25,70,1782,11.4,0.529,0.002,0.407,10.0,19.6,14.8,8.5,0.8,1.8,19.1,14.3,1.0,1.1,2.1,0.057,-2.1,-0.6,-2.8,-0.3
Lionel Hollins,hollili01,"POR,PHI",SG,26,47,1209,10.5,0.449,0.038,0.266,2.7,5.1,3.9,19.0,3.0,0.5,17.9,23.9,-1.4,1.5,0.1,0.006,-3.5,-0.1,-3.6,-0.5
Lloyd Walton,waltoll01,MIL,PG,26,76,1243,9.6,0.494,0.012,0.293,3.0,4.9,4.0,27.2,1.6,0.1,29.1,12.3,0.1,1.0,1.1,0.041,-1.5,-0.9,-2.4,-0.1
Lonnie Shelton,sheltlo01,SEA,PF,24,76,2243,16.8,0.57,0.006,0.3,9.3,18.0,13.6,9.1,1.9,1.9,15.7,18.9,3.5,4.1,7.5,0.161,0.2,1.4,1.6,2.0
M.L. Carr,carrml01,BOS,SF,29,82,1994,14.6,0.526,0.054,0.316,6.0,12.3,9.2,10.7,2.8,1.0,14.1,20.2,1.9,3.2,5.2,0.125,-0.2,1.5,1.3,1.7
Mack Calvin,calvima01,UTA,PG,32,48,772,14.5,0.549,0.048,0.515,2.0,10.4,6.4,24.0,1.7,0.0,17.0,18.7,1.2,0.2,1.4,0.085,-0.4,-1.3,-1.7,0.1
Magic Johnson,johnsma02,LAL,SG,20,77,2795,20.6,0.602,0.033,0.487,7.1,15.4,11.6,25.2,3.1,0.8,20.9,20.9,6.2,4.3,10.5,0.18,3.1,1.7,4.8,4.8
Major Jones,jonesma01,HOU,PF,26,82,1545,10.3,0.498,0.008,0.276,10.2,17.2,13.6,5.6,1.5,2.4,20.3,14.1,-0.1,1.4,1.3,0.041,-2.3,0.0,-2.3,-0.1
Mark Landsberger,landsma01,"CHI,LAL",C,24,77,1510,15.7,0.529,0.0,0.46,17.4,27.6,22.6,4.3,1.0,0.8,14.7,18.3,1.6,1.8,3.4,0.109,0.3,-2.2,-1.8,0.1
Mark Olberding,olberma01,SAS,SF,23,75,2111,12.4,0.546,0.005,0.433,4.3,16.7,10.6,18.5,1.4,0.5,19.9,16.2,1.9,1.2,3.1,0.071,-0.8,-0.2,-1.0,0.5
Marlon Redmond,redmoma01,KCK,SG,24,24,298,12.0,0.464,0.065,0.246,6.2,12.7,9.3,9.0,0.6,1.8,11.0,23.0,-0.1,0.4,0.3,0.051,-1.9,-0.8,-2.7,0.0
Marques Johnson,johnsma01,MIL,SF,23,77,2686,22.0,0.585,0.007,0.29,9.0,13.7,11.4,15.1,1.7,1.4,11.5,23.9,8.0,3.5,11.5,0.206,4.6,0.4,5.1,4.8
Marty Byrnes,byrnema01,LAL,SF,23,32,194,6.3,0.557,0.0,0.3,5.5,9.3,7.6,7.9,1.2,0.3,28.0,16.2,-0.1,0.2,0.0,0.009,-4.4,-0.9,-5.2,-0.2
Marvin Barnes,barnema01,SDC,PF,27,20,287,8.2,0.432,0.0,0.533,12.4,16.8,14.5,7.8,0.8,2.3,19.5,12.8,-0.1,0.2,0.1,0.019,-3.8,-0.5,-4.3,-0.2
Marvin Webster,webstma01,NYK,C,27,20,298,9.2,0.511,0.0,0.203,10.1,19.2,14.6,3.6,0.5,2.0,18.9,13.7,0.0,0.2,0.2,0.039,-2.8,-1.3,-4.1,-0.2
Maurice Cheeks,cheekma01,PHI,PG,23,79,2623,15.9,0.589,0.014,0.349,3.2,7.6,5.5,28.2,3.3,0.7,22.1,14.9,3.8,4.1,7.9,0.145,0.5,2.0,2.4,2.9
Maurice Lucas,lucasma01,"POR,NJN",PF,27,63,1884,14.8,0.503,0.011,0.294,8.1,22.7,15.3,16.5,1.1,1.9,19.2,24.3,-0.3,2.7,2.4,0.061,-1.2,0.2,-1.0,0.5
Michael Cooper,coopemi01,LAL,SG,23,82,1973,12.5,0.563,0.035,0.247,6.1,6.5,6.3,13.5,2.0,1.0,18.1,15.9,2.2,1.8,4.0,0.097,-0.4,0.3,-0.1,0.9
Micheal Ray Richardson,richami01,NYK,SG,24,82,3060,17.8,0.517,0.103,0.318,5.3,13.9,9.6,34.1,3.9,0.6,22.9,19.7,2.4,3.7,6.0,0.094,1.7,1.3,3.1,3.9
Mickey Johnson,johnsmi01,IND,PF,27,82,2647,20.3,0.528,0.025,0.379,9.8,17.1,13.3,18.7,2.7,2.3,16.2,25.9,3.7,3.5,7.3,0.132,2.1,0.7,2.8,3.2
Mike Bantom,bantomi01,IND,SF,28,77,2330,13.7,0.533,0.004,0.275,8.3,12.1,10.1,15.9,1.7,1.1,18.2,17.3,2.1,1.9,3.9,0.081,-0.3,-0.5,-0.7,0.7
Mike Bratz,bratzmi01,PHO,PG,24,82,1589,11.6,0.462,0.125,0.236,3.5,7.9,5.8,19.1,2.7,0.3,15.1,22.3,-0.5,2.0,1.5,0.046,-2.5,0.1,-2.5,-0.2
Mike Dunleavy,dunlemi01,HOU,PG,25,51,1036,12.9,0.542,0.063,0.42,2.7,8.1,5.3,26.7,1.8,0.2,22.5,18.6,0.9,0.5,1.4,0.065,-0.7,-0.8,-1.5,0.1
Mike Evans,evansmi01,SAS,SG,24,79,1246,9.8,0.485,0.091,0.183,2.5,6.6,4.6,22.8,2.1,0.4,20.3,19.1,-0.4,0.5,0.1,0.004,-2.9,-1.1,-4.0,-0.6
Mike Gale,galemi01,SAS,PG,29,67,1474,13.3,0.513,0.034,0.318,2.5,8.4,5.5,24.6,3.7,0.5,21.1,14.0,1.0,1.2,2.2,0.073,-0.9,1.4,0.6,1.0
Mike Glenn,glennmi01,NYK,SG,24,75,800,16.6,0.557,0.027,0.201,2.8,6.2,4.5,14.6,2.0,0.5,8.8,20.9,1.8,0.3,2.1,0.126,1.0,-0.5,0.5,0.5
Mike Green,greenmi01,KCK,C,28,21,459,10.6,0.456,0.013,0.264,7.9,18.9,13.2,8.1,1.3,2.7,16.9,18.6,-0.4,0.8,0.4,0.044,-3.3,0.8,-2.5,-0.1
Mike Mitchell,mitchmi01,CLE,SF,24,82,2802,19.1,0.557,0.004,0.231,7.4,15.2,11.1,4.9,1.1,1.5,9.5,24.7,5.9,2.4,8.3,0.142,2.1,-0.9,1.2,2.2
Mike Newlin,newlimi01,NJN,SG,31,78,2510,17.7,0.54,0.114,0.312,4.2,6.7,5.4,19.9,2.1,0.1,13.3,26.8,4.0,2.5,6.5,0.124,2.0,-0.7,1.3,2.1
Mitch Kupchak,kupchmi01,WSB,PF,25,40,451,9.7,0.482,0.013,0.469,7.0,16.4,11.7,4.7,0.8,0.9,17.2,20.4,-0.3,0.4,0.2,0.018,-3.8,-1.1,-4.9,-0.3
Moses Malone,malonmo01,HOU,C,24,82,3140,24.1,0.56,0.004,0.505,19.6,22.3,20.9,7.1,1.2,1.9,13.7,27.6,8.9,3.0,11.9,0.183,4.5,-2.4,2.1,3.2
Nick Weatherspoon,weathni01,SDC,SF,29,57,1124,9.3,0.468,0.0,0.241,7.7,12.4,10.0,6.4,1.4,0.8,17.1,17.9,-0.4,0.5,0.1,0.002,-3.4,-1.4,-4.8,-0.8
Norm Nixon,nixonno01,LAL,PG,24,82,3226,14.9,0.548,0.007,0.209,1.9,5.5,3.9,25.3,2.1,0.2,17.9,20.0,4.1,2.7,6.7,0.1,0.2,-0.9,-0.7,1.1
Ollie Johnson,johnsol01,CHI,SF,30,79,1535,12.3,0.534,0.021,0.176,3.7,8.1,6.0,15.6,1.8,0.9,14.5,17.6,1.3,1.0,2.3,0.073,-0.9,0.0,-0.9,0.4
Ollie Mack,mackol01,"LAL,CHI",SG,22,50,681,10.9,0.528,0.025,0.256,5.5,6.1,5.8,10.4,1.7,0.2,13.6,15.3,0.6,0.4,1.0,0.067,-1.2,-0.5,-1.6,0.1
Otis Birdsong,birdsot01,KCK,SG,24,82,2885,18.5,0.538,0.023,0.266,6.1,6.2,6.1,11.1,2.2,0.4,9.4,26.4,4.9,3.7,8.6,0.143,2.0,0.1,2.1,3.0
Pat Cummings,cummipa01,MIL,C,23,71,900,15.3,0.552,0.0,0.332,10.1,18.4,14.4,8.2,1.1,1.0,14.9,22.0,1.2,1.2,2.5,0.131,-1.0,-0.6,-1.6,0.1
Paul Dawkins,dawkipa01,UTA,SF,22,57,776,11.0,0.492,0.017,0.16,6.6,12.0,9.4,14.8,2.1,0.7,19.1,22.0,-0.5,0.4,-0.1,-0.009,-2.9,-1.3,-4.2,-0.4
Paul Griffin,griffpa01,SAS,C,26,82,1812,13.2,0.621,0.0,0.767,9.3,16.5,12.9,15.7,2.0,1.5,23.8,11.5,2.9,1.5,4.4,0.116,-0.1,1.4,1.3,1.5
Paul Mokeski,mokespa01,HOU,C,23,12,113,4.4,0.392,0.0,0.273,13.3,15.1,14.2,2.2,0.4,3.0,21.3,16.4,-0.2,0.1,-0.1,-0.041,-5.4,-1.0,-6.4,-0.2
Paul Silas,silaspa01,SEA,PF,36,82,1595,8.2,0.439,0.0,0.455,13.4,15.4,14.4,5.0,0.7,0.2,18.8,10.9,0.2,2.0,2.2,0.066,-2.0,-0.9,-2.9,-0.4
Paul Westphal,westppa01,PHO,SG,29,82,2665,21.1,0.593,0.071,0.336,1.9,5.7,3.9,24.2,2.0,0.7,12.0,25.6,7.7,2.8,10.5,0.189,4.0,0.0,3.9,4.0
Pete Maravich,maravpe01,"UTA,BOS",SG,32,43,964,13.8,0.5,0.028,0.193,2.1,7.0,4.6,13.8,1.2,0.4,12.2,28.9,0.1,0.4,0.5,0.027,-1.3,-2.5,-3.8,-0.4
Phil Chenier,cheniph01,"WSB,IND",SG,29,43,850,9.5,0.431,0.034,0.192,2.2,7.2,4.7,14.0,1.8,0.9,12.7,20.0,-0.6,0.6,0.0,0.002,-3.1,-0.5,-3.6,-0.3
Phil Ford,fordph01,KCK,PG,23,82,2621,16.5,0.534,0.022,0.4,1.1,6.1,3.5,32.4,2.4,0.1,18.5,23.3,2.7,3.4,6.1,0.111,1.0,-0.2,0.8,1.8
Phil Hubbard,hubbaph01,DET,PF,23,64,1189,13.7,0.534,0.004,0.488,10.0,18.4,14.1,7.9,1.8,0.4,18.0,21.6,0.7,0.9,1.6,0.064,-2.3,-1.2,-3.5,-0.5
Phil Jackson,jacksph01,NJN,PF,34,16,194,10.7,0.645,0.043,0.217,6.4,6.4,6.4,8.6,1.2,1.1,15.2,11.8,0.3,0.2,0.5,0.121,-2.0,0.3,-1.7,0.0
Phil Smith,smithph01,GSW,SG,27,51,1552,14.6,0.521,0.032,0.25,1.9,8.7,5.2,17.8,1.9,0.6,13.7,23.4,1.1,1.1,2.2,0.067,-0.4,-0.5,-0.9,0.4
Purvis Short,shortpu01,GSW,SF,22,62,1636,19.1,0.534,0.007,0.18,7.8,13.7,10.6,12.4,1.8,0.3,11.0,28.0,2.3,1.4,3.7,0.109,1.9,-1.1,0.8,1.2
Quinn Buckner,bucknqu01,MIL,PG,25,67,1690,16.5,0.501,0.008,0.218,4.6,10.5,7.6,30.2,3.7,0.1,17.2,20.4,1.7,2.7,4.4,0.125,-0.2,1.9,1.7,1.6
Ralph Simpson,simpsra01,NJN,SG,30,8,81,12.6,0.399,0.043,0.213,7.7,6.4,7.0,26.6,5.0,0.0,18.9,30.2,-0.2,0.1,-0.1,-0.064,-3.1,0.2,-2.9,0.0
Randy Smith,smithra01,CLE,SG,31,82,2677,15.2,0.497,0.04,0.213,3.5,6.7,5.0,18.5,2.1,0.1,12.1,23.7,2.4,1.8,4.2,0.075,0.3,-0.5,-0.3,1.2
Ray Williams,willira01,NYK,PG,25,82,2582,21.6,0.546,0.027,0.306,6.2,11.2,8.7,28.5,2.9,0.5,14.0,27.2,6.0,2.2,8.2,0.152,3.7,0.3,3.9,3.9
Raymond Townsend,townsra01,GSW,SG,24,75,1159,9.6,0.443,0.062,0.2,3.0,5.5,4.2,13.5,2.5,0.2,12.4,18.6,-0.5,0.8,0.4,0.015,-3.2,-0.1,-3.4,-0.4
Reggie King,kingre01,KCK,PF,22,82,2052,13.5,0.565,0.002,0.439,9.3,20.7,14.8,6.6,1.6,0.9,14.4,13.5,2.8,3.4,6.2,0.146,-0.5,0.9,0.3,1.2
Reggie Theus,theusre01,CHI,SG,22,82,3029,17.0,0.579,0.09,0.509,5.4,6.7,6.1,25.9,1.8,0.4,19.5,24.0,5.2,1.7,6.9,0.11,2.1,-1.3,0.8,2.1
Rich Kelley,kelleri01,"NJN,PHO",C,26,80,1839,14.4,0.566,0.006,0.64,11.5,17.9,14.7,12.8,1.9,2.9,24.2,17.3,1.3,3.0,4.3,0.113,-1.3,1.5,0.3,1.1
Richard Washington,washiri01,MIL,PF,24,75,1092,12.3,0.484,0.0,0.181,9.7,17.5,13.7,6.7,1.1,2.4,12.2,18.8,0.5,1.6,2.0,0.089,-2.5,-0.1,-2.6,-0.2
Rick Barry,barryri01,HOU,SF,35,72,1816,14.8,0.517,0.287,0.198,3.1,11.5,7.2,20.4,2.1,0.9,15.3,21.6,2.2,1.2,3.4,0.09,1.1,0.0,1.1,1.4
Rick Robey,robeyri01,BOS,C,24,82,1918,15.4,0.557,0.001,0.37,12.3,18.4,15.4,6.7,1.3,0.4,15.2,20.6,2.8,2.7,5.5,0.139,-0.1,-0.6,-0.8,0.6
Rick Wilson,wilsori01,ATL,SG,23,5,59,2.0,0.24,0.0,0.429,3.6,1.8,2.7,23.6,3.3,1.0,32.5,17.1,-0.3,0.1,-0.2,-0.146,-4.1,0.0,-4.1,0.0
Ricky Sobers,soberri01,CHI,PG,27,82,2673,12.5,0.524,0.068,0.239,3.2,6.9,5.1,23.8,2.4,0.4,20.3,21.2,0.5,1.9,2.4,0.044,-1.3,-0.6,-1.9,0.1
Robert Parish,parisro01,GSW,C,26,72,2119,20.0,0.541,0.001,0.282,12.5,28.8,20.4,8.9,1.3,3.2,16.6,26.4,1.5,3.1,4.6,0.104,0.7,-0.3,0.4,1.3
Robert Reid,reidro01,HOU,SF,24,76,2304,15.3,0.52,0.003,0.242,6.5,14.8,10.6,14.7,2.7,1.4,14.7,19.2,2.5,2.3,4.9,0.101,0.3,1.2,1.4,2.0
Robert Smith,smithro01,"UTA,NJN",PG,24,65,809,10.8,0.523,0.097,0.342,2.6,7.6,5.1,15.7,1.5,0.3,14.6,17.4,0.7,0.7,1.4,0.08,-2.3,-0.3,-2.6,-0.1
Roger Brown,brownro02,CHI,C,29,4,37,7.0,0.333,0.0,0.0,6.2,23.8,15.2,3.3,0.0,4.6,0.0,3.3,0.0,0.0,0.1,0.069,-3.5,0.2,-3.3,0.0
Roger Phegley,pheglro01,"WSB,NJN",SG,23,78,1512,14.2,0.536,0.012,0.277,5.0,7.4,6.2,10.2,1.0,0.2,12.6,24.4,1.6,1.0,2.6,0.083,-0.5,-1.3,-1.9,0.1
Ron Behagen,behagro01,WSB,PF,29,6,64,10.2,0.449,0.0,0.261,9.3,12.7,11.0,14.4,0.0,3.3,13.5,18.3,0.0,0.1,0.1,0.055,-3.7,0.3,-3.4,0.0
Ron Boone,boonero01,"LAL,UTA",SG,33,81,2392,12.1,0.501,0.055,0.214,2.7,8.1,5.5,18.8,2.0,0.1,16.4,21.5,0.4,0.6,1.0,0.02,-1.8,-1.7,-3.5,-1.0
Ron Brewer,brewero01,POR,SG,24,82,2815,13.2,0.503,0.027,0.185,2.1,6.3,4.2,11.5,1.7,1.0,11.6,21.1,2.0,2.3,4.3,0.074,-0.8,-0.4,-1.2,0.6
Ron Carter,cartero01,IND,SG,23,13,117,4.2,0.399,0.0,0.189,4.3,12.8,8.4,9.8,0.8,1.4,20.0,16.6,-0.2,0.1,-0.1,-0.058,-5.0,-0.8,-5.8,-0.2
Ron Lee,leero01,"ATL,DET",PG,27,61,1167,10.3,0.435,0.193,0.23,3.6,7.6,5.6,26.0,3.8,0.8,23.1,14.7,-0.5,1.3,0.8,0.031,-2.7,1.8,-0.8,0.3
Roy Hamilton,hamilro01,DET,PG,22,72,1116,9.1,0.472,0.007,0.523,4.2,5.9,5.0,21.0,1.9,0.2,25.1,16.2,-0.7,0.3,-0.4,-0.016,-2.7,-1.6,-4.3,-0.6
Rudy Tomjanovich,tomjaru01,HOU,PF,31,62,1834,14.2,0.522,0.102,0.189,7.7,14.0,10.8,8.5,0.8,0.3,10.4,20.3,2.8,0.8,3.6,0.094,0.6,-1.9,-1.3,0.3
Rudy White,whiteru01,HOU,SG,26,9,106,9.6,0.606,0.0,0.542,0.0,9.7,4.7,6.0,2.2,0.0,21.2,14.1,0.1,0.1,0.1,0.052,-3.1,0.2,-2.9,0.0
Sam Lacey,laceysa01,KCK,C,31,81,2412,14.9,0.49,0.001,0.273,7.4,21.8,14.3,24.5,2.1,2.6,21.8,16.1,0.8,4.8,5.6,0.112,0.0,3.6,3.6,3.4
Sam Pellom,pellosa01,ATL,PF,28,44,373,9.4,0.45,0.0,0.278,8.0,18.5,13.2,6.8,1.6,1.9,12.9,15.2,0.0,0.6,0.7,0.084,-3.5,1.0,-2.6,0.0
Sam Smith,smithsa02,CHI,SF,25,30,496,14.2,0.502,0.152,0.274,5.1,7.1,6.1,13.0,2.4,0.8,11.4,23.9,0.4,0.4,0.8,0.079,-0.5,-0.4,-0.9,0.1
Scott May,maysc01,CHI,SF,25,54,1298,14.9,0.507,0.007,0.293,6.9,11.8,9.4,12.5,1.6,0.2,10.4,23.2,1.5,0.9,2.4,0.09,-0.1,-1.3,-1.3,0.2
Scott Wedman,wedmasc01,KCK,SF,27,68,2347,16.9,0.541,0.02,0.163,5.0,12.9,8.8,9.3,1.7,1.1,8.6,22.2,3.7,3.4,7.1,0.145,1.1,0.5,1.5,2.1
Sidney Moncrief,moncrsi01,MIL,SG,22,77,1557,15.9,0.564,0.002,0.647,11.1,12.5,11.8,10.7,2.2,0.6,16.8,17.8,2.8,2.0,4.9,0.15,1.4,0.2,1.5,1.4
Sidney Wicks,wickssi01,SDC,PF,30,71,2146,8.5,0.447,0.002,0.306,6.7,14.1,10.3,12.5,1.7,1.3,22.9,13.6,-1.3,1.2,-0.1,-0.001,-2.9,0.1,-2.8,-0.4
Sly Williams,willisl01,NYK,SF,22,57,556,10.7,0.434,0.015,0.337,12.6,11.1,11.9,8.4,1.5,0.8,13.8,24.6,-0.4,0.3,-0.1,-0.006,-3.1,-2.8,-5.9,-0.5
Sonny Parker,parkeso01,GSW,SF,24,82,2849,16.2,0.537,0.002,0.306,6.2,11.9,9.0,12.4,2.9,0.7,12.7,18.6,3.8,3.0,6.8,0.114,0.9,0.9,1.8,2.7
Spencer Haywood,haywosp01,LAL,PF,30,76,1544,13.9,0.54,0.007,0.349,10.2,13.9,12.2,7.6,1.0,1.9,16.4,21.2,1.4,1.7,3.1,0.095,-1.3,-0.9,-2.3,-0.1
Stan Pietkiewicz,pietkst01,SDC,PG,23,50,577,14.3,0.572,0.201,0.257,4.7,3.7,4.2,22.2,2.1,0.4,20.4,17.3,0.8,0.1,1.0,0.08,0.5,-1.1,-0.6,0.2
Steve Hawes,hawesst01,ATL,PF,29,82,1853,16.2,0.555,0.013,0.301,8.5,20.3,14.4,11.8,1.9,0.9,15.0,17.8,2.9,3.1,6.0,0.155,0.9,1.2,2.1,1.9
Steve Malovic,malovst01,"WSB,SDC,DET",PF,23,39,445,7.2,0.507,0.0,0.403,8.4,12.3,10.3,6.9,0.8,0.7,22.6,9.0,0.1,0.1,0.3,0.027,-2.7,-0.7,-3.4,-0.2
Steve Mix,mixst01,PHI,SF,32,81,1543,19.5,0.577,0.014,0.354,8.3,11.5,10.0,14.8,2.0,0.3,14.0,24.5,3.4,2.1,5.5,0.172,2.5,-0.1,2.4,1.7
Swen Nater,natersw01,SDC,C,30,81,2860,17.2,0.589,0.003,0.342,12.9,33.8,23.0,11.1,0.7,0.7,21.9,16.4,4.0,2.9,6.8,0.115,0.9,-0.9,0.0,1.5
Sylvester Norris,norrisy01,SAS,C,22,17,189,3.3,0.438,0.0,0.14,5.8,18.3,12.2,3.6,0.7,3.3,29.4,12.9,-0.4,0.1,-0.2,-0.055,-6.1,-0.1,-6.2,-0.3
T.R. Dunn,dunntr01,POR,SG,24,82,1841,12.5,0.47,0.005,0.201,7.8,11.6,9.7,10.9,2.7,1.0,13.2,15.4,0.9,2.3,3.3,0.086,-0.8,1.3,0.4,1.1
Terry Crosby,crosbte01,KCK,PG,23,4,28,3.5,0.615,0.0,0.5,0.0,4.0,1.9,30.0,0.0,0.0,50.6,14.1,0.0,0.0,0.0,-0.051,-4.4,-0.4,-4.8,0.0
Terry Duerod,duerote01,DET,SG,23,67,1331,11.7,0.498,0.089,0.11,2.3,5.5,3.9,12.4,1.4,0.4,11.2,20.4,0.6,0.2,0.7,0.026,-1.5,-1.7,-3.3,-0.4
Terry Furlow,furlote01,"ATL,UTA",SG,25,76,2122,16.0,0.521,0.089,0.212,3.9,6.5,5.3,21.4,1.7,0.6,13.9,23.6,2.2,0.6,2.8,0.064,1.5,-1.8,-0.2,1.0
Terry Tyler,tylerte01,DET,SF,23,82,2670,14.2,0.499,0.013,0.202,8.9,15.8,12.3,6.4,1.8,4.3,14.8,17.0,0.9,2.5,3.4,0.062,-0.9,0.6,-0.3,1.2
Tim Bassett,basseti01,"NJN,SAS",PF,28,12,164,6.7,0.419,0.0,0.441,7.1,14.0,10.6,9.7,2.2,0.0,18.1,11.6,-0.1,0.2,0.1,0.033,-3.5,0.1,-3.4,-0.1
Tiny Archibald,architi01,BOS,PG,31,80,2864,15.3,0.574,0.023,0.548,2.3,5.3,3.8,30.2,1.7,0.2,19.7,17.0,5.9,2.9,8.9,0.148,1.4,-0.3,1.1,2.3
Toby Knight,knighto01,NYK,SF,24,81,2945,16.4,0.561,0.002,0.206,7.4,10.9,9.1,6.9,1.8,1.6,10.6,20.1,5.5,1.9,7.3,0.12,1.1,-0.7,0.4,1.8
Tom Abernethy,abernto01,GSW,PF,25,67,1222,11.0,0.511,0.003,0.258,5.4,12.0,8.6,9.3,1.4,0.6,9.9,13.3,1.2,0.8,2.0,0.08,-1.0,-0.2,-1.2,0.2
Tom Boswell,bosweto01,"DEN,UTA",PF,26,79,2077,14.3,0.616,0.016,0.445,8.2,15.8,12.1,11.2,0.7,1.0,19.8,18.5,3.0,0.7,3.7,0.086,-0.4,-1.4,-1.8,0.1
Tom Burleson,burleto01,KCK,C,27,37,272,7.8,0.391,0.029,0.385,8.7,20.0,14.2,9.5,1.4,2.8,17.1,21.5,-0.6,0.5,-0.1,-0.012,-5.7,0.4,-5.3,-0.2
Tom Henderson,hendeto01,HOU,PG,28,66,1551,9.7,0.51,0.006,0.238,2.4,5.6,4.0,22.0,1.7,0.1,22.2,11.7,0.9,0.4,1.3,0.041,-1.3,-0.5,-1.8,0.1
Tom LaGarde,lagarto01,SEA,C,24,82,1164,10.8,0.521,0.0,0.448,11.4,16.8,14.1,10.1,0.8,1.6,20.9,15.7,0.6,1.7,2.2,0.093,-2.9,0.4,-2.5,-0.1
Tom McMillen,mcmilto01,ATL,C,27,53,1071,14.2,0.54,0.003,0.28,7.0,15.1,11.0,9.0,1.6,0.8,13.0,18.8,1.4,1.5,2.9,0.128,-0.1,0.4,0.2,0.6
Tom Owens,owensto01,POR,C,30,76,2337,18.1,0.552,0.002,0.281,8.8,18.3,13.5,13.0,0.9,1.3,13.3,22.9,4.3,2.6,6.9,0.142,1.5,-0.3,1.1,1.9
Tony Zeno,zenoto01,IND,SF,22,8,59,0.2,0.32,0.0,0.095,5.1,19.9,12.3,2.1,3.1,2.8,29.1,20.3,-0.3,0.1,-0.2,-0.16,-6.4,-0.1,-6.5,-0.2
Tree Rollins,rollitr01,ATL,C,24,82,2123,18.9,0.598,0.0,0.428,14.2,25.0,19.6,5.2,1.2,6.8,13.9,13.7,4.5,4.7,9.2,0.208,1.2,2.8,4.0,3.2
Truck Robinson,robintr01,PHO,PF,28,82,2710,15.3,0.553,0.0,0.458,8.8,22.1,15.6,7.5,1.0,1.2,16.4,22.4,2.1,3.9,6.0,0.106,-0.8,-0.9,-1.7,0.2
Vinnie Johnson,johnsvi01,SEA,SG,23,38,325,10.9,0.458,0.009,0.339,6.1,11.7,8.9,21.9,2.8,0.7,24.1,21.1,-0.3,0.5,0.2,0.031,-3.1,0.9,-2.2,0.0
Wally Walker,walkewa01,SEA,SF,25,70,844,12.3,0.539,0.0,0.234,7.9,13.3,10.6,8.6,1.2,0.3,14.2,16.5,1.0,1.1,2.0,0.116,-1.3,-0.1,-1.4,0.1
Walt Frazier,fraziwa01,CLE,PG,34,3,27,13.6,0.421,0.091,0.182,3.7,8.2,5.9,36.7,3.4,2.0,25.2,22.6,0.0,0.0,0.0,-0.012,-3.5,0.2,-3.3,0.0
Walter Davis,daviswa03,PHO,SF,25,75,2309,21.3,0.608,0.003,0.313,3.6,9.2,6.5,23.6,2.3,0.5,15.4,27.0,5.5,2.8,8.3,0.173,3.4,0.2,3.6,3.3
Wayne Cooper,coopewa01,GSW,PF,23,79,1781,14.8,0.525,0.005,0.241,12.1,19.5,15.7,3.5,0.5,2.6,14.4,22.4,1.1,1.6,2.8,0.074,-1.6,-1.8,-3.5,-0.7
Wes Unseld,unselwe01,WSB,C,33,82,2973,15.4,0.545,0.003,0.328,11.2,25.9,18.5,15.6,1.0,1.1,17.3,11.7,4.3,4.1,8.4,0.135,0.9,1.5,2.5,3.3
Wiley Peck,peckwi01,SAS,SF,22,52,628,8.9,0.466,0.012,0.325,11.5,19.6,15.6,6.1,1.2,1.9,19.9,14.5,-0.2,0.5,0.3,0.023,-3.4,-0.9,-4.2,-0.4
Willie Smith,smithwi02,CLE,PG,26,62,1051,12.2,0.442,0.225,0.165,5.4,6.8,6.1,29.3,3.2,0.1,21.9,15.8,0.0,1.0,1.0,0.047,-0.7,0.7,0.0,0.5
Winford Boynes,boynewi01,NJN,SG,22,64,1102,13.1,0.518,0.009,0.291,4.8,7.7,6.3,12.8,2.4,0.9,15.4,21.8,0.3,1.3,1.7,0.072,-1.5,0.3,-1.2,0.2
World B. Free,freewo01,SDC,SG,26,68,2585,22.7,0.544,0.016,0.488,5.2,4.7,5.0,18.0,1.5,0.7,10.8,32.7,7.7,0.3,8.0,0.148,4.9,-1.9,3.1,3.3
