Player,PlayerID,Tms,Pos,Age,G,MP,PER,TS%,3PAr,FTr,ORB%,DRB%,TRB%,AST%,STL%,BLK%,TOV%,USG%,OWS,DWS,WS,WS/48,OBPM,DBPM,BPM,VORP
A.J. Price,priceaj01,MIN,SG,27,28,99,9.7,0.469,0.478,0.043,1.1,10.2,5.5,21.5,0.5,0.0,13.0,23.2,-0.1,0.0,0.0,-0.012,-2.4,-2.4,-4.8,-0.1
Aaron Brooks,brookaa01,"HOU,DEN",PG,29,72,1557,12.5,0.518,0.427,0.164,3.1,6.7,4.9,23.3,1.6,0.6,15.8,20.5,1.3,0.9,2.2,0.067,-0.2,-0.8,-1.0,0.4
Aaron Gray,grayaa01,"TOR,SAC",C,29,37,355,7.8,0.466,0.016,0.328,13.2,22.3,17.7,9.1,1.4,1.8,30.8,12.5,-0.3,0.4,0.1,0.016,-4.9,0.2,-4.7,-0.2
Adonis Thomas,thomaad01,"ORL,PHI",SF,20,6,37,7.3,0.485,0.357,0.071,0.0,9.2,4.6,13.4,0.0,0.0,6.5,18.5,0.0,0.0,0.0,0.001,-4.2,-2.0,-6.2,0.0
Al Harrington,harrial01,WAS,PF,33,34,511,9.7,0.506,0.483,0.169,3.3,15.0,9.1,8.7,1.4,0.0,13.3,22.7,-0.2,0.5,0.4,0.035,-3.2,-1.0,-4.2,-0.3
Al Horford,horfoal01,ATL,C,27,29,958,22.0,0.588,0.026,0.202,8.0,21.4,14.8,15.2,1.4,3.6,12.3,24.7,1.5,1.3,2.8,0.141,2.2,0.8,3.0,1.2
Al Jefferson,jeffeal01,CHA,C,29,73,2553,22.7,0.532,0.011,0.201,6.9,28.3,17.5,12.8,1.4,2.4,7.6,29.3,3.1,4.7,7.8,0.146,2.2,0.5,2.7,3.0
Al-Farouq Aminu,aminual01,NOP,SF,23,80,2045,13.2,0.516,0.097,0.277,7.2,21.2,14.1,8.4,2.1,1.6,13.7,14.3,1.3,1.8,3.1,0.072,-0.9,0.3,-0.6,0.7
Alan Anderson,anderal01,BRK,SF,31,78,1773,9.5,0.525,0.511,0.243,2.7,9.1,5.9,7.3,1.4,0.5,10.4,15.9,0.8,0.9,1.7,0.047,-1.8,-1.0,-2.8,-0.4
Alec Burks,burksal01,UTA,SG,22,78,2193,15.8,0.547,0.172,0.449,3.0,10.7,6.8,16.9,1.7,0.5,13.0,23.9,2.6,0.6,3.2,0.07,0.2,-1.0,-0.8,0.7
Alex Len,lenal01,PHO,C,20,42,362,7.3,0.469,0.0,0.397,12.1,18.6,15.3,1.6,0.6,3.8,22.1,14.3,-0.2,0.4,0.2,0.024,-5.9,-0.7,-6.6,-0.4
Alexey Shved,shvedal01,MIN,SG,25,63,664,10.2,0.452,0.43,0.38,3.4,10.1,6.6,14.9,1.9,1.8,14.8,20.8,-0.4,0.7,0.2,0.017,-1.8,-0.1,-1.9,0.0
Alexis Ajinça,ajincal01,NOP,C,25,56,951,14.6,0.589,0.004,0.269,11.3,22.7,16.9,6.6,1.3,4.1,18.4,16.3,1.2,0.9,2.1,0.104,-2.7,0.1,-2.6,-0.1
Allen Crabbe,crabbal01,POR,SG,21,15,100,7.7,0.475,0.424,0.121,1.1,8.5,4.8,8.7,1.0,0.7,7.9,16.5,0.0,0.1,0.1,0.037,-4.6,-1.4,-6.1,-0.1
Alonzo Gee,geeal01,CLE,SF,26,65,1020,8.6,0.491,0.246,0.258,3.8,12.8,8.2,6.9,2.0,1.2,14.3,13.4,-0.1,1.0,0.9,0.041,-3.7,0.6,-3.1,-0.3
Amar'e Stoudemire,stoudam01,NYK,C,31,65,1466,18.8,0.596,0.0,0.364,8.7,17.2,12.8,4.2,0.8,2.2,12.3,23.4,2.9,0.9,3.8,0.124,0.3,-1.8,-1.6,0.2
Amir Johnson,johnsam01,TOR,PF,26,77,2214,15.4,0.592,0.108,0.234,9.0,17.6,13.3,8.7,1.3,3.2,15.4,16.4,3.2,3.1,6.3,0.136,-0.4,1.1,0.7,1.5
Anderson Varejão,varejan01,CLE,C,31,65,1800,17.0,0.527,0.015,0.294,11.4,28.2,19.6,12.2,2.0,1.8,12.2,14.6,2.7,2.7,5.4,0.144,0.3,1.1,1.4,1.6
Andray Blatche,blatcan01,BRK,PF,27,73,1618,18.8,0.532,0.08,0.328,8.9,19.9,14.4,12.8,2.4,2.0,12.5,25.6,1.6,2.1,3.7,0.109,0.1,-0.1,0.0,0.8
Andre Drummond,drumman01,DET,C,20,81,2619,22.6,0.599,0.003,0.427,17.5,27.7,22.3,2.2,2.0,4.0,10.7,16.7,6.4,3.5,9.9,0.182,2.0,-0.6,1.4,2.3
Andre Iguodala,iguodan01,GSW,SF,30,63,2040,13.7,0.57,0.382,0.288,2.9,12.6,7.8,18.2,2.3,0.7,16.2,13.3,2.7,3.1,5.8,0.135,-0.1,2.4,2.3,2.2
Andre Miller,millean02,"DEN,WAS",SG,37,58,982,13.9,0.534,0.091,0.333,3.1,11.7,7.4,29.2,1.7,0.7,18.7,14.5,1.4,0.8,2.2,0.108,-0.3,1.1,0.8,0.7
Andre Roberson,roberan03,OKC,SG,22,40,399,9.0,0.518,0.191,0.147,10.7,15.6,13.3,5.2,2.4,2.0,20.8,10.1,0.2,0.6,0.8,0.099,-3.8,1.4,-2.4,0.0
Andrea Bargnani,bargnan01,NYK,C,28,42,1257,14.5,0.51,0.215,0.203,6.3,14.7,10.4,6.1,0.6,3.7,9.6,22.4,0.8,0.7,1.5,0.058,-0.7,-1.6,-2.3,-0.1
Andrei Kirilenko,kirilan01,BRK,PF,32,45,857,12.4,0.532,0.031,0.744,7.7,12.7,10.2,13.1,2.4,1.9,20.3,14.6,0.4,0.9,1.3,0.07,-1.1,0.8,-0.4,0.4
Andrew Bogut,bogutan01,GSW,C,29,67,1769,17.0,0.61,0.0,0.171,11.4,29.7,20.7,9.3,1.3,5.2,19.4,12.4,2.4,4.0,6.5,0.176,-0.2,3.2,3.0,2.2
Andrew Bynum,bynuman01,"CLE,IND",C,26,26,516,15.2,0.456,0.0,0.218,11.4,20.3,15.8,9.7,0.6,4.7,12.1,24.3,-0.2,0.6,0.4,0.038,-1.4,-0.5,-1.9,0.0
Andrew Nicholson,nichoan01,ORL,PF,24,76,1174,9.9,0.489,0.212,0.136,5.1,19.5,12.3,3.5,0.8,1.5,10.3,19.3,-0.4,1.0,0.6,0.025,-3.9,-1.2,-5.1,-0.9
Andris Biedriņš,biedran01,UTA,C,27,6,45,2.4,0.412,0.0,6.0,5.0,39.7,21.8,0.0,0.0,0.0,35.5,5.7,-0.1,0.0,0.0,-0.033,-6.2,-2.0,-8.2,-0.1
Antawn Jamison,jamisan01,LAC,PF,37,22,248,7.8,0.408,0.446,0.272,4.2,19.9,12.3,4.1,1.8,0.9,6.4,19.6,-0.3,0.4,0.1,0.019,-4.5,-0.3,-4.7,-0.2
Anthony Bennett,bennean01,CLE,PF,20,52,663,6.9,0.425,0.236,0.307,8.1,18.4,13.1,4.0,1.6,1.0,15.5,20.3,-1.1,0.7,-0.4,-0.028,-6.0,-1.3,-7.4,-0.9
Anthony Davis,davisan02,NOP,PF,20,67,2358,26.5,0.582,0.009,0.438,10.0,23.3,16.6,8.0,2.0,6.7,8.3,25.2,7.2,3.2,10.4,0.212,4.0,0.8,4.8,4.0
Anthony Morrow,morroan01,NOP,SG,28,76,1426,13.9,0.57,0.375,0.167,2.3,9.2,5.7,6.7,1.4,0.7,8.4,19.4,2.1,0.3,2.4,0.081,0.7,-1.6,-0.9,0.4
Anthony Randolph,randoan01,DEN,PF,24,43,527,12.2,0.499,0.347,0.392,4.1,21.0,12.5,9.1,2.4,2.7,15.9,19.8,-0.1,0.7,0.6,0.055,-2.3,1.5,-0.8,0.2
Anthony Tolliver,tollian01,CHA,PF,28,64,1298,11.0,0.605,0.805,0.134,2.9,11.8,7.3,5.0,0.8,0.9,6.6,12.4,1.9,1.3,3.2,0.117,0.1,-0.1,0.0,0.6
Archie Goodwin,goodwar01,PHO,SG,19,52,533,10.3,0.507,0.216,0.329,5.3,13.0,9.2,5.7,1.9,1.6,18.7,19.4,-0.3,0.5,0.2,0.018,-3.1,-0.1,-3.2,-0.2
Arinze Onuaku,onuakar01,"NOP,CLE",PF,26,5,30,3.8,0.255,0.0,0.4,7.6,23.5,15.4,13.5,0.0,0.0,14.5,10.4,0.0,0.0,0.0,-0.044,-4.0,-1.2,-5.2,0.0
Arnett Moultrie,moultar01,PHI,PF,23,12,187,6.7,0.448,0.0,0.132,6.1,14.4,10.1,1.5,2.1,1.7,14.8,10.7,-0.1,0.1,0.0,0.007,-5.9,-1.4,-7.3,-0.3
Aron Baynes,baynear01,SAS,C,27,53,491,9.7,0.467,0.0,0.129,13.6,19.4,16.6,9.9,0.2,0.7,17.3,19.2,-0.1,0.6,0.6,0.055,-4.7,-1.0,-5.7,-0.5
Arron Afflalo,afflaar01,ORL,SG,28,73,2552,16.0,0.574,0.297,0.332,1.4,10.2,5.8,16.9,0.7,0.1,11.2,23.3,4.3,1.0,5.3,0.099,1.4,-1.6,-0.2,1.1
Austin Daye,dayeau01,"TOR,SAS",SF,25,22,148,11.0,0.456,0.544,0.147,3.9,16.4,10.4,8.2,1.4,2.0,6.5,23.7,-0.1,0.2,0.1,0.047,-2.8,-1.0,-3.8,-0.1
Austin Rivers,riverau01,NOP,PG,21,69,1339,11.6,0.482,0.209,0.365,2.2,9.1,5.6,18.7,1.8,0.6,12.3,21.3,0.2,0.4,0.6,0.023,-2.0,-1.4,-3.4,-0.5
Avery Bradley,bradlav01,BOS,SG,23,60,1855,12.7,0.51,0.242,0.136,2.9,11.2,6.9,8.1,1.7,0.5,9.9,23.2,0.4,1.4,1.8,0.046,-1.1,-0.8,-1.9,0.1
Ben Gordon,gordobe01,CHA,SG,30,19,279,6.4,0.422,0.269,0.194,1.2,9.8,5.5,12.2,1.9,0.6,15.2,22.9,-0.7,0.3,-0.3,-0.058,-5.8,-0.3,-6.0,-0.3
Ben McLemore,mclembe01,SAC,SG,20,82,2187,7.7,0.485,0.437,0.211,2.7,9.5,6.1,5.8,1.0,0.7,11.5,16.9,-0.1,0.9,0.8,0.016,-2.9,-1.1,-4.0,-1.1
Beno Udrih,udrihbe01,"NYK,MEM",SG,31,41,643,12.7,0.523,0.236,0.169,1.8,9.2,5.4,28.0,1.9,0.5,19.7,17.2,0.5,0.3,0.8,0.061,-0.9,-0.9,-1.8,0.0
Bernard James,jamesbe01,DAL,C,28,30,146,8.5,0.503,0.043,0.478,12.0,21.2,16.6,2.8,1.1,4.5,26.4,11.8,0.0,0.2,0.1,0.04,-5.0,0.1,-4.9,-0.1
Bismack Biyombo,biyombi01,CHA,C,21,77,1072,13.3,0.606,0.0,0.618,11.0,27.6,19.3,1.1,0.3,6.3,17.9,9.6,1.1,2.1,3.2,0.144,-2.9,1.7,-1.2,0.2
Blake Griffin,griffbl01,LAC,PF,24,80,2863,23.9,0.583,0.032,0.496,7.7,21.2,14.7,19.2,1.6,1.4,11.9,29.0,8.1,4.1,12.2,0.205,3.8,0.7,4.5,4.7
Boris Diaw,diawbo01,SAS,PF,31,79,1974,14.1,0.578,0.193,0.159,4.4,13.8,9.3,16.3,1.1,1.2,16.3,17.0,2.3,2.6,4.9,0.12,0.4,0.9,1.3,1.6
Bradley Beal,bealbr01,WAS,SG,20,73,2530,14.3,0.507,0.299,0.164,2.4,10.2,6.3,16.0,1.4,0.6,9.4,24.3,1.6,2.4,4.0,0.076,0.3,-0.7,-0.4,1.0
Brandan Wright,wrighbr03,DAL,C,26,58,1077,23.5,0.695,0.0,0.32,11.0,15.1,13.1,4.7,1.5,4.2,8.5,17.4,4.1,1.0,5.1,0.227,3.4,0.0,3.4,1.5
Brandon Bass,bassbr01,BOS,PF,28,82,2266,15.0,0.549,0.008,0.33,7.8,15.9,11.8,6.4,0.8,2.4,10.9,18.2,3.2,1.9,5.1,0.107,-0.6,-0.6,-1.1,0.5
Brandon Davies,daviebr01,PHI,PF,22,51,575,7.5,0.476,0.078,0.414,6.9,13.9,10.2,7.1,2.0,1.1,18.8,13.7,-0.3,0.4,0.1,0.008,-5.7,-0.6,-6.3,-0.6
Brandon Jennings,jennibr01,DET,PG,24,80,2728,15.6,0.486,0.403,0.283,2.2,7.8,4.9,34.4,1.9,0.2,14.4,23.4,3.0,0.9,3.9,0.068,1.9,-1.9,0.1,1.4
Brandon Knight,knighbr03,MIL,PG,22,72,2400,16.5,0.523,0.31,0.296,2.1,10.3,6.1,26.6,1.5,0.6,13.2,26.8,2.4,0.4,2.8,0.055,1.7,-2.2,-0.5,0.9
Brandon Rush,rushbr01,UTA,SG,28,38,418,4.1,0.428,0.522,0.056,1.3,11.1,6.1,8.5,0.6,1.7,17.8,12.3,-0.5,0.0,-0.4,-0.05,-4.2,-1.3,-5.6,-0.4
Brian Roberts,roberbr01,NOP,PG,28,72,1667,13.4,0.529,0.306,0.229,1.2,8.4,4.7,22.1,1.3,0.4,12.9,20.0,2.0,0.2,2.2,0.063,-0.1,-1.6,-1.7,0.1
Brook Lopez,lopezbr01,BRK,C,25,17,533,25.4,0.629,0.004,0.502,8.8,14.1,11.5,6.1,0.9,4.8,9.1,27.1,1.9,0.5,2.3,0.211,4.0,-0.3,3.7,0.8
Byron Mullens,mulleby01,"LAC,PHI",C,24,45,414,12.8,0.544,0.539,0.121,6.2,18.2,12.1,5.5,1.8,2.1,13.4,20.9,0.1,0.4,0.5,0.057,-0.8,-0.8,-1.7,0.0
C.J. Miles,milescj01,CLE,SG,26,51,984,16.0,0.569,0.516,0.183,2.0,9.9,5.9,9.1,2.4,1.3,9.1,22.0,1.5,0.9,2.5,0.122,1.5,0.9,2.4,1.1
C.J. Watson,watsocj01,IND,PG,29,63,1193,13.0,0.555,0.434,0.263,1.9,7.4,4.8,14.4,2.6,0.5,13.9,16.6,1.1,2.1,3.2,0.13,-1.1,2.3,1.3,1.0
CJ McCollum,mccolcj01,POR,SG,22,38,476,9.0,0.521,0.449,0.191,1.6,9.2,5.4,8.7,1.5,0.3,15.4,20.9,-0.2,0.3,0.2,0.019,-2.9,-0.6,-3.4,-0.2
Carl Landry,landrca01,SAC,PF,30,18,233,11.2,0.563,0.0,0.283,7.2,20.6,13.8,3.4,0.7,0.3,11.8,14.5,0.3,0.1,0.4,0.088,-2.4,-0.7,-3.1,-0.1
Carlos Boozer,boozeca01,CHI,PF,32,76,2141,14.4,0.489,0.002,0.197,7.4,25.9,16.8,10.9,1.3,0.8,12.6,26.3,-0.9,4.3,3.4,0.076,-2.3,0.2,-2.1,-0.1
Carmelo Anthony,anthoca01,NYK,PF,29,77,2982,24.4,0.561,0.253,0.329,5.6,19.4,12.3,15.8,1.7,1.5,9.5,32.4,8.1,2.5,10.7,0.172,5.8,-0.8,5.0,5.3
Caron Butler,butleca01,"MIL,OKC",SF,33,56,1419,12.2,0.512,0.461,0.139,1.7,16.8,9.2,9.6,1.7,1.0,9.5,20.1,0.6,1.2,1.8,0.062,-0.6,-0.8,-1.4,0.2
Carrick Felix,felixca01,CLE,SG,23,7,38,13.3,0.603,0.357,0.286,2.9,15.1,8.9,18.2,0.0,0.0,20.2,23.2,0.0,0.0,0.0,0.057,-1.3,-2.2,-3.4,0.0
Cartier Martin,martica01,"ATL,CHI",SF,29,59,870,11.0,0.562,0.572,0.246,1.7,12.8,7.3,5.9,1.6,0.6,10.4,17.1,0.5,0.8,1.3,0.07,-0.9,-0.3,-1.3,0.2
Casper Ware,wareca01,PHI,PG,24,9,116,13.0,0.538,0.5,0.143,0.0,8.7,4.2,13.7,3.3,0.0,10.1,18.1,0.1,0.1,0.2,0.071,-2.6,0.2,-2.4,0.0
Chandler Parsons,parsoch01,HOU,SF,25,74,2783,15.9,0.565,0.356,0.224,2.9,12.8,8.2,17.3,1.6,0.8,11.7,19.3,5.1,2.5,7.6,0.131,1.5,0.2,1.7,2.6
Channing Frye,fryech01,PHO,PF,30,82,2312,13.2,0.555,0.555,0.122,3.6,16.6,10.1,6.4,1.3,2.1,9.8,17.3,2.9,2.4,5.3,0.109,0.4,0.3,0.7,1.6
Charlie Villanueva,villach01,DET,PF,29,20,180,12.7,0.469,0.609,0.152,3.5,17.9,10.3,5.5,1.1,2.2,6.7,25.0,0.0,0.1,0.1,0.034,-0.6,-1.9,-2.4,0.0
Chase Budinger,budinch01,MIN,SF,25,41,751,9.7,0.505,0.472,0.154,2.7,12.5,7.5,6.2,1.2,0.2,8.1,16.7,0.3,0.6,0.9,0.059,-1.7,-0.8,-2.5,-0.1
Chauncey Billups,billuch01,DET,SG,37,19,309,5.3,0.427,0.608,0.152,1.3,8.9,4.9,18.7,1.3,0.3,22.9,15.1,-0.3,0.1,-0.3,-0.042,-4.2,-1.6,-5.8,-0.3
Chris Andersen,anderch01,MIA,C,35,72,1396,18.5,0.683,0.044,0.615,12.1,21.7,17.1,2.1,1.2,6.1,13.2,13.8,3.8,2.2,6.0,0.205,0.6,0.7,1.2,1.1
Chris Babb,babbch01,BOS,SG,23,14,132,3.7,0.367,0.9,0.0,3.3,11.5,7.3,3.3,2.3,0.0,9.1,11.1,-0.1,0.1,0.0,-0.008,-6.0,-0.1,-6.1,-0.1
Chris Bosh,boshch01,MIA,C,29,79,2531,19.0,0.597,0.229,0.285,5.1,20.3,13.0,5.8,1.7,2.7,10.4,22.6,4.6,3.4,8.0,0.152,1.3,-0.4,0.8,1.8
Chris Copeland,copelch01,IND,SF,29,41,265,17.6,0.621,0.675,0.12,3.1,10.1,6.8,12.6,0.6,2.0,10.2,23.7,0.6,0.4,1.0,0.186,4.2,0.3,4.5,0.4
Chris Douglas-Roberts,douglch01,CHA,SF,27,49,1016,12.2,0.588,0.524,0.325,1.8,11.5,6.6,7.9,1.5,1.2,11.1,14.7,1.1,1.2,2.4,0.113,-1.1,0.5,-0.5,0.4
Chris Johnson,johnsch04,BOS,SF,23,40,789,10.8,0.537,0.593,0.201,4.3,9.8,7.0,6.0,1.8,0.4,8.6,14.3,0.9,0.5,1.4,0.085,-1.2,0.0,-1.2,0.2
Chris Kaman,kamanch01,LAL,C,31,39,736,17.0,0.537,0.009,0.197,7.8,25.4,16.6,14.1,0.7,3.9,16.4,26.7,-0.2,0.7,0.5,0.036,-1.7,0.3,-1.4,0.1
Chris Paul,paulch01,LAC,PG,28,62,2171,25.9,0.58,0.244,0.397,2.0,11.4,6.9,48.9,3.5,0.1,12.4,23.7,9.0,3.2,12.2,0.27,6.0,2.6,8.6,5.8
Chris Singleton,singlch01,WAS,SF,24,25,250,8.8,0.481,0.284,0.373,8.2,17.5,12.8,3.5,1.9,1.0,17.9,17.2,-0.2,0.3,0.2,0.033,-3.9,-0.7,-4.6,-0.2
Chris Smith,smithch05,NYK,PG,26,2,2,0.0,,,,0.0,0.0,0.0,0.0,0.0,0.0,,0.0,0.0,0.0,0.0,-0.02,-6.1,-3.6,-9.7,0.0
Chris Wright,wrighch01,MIL,SF,25,8,126,16.5,0.577,0.029,0.429,8.8,9.4,9.1,6.9,2.9,3.2,10.7,16.7,0.2,0.1,0.3,0.102,-0.4,0.2,-0.2,0.1
Chuck Hayes,hayesch01,"SAC,TOR",C,30,61,754,10.0,0.468,0.008,0.192,10.5,21.8,16.1,6.8,2.3,1.3,19.0,10.4,0.2,1.2,1.4,0.086,-3.1,1.3,-1.8,0.0
Cody Zeller,zelleco01,CHA,C,21,82,1416,13.1,0.498,0.002,0.495,9.4,18.8,14.1,10.4,1.5,2.3,15.0,18.9,0.4,2.2,2.6,0.09,-2.9,0.9,-2.0,0.0
Cole Aldrich,aldrico01,NYK,C,25,46,330,19.1,0.62,0.0,0.492,12.8,33.8,23.0,6.4,1.3,8.1,19.5,13.0,0.6,0.6,1.2,0.178,-0.1,1.6,1.5,0.3
Corey Brewer,breweco01,MIN,SF,27,81,2609,12.7,0.55,0.261,0.281,2.6,6.2,4.3,7.9,2.9,0.9,10.4,16.5,2.4,2.7,5.2,0.095,-1.7,1.5,-0.2,1.2
Cory Joseph,josepco01,SAS,SG,22,68,936,14.7,0.558,0.143,0.362,4.0,8.7,6.4,17.2,1.9,1.1,12.3,16.9,1.6,1.3,2.9,0.148,-0.4,1.3,0.9,0.7
Courtney Lee,leeco01,"BOS,MEM",SG,28,79,1973,13.8,0.574,0.316,0.182,1.7,9.5,5.6,9.3,1.7,1.2,9.9,17.0,2.8,1.9,4.7,0.114,0.1,0.8,0.9,1.5
D.J. Augustin,augusdj01,"TOR,CHI",PG,26,71,1939,16.2,0.569,0.462,0.316,0.9,6.7,3.8,28.9,1.5,0.1,13.3,22.4,3.8,2.4,6.2,0.154,1.9,-0.4,1.4,1.7
D.J. Stephens,stephdj01,MIL,SG,23,3,15,16.1,0.47,0.0,0.143,7.4,31.6,19.1,0.0,0.0,0.0,0.0,22.4,0.0,0.0,0.0,0.067,2.2,-0.5,1.7,0.0
D.J. White,whitedj01,CHA,PF,27,2,10,2.4,0.0,0.0,0.0,0.0,22.7,11.3,0.0,5.2,0.0,0.0,4.6,0.0,0.0,0.0,0.004,-8.2,2.6,-5.6,0.0
Damian Lillard,lillada01,POR,PG,23,82,2937,18.6,0.568,0.425,0.327,1.3,9.2,5.3,25.1,1.1,0.5,11.5,25.0,7.8,1.8,9.6,0.157,3.8,-0.6,3.2,3.9
Damion James,jamesda01,SAS,SF,26,5,50,4.1,0.304,0.222,0.222,2.4,23.8,13.5,7.5,0.0,1.4,9.2,9.8,-0.1,0.1,0.0,0.01,-4.9,0.2,-4.7,0.0
Daniel Orton,ortonda01,PHI,C,23,22,251,10.5,0.54,0.0,0.638,6.6,20.2,13.1,8.5,1.2,5.1,23.0,13.2,0.0,0.2,0.3,0.049,-4.7,0.7,-4.0,-0.1
Danny Granger,grangda01,"IND,LAC",SF,30,41,847,10.9,0.502,0.417,0.218,4.3,12.9,8.8,7.8,0.7,1.5,12.0,20.5,0.1,1.2,1.3,0.073,-1.3,-0.1,-1.4,0.1
Danny Green,greenda02,SAS,SG,26,68,1651,13.9,0.58,0.63,0.125,1.8,13.4,7.8,8.9,2.0,2.7,12.5,16.7,1.4,2.8,4.2,0.122,1.2,2.0,3.2,2.2
Dante Cunningham,cunnida01,MIN,PF,26,81,1635,12.6,0.474,0.01,0.132,7.3,14.9,11.0,7.7,1.9,2.7,7.2,15.1,0.9,2.0,2.9,0.085,-1.7,0.9,-0.8,0.5
Darius Johnson-Odom,johnsda03,PHI,SG,24,3,15,-23.0,0.0,0.429,0.286,0.0,15.0,7.2,8.5,3.2,0.0,20.2,27.9,-0.2,0.0,-0.2,-0.661,-23.0,-4.4,-27.3,-0.1
Darius Miller,milleda01,NOP,SF,23,45,723,9.0,0.55,0.464,0.217,1.4,7.0,4.2,8.7,1.7,1.0,10.8,12.8,0.6,0.2,0.8,0.055,-2.8,0.0,-2.8,-0.1
Darius Morris,morrida01,"PHI,LAC,MEM",PG,23,27,313,9.2,0.498,0.396,0.271,2.5,6.8,4.6,21.5,2.1,0.0,20.1,18.6,-0.1,0.2,0.0,0.006,-3.6,-0.9,-4.5,-0.2
Darrell Arthur,arthuda01,DEN,SF,25,68,1161,9.4,0.459,0.156,0.151,4.8,14.7,9.8,8.0,1.6,3.0,11.7,18.1,-0.5,1.2,0.7,0.029,-4.0,0.8,-3.2,-0.4
Darren Collison,collida01,LAC,PG,26,80,2069,16.2,0.575,0.272,0.323,2.6,7.3,5.0,21.9,2.2,0.6,14.3,19.7,3.8,2.0,5.9,0.136,1.1,0.4,1.5,1.8
David Lee,leeda02,GSW,PF,30,69,2288,19.1,0.566,0.001,0.302,8.8,21.6,15.3,10.9,1.0,0.9,12.0,24.3,4.1,3.5,7.6,0.16,1.1,0.3,1.3,1.9
David West,westda01,IND,PF,33,80,2472,17.5,0.533,0.016,0.267,5.7,18.3,12.3,16.1,1.3,2.3,11.2,21.9,3.1,5.0,8.1,0.157,0.8,1.8,2.6,2.9
DeAndre Jordan,jordade01,LAC,C,25,82,2870,18.2,0.63,0.0,0.726,13.3,29.3,21.6,3.7,1.4,5.4,15.3,12.4,5.3,5.8,11.1,0.186,0.9,1.6,2.5,3.3
DeAndre Liggins,liggide01,MIA,SG,25,1,1,129.1,1.0,0.0,0.0,100.0,0.0,62.8,0.0,0.0,0.0,0.0,47.8,0.0,0.0,0.0,2.123,42.1,-0.6,41.5,0.0
DeJuan Blair,blairde01,DAL,PF,24,78,1214,17.3,0.557,0.005,0.308,13.3,21.6,17.5,8.9,2.5,1.4,14.7,19.6,1.8,1.5,3.4,0.133,-1.2,0.1,-1.1,0.3
DeMar DeRozan,derozde01,TOR,SG,24,79,3017,18.4,0.532,0.149,0.448,2.0,11.3,6.6,18.9,1.5,0.7,9.5,28.0,5.8,3.0,8.8,0.141,1.9,-0.3,1.7,2.8
DeMarcus Cousins,couside01,SAC,C,23,71,2298,26.1,0.555,0.006,0.5,10.6,30.5,20.4,17.8,2.4,3.2,14.7,32.7,4.1,3.8,7.9,0.166,3.6,1.6,5.2,4.2
DeMarre Carroll,carrode01,ATL,SF,27,73,2341,13.9,0.575,0.417,0.22,5.3,14.5,10.0,8.9,2.3,0.7,10.1,15.2,3.2,2.6,5.8,0.119,-0.1,0.7,0.7,1.6
Dennis Schröder,schrode01,ATL,PG,20,49,641,5.8,0.442,0.223,0.229,0.9,9.9,5.4,22.0,1.3,0.0,22.8,19.0,-1.1,0.4,-0.7,-0.054,-5.7,-1.6,-7.3,-0.9
Derek Fisher,fishede01,OKC,SG,39,81,1428,10.1,0.542,0.634,0.197,1.0,8.3,4.8,11.6,2.5,0.2,11.1,13.7,1.4,1.7,3.1,0.103,-1.8,1.2,-0.6,0.5
Deron Williams,willide01,BRK,PG,29,64,2059,17.6,0.564,0.374,0.302,0.9,8.9,4.9,32.8,2.4,0.5,15.0,21.8,3.8,1.5,5.4,0.125,1.9,-0.7,1.2,1.7
Derrick Favors,favorde01,UTA,PF,22,73,2201,19.0,0.556,0.001,0.38,10.1,23.7,16.7,7.3,1.8,3.8,12.9,20.8,2.9,2.3,5.1,0.112,0.0,0.1,0.1,1.2
Derrick Rose,rosede01,CHI,PG,25,10,311,9.7,0.446,0.287,0.195,3.3,8.3,5.9,26.2,0.9,0.2,16.0,31.5,-0.6,0.4,-0.2,-0.036,-1.2,-1.9,-3.1,-0.1
Derrick Williams,willide02,"MIN,SAC",SF,22,78,1820,11.5,0.524,0.205,0.537,4.3,15.8,10.0,4.7,1.3,0.9,11.3,16.2,1.3,1.3,2.6,0.068,-1.6,-0.5,-2.1,0.0
Devin Harris,harride01,DAL,PG,30,40,818,14.6,0.517,0.398,0.453,1.1,10.8,6.0,31.0,1.8,0.2,16.2,20.2,1.2,0.4,1.6,0.094,0.3,-0.8,-0.5,0.3
Dewayne Dedmon,dedmode01,"GSW,PHI,ORL",C,24,31,390,10.7,0.5,0.0,0.386,10.7,25.8,18.1,1.9,0.9,4.5,15.6,13.1,0.1,0.5,0.6,0.07,-4.5,-0.3,-4.7,-0.3
Dexter Pittman,pittmde01,ATL,C,25,2,3,13.1,0.0,0.0,2.0,100.0,0.0,57.9,0.0,0.0,0.0,0.0,28.5,0.0,0.0,0.0,-0.18,1.8,-26.1,-24.3,0.0
Diante Garrett,garredi02,UTA,PG,25,71,1048,7.1,0.459,0.362,0.045,1.2,9.8,5.3,17.6,2.1,0.4,21.7,15.1,-1.1,0.3,-0.8,-0.036,-4.0,-0.6,-4.6,-0.7
Dion Waiters,waitedi01,CLE,SG,22,70,2072,14.0,0.508,0.252,0.237,1.7,9.0,5.3,18.2,1.6,0.7,12.3,26.9,0.3,1.3,1.6,0.037,-0.3,-1.2,-1.5,0.3
Dionte Christmas,chrisdi01,PHO,SF,27,31,198,11.1,0.489,0.5,0.387,7.4,14.1,10.8,5.8,0.5,1.1,7.6,17.4,0.2,0.1,0.3,0.083,-0.5,-1.3,-1.8,0.0
Dirk Nowitzki,nowitdi01,DAL,PF,35,80,2628,23.6,0.603,0.258,0.295,1.8,20.0,10.9,14.2,1.4,1.4,7.5,26.9,8.6,2.3,10.9,0.199,5.0,0.0,5.0,4.7
Donald Sloan,sloando01,IND,SG,26,48,392,8.5,0.437,0.359,0.171,1.2,11.0,6.3,20.1,1.3,0.2,14.9,17.2,-0.3,0.6,0.3,0.039,-3.3,0.3,-3.0,-0.1
Donatas Motiejūnas,motiedo01,HOU,PF,23,62,952,10.7,0.504,0.284,0.324,7.4,18.2,13.1,5.5,1.0,1.6,12.7,17.8,0.3,1.0,1.4,0.069,-3.2,-0.6,-3.8,-0.4
Dorell Wright,wrighdo01,POR,SF,28,68,984,11.9,0.524,0.68,0.232,3.2,17.5,10.5,9.4,1.2,1.1,10.6,16.2,0.9,1.0,1.9,0.091,0.4,0.5,0.9,0.7
Doron Lamb,lambdo01,ORL,SG,22,53,695,7.5,0.543,0.563,0.225,1.3,6.7,4.0,9.3,0.8,0.1,13.3,13.3,0.3,0.2,0.5,0.036,-3.0,-1.6,-4.6,-0.5
Draymond Green,greendr01,GSW,SF,23,82,1797,12.7,0.498,0.359,0.268,5.3,19.3,12.4,11.9,2.8,3.0,15.1,14.8,0.7,3.8,4.5,0.119,-1.7,3.6,1.9,1.8
Drew Gooden,goodedr01,WAS,C,32,22,395,18.4,0.591,0.119,0.189,10.7,23.0,16.7,6.3,1.3,1.5,9.9,19.7,0.9,0.6,1.4,0.173,0.6,-0.2,0.4,0.2
Dwight Buycks,buyckdw01,TOR,PG,24,14,146,7.2,0.414,0.354,0.188,3.2,15.2,9.2,10.6,2.9,0.0,16.1,19.3,-0.2,0.2,0.0,-0.009,-4.4,1.1,-3.4,0.0
Dwight Howard,howardw01,HOU,C,28,71,2396,21.3,0.6,0.009,0.798,11.4,27.9,20.1,9.3,1.2,4.0,17.5,24.0,4.0,4.1,8.0,0.161,0.9,0.8,1.8,2.3
Dwyane Wade,wadedw01,MIA,SG,32,54,1775,22.0,0.588,0.042,0.339,4.4,12.3,8.5,25.5,2.3,1.4,15.5,27.9,3.5,2.0,5.5,0.149,2.9,0.0,2.9,2.2
E'Twaun Moore,mooreet01,ORL,SG,24,79,1506,11.1,0.513,0.353,0.149,2.2,8.1,5.1,11.8,2.0,0.7,10.2,16.4,0.6,1.1,1.7,0.055,-1.9,0.3,-1.6,0.2
Earl Clark,clarkea01,"CLE,NYK",PF,26,54,768,9.1,0.466,0.467,0.13,3.2,18.2,10.5,3.7,1.1,2.8,10.1,17.9,-0.4,0.8,0.3,0.02,-2.5,-0.1,-2.6,-0.1
Earl Watson,watsoea01,POR,PG,34,24,161,2.1,0.47,0.636,0.364,3.4,6.6,5.0,22.0,1.6,0.4,57.1,8.1,-0.2,0.1,-0.1,-0.018,-7.2,0.5,-6.7,-0.2
Ed Davis,davised01,MEM,PF,24,63,956,15.9,0.542,0.0,0.307,11.4,20.9,16.1,4.5,0.9,3.7,10.8,17.8,1.2,1.4,2.6,0.129,-1.3,0.1,-1.2,0.2
Ekpe Udoh,udohek01,MIL,PF,26,42,804,7.6,0.44,0.0,0.329,8.4,12.8,10.5,5.7,1.0,4.4,18.8,11.4,-0.4,0.4,0.0,0.0,-4.8,-0.1,-4.8,-0.6
Elias Harris,harriel01,LAL,SF,24,2,11,7.6,0.0,0.0,0.0,9.7,0.0,4.9,11.4,4.4,0.0,0.0,4.0,0.0,0.0,0.0,0.018,-0.6,0.9,0.3,0.0
Elliot Williams,williel01,PHI,SG,24,67,1157,8.7,0.519,0.371,0.353,2.7,9.7,6.1,9.4,1.5,0.2,14.9,16.7,0.0,0.3,0.3,0.014,-3.9,-1.7,-5.6,-1.1
Elton Brand,brandel01,ATL,C,34,73,1414,14.0,0.561,0.006,0.283,8.0,21.5,14.8,8.1,1.4,4.9,13.8,13.9,1.4,2.1,3.6,0.121,-2.4,1.6,-0.8,0.4
Enes Freedom,kanteen01,UTA,C,21,80,2138,15.6,0.523,0.001,0.239,11.6,20.9,16.1,6.4,0.7,1.5,13.3,23.3,1.3,0.9,2.2,0.05,-1.2,-2.4,-3.6,-0.9
Eric Bledsoe,bledser01,PHO,PG,24,43,1416,19.6,0.578,0.252,0.426,2.1,13.8,8.0,27.0,2.4,0.8,17.8,24.9,2.6,1.6,4.1,0.14,2.3,0.7,3.1,1.8
Eric Gordon,gordoer01,NOP,SG,25,64,2057,14.9,0.54,0.316,0.273,1.7,7.7,4.7,16.6,1.9,0.5,12.8,23.2,2.0,0.5,2.5,0.058,1.0,-1.4,-0.5,0.8
Eric Maynor,maynoer01,"WAS,PHI",PG,26,31,327,6.2,0.387,0.366,0.109,3.1,10.6,6.7,23.0,1.4,0.7,21.5,18.2,-0.6,0.2,-0.4,-0.058,-4.4,-1.6,-6.0,-0.3
Erik Murphy,murpher01,CHI,C,23,24,62,0.2,0.231,0.231,0.0,3.7,10.8,7.3,4.9,0.0,5.0,13.3,11.2,-0.2,0.1,-0.1,-0.055,-9.0,0.3,-8.6,-0.1
Ersan İlyasova,ilyaser01,MIL,PF,26,55,1478,13.8,0.486,0.226,0.225,8.0,18.8,13.3,8.4,1.6,0.4,8.7,21.3,0.9,0.8,1.6,0.053,-1.0,-1.8,-2.8,-0.3
Evan Fournier,fournev01,DEN,SG,21,76,1503,10.3,0.533,0.436,0.226,2.4,12.1,7.3,11.6,1.1,0.3,14.3,19.7,0.6,0.8,1.4,0.043,-2.0,-0.9,-2.9,-0.4
Evan Turner,turneev01,"PHI,IND",SF,25,81,2457,12.4,0.498,0.153,0.257,2.7,15.7,9.0,17.8,1.3,0.2,14.3,23.2,-0.5,1.8,1.4,0.027,-2.1,-1.2,-3.3,-0.8
Francisco García,garcifr01,HOU,SF,32,55,1083,9.3,0.521,0.656,0.065,2.3,9.8,6.3,8.6,1.2,2.3,9.0,13.5,0.8,0.9,1.8,0.078,-0.7,0.6,-0.1,0.5
Gal Mekel,mekelga01,DAL,PG,25,31,292,5.4,0.4,0.233,0.14,2.0,8.6,5.3,30.1,0.7,0.3,25.4,19.0,-0.5,0.1,-0.4,-0.073,-4.9,-2.7,-7.6,-0.4
Garrett Temple,templga01,WAS,SG,27,75,638,7.8,0.431,0.206,0.305,3.8,8.7,6.2,15.8,2.8,1.4,20.8,14.3,-0.5,0.9,0.3,0.025,-4.8,1.8,-3.0,-0.2
Gary Neal,nealga01,"MIL,CHA",SG,29,52,1114,12.5,0.53,0.382,0.223,1.0,8.3,4.6,13.0,0.8,0.0,11.0,23.8,0.6,0.3,1.0,0.041,-0.7,-2.3,-3.0,-0.3
George Hill,hillge01,IND,PG,27,76,2434,13.4,0.563,0.422,0.286,2.6,10.1,6.5,17.2,1.6,0.7,11.7,14.8,3.8,4.0,7.8,0.154,-0.1,1.7,1.6,2.2
Gerald Green,greenge01,PHO,SG,28,82,2330,16.5,0.585,0.507,0.229,2.3,10.9,6.6,8.6,1.5,1.4,11.6,23.6,4.2,1.9,6.1,0.126,2.0,-0.6,1.4,2.0
Gerald Henderson,hendege02,CHA,SG,26,77,2461,13.1,0.507,0.124,0.332,1.4,12.9,7.1,13.9,1.1,1.0,9.6,22.1,0.8,2.8,3.6,0.071,-1.6,0.1,-1.5,0.3
Gerald Wallace,wallage01,BOS,SF,31,58,1416,10.0,0.543,0.278,0.439,2.8,14.5,8.5,14.9,2.7,0.8,26.1,11.6,-0.3,1.6,1.3,0.043,-2.8,2.0,-0.8,0.4
Giannis Antetokounmpo,antetgi01,MIL,SF,19,77,1897,10.8,0.518,0.282,0.483,4.6,16.3,10.2,12.1,1.7,2.6,19.4,15.0,0.1,1.1,1.2,0.031,-2.4,-0.1,-2.5,-0.2
Gigi Datome,datomlu01,DET,SF,26,34,238,8.0,0.409,0.402,0.103,6.1,15.5,10.6,7.0,1.3,0.3,9.8,20.2,-0.2,0.1,-0.1,-0.023,-3.7,-2.3,-6.0,-0.2
Glen Davis,davisgl01,"ORL,LAC",PF,28,68,1662,13.1,0.491,0.019,0.231,7.4,16.4,11.9,7.8,1.8,1.4,10.4,19.9,0.2,1.8,2.0,0.058,-2.2,-0.3,-2.5,-0.2
Glen Rice Jr.,ricegl02,WAS,SG,23,11,109,6.6,0.399,0.459,0.189,4.2,17.3,10.6,9.3,2.8,0.8,18.3,20.3,-0.3,0.2,-0.1,-0.043,-4.7,1.8,-2.9,0.0
Goran Dragić,dragigo01,PHO,SG,27,76,2668,21.4,0.604,0.274,0.381,2.9,7.4,5.2,28.1,2.0,0.6,14.3,24.5,8.4,2.0,10.3,0.186,4.1,-0.2,3.9,4.0
Gordon Hayward,haywago01,UTA,SF,23,77,2800,16.2,0.52,0.271,0.369,2.5,14.0,8.0,24.1,2.1,1.1,15.0,23.1,2.2,1.5,3.6,0.062,1.0,-0.2,0.8,2.0
Gorgui Dieng,dienggo01,MIN,C,24,60,818,16.5,0.534,0.004,0.41,13.4,26.9,20.0,7.2,1.8,4.6,16.8,16.8,0.7,1.5,2.2,0.129,-2.0,0.9,-1.1,0.2
Greg Monroe,monrogr01,DET,PF,23,82,2690,18.1,0.531,0.001,0.362,9.9,21.6,15.4,10.3,1.7,1.4,12.4,21.4,3.7,2.3,5.9,0.106,0.6,-0.6,0.1,1.4
Greg Oden,odengr01,MIA,C,26,23,212,12.4,0.567,0.0,0.469,14.2,17.7,16.0,0.7,1.7,5.3,16.9,16.0,0.2,0.3,0.5,0.119,-5.0,0.2,-4.8,-0.1
Greg Smith,smithgr02,HOU,C,23,11,100,13.7,0.629,0.0,0.179,13.0,16.8,15.0,0.0,0.5,1.5,14.2,15.4,0.2,0.1,0.2,0.119,-1.2,-1.2,-2.5,0.0
Greg Stiemsma,stiemgr01,NOP,C,28,55,1007,9.7,0.584,0.008,0.262,8.2,18.0,13.0,5.0,1.8,4.7,24.4,8.1,0.5,1.0,1.5,0.072,-3.6,1.9,-1.7,0.1
Greivis Vásquez,vasqugr01,"SAC,TOR",PG,27,79,1779,14.1,0.537,0.439,0.164,1.3,10.0,5.6,30.4,0.9,0.2,15.4,21.1,2.4,1.2,3.6,0.097,1.1,-1.5,-0.4,0.7
Gustavo Ayón,ayongu01,ATL,C,28,26,429,12.9,0.505,0.0,0.196,11.4,22.3,16.9,10.0,3.0,1.8,20.7,14.8,0.0,0.7,0.7,0.078,-2.5,1.4,-1.2,0.1
Hamady N'Diaye,ndiayha01,SAC,C,27,14,74,2.9,0.318,0.0,0.111,7.5,20.1,13.7,5.6,0.0,4.4,24.1,7.4,-0.1,0.1,0.0,-0.008,-8.1,0.3,-7.8,-0.1
Harrison Barnes,barneha02,GSW,SF,21,78,2204,9.8,0.486,0.28,0.267,3.3,11.9,7.7,7.6,1.5,0.7,10.0,16.8,0.4,2.8,3.2,0.07,-2.2,0.5,-1.6,0.2
Hasheem Thabeet,thabeha01,OKC,C,26,23,192,2.6,0.536,0.0,0.217,5.6,17.4,11.7,0.7,1.0,3.8,35.7,9.0,-0.2,0.3,0.0,0.012,-8.1,0.7,-7.3,-0.3
Hedo Türkoğlu,turkohe01,LAC,SF,34,38,392,11.3,0.492,0.459,0.165,3.2,21.4,12.6,11.9,2.4,2.0,12.0,15.0,0.1,0.7,0.8,0.095,-1.6,1.8,0.2,0.2
Henry Sims,simshe01,"CLE,PHI",C,23,46,875,16.1,0.535,0.004,0.442,12.5,17.2,14.8,9.5,1.6,1.9,11.1,18.0,1.4,0.7,2.1,0.115,-0.8,-1.4,-2.2,0.0
Hilton Armstrong,armsthi01,GSW,C,29,15,97,17.0,0.48,0.0,0.842,21.8,31.0,26.5,7.1,2.1,3.1,18.7,14.5,0.1,0.2,0.3,0.162,-0.7,0.5,-0.1,0.0
Hollis Thompson,thompho01,PHI,SF,22,77,1742,9.5,0.57,0.449,0.196,4.4,11.2,7.7,6.1,1.5,0.5,12.9,11.3,1.4,0.6,2.0,0.055,-2.1,-1.0,-3.2,-0.5
Ian Clark,clarkia01,UTA,SG,22,23,172,9.2,0.485,0.463,0.104,1.9,11.1,6.4,14.7,2.4,0.9,16.7,22.4,-0.2,0.1,-0.1,-0.025,-2.9,-0.3,-3.2,-0.1
Ian Mahinmi,mahinia01,IND,C,27,77,1248,10.2,0.538,0.005,0.767,10.1,12.9,11.6,2.9,1.7,4.4,18.7,11.4,0.7,2.7,3.3,0.129,-4.1,2.7,-1.3,0.2
Iman Shumpert,shumpim01,NYK,SG,23,74,1962,9.6,0.48,0.471,0.147,4.7,14.0,9.2,9.8,2.5,0.6,13.3,14.1,0.4,1.6,2.0,0.048,-2.4,0.4,-2.0,0.0
Isaiah Canaan,canaais01,HOU,PG,22,22,252,9.5,0.506,0.632,0.333,3.3,7.1,5.3,13.2,1.6,1.2,17.4,21.0,0.0,0.2,0.2,0.031,-2.5,-1.5,-4.0,-0.1
Isaiah Thomas,thomais02,SAC,PG,24,72,2497,20.5,0.574,0.332,0.371,2.1,7.5,4.7,32.2,1.9,0.3,14.3,26.3,6.4,1.3,7.7,0.149,3.9,-0.7,3.2,3.2
Ish Smith,smithis01,PHO,PG,25,70,1006,11.7,0.438,0.082,0.139,3.5,10.9,7.2,26.0,2.4,1.0,17.9,15.9,0.0,1.0,1.0,0.048,-2.0,0.6,-1.4,0.2
J.J. Barea,bareajo01,MIN,PG,29,79,1471,11.6,0.471,0.352,0.152,1.2,10.5,5.7,32.7,0.9,0.0,15.2,23.9,-0.1,0.9,0.7,0.024,-0.9,-1.8,-2.7,-0.3
J.J. Hickson,hicksjj01,DEN,PF,25,69,1859,16.2,0.521,0.012,0.443,11.9,24.8,18.3,8.4,1.2,2.0,14.1,20.8,1.3,2.1,3.3,0.086,-0.4,-0.5,-0.9,0.5
J.J. Redick,redicjj01,LAC,SG,29,35,987,16.6,0.598,0.465,0.266,1.0,7.1,4.2,12.6,1.4,0.2,8.6,21.8,2.3,0.7,3.0,0.147,2.5,-0.8,1.7,0.9
J.R. Smith,smithjr01,NYK,SF,28,74,2421,13.9,0.527,0.503,0.145,1.7,13.1,7.2,15.1,1.4,0.7,9.6,21.6,2.5,1.2,3.7,0.073,1.0,-1.2,-0.2,1.1
JaVale McGee,mcgeeja01,DEN,C,26,5,79,10.2,0.455,0.0,0.026,13.6,9.6,11.6,4.4,0.6,6.5,17.2,25.0,-0.1,0.1,-0.1,-0.039,-6.3,-0.1,-6.5,-0.1
Jae Crowder,crowdja01,DAL,SF,23,78,1254,11.9,0.551,0.51,0.206,4.3,13.5,8.9,6.7,2.4,1.4,11.3,13.2,1.2,1.1,2.3,0.089,-0.7,0.8,0.2,0.7
Jamaal Franklin,frankja01,MEM,SG,22,21,161,4.7,0.489,0.282,0.051,2.9,14.0,8.5,5.4,1.3,1.0,21.6,14.6,-0.2,0.2,0.0,-0.002,-6.0,0.1,-5.9,-0.2
Jamaal Tinsley,tinslja01,UTA,PG,35,8,110,1.9,0.225,0.75,0.0,2.0,9.7,5.8,29.5,1.0,0.0,31.0,12.1,-0.3,0.0,-0.3,-0.122,-6.1,-1.5,-7.6,-0.2
Jamal Crawford,crawfja01,LAC,SG,33,69,2094,17.3,0.556,0.441,0.318,1.9,6.4,4.2,17.4,1.4,0.4,10.5,27.2,3.8,1.5,5.3,0.122,3.0,-1.4,1.6,1.9
Jameer Nelson,nelsoja01,ORL,PG,31,68,2179,13.9,0.515,0.523,0.15,1.5,10.5,6.0,35.1,1.2,0.2,17.3,20.1,1.6,1.2,2.8,0.062,0.6,-1.7,-1.1,0.5
James Anderson,anderja01,PHI,SG,24,80,2309,10.9,0.53,0.49,0.148,2.7,11.7,7.0,9.9,1.6,1.0,12.2,15.9,0.9,0.9,1.9,0.039,-1.5,-1.0,-2.6,-0.3
James Harden,hardeja01,HOU,SG,24,73,2777,23.5,0.618,0.401,0.552,2.6,10.7,6.9,27.3,2.1,0.8,15.0,27.8,10.1,2.7,12.8,0.221,5.4,0.2,5.6,5.3
James Johnson,johnsja01,MEM,SF,26,52,956,18.5,0.552,0.282,0.292,7.4,13.2,10.3,18.2,2.3,5.0,16.0,20.0,1.4,1.6,3.0,0.15,1.6,2.9,4.5,1.6
James Jones,jonesja02,MIA,SF,33,20,236,15.4,0.666,0.794,0.162,1.1,10.8,6.1,5.8,0.7,1.5,5.2,15.6,0.6,0.1,0.7,0.147,4.1,-0.9,3.2,0.3
James Nunnally,nunnaja01,"ATL,PHI",SF,23,13,165,6.1,0.44,0.543,0.196,0.7,12.4,6.4,7.0,1.8,1.0,12.3,15.1,-0.2,0.1,-0.1,-0.021,-4.3,-1.1,-5.4,-0.1
James Southerland,southja01,"CHA,NOP",SF,23,4,30,11.8,0.441,0.4,0.133,0.0,31.5,15.5,0.0,1.7,5.6,5.9,25.6,-0.1,0.0,0.0,-0.023,-2.3,-0.4,-2.7,0.0
Jan Veselý,veselja01,"WAS,DEN",PF,23,54,776,12.7,0.498,0.0,0.324,11.7,16.1,13.9,4.0,3.4,3.5,15.4,13.2,0.2,1.4,1.6,0.097,-3.3,2.2,-1.1,0.2
Jannero Pargo,pargoja01,CHA,PG,34,29,242,18.9,0.554,0.508,0.093,0.5,8.9,4.7,40.3,3.0,0.3,17.5,28.4,0.2,0.4,0.5,0.105,2.9,-0.3,2.7,0.3
Jared Cunningham,cunnija01,"ATL,SAC",SG,22,13,80,8.5,0.464,0.333,0.762,1.4,7.2,4.3,14.4,1.9,0.0,6.7,16.6,0.1,0.0,0.1,0.075,-5.1,1.1,-4.1,0.0
Jared Dudley,dudleja01,LAC,SF,28,74,1729,8.9,0.541,0.503,0.13,2.4,7.7,5.1,8.6,1.2,0.4,10.6,13.5,1.2,1.2,2.4,0.068,-1.4,-0.1,-1.5,0.2
Jared Sullinger,sullija01,BOS,PF,21,74,2041,16.4,0.497,0.231,0.226,13.0,20.6,16.7,10.1,0.9,1.8,10.7,24.1,1.9,2.0,3.9,0.091,0.1,-1.5,-1.4,0.3
Jarrett Jack,jackja01,CLE,PG,30,80,2252,11.5,0.498,0.265,0.213,1.1,10.3,5.6,22.7,1.3,0.8,14.8,17.8,0.9,1.4,2.3,0.049,-1.6,-0.5,-2.1,-0.1
Jarvis Varnado,varnaja01,"CHI,PHI",PF,25,24,339,13.3,0.597,0.0,0.867,5.8,14.6,10.0,5.7,1.4,6.8,10.8,11.6,0.5,0.3,0.8,0.114,-3.5,1.3,-2.3,0.0
Jason Collins,collija04,BRK,C,35,22,172,4.1,0.485,0.125,0.167,4.9,8.3,6.6,3.5,2.4,0.5,21.4,8.9,-0.1,0.1,0.1,0.017,-6.4,-0.3,-6.7,-0.2
Jason Maxiell,maxieja01,ORL,PF,30,34,488,8.1,0.459,0.0,0.295,6.5,13.5,10.0,2.8,0.8,3.2,10.6,12.4,-0.1,0.4,0.3,0.029,-4.2,0.0,-4.2,-0.3
Jason Smith,smithja02,NOP,PF,27,31,830,12.4,0.495,0.0,0.177,7.0,18.5,12.7,5.6,0.7,2.9,8.4,18.2,0.5,0.4,0.9,0.054,-2.4,-1.3,-3.6,-0.3
Jason Terry,terryja01,BRK,PG,36,35,570,7.4,0.501,0.678,0.099,0.8,6.9,3.9,15.3,1.2,0.0,14.5,15.3,0.0,0.2,0.2,0.016,-2.3,-1.2,-3.5,-0.2
Jason Thompson,thompja02,SAC,PF,27,82,2007,11.1,0.523,0.0,0.292,8.5,21.3,14.8,4.1,0.8,2.3,14.5,14.4,0.9,1.7,2.7,0.064,-2.9,-0.4,-3.2,-0.6
Jeff Adrien,adrieje01,"CHA,MIL",PF,27,53,961,17.4,0.553,0.0,0.433,11.8,24.8,18.2,6.8,1.3,3.0,10.6,17.3,1.6,1.1,2.7,0.134,0.0,-0.9,-0.9,0.3
Jeff Ayres,pendeje02,SAS,PF,26,73,952,11.1,0.605,0.0,0.316,11.0,19.2,15.3,8.6,0.7,1.9,24.1,12.4,1.0,1.4,2.4,0.121,-3.0,1.0,-2.1,0.0
Jeff Green,greenje02,BOS,SF,27,82,2805,13.1,0.52,0.338,0.304,2.1,13.6,7.7,8.4,1.0,1.3,11.1,23.6,1.3,2.0,3.3,0.057,-0.2,-1.3,-1.5,0.3
Jeff Taylor,tayloje03,CHA,SF,24,26,629,5.9,0.436,0.307,0.216,2.7,8.1,5.4,5.7,1.1,0.6,9.5,19.4,-0.8,0.6,-0.2,-0.019,-5.0,-0.4,-5.4,-0.5
Jeff Teague,teaguje01,ATL,PG,25,79,2542,17.1,0.541,0.216,0.362,1.6,7.9,4.7,35.1,1.8,0.5,16.1,25.7,3.3,1.9,5.2,0.098,1.2,-1.3,-0.1,1.2
Jeff Withey,witheje01,NOP,C,23,58,684,15.2,0.59,0.008,0.566,8.2,17.4,12.7,5.6,1.1,6.1,11.0,12.0,1.2,0.6,1.8,0.128,-0.5,0.7,0.2,0.4
Jeremy Evans,evansje01,UTA,SF,26,66,1209,16.2,0.549,0.006,0.226,11.1,18.7,14.8,6.1,1.8,3.0,9.9,15.3,1.9,1.0,2.8,0.112,-0.7,-0.2,-0.9,0.3
Jeremy Lamb,lambje01,OKC,SG,21,78,1538,13.4,0.522,0.406,0.105,2.1,11.3,6.9,11.8,1.8,1.4,8.7,20.1,1.4,1.8,3.3,0.102,-0.1,0.2,0.1,0.8
Jeremy Lin,linje01,HOU,PG,25,71,2054,14.3,0.572,0.346,0.4,2.0,7.8,5.1,22.3,1.6,1.0,18.4,20.4,2.8,1.6,4.4,0.103,0.2,-0.4,-0.2,0.9
Jeremy Tyler,tylerje01,NYK,C,22,41,398,13.0,0.532,0.0,0.414,10.9,21.6,16.1,3.3,0.8,4.5,15.9,19.1,0.1,0.4,0.5,0.064,-4.4,-1.2,-5.5,-0.4
Jermaine O'Neal,onealje01,GSW,PF,35,44,883,15.3,0.57,0.0,0.532,10.7,19.1,15.0,4.2,0.8,3.4,14.5,17.8,1.3,1.4,2.7,0.146,-1.6,0.2,-1.4,0.1
Jerryd Bayless,bayleje01,"MEM,BOS",PG,25,72,1686,12.0,0.498,0.344,0.191,1.5,8.6,5.0,18.5,1.9,0.4,10.9,20.1,1.1,1.3,2.4,0.069,-1.6,-0.2,-1.8,0.1
Jimmer Fredette,fredeji01,"SAC,CHI",SG,24,49,519,15.8,0.578,0.37,0.093,1.7,9.7,5.7,22.2,1.4,0.5,16.9,24.3,0.5,0.3,0.8,0.078,2.0,-1.5,0.6,0.3
Jimmy Butler,butleji01,CHI,SG,24,67,2591,13.5,0.522,0.346,0.488,3.9,10.5,7.2,11.1,2.6,1.1,10.8,16.8,2.4,4.6,7.1,0.131,-0.9,2.0,1.1,2.0
Joakim Noah,noahjo01,CHI,C,28,80,2820,20.0,0.531,0.003,0.419,11.6,24.5,18.2,26.4,1.9,3.3,17.0,18.7,4.5,6.6,11.2,0.19,1.7,3.6,5.3,5.2
Jodie Meeks,meeksjo01,LAL,SG,26,77,2556,14.7,0.601,0.453,0.289,1.3,6.9,4.1,8.5,2.1,0.1,9.9,19.1,3.8,0.7,4.5,0.084,0.4,-0.5,-0.1,1.2
Joe Johnson,johnsjo02,BRK,SG,32,79,2575,15.5,0.564,0.397,0.192,2.2,10.3,6.3,15.0,1.0,0.3,9.8,22.3,3.9,1.0,4.9,0.091,2.0,-1.8,0.2,1.4
Joel Anthony,anthojo01,"MIA,BOS",C,31,33,186,8.1,0.394,0.0,0.25,9.1,14.6,11.8,1.6,0.8,5.2,7.8,9.3,0.0,0.2,0.2,0.044,-4.2,-0.8,-5.0,-0.1
Joel Freeland,freeljo01,POR,C,26,52,727,11.3,0.498,0.012,0.179,13.2,17.6,15.4,7.1,0.7,2.1,15.5,12.4,0.7,0.7,1.4,0.093,-2.6,0.0,-2.6,-0.1
John Henson,hensojo01,MIL,PF,23,70,1856,17.9,0.543,0.002,0.277,10.2,20.8,15.3,10.9,1.2,5.1,13.7,20.3,1.7,1.5,3.3,0.084,-0.3,-0.2,-0.5,0.7
John Jenkins,jenkijo01,ATL,SG,22,13,158,4.7,0.457,0.429,0.095,2.2,13.8,8.1,10.4,0.3,0.5,20.1,15.8,-0.2,0.1,-0.1,-0.043,-4.7,-1.6,-6.3,-0.2
John Lucas III,lucasjo02,UTA,PG,31,42,591,5.2,0.403,0.442,0.084,2.3,5.4,3.8,11.1,1.2,0.0,10.0,17.0,-0.7,0.0,-0.7,-0.058,-4.1,-1.7,-5.9,-0.6
John Salmons,salmojo01,"SAC,TOR",SG,34,78,1726,7.8,0.462,0.395,0.126,1.3,9.6,5.5,12.8,1.4,0.9,11.0,12.8,0.2,1.4,1.7,0.046,-2.5,0.5,-1.9,0.0
John Wall,walljo01,WAS,PG,23,82,2980,19.5,0.524,0.23,0.295,1.5,11.7,6.5,40.5,2.6,1.1,16.3,27.4,4.0,4.0,7.9,0.128,2.4,0.4,2.7,3.6
Jon Leuer,leuerjo01,MEM,PF,24,49,642,17.6,0.566,0.199,0.191,6.8,22.4,14.6,5.2,1.5,1.7,9.2,21.1,1.1,0.9,2.0,0.149,1.0,0.0,1.0,0.5
Jonas Jerebko,jerebjo01,DET,PF,26,64,741,13.4,0.577,0.356,0.284,7.2,19.3,12.9,7.8,1.4,0.6,15.5,16.0,1.0,0.5,1.4,0.092,-0.8,-0.7,-1.5,0.1
Jonas Valančiūnas,valanjo01,TOR,C,21,81,2282,16.1,0.579,0.001,0.385,11.5,25.1,18.2,4.2,0.5,2.5,14.7,18.5,3.5,3.2,6.7,0.141,-0.6,-0.7,-1.3,0.4
Jordan Crawford,crawfjo02,"BOS,GSW",SG,25,81,1859,14.3,0.516,0.362,0.214,1.7,9.5,5.5,25.1,1.3,0.2,13.4,23.7,1.5,1.4,2.8,0.073,0.6,-1.2,-0.6,0.6
Jordan Farmar,farmajo01,LAL,PG,27,41,912,15.0,0.533,0.44,0.162,2.3,9.8,6.1,34.6,2.0,0.6,19.6,23.2,0.4,0.4,0.7,0.039,0.8,-1.6,-0.7,0.3
Jordan Hamilton,hamiljo02,"DEN,HOU",SF,23,60,1019,12.7,0.507,0.527,0.136,3.5,17.1,10.4,7.9,2.1,1.5,10.4,18.7,0.4,1.1,1.6,0.073,0.2,0.6,0.7,0.7
Jordan Hill,hilljo01,LAL,PF,26,72,1500,19.3,0.579,0.002,0.347,13.8,24.3,19.0,5.9,0.9,3.1,11.1,19.7,3.1,1.3,4.4,0.141,0.5,-1.0,-0.5,0.6
Jorge Gutiérrez,gutiejo01,BRK,PG,25,15,244,8.7,0.523,0.222,0.222,1.5,9.3,5.4,19.4,2.2,0.3,19.1,14.1,0.1,0.2,0.2,0.048,-4.7,-0.2,-4.9,-0.2
Josh Childress,childjo01,NOP,SF,30,4,24,3.9,,,,0.0,14.7,7.3,10.7,2.2,0.0,100.0,1.9,0.0,0.0,0.0,-0.003,-4.1,0.9,-3.3,0.0
Josh Harrellson,harrejo01,DET,C,24,32,317,13.4,0.547,0.378,0.085,9.8,16.7,13.1,6.9,1.0,3.8,10.5,12.8,0.5,0.2,0.7,0.108,-0.8,0.1,-0.7,0.1
Josh McRoberts,mcrobjo01,CHA,PF,26,78,2360,13.8,0.548,0.514,0.15,4.0,13.8,8.9,21.9,1.3,1.5,12.1,13.4,3.5,3.0,6.5,0.132,0.5,1.5,2.0,2.3
Josh Powell,poweljo01,HOU,PF,31,1,19,2.5,0.333,0.0,0.0,0.0,27.7,14.6,0.0,0.0,3.9,14.3,16.1,-0.1,0.0,0.0,-0.094,-8.8,-2.6,-11.4,0.0
Josh Smith,smithjo03,DET,SF,28,77,2730,14.1,0.463,0.215,0.244,3.9,17.6,10.4,15.0,1.9,3.2,12.7,24.5,-1.4,2.5,1.1,0.02,-0.9,0.1,-0.8,0.8
José Calderón,caldejo01,DAL,PG,32,81,2468,15.2,0.596,0.568,0.084,1.4,7.6,4.5,22.4,1.4,0.4,11.7,16.2,5.4,0.8,6.3,0.122,2.5,-0.7,1.9,2.4
Jrue Holiday,holidjr01,NOP,PG,23,34,1143,17.1,0.505,0.17,0.139,2.8,11.8,7.2,38.9,2.6,0.9,17.9,23.3,0.8,0.7,1.5,0.064,1.2,-0.9,0.4,0.7
Julyan Stone,stoneju01,TOR,SG,25,21,120,6.6,0.491,0.471,0.176,1.9,17.6,9.7,14.5,1.3,0.0,21.4,8.8,0.0,0.1,0.2,0.061,-3.9,1.0,-2.9,0.0
Justin Hamilton,hamilju01,"CHA,MIA",C,23,8,72,11.9,0.586,0.45,0.25,7.2,5.0,6.1,0.0,3.6,0.0,15.3,17.4,0.1,0.1,0.1,0.089,-2.5,-1.3,-3.8,0.0
Kawhi Leonard,leonaka01,SAS,SF,22,66,1923,19.4,0.602,0.282,0.195,4.6,18.9,12.1,10.4,3.0,1.9,10.3,18.3,3.8,3.9,7.7,0.193,2.1,3.0,5.1,3.5
Keith Bogans,boganke01,BOS,SG,33,6,55,9.9,0.82,1.0,0.5,0.0,6.4,3.1,7.7,0.9,0.0,12.0,6.7,0.1,0.0,0.1,0.121,-1.4,-0.6,-2.0,0.0
Kelly Olynyk,olynyke01,BOS,C,22,70,1400,15.2,0.546,0.227,0.243,11.0,18.8,14.8,13.1,1.3,1.5,16.0,21.0,1.5,1.4,2.9,0.101,-0.9,-0.3,-1.2,0.3
Kemba Walker,walkeke02,CHA,PG,23,73,2614,16.8,0.499,0.286,0.295,1.7,11.6,6.6,29.7,1.7,1.0,11.6,25.8,1.8,3.3,5.1,0.093,1.4,0.3,1.7,2.4
Kendall Marshall,marshke01,LAL,PG,22,54,1564,12.6,0.494,0.425,0.086,1.0,9.6,5.3,44.3,1.5,0.2,25.6,16.3,0.6,0.3,0.9,0.029,0.0,-2.4,-2.4,-0.2
Kendrick Perkins,perkike01,OKC,C,29,62,1207,6.3,0.474,0.005,0.347,8.0,19.9,14.2,7.6,1.1,2.2,28.8,11.5,-0.9,1.7,0.8,0.031,-5.0,0.7,-4.2,-0.7
Kenneth Faried,farieke01,DEN,PF,24,80,2178,19.8,0.573,0.004,0.379,11.8,22.2,16.9,7.5,1.6,2.3,12.4,21.3,4.0,2.5,6.5,0.144,1.2,-0.3,1.0,1.6
Kent Bazemore,bazemke01,"GSW,LAL",SG,24,67,911,11.2,0.515,0.373,0.318,1.2,12.6,6.9,15.7,2.3,1.0,16.8,22.6,-0.6,0.8,0.2,0.011,-3.0,-0.2,-3.3,-0.3
Kentavious Caldwell-Pope,caldwke01,DET,SG,20,80,1583,9.4,0.483,0.402,0.133,2.5,8.6,5.4,5.0,2.4,0.6,5.4,13.9,1.0,0.8,1.8,0.055,-3.0,0.5,-2.6,-0.2
Kenyon Martin,martike01,NYK,PF,36,32,633,12.2,0.521,0.008,0.154,6.5,18.7,12.5,11.9,2.1,3.8,16.5,11.6,0.5,0.7,1.2,0.09,-2.2,2.1,0.0,0.3
Kevin Durant,duranke01,OKC,SF,25,81,3122,29.8,0.635,0.291,0.477,2.2,18.6,10.8,26.7,1.7,1.5,12.2,33.0,14.8,4.4,19.2,0.295,8.8,1.4,10.2,9.6
Kevin Garnett,garneke01,BRK,C,37,54,1109,13.3,0.467,0.008,0.132,6.5,32.1,19.3,12.4,2.0,3.0,15.5,18.9,-0.7,1.9,1.2,0.054,-2.5,1.3,-1.2,0.2
Kevin Love,loveke01,MIN,PF,25,77,2797,26.9,0.591,0.355,0.445,8.5,29.5,18.7,21.4,1.0,1.0,10.3,28.8,10.6,3.7,14.3,0.245,8.3,0.6,8.9,7.7
Kevin Martin,martike02,MIN,SG,30,68,2177,16.3,0.553,0.29,0.332,1.7,8.7,5.1,9.2,1.5,0.2,8.3,25.0,3.8,1.5,5.3,0.117,1.1,-0.8,0.3,1.3
Kevin Séraphin,serapke01,WAS,C,24,53,578,12.5,0.533,0.0,0.141,10.5,15.3,12.8,4.9,0.3,3.7,14.9,21.5,0.2,0.6,0.8,0.066,-4.3,-0.8,-5.2,-0.5
Khris Middleton,middlkh01,MIL,SF,22,82,2460,12.5,0.541,0.34,0.16,2.7,12.0,7.2,11.7,1.8,0.7,11.9,19.1,1.9,0.8,2.7,0.053,-1.2,-1.1,-2.3,-0.2
Kirk Hinrich,hinriki01,CHI,PG,33,73,2116,10.8,0.494,0.391,0.202,1.7,8.5,5.2,22.6,2.0,1.0,15.1,17.3,0.4,3.3,3.8,0.085,-2.4,1.4,-1.0,0.6
Klay Thompson,thompkl01,GSW,SG,23,81,2868,14.3,0.555,0.425,0.147,1.5,7.9,4.7,10.2,1.3,1.0,9.2,22.6,3.5,3.2,6.7,0.112,0.9,-0.1,0.8,2.0
Kobe Bryant,bryanko01,LAL,SG,35,6,177,10.7,0.505,0.219,0.288,1.2,14.5,7.8,34.6,1.9,0.4,29.2,28.7,-0.5,0.1,-0.4,-0.097,-3.1,-2.1,-5.1,-0.1
Kosta Koufos,koufoko01,MEM,C,24,80,1349,16.5,0.514,0.0,0.203,14.0,22.7,18.4,4.7,1.3,4.4,11.8,19.4,1.3,2.2,3.5,0.124,-1.5,0.1,-1.5,0.2
Kris Humphries,humphkr01,BOS,PF,28,69,1376,18.2,0.552,0.004,0.312,10.2,24.0,16.9,8.2,1.2,3.4,10.9,19.0,2.3,1.8,4.1,0.143,0.5,0.4,0.9,1.0
Kyle Korver,korveky01,ATL,SG,32,71,2408,13.5,0.653,0.644,0.154,1.1,12.4,6.8,13.3,1.5,0.8,13.6,14.2,3.9,2.0,5.9,0.118,0.9,0.2,1.1,1.9
Kyle Lowry,lowryky01,TOR,PG,27,79,2862,20.1,0.567,0.463,0.356,3.6,11.5,7.5,34.7,2.2,0.4,13.4,22.9,8.4,3.3,11.7,0.197,4.1,0.6,4.7,4.8
Kyle O'Quinn,oquinky01,ORL,C,23,69,1188,16.5,0.526,0.008,0.224,9.5,25.2,17.3,10.9,1.7,5.8,16.1,18.6,0.5,2.0,2.5,0.101,-2.2,1.9,-0.3,0.5
Kyle Singler,singlky01,DET,SF,25,82,2337,11.8,0.574,0.409,0.306,5.2,9.2,7.1,4.7,1.3,1.3,10.4,14.0,3.6,0.7,4.4,0.09,-0.7,-0.7,-1.4,0.3
Kyrie Irving,irvinky01,CLE,PG,21,71,2496,20.1,0.533,0.278,0.273,2.3,9.5,5.8,31.6,2.2,0.8,12.1,28.2,4.6,2.1,6.7,0.128,3.6,-0.2,3.4,3.3
LaMarcus Aldridge,aldrila01,POR,PF,28,69,2498,21.8,0.507,0.011,0.253,7.2,25.5,16.5,13.0,1.3,1.9,7.2,29.8,4.0,3.5,7.5,0.144,2.3,0.1,2.3,2.7
Lance Stephenson,stephla01,IND,SG,23,78,2752,14.7,0.564,0.28,0.226,4.1,18.1,11.4,22.1,1.0,0.2,18.0,19.4,2.6,4.8,7.4,0.13,0.4,1.0,1.3,2.3
Lance Thomas,thomala01,NOP,SF,25,5,42,0.5,0.279,0.0,0.444,5.4,14.0,9.7,9.7,0.0,0.0,15.7,13.8,-0.1,0.0,-0.1,-0.117,-6.5,-3.0,-9.6,-0.1
Landry Fields,fieldla01,TOR,SF,25,30,322,8.6,0.443,0.075,0.328,5.4,16.0,10.7,9.3,1.6,0.7,12.5,12.4,0.0,0.4,0.4,0.057,-2.4,1.0,-1.4,0.1
Larry Sanders,sandela01,MIL,C,25,23,584,14.0,0.478,0.006,0.34,11.4,21.3,16.2,5.3,1.6,5.6,12.3,16.4,0.1,0.6,0.7,0.057,-3.0,0.0,-3.0,-0.1
Lavoy Allen,allenla01,"PHI,IND",PF,24,65,1072,12.5,0.47,0.043,0.167,11.7,20.0,15.7,10.1,1.1,2.4,12.0,14.6,0.6,0.9,1.5,0.066,-2.6,-0.8,-3.5,-0.4
LeBron James,jamesle01,MIA,PF,29,77,2902,29.3,0.649,0.226,0.432,3.6,18.9,11.5,32.0,2.2,0.8,14.4,31.0,12.3,3.7,15.9,0.264,7.8,1.1,8.8,7.9
Leandro Barbosa,barbole01,PHO,PG,31,20,368,11.5,0.506,0.191,0.298,1.5,9.7,5.6,13.4,1.0,0.8,11.4,20.0,0.2,0.2,0.4,0.058,-1.8,-1.0,-2.8,-0.1
Lorenzo Brown,brownlo01,PHI,PG,23,26,224,8.2,0.349,0.349,0.151,3.7,10.0,6.8,27.5,2.8,1.1,14.9,20.4,-0.5,0.2,-0.3,-0.068,-4.5,-0.7,-5.2,-0.2
Lou Amundson,amundlo01,"NOP,CHI",PF,31,19,185,9.1,0.446,0.0,0.75,17.3,17.2,17.3,4.7,2.5,5.0,24.8,13.9,-0.1,0.2,0.1,0.024,-6.6,0.1,-6.5,-0.2
Lou Williams,willilo02,ATL,PG,27,60,1445,14.2,0.547,0.469,0.363,0.8,9.1,5.0,22.9,1.6,0.2,13.9,20.9,1.6,1.0,2.6,0.087,0.2,-1.0,-0.8,0.5
Luc Mbah a Moute,mbahalu01,"SAC,MIN",PF,27,64,1003,8.3,0.503,0.088,0.347,6.0,10.1,8.0,5.1,1.5,1.1,15.2,11.2,0.2,0.8,1.0,0.049,-3.0,0.2,-2.8,-0.2
Luis Scola,scolalu01,IND,PF,33,82,1399,13.4,0.505,0.013,0.243,7.2,23.4,15.7,10.4,1.0,0.9,14.8,23.8,-0.4,2.8,2.5,0.084,-2.8,0.4,-2.5,-0.2
Luke Babbitt,babbilu01,NOP,PF,24,27,473,12.1,0.525,0.617,0.117,4.4,17.5,10.8,9.4,0.8,1.9,8.5,17.0,0.5,0.2,0.7,0.074,0.0,-1.1,-1.1,0.1
Luke Ridnour,ridnolu01,"MIL,CHA",PG,32,61,1141,9.0,0.452,0.33,0.08,2.2,7.6,4.8,24.3,1.5,0.6,16.3,16.1,-0.3,0.4,0.1,0.005,-3.2,-1.1,-4.4,-0.7
Luol Deng,denglu01,"CHI,CLE",SF,28,63,2213,15.2,0.517,0.22,0.312,5.0,13.4,9.2,14.6,1.5,0.3,10.4,22.3,2.2,2.3,4.5,0.098,0.6,-0.1,0.4,1.4
Maalik Wayns,waynsma01,LAC,PG,22,2,9,19.3,0.5,0.0,0.0,0.0,23.9,12.3,31.7,11.1,0.0,0.0,9.8,0.0,0.0,0.1,0.313,-8.7,13.4,4.8,0.0
Malcolm Thomas,thomama01,"SAS,UTA",PF,25,8,63,4.6,0.444,0.25,0.125,9.0,28.9,19.0,5.1,0.0,3.5,34.8,18.7,-0.2,0.1,-0.2,-0.132,-7.1,-1.9,-9.1,-0.1
Manny Harris,harrima01,LAL,SG,24,9,180,10.9,0.485,0.286,0.171,4.1,16.0,10.1,9.5,1.1,0.4,10.7,20.4,-0.1,0.1,0.0,0.002,-1.7,-1.7,-3.3,-0.1
Manu Ginóbili,ginobma01,SAS,SG,36,68,1550,20.0,0.59,0.411,0.3,2.3,12.0,7.3,29.0,2.3,0.8,16.4,24.7,3.3,2.4,5.7,0.176,2.8,1.2,4.0,2.4
MarShon Brooks,brookma01,"BOS,GSW,LAL",SG,25,35,316,15.5,0.551,0.2,0.352,3.4,15.5,9.3,12.9,2.2,0.9,14.3,23.4,0.1,0.3,0.4,0.06,-0.6,-0.5,-1.1,0.1
Marc Gasol,gasolma01,MEM,C,29,59,1970,18.2,0.526,0.015,0.339,5.0,20.5,12.7,17.7,1.6,3.2,12.0,21.7,2.6,3.1,5.6,0.137,1.1,2.0,3.0,2.5
Marcin Gortat,gortama01,WAS,C,29,81,2655,17.6,0.568,0.001,0.273,8.7,25.1,16.7,8.4,0.8,3.8,11.8,18.2,4.1,4.0,8.1,0.146,0.2,0.6,0.8,1.8
Marco Belinelli,belinma01,SAS,SF,27,80,2016,15.0,0.605,0.422,0.188,1.0,11.2,6.3,13.2,1.3,0.3,11.2,19.0,3.5,2.4,5.9,0.14,1.0,0.3,1.3,1.7
Marcus Morris,morrima03,PHO,SF,24,82,1800,14.8,0.552,0.399,0.244,5.2,14.6,9.9,7.6,2.0,0.8,11.6,19.9,2.3,1.8,4.2,0.111,0.6,-0.1,0.5,1.1
Marcus Thornton,thornma01,"SAC,BRK",SG,26,72,1741,12.0,0.511,0.495,0.175,3.7,9.4,6.6,7.3,1.7,0.5,8.9,19.7,1.0,1.0,2.0,0.055,-0.4,-1.1,-1.5,0.2
Mario Chalmers,chalmma01,MIA,PG,27,73,2178,14.0,0.567,0.404,0.291,2.5,9.6,6.2,24.3,2.9,0.6,20.4,17.4,2.4,2.5,4.8,0.106,-0.3,0.5,0.2,1.2
Markieff Morris,morrima02,PHO,PF,24,81,2153,18.4,0.564,0.128,0.387,7.3,18.0,12.6,10.9,1.6,1.8,12.9,23.2,4.0,2.4,6.4,0.143,0.8,0.2,1.0,1.6
Marquis Teague,teaguma01,"CHI,BRK",SG,20,40,443,3.8,0.398,0.151,0.294,0.3,10.2,5.3,20.6,1.2,0.9,22.5,18.2,-1.0,0.4,-0.5,-0.059,-6.8,-0.6,-7.4,-0.6
Marreese Speights,speigma01,GSW,C,26,79,982,15.2,0.507,0.07,0.303,11.4,20.6,16.1,5.3,0.5,2.6,11.6,25.4,0.6,1.5,2.1,0.103,-2.8,-0.9,-3.7,-0.4
Martell Webster,webstma02,WAS,SF,27,78,2157,11.5,0.591,0.634,0.213,2.0,10.1,6.0,6.7,1.0,0.6,8.3,14.7,3.3,1.7,5.0,0.112,-0.1,-0.3,-0.4,0.9
Marvin Williams,willima02,UTA,PF,27,66,1674,14.0,0.54,0.445,0.139,5.5,17.9,11.5,7.7,1.7,1.5,8.7,16.7,1.9,1.0,2.9,0.084,0.3,-0.3,0.0,0.9
Mason Plumlee,plumlma01,BRK,C,23,70,1275,19.0,0.67,0.01,0.646,9.3,19.6,14.5,8.1,2.0,3.6,16.6,17.1,3.0,1.7,4.7,0.176,0.2,0.8,1.0,1.0
Matt Barnes,barnema02,LAC,SF,33,63,1735,12.0,0.552,0.537,0.171,4.0,14.4,9.3,10.6,1.6,1.2,13.0,16.6,1.5,2.0,3.5,0.097,-0.4,0.2,-0.2,0.8
Matt Bonner,bonnema01,SAS,PF,33,61,690,11.2,0.582,0.598,0.073,2.7,17.9,10.6,6.1,1.1,1.2,8.6,12.1,0.8,1.0,1.8,0.123,0.0,1.1,1.0,0.5
Matthew Dellavedova,dellama01,CLE,SG,23,72,1271,10.7,0.534,0.524,0.162,2.5,8.5,5.4,22.1,1.3,0.3,15.9,13.2,1.4,0.7,2.1,0.078,-1.6,-0.2,-1.8,0.1
Maurice Harkless,harklma01,ORL,SF,20,80,1950,11.8,0.542,0.319,0.296,4.0,11.4,7.7,6.4,2.5,2.0,13.6,14.8,0.6,2.1,2.8,0.068,-1.5,1.1,-0.4,0.8
Melvin Ely,elyme01,NOP,C,35,2,27,3.9,0.5,0.0,0.0,0.0,4.4,2.2,0.0,0.0,3.1,0.0,10.1,0.0,0.0,0.0,0.011,-7.5,-2.8,-10.3,-0.1
Metta World Peace,artesro01,NYK,SF,34,29,388,11.7,0.469,0.383,0.113,5.3,12.8,8.9,7.1,3.3,1.8,11.4,20.0,-0.2,0.4,0.3,0.032,-1.9,0.5,-1.4,0.1
Meyers Leonard,leoname01,POR,C,21,40,355,9.4,0.489,0.066,0.231,8.0,25.5,16.8,7.3,1.0,1.0,13.0,14.2,0.2,0.5,0.6,0.086,-4.7,0.8,-4.0,-0.2
Michael Beasley,beaslmi01,MIA,SF,25,55,831,16.8,0.559,0.152,0.223,4.9,20.5,13.0,8.8,1.5,2.2,12.8,25.7,0.5,1.1,1.6,0.092,-1.1,-0.9,-2.0,0.0
Michael Carter-Williams,cartemi01,PHI,PG,22,70,2414,15.5,0.48,0.197,0.348,4.3,15.6,9.8,30.2,2.6,1.4,16.9,25.7,-0.8,2.1,1.3,0.026,-0.2,-0.2,-0.5,0.9
Michael Kidd-Gilchrist,kiddgmi01,CHA,SF,20,62,1502,12.0,0.516,0.025,0.521,8.2,16.2,12.2,5.4,1.5,2.1,12.1,15.2,0.9,2.2,3.1,0.098,-2.9,0.8,-2.1,0.0
Mike Conley,conlemi01,MEM,PG,26,73,2446,20.0,0.545,0.283,0.268,2.0,8.4,5.2,30.1,2.4,0.4,11.5,24.6,5.5,2.7,8.2,0.161,3.4,0.3,3.8,3.6
Mike Dunleavy,dunlemi02,CHI,SF,33,82,2584,12.6,0.549,0.419,0.212,2.1,13.0,7.6,12.3,1.3,1.4,11.3,17.0,2.4,4.1,6.5,0.121,-0.3,1.1,0.8,1.8
Mike Harris,harrimi01,UTA,PF,30,20,225,15.3,0.576,0.033,0.443,7.4,9.5,8.4,3.6,3.7,2.4,13.1,17.1,0.3,0.2,0.5,0.116,-1.6,1.9,0.3,0.1
Mike James,jamesmi01,CHI,PG,38,11,77,1.5,0.251,0.238,0.095,0.0,10.2,5.2,34.1,1.4,0.0,18.6,16.1,-0.2,0.1,-0.1,-0.073,-8.9,-1.3,-10.2,-0.1
Mike Miller,millemi01,MEM,SF,33,82,1707,12.5,0.619,0.526,0.126,2.1,12.3,7.2,11.5,0.8,0.2,14.1,14.7,2.6,1.4,3.9,0.111,0.7,-0.3,0.4,1.0
Mike Muscala,muscami01,ATL,PF,22,20,215,10.8,0.48,0.041,0.192,9.2,18.7,14.0,5.2,0.7,3.7,13.2,19.3,-0.1,0.2,0.2,0.04,-4.5,-1.0,-5.5,-0.2
Mike Scott,scottmi01,ATL,PF,25,80,1482,15.3,0.559,0.318,0.21,4.9,17.2,11.1,8.9,1.0,0.4,10.3,23.5,1.3,1.2,2.6,0.084,0.0,-1.6,-1.6,0.1
Miles Plumlee,plumlmi01,PHO,C,25,80,1964,14.6,0.529,0.0,0.239,11.3,24.4,17.9,3.3,1.3,3.5,15.4,16.2,1.2,2.8,4.0,0.098,-1.4,0.1,-1.3,0.3
Miroslav Raduljica,radulmi01,MIL,C,26,48,465,15.3,0.603,0.0,0.437,12.9,13.7,13.3,8.3,0.8,2.3,15.7,17.3,1.0,0.1,1.1,0.112,-2.1,-1.6,-3.6,-0.2
Mirza Teletović,teletmi01,BRK,SF,28,72,1396,14.3,0.559,0.66,0.117,5.2,17.6,11.4,7.1,1.1,1.4,8.8,20.5,1.6,1.1,2.7,0.094,1.4,-1.6,-0.2,0.6
Mo Williams,willima01,POR,PG,31,74,1834,11.8,0.507,0.335,0.132,2.5,6.4,4.5,26.7,1.5,0.4,17.3,20.5,1.0,1.2,2.2,0.056,-1.2,-0.8,-2.0,0.0
Monta Ellis,ellismo01,DAL,SG,28,82,3023,16.8,0.532,0.164,0.336,1.5,9.8,5.6,24.8,2.4,0.6,15.2,26.0,2.8,2.1,4.9,0.078,0.3,-0.5,-0.3,1.3
Mustafa Shakur,shakumu01,OKC,PG,29,3,11,-8.8,0.129,0.333,0.667,0.0,0.0,0.0,45.1,0.0,0.0,34.0,23.7,-0.1,0.0,-0.1,-0.347,-12.0,-6.6,-18.6,0.0
Nando De Colo,decolna01,"SAS,TOR",SF,26,47,494,13.1,0.526,0.346,0.229,3.3,13.3,8.4,19.7,2.3,0.9,17.2,18.6,0.3,0.7,1.0,0.1,-1.1,1.3,0.2,0.3
Nate Robinson,robinna01,DEN,PG,29,44,866,15.6,0.544,0.402,0.222,2.6,7.5,5.0,21.3,2.0,0.3,12.1,23.5,1.3,0.5,1.8,0.101,0.8,-0.3,0.6,0.6
Nate Wolters,woltena01,MIL,PG,22,58,1309,12.7,0.486,0.159,0.231,2.8,10.5,6.5,23.3,1.4,0.9,11.7,16.8,0.9,0.2,1.2,0.043,-0.8,-1.0,-1.8,0.1
Nazr Mohammed,mohamna01,CHI,C,36,80,562,10.1,0.445,0.0,0.238,13.6,21.7,17.7,5.8,1.3,4.1,21.0,14.5,-0.4,1.2,0.8,0.07,-5.1,1.2,-3.9,-0.3
Nemanja Nedović,nedovne01,GSW,SG,22,24,142,-1.7,0.306,0.462,0.205,2.3,9.1,5.8,12.1,0.0,0.5,23.4,17.2,-0.5,0.1,-0.4,-0.132,-8.2,-1.9,-10.0,-0.3
Nenê,hilarne01,WAS,PF,31,53,1560,16.6,0.53,0.008,0.448,4.7,17.3,10.9,16.3,2.1,2.5,14.1,24.0,0.8,2.4,3.2,0.098,-0.9,1.2,0.3,0.9
Nick Calathes,calatni01,MEM,SG,24,71,1173,12.3,0.506,0.196,0.232,2.3,11.5,6.9,26.5,3.0,0.6,22.8,17.5,-0.1,1.6,1.5,0.062,-2.5,1.6,-0.9,0.3
Nick Collison,collini01,OKC,PF,33,81,1353,11.8,0.599,0.071,0.386,10.2,14.1,12.2,10.9,1.1,1.7,20.1,11.6,2.0,1.6,3.6,0.128,-1.3,0.5,-0.9,0.4
Nick Young,youngni01,LAL,SG,28,64,1810,16.0,0.564,0.394,0.321,1.7,8.1,4.9,9.0,1.2,0.5,8.6,26.8,2.3,0.3,2.5,0.067,1.4,-1.9,-0.5,0.7
Nicolas Batum,batumni01,POR,SF,25,82,2956,15.8,0.589,0.491,0.248,4.3,17.8,11.1,20.9,1.3,1.3,18.6,16.5,4.8,3.1,7.9,0.128,2.2,1.2,3.4,4.0
Nikola Peković,pekovni01,MIN,C,28,54,1663,20.7,0.582,0.0,0.355,13.1,17.6,15.3,5.2,0.9,1.1,9.4,22.9,4.3,1.5,5.9,0.169,2.2,-1.6,0.6,1.1
Nikola Vučević,vucevni01,ORL,C,23,57,1812,18.8,0.536,0.0,0.197,11.5,27.6,19.5,10.2,1.7,2.0,12.9,21.8,1.8,2.6,4.4,0.116,0.1,0.0,0.1,1.0
Norris Cole,coleno01,MIA,PG,25,82,2014,8.8,0.497,0.348,0.136,1.1,8.6,5.0,17.9,2.0,0.2,19.3,15.6,-0.5,1.7,1.2,0.029,-2.8,-0.4,-3.1,-0.6
O.J. Mayo,mayooj01,MIL,SG,26,52,1346,11.2,0.516,0.413,0.16,2.0,8.8,5.3,14.6,1.1,0.8,13.9,23.0,0.0,0.0,0.1,0.002,-1.0,-2.4,-3.4,-0.5
Ognjen Kuzmić,kuzmiog01,GSW,C,23,21,92,3.4,0.42,0.0,0.846,12.1,12.8,12.5,2.9,1.6,3.3,35.9,13.3,-0.2,0.1,0.0,-0.025,-8.7,-0.2,-8.9,-0.2
Omri Casspi,casspom01,HOU,PF,25,71,1283,12.9,0.528,0.429,0.298,5.1,16.8,11.3,10.5,1.7,0.8,13.4,18.3,1.0,1.4,2.4,0.091,-0.4,0.0,-0.3,0.5
Orlando Johnson,johnsor01,"IND,SAC",SG,24,45,392,5.3,0.402,0.416,0.23,2.7,12.6,7.9,7.7,0.8,0.4,10.8,16.2,-0.5,0.5,0.1,0.008,-4.8,-0.3,-5.1,-0.3
Othyus Jeffers,jeffeot01,"SAS,MIN",SG,28,6,47,6.9,0.58,0.333,0.667,2.5,18.7,10.7,2.8,0.0,0.0,11.4,8.3,0.0,0.0,0.1,0.082,-2.9,-0.3,-3.2,0.0
Otto Porter Jr.,porteot01,WAS,SF,20,37,319,6.0,0.405,0.231,0.132,7.5,13.3,10.4,4.6,1.3,0.3,12.7,15.6,-0.4,0.3,0.0,-0.006,-4.9,-1.3,-6.2,-0.3
P.J. Tucker,tuckepj01,PHO,SF,28,81,2490,13.3,0.54,0.311,0.327,7.3,16.6,11.9,8.1,2.2,0.7,12.7,14.2,3.3,2.8,6.1,0.117,0.1,0.9,1.0,1.9
Pablo Prigioni,prigipa01,NYK,PG,36,66,1283,13.0,0.642,0.733,0.063,3.2,8.8,5.9,25.6,2.8,0.1,23.4,9.3,2.5,0.9,3.4,0.127,-0.3,0.8,0.5,0.8
Patrick Beverley,beverpa01,HOU,PG,25,56,1751,12.4,0.545,0.53,0.212,4.9,7.4,6.2,12.8,2.2,1.0,11.2,14.8,2.7,1.6,4.2,0.116,-0.3,0.9,0.6,1.2
Patrick Patterson,pattepa01,"SAC,TOR",PF,24,65,1533,14.6,0.533,0.309,0.145,8.8,17.1,12.9,8.5,1.9,1.9,11.1,17.2,1.8,2.0,3.8,0.118,0.0,0.5,0.5,1.0
Patty Mills,millspa02,SAS,PG,25,81,1527,18.7,0.588,0.477,0.123,2.6,9.6,6.2,15.3,2.3,0.4,8.2,22.6,3.4,2.1,5.6,0.175,2.9,1.1,4.0,2.3
Pau Gasol,gasolpa01,LAL,C,33,60,1884,19.3,0.522,0.016,0.287,7.0,25.9,16.4,18.7,0.7,3.5,12.4,26.4,1.3,1.7,3.0,0.076,1.0,0.2,1.2,1.5
Paul George,georgpa01,IND,SF,23,80,2898,20.1,0.555,0.367,0.341,2.6,17.7,10.5,17.9,2.7,0.6,12.5,28.3,4.4,6.4,10.8,0.178,2.7,2.1,4.9,5.0
Paul Millsap,millspa01,ATL,PF,28,74,2482,19.8,0.545,0.202,0.373,7.2,21.9,14.6,16.2,2.6,2.5,13.2,25.7,2.7,4.0,6.7,0.129,1.4,1.3,2.8,3.0
Paul Pierce,piercpa01,BRK,SF,36,75,2098,16.8,0.595,0.421,0.435,1.5,18.3,9.9,14.5,2.2,1.2,15.3,22.4,2.9,2.3,5.2,0.119,1.3,0.3,1.6,1.9
Pero Antić,anticpe01,ATL,C,31,50,925,11.7,0.545,0.582,0.224,7.2,18.9,13.1,9.8,1.0,1.0,14.5,18.6,0.5,0.9,1.4,0.075,-1.6,-0.7,-2.3,-0.1
Perry Jones,jonespe01,OKC,PF,22,62,764,10.1,0.541,0.337,0.232,4.3,12.1,8.4,4.9,0.9,2.0,9.5,12.8,0.7,0.8,1.5,0.094,-1.2,-0.2,-1.4,0.1
Peyton Siva,sivape01,DET,SG,23,24,224,5.7,0.425,0.439,0.263,0.9,6.2,3.4,21.0,2.0,0.4,22.1,15.6,-0.2,0.1,-0.2,-0.032,-5.3,-1.1,-6.4,-0.2
Phil Pressey,pressph01,BOS,PG,22,75,1132,8.8,0.39,0.419,0.178,1.9,8.8,5.3,30.8,3.1,0.3,24.2,14.1,-1.0,1.1,0.1,0.005,-3.8,0.5,-3.3,-0.4
Quincy Acy,acyqu01,"TOR,SAC",SF,23,63,847,10.1,0.52,0.106,0.376,9.5,19.5,14.4,4.9,1.4,2.5,15.4,10.1,0.6,0.9,1.5,0.086,-2.5,0.8,-1.7,0.1
Quincy Miller,millequ01,DEN,PF,21,52,789,8.6,0.459,0.367,0.215,4.9,15.2,10.1,4.9,1.4,3.0,14.6,17.7,-0.7,0.7,0.0,0.002,-3.4,-0.4,-3.7,-0.4
Quincy Pondexter,pondequ01,MEM,SG,25,15,270,10.3,0.52,0.43,0.329,4.4,7.0,5.7,11.0,1.0,0.3,14.2,18.0,0.2,0.2,0.4,0.063,-1.0,-1.0,-2.0,0.0
Rajon Rondo,rondora01,BOS,PG,27,30,998,15.3,0.461,0.257,0.191,2.4,16.6,9.3,47.7,2.1,0.2,20.7,21.3,0.2,1.0,1.1,0.054,0.3,-0.6,-0.3,0.5
Ramon Sessions,sessira01,"CHA,MIL",PG,27,83,2214,16.0,0.539,0.161,0.525,1.9,8.6,5.2,25.7,1.2,0.3,13.5,22.7,3.1,1.2,4.3,0.094,0.7,-1.5,-0.8,0.7
Randy Foye,foyera01,DEN,SG,30,81,2485,13.3,0.558,0.569,0.211,1.6,8.5,5.0,17.7,1.3,1.2,13.2,18.8,3.3,1.3,4.6,0.089,0.9,-0.3,0.5,1.6
Rashard Lewis,lewisra02,MIA,SF,34,60,971,10.7,0.535,0.568,0.14,3.2,10.7,7.1,8.5,2.9,0.7,12.3,14.1,0.5,1.1,1.7,0.083,-1.3,1.0,-0.3,0.4
Rasual Butler,butlera01,IND,SG,34,50,378,12.2,0.585,0.564,0.127,1.9,9.9,6.1,7.4,1.0,1.8,8.7,15.4,0.5,0.6,1.1,0.138,0.0,0.3,0.3,0.2
Ray Allen,allenra02,MIA,SG,38,73,1936,12.8,0.59,0.569,0.214,1.6,11.4,6.7,11.1,1.5,0.4,12.4,16.8,2.5,1.5,4.1,0.101,0.5,-0.9,-0.4,0.8
Ray McCallum,mccalra01,SAC,PG,22,45,897,9.7,0.439,0.197,0.143,2.2,7.8,5.0,21.0,1.2,0.8,10.9,17.6,0.0,0.4,0.4,0.02,-2.3,-0.8,-3.1,-0.3
Raymond Felton,feltora01,NYK,PG,29,65,2017,12.9,0.476,0.321,0.201,3.1,8.6,5.7,28.1,2.1,1.2,16.3,18.2,1.1,1.1,2.2,0.053,-0.5,-0.7,-1.2,0.4
Reggie Bullock,bullore01,LAC,SF,22,43,395,6.7,0.46,0.603,0.074,3.2,11.7,7.6,4.3,1.1,0.2,9.4,15.4,-0.2,0.3,0.2,0.019,-2.5,-0.9,-3.3,-0.1
Reggie Evans,evansre01,"BRK,SAC",PF,33,54,899,11.7,0.516,0.0,0.867,14.8,28.4,21.5,3.5,2.1,0.3,21.9,13.4,0.3,1.2,1.5,0.08,-2.8,-0.5,-3.4,-0.3
Reggie Jackson,jacksre01,OKC,PG,23,80,2277,15.4,0.527,0.267,0.193,2.2,12.8,7.8,23.1,1.9,0.3,14.5,22.6,2.3,2.6,4.9,0.104,0.4,-0.3,0.1,1.2
Reggie Williams,willire02,OKC,SF,27,3,17,16.4,0.611,0.333,0.0,0.0,0.0,0.0,11.5,3.0,0.0,18.2,28.7,0.0,0.0,0.0,0.034,-0.9,-1.5,-2.4,0.0
Richard Jefferson,jefferi01,UTA,SF,33,82,2213,11.8,0.573,0.46,0.248,0.9,10.8,5.7,9.6,1.3,0.5,11.5,16.9,2.3,0.4,2.7,0.058,-0.6,-0.9,-1.4,0.3
Ricky Ledo,ledori01,DAL,SG,21,11,33,12.7,0.506,0.471,0.235,0.0,7.0,3.5,9.5,1.6,0.0,9.6,28.6,0.0,0.0,0.0,0.024,-1.4,-2.5,-3.9,0.0
Ricky Rubio,rubiori01,MIN,PG,23,82,2638,15.4,0.491,0.199,0.422,2.5,11.9,7.1,37.8,3.6,0.3,21.8,16.4,2.2,3.6,5.9,0.107,-0.6,1.7,1.2,2.1
Robbie Hummel,hummero01,MIN,SF,24,53,655,9.6,0.492,0.503,0.09,5.7,16.6,11.0,5.0,1.2,0.2,5.2,12.6,0.6,0.6,1.1,0.084,-1.6,-0.4,-2.0,0.0
Robert Covington,covinro01,HOU,SF,23,7,34,15.0,0.571,0.786,0.0,6.9,9.3,8.2,0.0,2.9,0.0,6.7,19.3,0.1,0.0,0.1,0.122,1.5,-0.8,0.7,0.0
Robert Sacre,sacrero01,LAL,C,24,65,1089,12.1,0.513,0.0,0.313,8.0,16.9,12.5,7.0,1.1,3.1,11.4,15.5,0.7,0.7,1.4,0.061,-3.0,-0.5,-3.6,-0.4
Robin Lopez,lopezro01,POR,C,25,82,2603,17.7,0.605,0.002,0.376,13.6,15.3,14.5,4.2,0.5,3.7,10.1,14.0,7.0,2.6,9.5,0.176,1.2,-0.1,1.2,2.1
Rodney Stuckey,stuckro01,DET,SG,27,73,1950,14.0,0.516,0.103,0.342,2.1,7.7,4.7,12.7,1.4,0.4,11.3,24.3,1.8,0.4,2.2,0.053,-1.2,-1.7,-2.9,-0.4
Roger Mason,masonro01,MIA,SG,33,25,260,8.2,0.528,0.716,0.104,0.5,9.8,5.3,10.5,1.2,0.3,11.4,14.5,0.1,0.2,0.3,0.055,-1.9,-0.8,-2.7,0.0
Ronnie Brewer,brewero02,"HOU,CHI",SF,28,24,160,3.4,0.22,0.533,0.133,1.5,7.9,4.9,8.1,1.9,0.5,11.2,4.9,-0.1,0.1,0.0,0.004,-3.8,1.4,-2.4,0.0
Ronnie Price,pricero01,ORL,SG,30,31,377,7.6,0.379,0.467,0.141,2.4,10.5,6.5,25.6,3.4,0.4,21.0,15.0,-0.5,0.4,-0.1,-0.007,-5.6,1.2,-4.3,-0.2
Ronny Turiaf,turiaro01,MIN,C,31,31,606,13.9,0.578,0.0,0.467,9.6,22.0,15.6,5.7,0.7,6.3,15.7,10.7,0.6,0.9,1.5,0.122,-1.5,2.0,0.5,0.4
Roy Hibbert,hibbero01,IND,C,27,81,2409,13.5,0.499,0.007,0.357,9.9,15.0,12.5,6.2,0.6,5.7,14.5,19.4,0.5,5.0,5.4,0.108,-2.9,1.5,-1.4,0.4
Royal Ivey,iveyro01,OKC,SG,32,2,5,-16.5,0.0,0.5,0.0,0.0,21.5,11.3,0.0,0.0,0.0,0.0,17.7,0.0,0.0,0.0,-0.362,-21.7,-6.1,-27.7,0.0
Royce White,whitero03,SAC,PF,22,3,9,-8.3,0.0,0.0,0.0,0.0,0.0,0.0,0.0,0.0,0.0,0.0,4.9,0.0,0.0,0.0,-0.121,-12.5,-4.5,-16.9,0.0
Rudy Gay,gayru01,"TOR,SAC",SF,27,73,2531,18.3,0.54,0.167,0.328,5.0,14.8,9.8,15.1,1.9,1.8,14.2,27.6,2.3,2.5,4.8,0.091,1.8,0.0,1.7,2.4
Rudy Gobert,goberru01,UTA,C,21,45,434,12.9,0.507,0.0,0.878,13.1,28.5,20.6,2.4,1.0,7.4,23.8,14.2,-0.2,0.6,0.4,0.045,-3.6,0.9,-2.7,-0.1
Russell Westbrook,westbru01,OKC,PG,25,46,1412,24.7,0.545,0.271,0.37,4.6,15.9,10.5,40.2,3.1,0.4,16.1,34.4,3.0,2.3,5.2,0.178,4.8,0.7,5.5,2.7
Ryan Anderson,anderry01,NOP,PF,25,22,795,18.8,0.572,0.463,0.175,9.5,11.3,10.4,3.6,0.7,0.7,5.0,22.9,2.2,0.1,2.3,0.138,4.5,-3.2,1.4,0.6
Ryan Gomes,gomesry01,OKC,SF,31,5,34,0.2,0.375,0.25,0.0,0.0,12.7,6.6,4.1,0.0,0.0,11.1,11.7,-0.1,0.0,0.0,-0.039,-7.5,-1.3,-8.8,-0.1
Ryan Hollins,holliry01,LAC,PF,29,61,482,11.9,0.73,0.0,0.778,7.4,13.1,10.4,2.4,0.9,4.9,23.1,11.5,0.7,0.6,1.3,0.126,-3.4,1.5,-1.9,0.0
Ryan Kelly,kellyry01,LAL,PF,22,59,1312,12.6,0.548,0.383,0.364,3.4,14.4,8.9,10.7,1.2,2.5,9.8,15.9,1.5,0.7,2.2,0.081,-1.4,-0.1,-1.5,0.2
Samuel Dalembert,dalemsa01,DAL,C,32,80,1614,16.8,0.605,0.003,0.363,14.4,24.2,19.4,3.4,1.3,4.8,17.1,14.8,2.9,2.1,4.9,0.147,-0.9,0.1,-0.8,0.5
Sasha Vujačić,vujacsa01,LAC,SG,29,2,10,1.5,0.5,0.4,0.0,0.0,32.2,16.7,0.0,5.0,0.0,37.5,35.3,-0.1,0.0,-0.1,-0.289,-12.3,-0.1,-12.4,0.0
Scotty Hopson,hopsosc01,CLE,SG,24,2,7,-6.5,0.102,0.5,0.5,0.0,0.0,0.0,18.8,7.4,0.0,0.0,31.1,-0.1,0.0,-0.1,-0.412,-17.4,-3.3,-20.7,0.0
Serge Ibaka,ibakase01,OKC,PF,24,81,2666,19.6,0.576,0.061,0.203,10.0,19.6,15.0,5.2,0.7,6.7,10.3,19.8,5.2,4.4,9.6,0.173,1.1,0.6,1.7,2.5
Sergey Karasev,karasse01,CLE,SF,20,22,156,2.3,0.47,0.543,0.286,0.0,11.8,5.8,5.6,1.0,0.5,21.8,14.4,-0.2,0.1,-0.1,-0.041,-7.5,-0.9,-8.4,-0.3
Seth Curry,curryse01,"MEM,CLE",PG,23,2,13,13.8,0.5,0.333,0.0,0.0,8.8,4.3,0.0,7.9,0.0,0.0,10.3,0.0,0.0,0.0,0.131,-2.5,7.1,4.7,0.0
Shabazz Muhammad,muhamsh01,MIN,SG,21,37,290,13.1,0.505,0.089,0.323,8.8,11.2,10.0,3.4,1.4,0.3,10.2,23.1,0.1,0.2,0.3,0.053,-2.2,-2.3,-4.5,-0.2
Shane Battier,battish01,MIA,SF,35,73,1468,8.7,0.523,0.764,0.084,3.0,8.6,5.9,6.0,1.8,2.3,6.9,10.0,1.0,1.4,2.4,0.078,-0.6,0.6,0.0,0.7
Shane Edwards,edwarsh01,CLE,SF,26,2,12,-1.0,0.333,0.0,0.0,9.1,9.6,9.3,0.0,0.0,0.0,25.0,14.9,0.0,0.0,0.0,-0.141,-8.7,-4.6,-13.3,0.0
Shane Larkin,larkish01,DAL,PG,21,48,489,8.3,0.446,0.277,0.182,2.6,7.3,5.0,20.4,2.7,0.2,20.9,17.4,-0.4,0.3,-0.1,-0.01,-3.8,0.0,-3.8,-0.2
Shannon Brown,brownsh01,"SAS,NYK",SG,28,29,251,4.7,0.419,0.03,0.318,3.2,9.5,6.4,5.0,2.7,0.0,19.3,17.1,-0.5,0.3,-0.3,-0.05,-6.6,-0.1,-6.8,-0.3
Shaun Livingston,livinsh01,BRK,PG,28,76,1974,14.5,0.551,0.012,0.392,4.1,10.8,7.5,20.1,2.5,1.3,15.5,16.1,2.6,1.8,4.4,0.108,-0.6,1.1,0.4,1.2
Shavlik Randolph,randosh01,PHO,PF,30,14,95,7.7,0.531,0.0,0.786,8.3,21.2,14.8,1.4,1.6,0.8,21.0,11.0,0.0,0.1,0.1,0.06,-4.8,-0.2,-4.9,-0.1
Shawn Marion,mariosh01,DAL,SF,35,76,2409,13.7,0.537,0.229,0.092,6.4,17.4,11.9,7.6,1.9,1.3,11.4,15.7,2.2,2.1,4.3,0.086,0.1,0.1,0.2,1.3
Shawne Williams,willish03,LAL,PF,27,36,751,9.5,0.503,0.672,0.104,3.6,20.2,11.9,5.7,1.2,2.9,9.5,12.9,0.1,0.6,0.7,0.045,-2.5,0.8,-1.7,0.1
Shelvin Mack,macksh01,ATL,PG,23,73,1490,13.2,0.51,0.367,0.148,1.6,10.7,6.2,28.8,1.7,0.1,14.3,19.0,1.2,1.2,2.3,0.074,-0.6,-0.5,-1.1,0.3
Solomon Hill,hillso01,IND,SF,22,28,226,7.6,0.545,0.575,0.175,4.7,15.2,10.2,7.9,1.1,0.7,23.2,11.3,0.0,0.4,0.4,0.08,-3.3,0.9,-2.4,0.0
Solomon Jones,jonesso01,ORL,PF,29,11,85,5.8,0.373,0.0,0.235,10.6,10.7,10.7,3.4,1.2,1.8,9.6,11.1,0.0,0.1,0.0,0.013,-5.1,-1.5,-6.6,-0.1
Spencer Hawes,hawessp01,"PHI,CLE",C,25,80,2470,15.7,0.554,0.349,0.172,5.6,24.2,14.6,15.8,0.9,3.1,15.4,19.6,2.2,2.3,4.5,0.088,0.3,0.2,0.6,1.6
Stephen Curry,curryst01,GSW,PG,25,78,2846,24.1,0.61,0.445,0.252,1.8,10.9,6.4,39.9,2.2,0.4,16.1,28.3,9.3,4.0,13.4,0.225,6.3,1.1,7.4,6.7
Stephen Jackson,jacksst02,LAC,SF,35,9,107,0.1,0.27,0.538,0.154,2.2,8.0,5.2,6.2,2.8,0.7,17.8,13.9,-0.3,0.1,-0.2,-0.099,-7.4,0.9,-6.6,-0.1
Steve Blake,blakest01,"LAL,GSW",PG,33,55,1498,11.0,0.508,0.595,0.122,0.9,10.4,5.7,28.8,1.8,0.4,21.5,13.8,0.7,1.1,1.8,0.058,-1.2,0.1,-1.1,0.4
Steve Nash,nashst01,LAL,PG,39,15,313,12.2,0.488,0.255,0.255,1.4,8.5,4.9,40.3,1.1,0.5,22.9,18.9,0.1,0.0,0.1,0.017,-1.3,-2.3,-3.6,-0.1
Steve Novak,novakst01,TOR,PF,30,54,540,11.1,0.599,0.836,0.041,1.7,10.8,6.3,3.8,1.2,0.6,3.3,12.9,1.0,0.5,1.4,0.127,1.5,-0.1,1.5,0.5
Steven Adams,adamsst01,OKC,C,20,81,1197,11.2,0.541,0.0,0.735,14.1,17.1,15.6,4.9,1.7,3.9,22.5,11.7,0.9,1.9,2.9,0.114,-3.1,0.9,-2.2,-0.1
Taj Gibson,gibsota01,CHI,PF,28,82,2351,16.0,0.524,0.008,0.314,9.8,17.1,13.5,7.3,0.9,3.7,12.8,23.0,1.4,4.4,5.7,0.117,-1.3,0.4,-1.0,0.6
Tayshaun Prince,princta01,MEM,SF,33,76,1948,8.2,0.438,0.14,0.122,1.9,12.3,7.1,8.9,1.1,0.8,7.3,13.3,-0.2,1.8,1.5,0.038,-2.7,0.2,-2.5,-0.2
Terrence Jones,joneste01,HOU,PF,22,76,2078,19.1,0.577,0.142,0.274,9.2,18.5,14.1,7.0,1.3,3.5,8.2,18.3,4.6,2.7,7.3,0.169,1.9,0.3,2.2,2.2
Terrence Ross,rosste01,TOR,SG,22,81,2159,12.0,0.553,0.543,0.13,2.3,11.3,6.8,6.1,1.5,1.0,10.0,18.6,2.0,2.2,4.2,0.094,0.0,-0.2,-0.2,1.0
Thabo Sefolosha,sefolth01,OKC,SG,29,61,1584,10.4,0.517,0.447,0.203,3.7,11.5,7.8,8.3,2.5,0.9,12.9,11.9,0.9,2.1,3.0,0.092,-1.2,1.5,0.3,0.9
Thaddeus Young,youngth01,PHI,PF,25,79,2718,16.6,0.512,0.228,0.178,6.3,12.8,9.5,11.8,3.0,1.1,10.7,24.1,1.2,2.3,3.5,0.062,0.4,-0.5,-0.1,1.3
Thomas Robinson,robinth01,POR,PF,22,70,873,14.1,0.502,0.003,0.345,13.1,24.6,18.9,6.0,1.3,1.6,14.5,19.7,0.4,1.2,1.6,0.09,-2.7,-0.6,-3.2,-0.3
Tiago Splitter,splitti01,SAS,C,29,59,1271,16.5,0.572,0.009,0.5,11.4,20.5,16.1,10.1,1.2,1.8,15.1,17.7,2.3,2.1,4.3,0.163,-0.3,0.9,0.6,0.8
Tim Duncan,duncati01,SAS,C,37,74,2158,21.3,0.535,0.006,0.349,8.6,28.3,18.8,16.0,1.0,4.6,13.2,25.2,2.8,4.6,7.4,0.164,1.2,2.1,3.3,2.9
Tim Hardaway Jr.,hardati02,NYK,SG,21,81,1875,12.7,0.554,0.521,0.186,1.2,6.6,3.8,5.8,1.2,0.3,5.9,19.6,2.7,0.4,3.1,0.08,0.0,-1.8,-1.8,0.1
Timofey Mozgov,mozgoti01,DEN,C,27,82,1770,16.7,0.584,0.044,0.477,10.4,21.9,16.1,5.5,0.7,4.2,15.6,18.8,2.6,1.9,4.5,0.123,-0.9,0.0,-0.8,0.5
Tobias Harris,harrito02,ORL,PF,21,61,1850,16.5,0.542,0.176,0.341,5.4,20.6,13.0,7.7,1.1,1.0,8.7,22.2,2.4,1.7,4.1,0.107,0.0,-0.7,-0.7,0.6
Toney Douglas,douglto01,"GSW,MIA",PG,27,51,675,9.2,0.493,0.537,0.179,3.4,11.9,7.8,14.6,1.5,0.6,14.2,16.3,0.2,0.7,0.9,0.061,-2.5,0.5,-2.0,0.0
Tony Allen,allento01,MEM,SG,32,55,1278,15.6,0.531,0.114,0.293,7.3,12.0,9.6,11.7,3.8,1.2,16.2,20.1,0.5,2.1,2.7,0.1,-1.1,2.1,1.0,1.0
Tony Mitchell,mitchto03,"DET,MIL",SF,24,3,10,30.9,0.6,0.2,0.0,11.1,0.0,5.7,22.6,5.2,0.0,0.0,22.6,0.0,0.0,0.1,0.242,9.0,1.7,10.6,0.0
Tony Parker,parketo01,SAS,PG,31,68,1997,18.9,0.555,0.073,0.266,1.0,7.5,4.4,31.7,0.9,0.3,12.9,26.5,3.9,1.9,5.9,0.141,2.0,-1.2,0.9,1.5
Tony Snell,snellto01,CHI,SG,22,77,1231,8.0,0.489,0.53,0.122,1.8,9.6,5.7,9.1,1.3,0.9,11.1,14.9,-0.1,1.7,1.6,0.063,-3.1,0.5,-2.6,-0.2
Tony Wroten,wroteto01,PHI,PG,20,72,1765,12.9,0.493,0.233,0.403,4.1,10.1,7.0,20.9,2.1,0.7,17.7,27.7,-1.8,0.9,-0.9,-0.025,-1.9,-1.8,-3.7,-0.7
Tornike Shengelia,shengto01,"BRK,CHI",SF,22,26,154,3.9,0.46,0.214,0.286,3.1,9.2,6.2,14.0,1.0,0.5,27.6,13.2,-0.2,0.1,-0.1,-0.04,-6.2,-1.1,-7.3,-0.2
Toure' Murry,murryto01,NYK,PG,24,51,373,11.1,0.479,0.093,0.302,4.0,10.1,6.9,21.5,2.7,0.2,18.9,22.5,-0.3,0.3,0.0,0.002,-3.7,-0.7,-4.4,-0.2
Travis Outlaw,outlatr01,SAC,SF,29,63,1065,10.4,0.492,0.359,0.16,3.8,14.2,8.9,7.0,1.0,1.4,6.9,15.5,0.8,0.6,1.4,0.062,-1.1,-0.4,-1.4,0.1
Trevor Ariza,arizatr01,WAS,SF,28,77,2723,15.8,0.59,0.518,0.226,4.1,16.3,10.1,10.8,2.4,0.6,12.3,17.8,4.3,3.7,8.0,0.141,1.3,1.0,2.3,3.0
Trevor Booker,booketr01,WAS,PF,26,72,1553,15.0,0.563,0.005,0.189,10.9,17.5,14.1,6.3,1.4,2.4,11.7,14.4,2.3,2.0,4.3,0.132,-0.5,0.4,-0.1,0.7
Trey Burke,burketr01,UTA,PG,21,70,2262,12.6,0.473,0.375,0.126,1.8,9.0,5.3,29.4,1.0,0.2,12.2,21.8,1.0,0.0,0.9,0.02,0.0,-2.6,-2.6,-0.4
Tristan Thompson,thomptr01,CLE,PF,22,82,2594,14.9,0.528,0.001,0.445,11.4,21.5,16.3,4.5,0.8,1.1,10.6,17.5,3.4,2.3,5.7,0.106,-0.6,-1.5,-2.1,-0.1
Troy Daniels,danietr01,HOU,SG,22,5,75,16.0,0.677,0.806,0.0,0.0,5.6,3.0,11.4,0.0,0.0,8.8,19.9,0.2,0.0,0.2,0.15,3.7,-3.3,0.4,0.0
Ty Lawson,lawsoty01,DEN,PG,26,62,2222,19.0,0.554,0.251,0.504,1.9,8.5,5.2,38.2,2.2,0.3,16.9,22.7,4.8,1.5,6.3,0.136,2.9,-0.5,2.3,2.5
Tyler Hansbrough,hansbty01,TOR,PF,28,64,978,14.2,0.562,0.01,0.944,14.2,20.0,17.1,2.7,1.5,1.6,14.5,15.1,1.7,1.4,3.0,0.149,-1.3,-0.6,-1.9,0.0
Tyler Zeller,zellety01,CLE,C,24,70,1049,15.4,0.581,0.003,0.417,10.8,19.6,15.1,5.6,0.9,3.0,14.9,17.1,1.5,1.1,2.6,0.12,-1.8,-0.4,-2.2,-0.1
Tyreke Evans,evansty01,NOP,SF,24,72,2028,18.4,0.504,0.106,0.346,4.3,15.4,9.8,30.4,2.2,0.9,14.5,27.1,1.8,1.3,3.1,0.073,1.3,-0.7,0.6,1.3
Tyshawn Taylor,tayloty01,BRK,PG,23,23,270,5.4,0.427,0.132,0.33,1.3,5.3,3.3,21.4,2.3,0.3,22.9,23.5,-0.7,0.2,-0.6,-0.098,-6.7,-2.0,-8.7,-0.5
Tyson Chandler,chandty01,NYK,C,31,55,1662,16.4,0.615,0.003,0.481,10.9,27.0,18.7,5.5,1.2,3.4,15.4,12.9,3.1,1.9,4.9,0.143,0.3,-0.1,0.2,0.9
Udonis Haslem,hasleud01,MIA,PF,33,46,653,10.5,0.523,0.0,0.301,8.4,24.7,16.8,2.9,0.9,2.0,12.7,13.9,0.3,0.8,1.1,0.083,-3.1,-0.9,-3.9,-0.3
Vander Blue,blueva01,BOS,SG,21,3,15,0.5,0.403,0.25,1.25,0.0,23.4,11.4,10.7,0.0,0.0,24.4,24.3,-0.1,0.0,-0.1,-0.214,-10.0,-3.8,-13.8,0.0
Viacheslav Kravtsov,kravtvi01,PHO,C,26,20,59,10.5,0.54,0.0,0.533,17.2,15.2,16.2,2.5,0.0,1.3,24.5,18.3,0.0,0.0,0.0,0.027,-3.8,-3.0,-6.9,-0.1
Victor Claver,clavevi01,POR,SF,25,21,184,8.8,0.502,0.429,0.262,5.3,17.4,11.4,9.1,0.8,1.1,19.0,13.7,0.0,0.2,0.2,0.047,-3.2,0.0,-3.2,-0.1
Victor Oladipo,oladivi01,ORL,PG,21,80,2487,13.6,0.514,0.241,0.34,1.9,13.1,7.5,21.9,2.7,1.2,19.2,24.4,-1.4,2.8,1.3,0.026,-1.9,0.4,-1.4,0.3
Vince Carter,cartevi01,DAL,SG,37,81,1973,15.9,0.539,0.457,0.242,4.0,12.6,8.3,16.5,1.6,1.5,10.7,23.1,3.0,1.3,4.3,0.105,1.8,-0.5,1.2,1.6
Vítor Luiz Faverani,favervi01,BOS,C,25,37,488,11.0,0.502,0.272,0.252,9.5,20.6,14.9,5.2,1.5,4.3,20.1,18.6,-0.3,0.7,0.3,0.031,-3.6,0.5,-3.2,-0.1
Wayne Ellington,ellinwa01,DAL,SG,26,45,393,12.2,0.554,0.468,0.087,2.4,10.2,6.3,7.1,2.1,0.4,7.8,16.4,0.4,0.2,0.7,0.084,-0.5,-0.2,-0.8,0.1
Wesley Johnson,johnswe01,LAL,SF,26,79,2240,11.0,0.522,0.416,0.118,3.3,13.3,8.3,8.2,1.9,2.5,11.6,15.1,0.4,1.5,1.9,0.041,-1.6,0.5,-1.1,0.5
Wesley Matthews,matthwe02,POR,SG,27,82,2780,15.7,0.588,0.506,0.298,2.0,9.1,5.6,10.9,1.4,0.4,8.8,19.6,6.3,1.9,8.2,0.142,1.9,0.1,1.9,2.7
Will Barton,bartowi01,POR,SG,23,41,387,13.5,0.488,0.212,0.205,4.5,16.0,10.3,13.3,1.2,1.3,9.6,21.2,0.3,0.4,0.6,0.078,-1.2,-0.1,-1.3,0.1
Will Bynum,bynumwi01,DET,PG,31,56,1054,14.4,0.502,0.144,0.281,2.4,8.2,5.1,32.5,1.9,0.5,17.6,23.8,0.6,0.4,1.0,0.047,-0.6,-1.5,-2.1,0.0
Willie Green,greenwi01,LAC,SG,32,55,869,7.1,0.477,0.446,0.125,1.6,8.2,5.0,8.3,1.3,1.0,10.6,16.3,-0.2,0.7,0.5,0.028,-3.1,-0.1,-3.2,-0.3
Wilson Chandler,chandwi01,DEN,SF,26,62,1927,12.4,0.526,0.476,0.206,3.2,13.3,8.2,9.3,1.2,1.2,8.9,19.5,1.8,1.2,3.1,0.076,-0.1,-0.6,-0.8,0.6
Xavier Henry,henryxa01,LAL,SF,22,43,908,12.3,0.511,0.235,0.513,2.9,10.5,6.7,8.8,2.4,0.6,11.9,23.1,-0.1,0.5,0.3,0.017,-2.4,-0.5,-2.8,-0.2
Zach Randolph,randoza01,MEM,PF,32,79,2705,18.3,0.51,0.017,0.281,11.6,23.3,17.4,12.7,1.1,0.7,12.0,26.1,2.9,3.5,6.4,0.113,0.8,-0.9,-0.1,1.3
Zaza Pachulia,pachuza01,MIL,C,29,53,1325,14.0,0.502,0.003,0.372,11.8,17.1,14.4,16.3,1.8,0.9,18.5,17.0,1.0,0.7,1.7,0.06,-0.9,-0.9,-1.8,0.1
Ömer Aşık,asikom01,HOU,C,27,48,968,14.0,0.57,0.0,0.663,12.3,30.1,21.7,3.8,0.7,2.8,19.4,13.8,1.0,1.5,2.4,0.121,-1.2,-0.3,-1.5,0.1
