Player,PlayerID,Tms,Pos,Age,G,MP,PER,TS%,3PAr,FTr,ORB%,DRB%,TRB%,AST%,STL%,BLK%,TOV%,USG%,OWS,DWS,WS,WS/48,OBPM,DBPM,BPM,VORP
Aaron Brooks,brookaa01,HOU,PG,24,80,1998,12.9,0.521,0.395,0.22,2.0,7.0,4.6,20.2,1.2,0.3,12.7,22.9,1.4,2.2,3.6,0.086,-0.3,-0.6,-0.9,0.6
Aaron Gray,grayaa01,CHI,C,24,56,715,11.5,0.508,0.006,0.353,13.5,21.7,17.6,9.6,1.0,1.8,17.2,14.5,0.5,0.8,1.3,0.086,-3.2,-0.1,-3.4,-0.2
Acie Law,lawac01,ATL,PG,24,55,560,10.6,0.49,0.209,0.432,1.3,10.9,6.1,23.4,1.1,0.4,14.9,16.3,0.3,0.4,0.7,0.062,-2.2,-0.6,-2.9,-0.1
Adam Morrison,morriad01,"CHA,LAL",SF,24,52,711,5.7,0.448,0.43,0.103,3.1,10.6,6.9,9.4,0.7,0.5,12.1,17.5,-0.6,0.6,0.0,0.001,-3.7,-1.1,-4.8,-0.5
Adonal Foyle,foylead01,"ORL,MEM",C,33,10,62,19.7,0.623,0.0,0.545,16.8,30.1,23.6,2.6,0.0,9.3,18.0,12.4,0.1,0.2,0.3,0.212,0.8,3.2,4.0,0.1
Al Harrington,harrial01,"GSW,NYK",PF,28,73,2546,15.9,0.547,0.388,0.243,4.1,15.8,9.8,6.8,1.7,0.6,10.7,25.7,1.9,2.0,3.9,0.073,0.7,-0.9,-0.2,1.2
Al Horford,horfoal01,ATL,C,22,67,2242,17.0,0.565,0.002,0.345,7.6,25.0,16.3,11.9,1.3,3.3,13.1,16.4,3.3,3.5,6.8,0.145,0.2,1.5,1.7,2.1
Al Jefferson,jeffeal01,MIN,C,24,50,1836,23.1,0.532,0.004,0.258,10.6,24.9,17.5,8.8,1.1,3.5,7.8,28.9,2.9,2.0,4.9,0.128,3.2,-0.6,2.6,2.1
Al Thornton,thornal01,LAC,SF,25,71,2654,12.6,0.502,0.075,0.298,5.2,11.0,8.0,6.9,1.2,1.7,9.9,22.6,0.2,1.0,1.3,0.023,-2.3,-1.8,-4.1,-1.4
Alando Tucker,tuckeal02,PHO,SG,24,30,282,13.0,0.509,0.19,0.273,8.2,4.8,6.4,6.4,0.9,0.3,9.4,23.3,0.2,0.0,0.2,0.039,-0.6,-3.5,-4.2,-0.2
Alex Acker,ackeral01,"DET,LAC",SG,26,25,199,10.4,0.448,0.263,0.132,4.5,9.6,7.0,10.2,1.3,1.5,8.0,20.1,-0.1,0.1,0.0,-0.011,-1.8,-1.7,-3.6,-0.1
Alexis Ajinça,ajincal01,CHA,PF,20,31,182,7.0,0.43,0.029,0.406,6.2,14.2,10.2,2.8,2.1,2.7,12.9,24.2,-0.3,0.3,-0.1,-0.018,-7.6,0.1,-7.5,-0.3
Allen Iverson,iversal01,"DEN,DET",PG,33,57,2093,15.8,0.504,0.119,0.416,1.7,8.2,4.9,23.1,2.3,0.2,12.9,25.7,0.9,1.9,2.9,0.066,0.2,0.0,0.2,1.1
Amar'e Stoudemire,stoudam01,PHO,PF,26,53,1948,20.3,0.617,0.009,0.517,7.2,18.1,12.9,8.3,1.3,2.1,14.0,24.2,4.6,1.4,6.1,0.149,1.9,-0.3,1.7,1.8
Amir Johnson,johnsam01,DET,PF,21,62,911,13.5,0.608,0.0,0.215,13.1,17.2,15.1,3.4,1.2,5.1,15.6,11.1,1.4,1.3,2.7,0.142,-3.0,1.6,-1.4,0.1
Anderson Varejão,varejan01,CLE,PF,26,81,2306,14.6,0.565,0.004,0.496,8.9,20.6,15.0,5.4,1.8,2.3,11.5,14.2,3.3,4.7,8.0,0.166,-1.0,1.6,0.6,1.5
Andray Blatche,blatcan01,WAS,C,22,71,1703,15.0,0.508,0.033,0.257,8.5,17.9,13.0,11.8,1.6,3.5,14.3,21.9,0.2,1.2,1.4,0.039,-1.8,-0.3,-2.0,0.0
Andre Brown,brownan01,CHA,PF,27,4,41,-1.5,0.254,0.0,0.286,21.3,15.0,18.1,3.5,1.3,0.0,38.8,14.8,-0.2,0.0,-0.1,-0.122,-11.2,-2.9,-14.2,-0.1
Andre Iguodala,iguodan01,PHI,SF,25,82,3269,18.4,0.56,0.228,0.454,3.3,14.0,8.6,22.4,2.1,0.9,13.9,22.3,5.6,3.5,9.2,0.134,2.6,0.6,3.2,4.3
Andre Miller,millean02,PHI,PG,32,82,2976,18.6,0.548,0.051,0.393,4.9,9.9,7.4,30.2,2.0,0.4,14.0,21.8,6.2,2.5,8.8,0.141,2.4,0.0,2.4,3.3
Andrea Bargnani,bargnan01,TOR,PF,23,78,2453,14.6,0.559,0.304,0.278,3.4,16.4,10.0,6.4,0.7,3.1,11.2,22.7,1.8,2.0,3.9,0.076,-0.1,-0.7,-0.8,0.7
Andrei Kirilenko,kirilan01,UTA,PF,27,67,1831,16.8,0.549,0.128,0.546,5.5,15.3,10.4,14.7,2.3,3.3,14.6,20.3,2.0,2.6,4.6,0.122,0.9,1.7,2.6,2.2
Andrew Bogut,bogutan01,MIL,C,24,36,1124,16.2,0.586,0.0,0.309,11.8,27.7,19.4,10.7,1.1,2.7,19.3,17.8,1.0,1.6,2.6,0.112,0.0,1.3,1.3,1.0
Andrew Bynum,bynuman01,LAL,C,21,50,1446,20.0,0.598,0.0,0.428,10.8,20.1,15.6,7.7,0.6,4.8,12.5,20.7,3.2,2.3,5.5,0.184,0.8,0.3,1.1,1.1
Andris Biedriņš,biedran01,GSW,C,22,62,1863,19.1,0.585,0.002,0.405,13.0,27.4,20.2,10.0,1.7,3.6,14.9,16.9,3.3,2.1,5.4,0.139,0.9,0.4,1.3,1.5
Andrés Nocioni,nocioan01,"CHI,SAC",PF,29,76,1991,12.2,0.555,0.444,0.261,3.1,17.8,10.5,8.3,1.0,1.2,12.6,20.1,1.4,1.4,2.8,0.068,-1.0,-0.9,-1.9,0.0
Antawn Jamison,jamisan01,WAS,PF,32,81,3096,20.6,0.549,0.221,0.314,7.2,20.5,13.7,9.1,1.6,0.7,7.1,25.9,6.6,1.6,8.1,0.126,3.3,-1.7,1.6,2.8
Anthony Carter,cartean01,DEN,PG,33,78,1787,10.8,0.49,0.228,0.202,2.7,10.4,6.7,29.9,2.7,0.6,26.9,14.3,-0.3,2.1,1.8,0.047,-2.0,0.8,-1.3,0.3
Anthony Johnson,johnsan02,ORL,PG,34,80,1481,10.3,0.505,0.349,0.213,2.3,8.8,5.6,21.2,1.6,0.2,16.4,15.5,0.7,2.1,2.8,0.091,-1.9,1.1,-0.8,0.4
Anthony Morrow,morroan01,GSW,SG,23,67,1515,14.7,0.588,0.345,0.172,5.6,8.7,7.1,8.2,1.2,0.5,8.3,17.7,3.0,0.0,3.0,0.096,1.7,-1.9,-0.2,0.7
Anthony Parker,parkean01,TOR,SG,33,80,2637,12.1,0.524,0.32,0.192,2.0,12.0,7.1,15.7,2.0,0.4,12.2,16.3,1.4,2.0,3.4,0.063,-1.1,0.4,-0.7,0.8
Anthony Randolph,randoan01,GSW,PF,19,63,1129,16.9,0.506,0.009,0.327,12.4,22.6,17.5,6.8,1.8,4.5,14.0,21.7,0.4,1.2,1.6,0.069,-1.5,-0.8,-2.3,-0.1
Anthony Roberson,roberan02,"NYK,CHI",PG,25,29,276,11.4,0.487,0.675,0.042,2.4,6.6,4.4,11.3,1.8,0.3,6.1,20.6,0.1,0.1,0.2,0.041,-0.8,-0.6,-1.4,0.0
Anthony Tolliver,tollian01,SAS,PF,23,19,208,7.6,0.375,0.631,0.154,7.0,16.4,11.7,12.1,1.3,0.4,9.2,17.8,-0.3,0.3,0.0,0.01,-3.6,-0.3,-3.9,-0.1
Antoine Wright,wrighan01,DAL,SF,24,65,1552,8.6,0.501,0.346,0.22,2.3,7.7,5.0,7.4,1.6,1.3,10.3,15.6,0.3,1.2,1.4,0.044,-3.4,-0.1,-3.5,-0.6
Antonio Daniels,daniean01,"WAS,NOH",PG,33,74,1021,12.1,0.536,0.254,0.424,0.6,8.5,4.5,26.9,1.4,0.1,18.1,15.9,0.9,0.6,1.5,0.068,-1.3,-1.4,-2.6,-0.2
Antonio McDyess,mcdyean01,DET,PF,34,62,1866,16.6,0.529,0.0,0.164,11.6,27.2,19.3,7.3,1.2,2.1,8.3,15.7,2.8,2.8,5.6,0.144,0.0,0.4,0.5,1.2
Arron Afflalo,afflaar01,DET,SG,23,74,1234,8.9,0.548,0.357,0.237,2.8,10.1,6.4,5.5,1.3,0.8,11.5,14.5,0.8,1.0,1.8,0.069,-2.8,0.2,-2.6,-0.2
Austin Croshere,croshau01,"MIL,SAS",PF,33,14,100,14.2,0.452,0.385,0.308,12.7,28.1,20.1,14.4,0.5,0.8,11.9,23.0,0.0,0.1,0.1,0.052,0.9,-1.1,-0.2,0.0
Baron Davis,davisba01,LAC,PG,29,65,2248,14.5,0.46,0.342,0.219,2.3,10.2,6.1,38.1,2.5,1.2,15.5,25.2,-0.9,1.5,0.6,0.013,0.0,-0.8,-0.8,0.7
Ben Gordon,gordobe01,CHI,SG,25,82,2999,17.0,0.573,0.321,0.29,2.0,8.8,5.4,15.9,1.2,0.5,11.9,25.0,5.2,1.7,6.9,0.11,2.4,-1.3,1.1,2.3
Ben Wallace,wallabe01,CLE,PF,34,56,1314,12.2,0.45,0.0,0.413,12.8,19.7,16.4,4.7,2.0,4.5,15.7,7.8,0.8,2.9,3.8,0.138,-0.8,2.4,1.6,1.2
Beno Udrih,udrihbe01,SAC,PG,26,73,2270,12.3,0.525,0.162,0.216,2.4,9.0,5.7,24.7,1.8,0.4,17.2,18.2,1.0,0.2,1.2,0.026,-1.6,-1.5,-3.1,-0.6
Blake Ahearn,ahearbl01,SAS,PG,24,3,19,12.9,0.581,0.667,0.333,0.0,6.2,3.1,16.0,2.9,0.0,12.7,20.1,0.0,0.0,0.1,0.149,-2.2,1.4,-0.9,0.0
Bobby Brown,brownbo02,"SAC,MIN",SG,24,68,931,8.9,0.476,0.361,0.119,1.7,4.8,3.3,20.9,1.2,0.2,14.3,21.3,-0.5,-0.1,-0.6,-0.029,-2.2,-2.8,-5.0,-0.7
Bobby Jackson,jacksbo01,SAC,PG,35,71,1484,12.4,0.502,0.406,0.208,3.3,12.5,7.9,15.5,2.1,0.2,11.1,18.0,0.8,0.4,1.2,0.038,-0.9,-0.9,-1.8,0.1
Bobby Simmons,simmobo01,NJN,SF,28,71,1729,12.0,0.596,0.594,0.132,4.9,14.3,9.5,8.5,1.5,0.5,11.7,14.3,2.4,1.0,3.4,0.095,0.3,-0.4,0.0,0.8
Boris Diaw,diawbo01,"PHO,CHA",PF,26,81,2754,14.4,0.565,0.205,0.166,5.3,13.8,9.6,21.2,1.2,1.6,18.5,19.7,1.9,2.8,4.7,0.082,0.8,0.3,1.2,2.2
Brad Miller,millebr01,"SAC,CHI",C,32,70,2100,16.7,0.566,0.091,0.443,8.3,21.9,15.0,17.9,1.3,1.3,15.1,18.4,3.6,1.5,5.1,0.117,1.0,0.1,1.1,1.6
Brandan Wright,wrighbr03,GSW,PF,21,39,688,18.7,0.57,0.016,0.346,9.8,15.0,12.4,4.9,1.6,3.7,7.5,19.0,1.4,0.4,1.9,0.131,0.8,-0.7,0.1,0.4
Brandon Bass,bassbr01,DAL,C,23,81,1574,16.4,0.571,0.012,0.413,9.5,17.2,13.4,4.3,0.9,2.6,12.5,20.0,2.5,1.6,4.1,0.124,-0.7,-0.8,-1.5,0.2
Brandon Roy,roybr01,POR,SG,24,78,2903,24.0,0.573,0.167,0.383,4.4,11.6,7.9,25.4,1.7,0.6,9.0,27.4,10.9,2.6,13.5,0.223,6.0,0.1,6.2,6.0
Brandon Rush,rushbr01,IND,SG,23,75,1803,9.0,0.505,0.363,0.115,2.1,12.3,7.1,5.4,1.0,1.5,11.0,16.4,-0.4,1.3,0.9,0.024,-2.1,-0.7,-2.8,-0.3
Brendan Haywood,haywobr01,WAS,C,29,6,175,14.9,0.49,0.0,0.42,8.5,21.4,14.8,7.3,1.2,7.0,13.2,17.7,0.0,0.2,0.2,0.041,-2.1,0.1,-2.0,0.0
Brent Barry,barrybr01,HOU,SG,37,56,857,9.2,0.575,0.762,0.116,2.4,10.1,6.4,13.7,1.5,0.3,21.0,12.4,0.4,1.1,1.5,0.082,-1.2,1.2,0.1,0.5
Brevin Knight,knighbr01,UTA,PG,33,74,938,9.5,0.414,0.032,0.339,1.7,9.5,5.6,28.1,3.7,0.3,23.3,13.5,-0.6,1.3,0.7,0.035,-4.0,2.1,-1.9,0.0
Brian Cardinal,cardibr01,MIN,PF,31,64,909,8.1,0.515,0.544,0.207,4.8,13.8,9.1,12.3,2.1,1.1,20.7,11.5,0.1,0.7,0.9,0.045,-3.6,1.2,-2.4,-0.1
Brian Cook,cookbr01,"ORL,HOU",PF,28,30,171,7.6,0.47,0.395,0.079,4.8,16.1,10.6,5.1,0.9,1.3,14.2,24.8,-0.3,0.3,0.0,-0.001,-5.2,-1.0,-6.2,-0.2
Brian Scalabrine,scalabr01,BOS,C,30,39,504,7.4,0.558,0.535,0.158,1.8,9.9,6.0,5.3,0.7,1.6,9.0,12.4,0.4,0.7,1.1,0.105,-2.5,1.1,-1.5,0.1
Brian Skinner,skinnbr01,LAC,PF,32,51,843,10.6,0.474,0.01,0.229,9.6,18.5,13.9,5.1,1.1,4.6,16.0,14.5,-0.3,0.7,0.4,0.024,-4.5,0.0,-4.4,-0.5
Brook Lopez,lopezbr01,NJN,C,20,82,2501,17.9,0.568,0.002,0.257,10.6,21.2,15.8,6.2,0.9,4.9,13.5,20.3,3.2,2.7,5.8,0.112,-0.3,-0.3,-0.6,0.9
Bruce Bowen,bowenbr01,SAS,SF,37,80,1506,5.4,0.539,0.524,0.139,1.3,10.1,5.7,3.7,1.3,0.6,11.2,7.2,0.3,1.9,2.2,0.07,-4.0,1.7,-2.3,-0.1
C.J. Miles,milescj01,UTA,SG,21,72,1623,11.8,0.546,0.319,0.158,3.3,9.0,6.1,10.4,1.5,0.7,9.6,18.4,1.6,1.3,2.9,0.086,-1.1,-0.4,-1.6,0.2
C.J. Watson,watsocj01,GSW,PG,24,77,1883,14.2,0.564,0.214,0.343,2.3,8.8,5.5,16.2,2.5,0.1,12.5,16.8,2.7,0.6,3.3,0.084,-0.5,-0.1,-0.5,0.7
Calvin Booth,boothca01,"MIN,SAC",C,32,8,56,11.4,0.592,0.0,0.8,10.1,12.6,11.5,0.0,0.9,2.7,6.9,11.6,0.1,0.0,0.1,0.106,-2.7,-2.2,-4.8,0.0
Carl Landry,landrca01,HOU,PF,25,69,1467,17.7,0.634,0.007,0.462,10.3,16.7,13.6,4.6,0.9,1.5,11.9,18.1,3.7,2.2,5.9,0.193,0.3,0.4,0.7,1.0
Carlos Boozer,boozeca01,UTA,PF,27,37,1197,17.2,0.523,0.0,0.271,11.1,27.3,19.2,11.4,1.7,0.5,12.1,24.4,0.9,1.7,2.6,0.105,0.0,-0.5,-0.6,0.4
Carmelo Anthony,anthoca01,DEN,SF,24,66,2277,19.0,0.532,0.141,0.388,5.6,17.0,11.5,18.1,1.7,0.8,12.3,31.5,2.4,2.6,5.0,0.105,1.5,-1.0,0.5,1.5
Caron Butler,butleca01,WAS,SG,28,67,2585,18.8,0.552,0.194,0.371,5.2,13.8,9.4,19.7,2.2,0.6,14.3,25.9,3.4,1.1,4.5,0.083,2.0,-1.1,0.9,1.9
Cartier Martin,martica01,CHA,SF,24,33,266,9.2,0.489,0.429,0.325,3.3,12.0,7.7,8.0,1.6,1.2,9.3,17.2,0.1,0.3,0.4,0.07,-3.2,0.3,-2.8,-0.1
Cedric Simmons,simmoce01,"CHI,SAC",PF,23,18,84,10.8,0.453,0.0,0.64,6.9,15.1,11.0,3.9,0.6,3.5,5.9,18.1,0.0,0.1,0.0,0.022,-2.4,-1.8,-4.1,0.0
Channing Frye,fryech01,POR,PF,25,63,746,10.0,0.465,0.124,0.135,6.7,16.7,11.6,5.3,1.3,1.7,9.3,19.7,0.0,0.8,0.8,0.054,-3.9,-0.3,-4.2,-0.4
Charlie Bell,bellch01,MIL,SG,29,70,1783,9.8,0.525,0.458,0.153,2.0,7.1,4.4,13.3,1.5,0.3,12.0,16.0,0.9,1.2,2.2,0.059,-1.4,-0.3,-1.7,0.2
Charlie Villanueva,villach01,MIL,PF,24,78,2095,18.6,0.529,0.237,0.22,8.3,21.6,14.7,12.4,1.2,2.2,10.4,28.5,2.2,2.7,4.9,0.112,1.6,-0.6,1.1,1.6
Chauncey Billups,billuch01,"DET,DEN",PG,32,79,2789,18.8,0.592,0.405,0.467,1.4,8.4,5.0,28.9,1.7,0.5,13.0,21.7,7.9,2.2,10.1,0.174,3.8,-0.5,3.4,3.8
Cheikh Samb,sambch01,"DEN,LAC,NYK",C,24,18,83,5.3,0.214,0.094,0.219,13.6,19.5,16.7,1.7,1.9,9.1,7.9,20.6,-0.4,0.1,-0.2,-0.144,-8.8,-2.9,-11.7,-0.2
Chris Andersen,anderch01,DEN,C,30,71,1460,18.1,0.608,0.034,0.62,13.4,21.6,17.6,3.2,1.4,9.3,15.7,13.4,2.5,2.8,5.4,0.176,-0.3,2.4,2.2,1.5
Chris Bosh,boshch01,TOR,C,24,77,2928,22.1,0.569,0.039,0.489,8.7,22.1,15.5,11.6,1.2,2.0,10.2,26.9,6.6,3.1,9.7,0.159,3.0,-0.4,2.7,3.5
Chris Douglas-Roberts,douglch01,NJN,SG,22,44,585,12.2,0.531,0.068,0.352,2.8,7.4,5.1,14.8,1.1,1.0,13.2,18.7,0.4,0.2,0.6,0.046,-1.3,-1.2,-2.5,-0.1
Chris Duhon,duhonch01,NYK,PG,26,79,2906,12.2,0.569,0.477,0.307,1.6,7.8,4.6,27.9,1.2,0.2,22.2,14.9,3.1,1.0,4.2,0.069,-0.2,-1.4,-1.5,0.3
Chris Kaman,kamanch01,LAC,C,26,31,921,14.4,0.552,0.0,0.246,9.1,22.2,15.5,8.8,1.0,3.6,19.9,20.9,-0.3,0.8,0.6,0.03,-2.8,-0.3,-3.1,-0.3
Chris Mihm,mihmch01,LAL,C,29,18,105,10.0,0.418,0.0,0.175,16.4,20.2,18.3,13.7,0.5,4.4,18.8,22.2,-0.1,0.2,0.1,0.026,-6.4,0.2,-6.2,-0.1
Chris Paul,paulch01,NOH,PG,23,78,3002,30.0,0.599,0.14,0.418,2.8,14.6,8.7,54.5,3.9,0.3,13.5,27.5,13.3,5.0,18.3,0.292,7.2,3.8,11.0,9.9
Chris Quinn,quinnch01,MIA,PG,25,66,962,12.9,0.539,0.474,0.201,1.0,8.4,4.7,21.5,1.3,0.2,9.5,17.0,1.5,0.6,2.1,0.104,-0.2,-0.8,-1.0,0.2
Chris Wilcox,wilcoch01,"OKC,NYK",C,26,62,1049,13.3,0.518,0.011,0.378,10.2,20.0,15.0,7.6,1.3,1.1,14.8,21.3,0.1,1.0,1.1,0.048,-2.9,-1.0,-3.8,-0.5
Chuck Hayes,hayesch01,HOU,C,25,71,858,7.8,0.375,0.035,0.168,10.5,23.0,17.0,7.0,2.1,1.6,17.1,7.9,-0.1,1.7,1.6,0.092,-4.1,2.6,-1.5,0.1
Chucky Atkins,atkinch01,"DEN,OKC",PG,34,33,412,6.2,0.408,0.504,0.142,1.4,5.3,3.4,20.9,1.2,0.4,16.1,15.4,-0.3,0.2,-0.2,-0.018,-4.0,-1.3,-5.3,-0.3
Corey Brewer,breweco01,MIN,SF,22,15,307,11.2,0.473,0.133,0.211,6.6,12.3,9.3,12.9,2.6,0.8,11.7,16.3,0.1,0.3,0.3,0.052,-2.7,1.2,-1.5,0.0
Corey Maggette,maggeco01,GSW,PF,29,51,1588,16.9,0.582,0.15,0.655,3.4,16.0,9.7,9.2,1.4,0.3,12.8,25.2,2.8,0.6,3.3,0.1,-0.2,-1.8,-2.0,0.0
Courtney Lee,leeco01,ORL,SG,23,77,1939,10.7,0.556,0.376,0.174,1.1,9.1,5.2,7.6,2.0,0.5,10.6,15.5,1.3,3.1,4.4,0.108,-2.1,1.9,-0.1,0.9
Courtney Sims,simsco01,"PHO,NYK",C,25,2,13,12.8,0.5,0.0,0.0,16.3,17.4,16.8,0.0,0.0,0.0,14.3,23.5,0.0,0.0,0.0,-0.013,-1.6,-5.5,-7.0,0.0
Craig Smith,smithcr01,MIN,PF,25,74,1460,16.9,0.599,0.002,0.482,7.6,15.5,11.4,9.7,1.1,1.0,14.4,22.5,2.3,0.8,3.1,0.104,0.0,-0.6,-0.6,0.5
Cuttino Mobley,moblecu01,LAC,SG,33,11,365,10.3,0.491,0.24,0.123,2.8,6.5,4.6,5.8,2.1,0.4,10.5,21.5,-0.3,0.1,-0.1,-0.017,-2.8,-1.0,-3.9,-0.2
D.J. Augustin,augusdj01,CHA,PG,21,72,1908,14.9,0.587,0.396,0.375,1.1,7.5,4.3,22.6,1.2,0.1,14.1,20.8,3.6,1.5,5.1,0.128,1.4,-0.5,0.9,1.4
D.J. Mbenga,mbengdj01,LAL,C,28,23,181,13.9,0.504,0.018,0.14,5.7,13.6,9.7,7.2,2.8,10.2,17.7,17.8,-0.1,0.4,0.3,0.091,-5.0,4.4,-0.6,0.1
D.J. White,whitedj01,OKC,PF,22,7,130,19.8,0.556,0.0,0.26,8.7,19.8,14.2,8.3,1.2,2.8,5.1,20.0,0.3,0.1,0.4,0.157,0.7,-0.3,0.4,0.1
Daequan Cook,cookda02,MIA,SF,21,75,1833,10.3,0.512,0.612,0.087,1.2,11.2,6.2,6.2,1.1,0.4,5.9,18.2,0.9,1.3,2.2,0.056,-0.8,-1.4,-2.1,0.0
Dahntay Jones,jonesda02,DEN,SG,28,79,1426,9.0,0.533,0.051,0.449,4.9,8.7,6.8,8.2,1.7,1.0,14.5,14.7,0.7,1.3,2.0,0.067,-3.2,0.3,-2.9,-0.3
Damien Wilkins,wilkida02,OKC,SG,29,41,636,8.3,0.467,0.338,0.216,3.6,9.2,6.3,9.1,1.8,0.8,13.7,18.8,-0.4,0.4,0.0,0.002,-3.8,-0.9,-4.7,-0.4
Damon Jones,jonesda01,MIL,PG,32,18,108,6.2,0.485,0.824,0.0,0.0,6.9,3.3,9.8,1.4,0.0,15.0,16.6,-0.1,0.1,0.0,-0.007,-2.4,-1.6,-4.0,-0.1
Dan Gadzuric,gadzuda01,MIL,C,30,67,941,12.2,0.495,0.008,0.279,11.4,21.0,16.0,6.5,1.8,3.8,13.0,15.0,0.4,1.4,1.8,0.094,-3.2,0.7,-2.5,-0.1
Daniel Gibson,gibsoda01,CLE,PG,22,75,1795,10.1,0.519,0.537,0.163,2.1,7.9,5.1,11.3,1.3,0.7,9.7,16.5,1.5,2.3,3.8,0.101,-1.4,0.3,-1.0,0.4
Danilo Gallinari,gallida01,NYK,SG,20,28,412,13.4,0.621,0.576,0.216,3.3,11.5,7.3,5.5,1.7,0.7,9.9,16.0,0.7,0.3,1.0,0.119,0.5,0.1,0.6,0.3
Danny Granger,grangda01,IND,SF,25,67,2424,21.8,0.584,0.352,0.36,2.2,13.4,7.7,13.1,1.4,3.0,10.0,29.6,5.6,2.4,8.0,0.158,4.9,-0.1,4.8,4.2
Darius Miles,milesda01,MEM,SF,27,34,298,16.1,0.533,0.061,0.313,7.7,15.9,11.7,10.1,2.0,5.5,15.7,21.0,0.1,0.4,0.5,0.077,-0.7,1.6,0.9,0.2
Darius Songaila,songada01,WAS,C,30,77,1521,13.9,0.57,0.002,0.197,5.6,12.1,8.8,10.3,2.2,1.1,13.0,17.1,1.8,0.7,2.4,0.076,-1.7,-0.2,-2.0,0.0
Darko Miličić,milicda01,MEM,C,23,61,1034,13.8,0.533,0.0,0.395,9.7,21.8,15.7,5.6,1.1,4.0,13.3,16.3,0.7,1.2,1.9,0.088,-2.2,0.2,-2.0,0.0
Darnell Jackson,jacksda01,CLE,PF,23,51,430,7.2,0.483,0.023,0.407,9.2,14.7,12.0,2.7,1.3,0.7,12.1,12.7,0.2,0.7,0.8,0.094,-5.4,0.2,-5.2,-0.4
Darrell Arthur,arthuda01,MEM,PF,20,76,1464,11.3,0.456,0.005,0.138,8.9,20.3,14.5,5.0,1.9,2.9,9.2,16.3,-0.1,1.8,1.7,0.055,-3.5,0.1,-3.4,-0.5
David Lee,leeda02,NYK,C,25,81,2824,19.0,0.59,0.003,0.347,9.6,27.9,18.4,10.1,1.4,0.6,12.0,19.2,5.9,3.1,9.0,0.154,1.0,-0.2,0.8,2.0
David West,westda01,NOH,PF,28,76,2982,18.9,0.54,0.019,0.321,6.5,19.7,13.1,10.9,0.9,1.9,10.0,26.5,4.2,3.5,7.8,0.125,1.3,-0.6,0.6,2.0
DeAndre Jordan,jordade01,LAC,C,20,53,771,14.1,0.585,0.0,0.741,10.5,25.5,17.8,2.3,0.7,5.7,17.4,13.9,0.4,0.9,1.3,0.079,-3.2,-0.1,-3.3,-0.3
DeMarcus Nelson,nelsode01,GSW,PG,23,13,171,6.5,0.44,0.056,0.259,3.8,11.4,7.6,11.3,2.6,0.8,20.0,18.8,-0.3,0.1,-0.3,-0.071,-6.1,0.6,-5.5,-0.2
DeSagana Diop,diopde01,"DAL,CHA",C,27,75,1036,9.7,0.425,0.0,0.386,13.3,18.2,15.8,4.6,1.5,4.3,16.3,10.8,-0.2,1.6,1.4,0.065,-3.6,0.8,-2.8,-0.2
DeShawn Stevenson,stevede01,WAS,SG,27,32,886,6.9,0.41,0.558,0.26,1.4,8.9,5.0,16.3,1.3,0.2,11.1,14.9,-0.6,0.0,-0.6,-0.032,-3.2,-1.5,-4.7,-0.6
Dee Brown,brownde03,"WAS,PHO",PG,24,19,261,6.6,0.449,0.49,0.102,3.1,10.1,6.5,19.8,2.0,0.0,24.9,11.8,-0.2,0.1,-0.1,-0.018,-4.8,-0.3,-5.1,-0.2
Delonte West,westde01,CLE,SG,25,64,2152,14.1,0.559,0.365,0.173,1.8,9.2,5.6,16.6,2.4,0.5,12.0,16.7,3.0,3.4,6.4,0.142,0.1,1.7,1.7,2.0
Demetris Nichols,nichode01,"CHI,NYK",SF,24,4,14,8.8,0.354,0.222,0.222,0.0,16.2,7.8,12.2,0.0,5.2,0.0,31.0,0.0,0.0,0.0,-0.108,-3.0,-1.8,-4.8,0.0
Derek Fisher,fishede01,LAL,PG,34,82,2441,12.1,0.546,0.439,0.189,1.2,7.4,4.4,14.9,2.0,0.2,8.8,14.7,3.6,2.7,6.3,0.123,-0.5,0.7,0.2,1.3
Deron Williams,willide01,UTA,PG,24,68,2505,21.1,0.573,0.23,0.39,1.1,8.1,4.6,47.8,1.5,0.6,16.5,24.7,6.5,1.9,8.4,0.16,4.8,-0.9,4.0,3.8
Derrick Rose,rosede01,CHI,PG,20,81,3000,16.0,0.516,0.06,0.207,3.7,8.4,6.1,28.8,1.1,0.4,13.3,22.6,3.4,1.5,4.9,0.078,1.1,-1.5,-0.4,1.2
Desmon Farmer,farmede01,SAS,SG,27,3,54,0.4,0.437,0.857,0.143,0.0,13.1,6.6,5.4,0.0,0.0,21.2,16.9,-0.1,0.1,-0.1,-0.071,-8.1,-1.8,-9.9,-0.1
Desmond Mason,masonde01,OKC,SG,31,39,1064,7.1,0.456,0.011,0.298,4.4,12.8,8.5,6.7,0.7,2.1,14.8,15.7,-1.0,0.7,-0.3,-0.012,-4.8,-0.3,-5.1,-0.8
Devean George,georgde01,DAL,SF,31,43,708,7.0,0.485,0.535,0.155,4.1,8.5,6.3,3.0,1.7,1.1,10.1,10.9,0.1,0.6,0.6,0.042,-3.1,0.3,-2.8,-0.1
Devin Brown,brownde02,NOH,SG,30,63,869,9.7,0.459,0.31,0.319,4.3,12.2,8.3,10.2,2.0,0.5,13.1,22.8,-0.8,1.0,0.1,0.007,-3.5,-0.7,-4.3,-0.5
Devin Harris,harride01,NJN,PG,25,69,2494,21.6,0.563,0.212,0.582,1.4,9.7,5.5,34.4,2.4,0.4,14.0,28.4,5.9,1.7,7.5,0.145,3.3,-0.5,2.8,3.0
Dikembe Mutombo,mutomdi01,HOU,C,42,9,96,10.8,0.472,0.0,0.692,15.2,24.5,20.0,0.0,0.0,8.3,26.1,11.1,0.0,0.2,0.2,0.088,-4.1,1.1,-3.0,0.0
Dirk Nowitzki,nowitdi01,DAL,PF,30,81,3050,23.1,0.564,0.105,0.337,3.3,22.1,12.8,12.1,1.0,1.5,7.8,30.3,7.5,3.4,10.9,0.171,3.7,-0.3,3.4,4.2
Dominic McGuire,mcguido01,WAS,SF,23,79,2072,10.8,0.483,0.012,0.315,6.2,18.4,12.1,13.8,1.6,2.9,20.0,10.1,0.5,1.3,1.7,0.04,-1.8,0.7,-1.1,0.5
Dontell Jefferson,jeffedo01,CHA,SG,25,6,84,12.7,0.559,0.091,0.409,1.5,16.1,8.8,18.2,2.6,1.0,18.8,18.0,0.0,0.1,0.2,0.089,-2.2,2.2,-0.1,0.0
Donté Greene,greendo01,SAC,SF,20,55,725,5.2,0.416,0.424,0.144,3.0,10.9,6.9,6.4,1.1,1.4,12.8,17.8,-1.2,0.1,-1.1,-0.074,-4.5,-2.3,-6.8,-0.9
Donyell Marshall,marshdo01,PHI,PF,35,25,189,18.9,0.621,0.753,0.082,3.8,21.7,12.7,13.6,1.1,2.1,7.3,19.7,0.6,0.2,0.8,0.201,5.5,1.0,6.5,0.4
Dorell Wright,wrighdo01,MIA,SF,23,6,73,3.7,0.398,0.0,0.3,3.3,29.8,16.4,4.2,1.5,0.0,20.9,18.4,-0.2,0.1,-0.1,-0.086,-9.5,-0.8,-10.3,-0.1
Drew Gooden,goodedr01,"CHI,SAC,SAS",PF,27,51,1264,16.3,0.526,0.008,0.308,10.4,22.6,16.6,6.3,1.2,1.0,11.7,23.5,1.1,1.6,2.7,0.102,-1.0,-0.8,-1.8,0.1
Dwayne Jones,jonesdw02,CHA,PF,25,6,52,8.0,0.622,0.0,0.857,14.4,14.2,14.3,0.0,0.0,1.6,29.3,12.4,0.0,0.0,0.1,0.051,-3.9,-1.8,-5.7,0.0
Dwight Howard,howardw01,ORL,C,23,79,2821,25.4,0.6,0.002,0.867,13.8,29.5,21.8,7.3,1.4,5.9,15.1,26.1,6.2,7.6,13.8,0.234,2.1,2.4,4.5,4.7
Dwyane Wade,wadedw01,MIA,SG,27,79,3048,30.4,0.574,0.16,0.443,3.5,12.2,7.8,40.3,3.0,2.8,11.6,36.2,10.3,4.4,14.7,0.232,8.2,2.4,10.6,9.6
Earl Watson,watsoea01,OKC,PG,29,68,1776,9.5,0.448,0.188,0.234,2.3,9.7,5.9,33.4,1.4,0.5,23.8,16.3,-1.2,1.1,-0.2,-0.005,-3.2,-1.4,-4.6,-1.2
Eddie Gill,gilled01,MIL,PG,30,6,43,15.5,0.778,0.333,0.0,0.0,11.5,5.5,41.2,3.6,1.9,35.7,14.6,0.1,0.1,0.1,0.155,-1.7,3.0,1.3,0.0
Eddie House,houseed01,BOS,PG,30,81,1479,15.4,0.592,0.607,0.095,0.9,11.5,6.5,10.3,2.2,0.4,8.6,20.1,2.5,2.4,4.9,0.158,2.3,1.2,3.5,2.0
Eddy Curry,curryed01,NYK,C,26,3,12,2.8,0.753,0.0,1.5,0.0,37.7,18.2,0.0,0.0,0.0,37.6,19.3,0.0,0.0,0.0,-0.064,-13.2,0.8,-12.4,0.0
Eduardo Nájera,najered01,NJN,PF,32,27,319,7.7,0.472,0.338,0.297,6.3,18.9,12.5,9.4,1.7,1.0,17.7,14.9,-0.2,0.3,0.1,0.01,-4.5,0.2,-4.3,-0.2
Elton Brand,brandel01,PHI,PF,29,29,920,14.6,0.484,0.0,0.296,9.9,23.2,16.5,6.9,1.0,3.9,14.2,23.8,-0.4,1.3,0.9,0.047,-2.0,0.2,-1.9,0.0
Emeka Okafor,okafoem01,CHA,C,26,82,2691,18.0,0.581,0.0,0.478,12.7,25.2,19.0,3.5,1.0,4.2,13.4,18.9,3.7,4.6,8.2,0.147,-0.1,0.3,0.2,1.5
Eric Gordon,gordoer01,LAC,SG,20,78,2677,14.9,0.593,0.374,0.388,1.9,6.9,4.3,13.6,1.5,1.0,13.5,20.7,3.9,0.7,4.6,0.082,0.6,-1.0,-0.4,1.0
Erick Dampier,dampier01,DAL,C,33,80,1836,15.7,0.664,0.0,0.504,13.6,21.6,17.7,6.1,0.7,3.8,17.8,10.4,3.9,2.3,6.1,0.161,0.0,0.6,0.6,1.2
Etan Thomas,thomaet01,WAS,C,30,26,306,10.1,0.525,0.0,0.348,9.3,16.2,12.7,3.0,0.5,4.8,19.1,14.0,0.0,0.1,0.1,0.018,-4.2,-0.7,-4.9,-0.2
Fabricio Oberto,obertfa01,SAS,C,33,54,677,10.6,0.595,0.01,0.337,11.6,13.4,12.5,12.9,0.6,1.2,24.1,11.3,0.8,0.8,1.7,0.119,-3.2,1.0,-2.2,0.0
Francisco Elson,elsonfr01,MIL,C,32,59,977,10.3,0.537,0.024,0.231,11.6,16.3,13.8,4.8,1.9,3.1,20.5,10.8,0.5,1.3,1.8,0.089,-3.3,1.0,-2.2,-0.1
Francisco García,garcifr01,SAC,SF,27,65,1975,14.1,0.554,0.332,0.268,3.3,9.6,6.4,12.6,2.1,2.5,13.1,19.4,1.7,0.7,2.4,0.058,0.1,-0.5,-0.3,0.8
Fred Jones,jonesfr01,LAC,SF,29,52,1495,10.4,0.536,0.464,0.256,1.7,8.2,4.9,19.1,1.8,0.5,15.8,12.8,1.1,0.5,1.6,0.052,-2.3,-0.4,-2.7,-0.3
Gabe Pruitt,pruitga01,BOS,SG,22,47,366,7.6,0.422,0.475,0.208,3.1,10.8,7.1,15.5,2.2,0.7,14.7,16.5,-0.2,0.6,0.4,0.047,-3.6,1.4,-2.2,0.0
George Hill,hillge01,SAS,PG,22,77,1270,11.6,0.502,0.196,0.392,2.9,11.9,7.4,16.6,1.9,1.2,14.5,19.5,0.2,2.0,2.1,0.08,-3.3,1.6,-1.8,0.1
Gerald Green,greenge01,DAL,SG,23,38,376,11.4,0.513,0.256,0.178,4.3,12.1,8.2,6.9,1.4,1.0,14.5,27.7,-0.3,0.3,0.0,-0.002,-3.2,-1.6,-4.7,-0.3
Gerald Wallace,wallage01,CHA,SF,26,71,2669,18.6,0.585,0.162,0.56,5.2,20.3,12.8,12.4,2.5,2.1,12.8,20.5,4.9,4.6,9.5,0.172,1.3,2.3,3.5,3.7
Gilbert Arenas,arenagi01,WAS,PG,27,2,63,18.9,0.433,0.304,0.696,1.8,15.3,8.4,47.8,0.0,1.3,3.2,22.4,0.2,0.0,0.2,0.115,3.0,-2.2,0.8,0.0
Glen Davis,davisgl01,BOS,C,23,76,1637,10.7,0.502,0.011,0.396,9.4,12.8,11.2,6.5,1.7,0.9,11.8,17.1,1.0,2.7,3.7,0.108,-2.9,0.7,-2.2,0.0
Goran Dragić,dragigo01,PHO,PG,22,55,728,9.8,0.487,0.241,0.29,5.5,10.8,8.3,20.8,2.0,0.3,22.4,19.7,-0.3,0.4,0.1,0.005,-3.0,-1.2,-4.3,-0.4
Grant Hill,hillgr01,PHO,SF,36,82,2445,15.2,0.584,0.102,0.301,3.2,15.7,9.7,11.0,1.8,1.6,13.0,17.5,3.5,1.9,5.3,0.104,0.4,0.4,0.8,1.7
Greg Buckner,buckngr01,MEM,SF,32,63,878,6.3,0.456,0.321,0.157,4.4,13.9,9.1,9.9,1.8,0.7,18.3,11.1,-0.4,0.7,0.3,0.019,-4.4,0.4,-4.0,-0.4
Greg Oden,odengr01,POR,C,21,61,1314,18.1,0.599,0.0,0.644,15.7,24.5,20.0,3.9,1.1,4.2,16.2,19.3,2.6,2.0,4.6,0.167,-1.4,0.3,-1.1,0.3
Hakim Warrick,warriha01,MEM,PF,26,82,2029,16.9,0.554,0.033,0.54,7.7,17.0,12.3,5.9,1.3,1.6,10.3,22.0,3.0,1.7,4.7,0.111,0.2,-0.9,-0.7,0.7
Hamed Haddadi,haddaha01,MEM,C,23,19,120,19.7,0.543,0.0,0.968,16.1,32.2,24.0,11.1,0.4,8.1,16.9,20.7,0.2,0.2,0.4,0.142,-1.0,1.3,0.3,0.1
Hassan Adams,adamsha01,TOR,SG,24,12,52,0.4,0.352,0.0,0.462,2.3,13.4,7.9,2.8,1.0,1.5,20.4,17.4,-0.2,0.0,-0.2,-0.144,-7.5,-1.9,-9.4,-0.1
Hedo Türkoğlu,turkohe01,ORL,SF,29,77,2815,14.8,0.541,0.367,0.38,1.8,14.2,8.2,22.5,1.2,0.5,14.6,23.0,3.0,4.4,7.3,0.125,0.5,0.7,1.3,2.4
Henry Walker,walkebi01,BOS,SF,21,29,216,10.9,0.646,0.017,0.397,4.7,11.3,8.2,9.9,1.5,0.7,20.9,18.6,0.2,0.3,0.5,0.117,-5.1,0.6,-4.5,-0.1
Hilton Armstrong,armsthi01,NOH,C,24,70,1092,10.7,0.585,0.008,0.398,9.0,12.6,10.8,4.4,1.3,3.5,21.7,16.3,0.2,1.3,1.5,0.068,-4.2,0.4,-3.8,-0.5
Ike Diogu,dioguik01,"POR,SAC",PF,25,29,215,20.3,0.611,0.027,0.716,14.4,16.6,15.5,2.7,0.7,1.1,11.0,23.2,0.6,0.1,0.7,0.158,1.6,-2.6,-1.1,0.1
Ime Udoka,udokaim01,SAS,SF,31,67,1035,9.5,0.47,0.436,0.16,3.3,18.1,10.8,7.9,1.9,0.9,11.0,16.2,-0.5,1.7,1.3,0.058,-2.9,1.4,-1.6,0.1
J.J. Barea,bareajo01,DAL,SG,24,79,1600,13.4,0.516,0.276,0.167,2.6,10.0,6.4,26.4,1.2,0.2,14.9,20.2,1.2,1.0,2.2,0.066,-0.4,-1.1,-1.5,0.2
J.J. Hickson,hicksjj01,CLE,C,20,62,705,12.5,0.548,0.0,0.345,9.1,18.4,13.9,2.1,1.1,3.4,16.8,18.0,0.2,1.3,1.5,0.101,-3.4,0.2,-3.2,-0.2
J.J. Redick,redicjj01,ORL,SG,24,64,1111,9.9,0.562,0.599,0.311,0.8,10.0,5.5,10.3,1.0,0.1,13.7,16.4,0.8,1.5,2.3,0.098,-1.3,0.3,-1.0,0.3
J.R. Giddens,giddejr01,BOS,SF,23,6,8,26.0,0.667,0.0,0.0,31.9,14.5,22.8,0.0,6.6,0.0,25.0,23.3,0.0,0.0,0.0,0.201,2.9,4.2,7.2,0.0
J.R. Smith,smithjr01,DEN,SG,23,81,2245,16.8,0.576,0.477,0.286,2.3,12.8,7.7,17.3,1.8,0.5,12.3,24.2,3.6,2.2,5.8,0.124,2.6,-0.3,2.2,2.4
JaVale McGee,mcgeeja01,WAS,C,21,75,1143,17.0,0.534,0.0,0.419,12.0,18.4,15.1,3.4,1.5,5.4,11.7,20.7,1.1,0.9,2.0,0.084,-1.8,-1.1,-2.9,-0.3
Jacque Vaughn,vaughja01,SAS,PG,33,30,292,7.6,0.392,0.013,0.24,1.7,7.3,4.5,27.6,1.1,0.0,15.3,16.2,-0.2,0.3,0.1,0.02,-5.0,-0.9,-5.9,-0.3
Jake Voskuhl,voskuja01,TOR,C,31,38,240,0.4,0.342,0.0,0.311,10.4,18.4,14.4,4.6,0.7,1.3,24.9,13.1,-0.5,0.2,-0.3,-0.064,-10.0,-0.9,-10.9,-0.5
Jamaal Magloire,magloja01,MIA,C,30,55,709,10.6,0.505,0.0,0.458,13.7,23.8,18.7,4.6,0.8,2.9,16.9,12.5,0.4,0.9,1.3,0.089,-4.2,-0.3,-4.5,-0.4
Jamal Crawford,crawfja01,"NYK,GSW",PG,28,65,2479,15.1,0.545,0.386,0.337,1.0,7.5,4.2,18.1,1.1,0.4,11.2,22.8,3.3,0.0,3.3,0.065,1.3,-2.6,-1.3,0.5
Jamario Moon,moonja01,"TOR,MIA",SF,28,80,2068,13.3,0.567,0.386,0.169,3.3,17.5,10.4,7.0,2.2,2.3,7.8,12.4,2.4,2.5,4.9,0.114,0.0,1.7,1.7,1.9
Jameer Nelson,nelsoja01,ORL,PG,26,42,1309,20.6,0.612,0.341,0.183,1.8,10.5,6.2,32.1,2.0,0.2,12.6,23.2,3.9,2.1,6.0,0.22,3.4,1.7,5.1,2.3
James Jones,jonesja02,MIA,SF,28,40,630,8.4,0.52,0.644,0.208,2.3,9.6,5.9,4.7,1.0,1.8,6.9,13.0,0.4,0.5,0.9,0.065,-2.1,-0.7,-2.7,-0.1
James Posey,poseyja01,NOH,SG,32,75,2140,10.8,0.568,0.599,0.279,2.2,18.3,10.2,6.0,1.5,0.8,11.8,15.0,1.7,2.6,4.2,0.095,-1.3,0.4,-1.0,0.6
James Singleton,singlja01,DAL,PF,27,62,884,16.4,0.615,0.181,0.353,11.7,20.7,16.2,2.9,1.5,2.3,12.4,15.1,1.9,1.1,3.0,0.163,-0.4,-0.1,-0.5,0.3
James White,whiteja02,HOU,SF,26,4,11,14.6,0.7,0.4,0.0,0.0,0.0,0.0,19.2,4.8,6.6,37.5,33.8,0.0,0.0,0.0,-0.066,-3.0,5.4,2.4,0.0
Jared Dudley,dudleja01,"CHA,PHO",SF,23,68,1155,13.5,0.562,0.26,0.368,8.7,12.3,10.5,7.1,2.5,0.5,11.5,14.6,1.6,1.1,2.7,0.114,-0.1,0.3,0.2,0.7
Jared Jeffries,jeffrja01,NYK,SF,27,56,1310,9.4,0.473,0.044,0.33,10.4,8.9,9.7,8.7,1.8,1.8,17.2,12.5,0.3,0.9,1.2,0.045,-3.1,0.4,-2.6,-0.2
Jarrett Jack,jackja01,IND,SG,25,82,2716,13.1,0.554,0.259,0.308,1.8,9.5,5.6,18.6,1.6,0.5,16.0,18.5,2.3,1.8,4.1,0.073,-1.0,-0.5,-1.4,0.4
Jarron Collins,collija03,UTA,C,30,26,201,5.8,0.502,0.0,0.314,11.9,10.1,11.0,4.9,0.5,0.4,18.4,10.9,0.1,0.1,0.2,0.047,-4.5,-1.6,-6.1,-0.2
Jarvis Hayes,hayesja01,NJN,SF,27,74,1832,10.8,0.537,0.423,0.09,1.7,15.8,8.7,4.9,1.5,0.3,7.6,16.6,1.0,1.2,2.1,0.055,-1.4,-0.8,-2.2,-0.1
Jason Collins,collija04,MIN,C,30,31,422,3.3,0.346,0.0,0.4,7.5,12.1,9.7,3.7,1.1,2.4,12.7,10.1,-0.4,0.3,-0.2,-0.018,-6.9,-0.2,-7.2,-0.6
Jason Hart,hartja01,"LAC,DEN",PG,30,39,348,6.5,0.375,0.064,0.245,4.2,11.2,7.6,20.9,1.8,0.9,17.4,16.5,-0.5,0.2,-0.3,-0.048,-5.7,0.0,-5.7,-0.3
Jason Kapono,kaponja01,TOR,SG,27,80,1831,8.9,0.525,0.379,0.07,1.7,8.7,5.2,9.1,0.6,0.1,10.1,17.4,0.3,0.5,0.8,0.021,-1.9,-1.4,-3.2,-0.6
Jason Kidd,kiddja01,DAL,PG,35,81,2886,16.9,0.55,0.523,0.17,3.4,16.4,9.9,34.7,2.9,1.0,21.8,13.5,4.6,3.9,8.5,0.141,1.6,1.9,3.6,4.0
Jason Maxiell,maxieja01,DET,C,25,78,1408,15.8,0.58,0.003,0.494,14.0,13.2,13.7,2.8,1.0,3.5,10.4,14.7,2.6,1.5,4.1,0.141,-0.5,-0.2,-0.6,0.5
Jason Richardson,richaja01,"CHA,PHO",SG,28,72,2410,16.7,0.571,0.334,0.204,3.9,11.5,7.8,9.8,1.6,0.9,8.2,21.5,4.3,1.5,5.8,0.116,2.0,-0.8,1.2,2.0
Jason Terry,terryja01,DAL,SG,31,74,2491,19.3,0.571,0.39,0.193,1.8,6.3,4.1,17.6,2.0,0.6,8.6,25.5,5.4,1.9,7.3,0.14,3.3,-0.3,2.9,3.1
Jason Thompson,thompja02,SAC,PF,22,82,2303,13.9,0.54,0.011,0.399,11.8,19.0,15.4,6.8,1.0,1.9,14.8,19.3,1.8,0.9,2.7,0.057,-2.0,-2.2,-4.2,-1.3
Javaris Crittenton,crittja01,"MEM,WAS",PG,21,63,1174,10.4,0.487,0.053,0.323,5.6,11.2,8.3,19.8,1.8,0.4,20.1,15.8,-0.3,0.3,0.0,0.0,-2.8,-1.4,-4.3,-0.7
Jawad Williams,willija04,CLE,SF,25,10,20,14.1,0.5,0.5,0.0,6.2,5.7,6.0,0.0,2.7,0.0,7.7,30.7,0.0,0.0,0.0,0.045,-1.1,-2.5,-3.5,0.0
Jeff Foster,fosteje01,IND,C,32,74,1828,13.0,0.542,0.02,0.414,12.8,17.8,15.3,9.9,1.4,2.0,17.4,12.0,2.3,1.9,4.2,0.111,-1.2,0.6,-0.6,0.7
Jeff Green,greenje02,OKC,PF,22,78,2873,13.9,0.536,0.231,0.287,4.7,16.3,10.4,9.1,1.4,0.8,12.6,21.2,1.8,2.4,4.2,0.07,-0.6,-0.6,-1.2,0.6
Jeremy Richardson,richaje01,ORL,SF,24,12,93,2.8,0.358,0.347,0.122,1.2,15.4,8.5,5.5,0.0,0.0,5.5,27.1,-0.3,0.1,-0.2,-0.107,-6.7,-3.5,-10.3,-0.2
Jermaine O'Neal,onealje01,"TOR,MIA",C,30,68,2027,15.4,0.522,0.001,0.288,7.4,17.8,12.6,10.3,0.8,5.3,14.2,23.2,0.2,2.3,2.6,0.06,-1.8,0.3,-1.5,0.3
Jermareo Davidson,davidje01,GSW,SF,24,14,111,12.3,0.494,0.0,0.486,9.8,23.5,16.7,1.4,0.9,1.9,10.5,18.3,0.0,0.1,0.1,0.036,-3.0,-2.2,-5.2,-0.1
Jerome James,jamesje01,NYK,C,33,2,10,12.5,0.375,0.0,0.0,10.6,22.6,16.4,0.0,5.0,7.3,11.1,39.2,-0.1,0.0,0.0,-0.162,-8.9,1.1,-7.8,0.0
Jerry Stackhouse,stackje01,DAL,SG,34,10,162,3.4,0.333,0.317,0.117,3.6,8.4,6.0,10.7,1.3,0.5,12.5,20.4,-0.5,0.1,-0.4,-0.11,-5.6,-1.9,-7.5,-0.2
Jerryd Bayless,bayleje01,POR,PG,20,53,655,8.2,0.487,0.143,0.545,1.5,9.4,5.4,18.2,1.4,0.2,19.3,20.9,-0.2,0.5,0.3,0.019,-4.3,-0.7,-5.0,-0.5
Joakim Noah,noahjo01,CHI,C,23,80,1938,16.5,0.594,0.003,0.489,14.5,21.3,17.9,8.1,1.3,4.1,15.4,12.3,3.8,2.7,6.4,0.159,0.1,1.1,1.1,1.5
Joe Alexander,alexajo01,MIL,SF,22,59,716,10.1,0.494,0.188,0.339,6.9,12.3,9.5,9.5,1.1,3.4,15.6,20.9,-0.3,0.7,0.4,0.03,-3.4,-0.1,-3.5,-0.3
Joe Crawford,crawfjo01,NYK,SF,22,2,23,10.8,0.414,0.4,0.2,4.6,14.8,9.5,6.5,2.2,0.0,0.0,20.6,0.0,0.0,0.0,0.037,-2.5,-0.2,-2.7,0.0
Joe Johnson,johnsjo02,ATL,SG,27,79,3124,18.2,0.534,0.292,0.255,2.4,10.5,6.5,26.4,1.4,0.5,11.0,26.6,5.1,2.5,7.6,0.116,2.7,-0.9,1.8,3.1
Joe Smith,smithjo02,"OKC,CLE",C,33,57,1102,13.8,0.507,0.021,0.246,9.5,18.3,13.9,6.0,0.8,2.7,6.3,16.2,1.4,1.4,2.7,0.118,-1.4,0.2,-1.2,0.2
Joel Anthony,anthojo01,MIA,C,26,65,1048,9.3,0.521,0.0,0.39,10.1,12.4,11.2,3.7,1.0,7.2,22.9,8.0,0.4,1.4,1.7,0.079,-4.5,1.8,-2.7,-0.2
Joel Przybilla,przybjo01,POR,C,29,82,1952,15.4,0.652,0.004,0.628,12.8,33.1,22.8,2.0,1.0,3.9,18.5,10.2,3.2,3.4,6.6,0.163,-0.3,1.2,0.9,1.4
Joey Dorsey,dorsejo01,HOU,PF,25,3,6,16.1,0.5,0.0,0.0,0.0,18.7,9.7,28.7,0.0,0.0,0.0,15.5,0.0,0.0,0.0,0.156,0.1,0.2,0.3,0.0
Joey Graham,grahajo01,TOR,SF,26,78,1541,11.9,0.542,0.033,0.333,7.3,14.9,11.1,5.0,1.2,0.6,11.9,18.7,1.1,1.1,2.2,0.068,-2.6,-0.9,-3.5,-0.6
Johan Petro,petrojo01,"OKC,DEN",C,23,49,559,8.1,0.429,0.011,0.165,8.7,23.9,16.3,4.5,1.7,2.0,12.9,17.2,-0.6,0.8,0.2,0.018,-5.9,0.5,-5.4,-0.5
John Salmons,salmojo01,"SAC,CHI",SF,29,79,2959,16.0,0.58,0.276,0.317,2.3,10.8,6.5,14.5,1.4,0.6,11.7,21.3,4.7,0.8,5.6,0.09,1.6,-1.3,0.3,1.7
Jordan Farmar,farmajo01,LAL,PG,22,65,1192,9.9,0.466,0.354,0.187,2.1,8.9,5.5,18.6,2.4,0.6,16.3,19.6,-0.7,1.5,0.8,0.034,-2.8,0.2,-2.6,-0.2
Josh Boone,boonejo01,NJN,C,24,62,995,13.3,0.513,0.0,0.397,12.3,18.7,15.4,5.0,1.2,3.9,11.0,13.3,0.9,0.9,1.8,0.089,-1.5,-0.2,-1.7,0.1
Josh Howard,howarjo01,DAL,SF,28,52,1663,17.0,0.532,0.215,0.281,4.1,14.0,9.1,8.6,1.7,1.3,9.2,26.7,1.5,1.7,3.2,0.091,0.7,-0.7,0.0,0.8
Josh McRoberts,mcrobjo01,IND,PF,21,33,279,12.5,0.451,0.12,0.157,10.2,19.1,14.6,8.4,2.1,4.3,11.9,15.7,0.0,0.4,0.4,0.073,-3.5,1.1,-2.3,0.0
Josh Powell,poweljo01,LAL,PF,26,60,703,9.9,0.479,0.0,0.209,11.6,16.7,14.1,5.6,0.7,1.9,16.3,19.5,-0.3,0.9,0.6,0.043,-4.6,-1.7,-6.4,-0.8
Josh Smith,smithjo03,ATL,PF,23,69,2421,17.2,0.533,0.102,0.423,6.5,17.6,12.1,12.1,2.1,3.5,13.8,22.6,1.3,3.6,4.9,0.097,0.3,1.4,1.7,2.3
José Calderón,caldejo01,TOR,PG,27,68,2333,18.8,0.613,0.314,0.239,0.8,8.9,4.9,41.0,1.7,0.2,16.7,16.9,6.2,1.3,7.5,0.154,3.2,-0.4,2.8,2.8
Juan Dixon,dixonju01,WAS,PG,30,50,816,9.3,0.478,0.293,0.152,1.1,8.7,4.8,22.7,2.3,0.6,20.4,19.1,-0.8,0.2,-0.5,-0.031,-3.2,-1.2,-4.4,-0.5
Julian Wright,wrighju01,NOH,SF,21,54,772,12.6,0.479,0.09,0.128,7.2,16.6,11.9,9.4,2.5,2.1,14.8,18.1,-0.4,1.2,0.8,0.048,-1.8,0.8,-0.9,0.2
Juwan Howard,howarju01,"DEN,CHA",SF,35,42,472,10.9,0.534,0.0,0.231,7.9,11.9,9.9,9.7,0.8,1.0,13.8,18.8,0.2,0.4,0.7,0.067,-3.2,-0.4,-3.6,-0.2
Kareem Rush,rushka01,PHI,SG,28,25,199,6.3,0.452,0.569,0.069,0.0,9.1,4.5,11.5,1.3,0.4,14.3,16.0,-0.1,0.1,0.0,-0.003,-3.5,-0.4,-3.9,-0.1
Keith Bogans,boganke01,"ORL,MIL",SG,28,65,1272,9.7,0.521,0.673,0.176,2.8,15.6,9.1,7.7,1.8,0.2,10.5,14.0,0.7,1.9,2.5,0.096,-1.4,1.0,-0.4,0.5
Kelenna Azubuike,azubuke01,GSW,SF,25,74,2375,14.7,0.562,0.249,0.271,5.1,11.8,8.5,7.6,1.2,1.5,9.1,18.7,3.6,0.5,4.1,0.083,1.0,-1.5,-0.5,0.9
Kendrick Perkins,perkike01,BOS,C,24,76,2253,13.2,0.591,0.004,0.335,11.5,21.4,16.7,6.5,0.5,5.3,23.1,14.8,1.1,4.5,5.6,0.119,-1.8,1.9,0.1,1.2
Kenny Thomas,thomake01,SAC,PF,31,8,62,8.8,0.375,0.0,0.0,7.5,20.9,14.1,2.3,4.9,1.2,11.1,6.5,0.0,0.1,0.1,0.056,-4.4,2.4,-1.9,0.0
Kenyon Martin,martike01,DEN,PF,31,66,2111,13.6,0.523,0.059,0.304,4.6,16.8,10.9,10.0,2.3,2.7,12.4,17.7,0.9,3.1,4.0,0.09,-1.2,1.5,0.3,1.2
Kevin Durant,duranke01,OKC,SF,20,74,2885,20.8,0.577,0.165,0.377,3.0,16.4,9.6,13.5,1.7,1.4,12.2,28.3,5.2,2.7,7.9,0.132,3.4,-0.1,3.3,3.8
Kevin Garnett,garneke01,BOS,PF,32,57,1772,21.2,0.563,0.011,0.178,5.6,26.7,16.6,14.7,1.9,3.1,10.1,23.4,3.0,4.1,7.1,0.193,2.8,3.0,5.7,3.5
Kevin Love,loveke01,MIN,C,20,81,2048,18.3,0.538,0.028,0.488,15.1,27.3,21.0,6.8,0.9,1.9,12.4,21.0,3.4,1.9,5.3,0.124,0.4,-1.6,-1.1,0.4
Kevin Martin,martike02,SAC,SG,25,51,1947,19.2,0.601,0.342,0.65,1.7,9.3,5.5,12.3,1.6,0.3,12.3,27.4,4.7,0.1,4.7,0.117,3.0,-2.4,0.5,1.3
Kevin Ollie,ollieke01,MIN,PG,36,50,850,9.9,0.525,0.007,0.64,1.7,8.9,5.2,20.2,1.2,0.4,15.0,12.0,0.9,0.3,1.2,0.067,-3.0,-0.2,-3.1,-0.3
Keyon Dooling,doolike01,NJN,PG,28,77,2074,13.6,0.562,0.393,0.258,1.4,7.6,4.5,21.3,1.8,0.3,13.6,17.4,2.8,0.9,3.7,0.085,0.2,-0.7,-0.5,0.7
Kirk Hinrich,hinriki01,CHI,SG,28,51,1339,13.9,0.551,0.403,0.205,1.4,9.1,5.3,22.7,2.5,1.0,16.0,18.1,1.3,1.3,2.6,0.092,0.0,0.9,0.9,1.0
Kobe Bryant,bryanko01,LAL,SG,30,82,2960,24.4,0.561,0.196,0.329,3.5,12.8,8.2,23.8,2.1,1.0,9.7,32.2,8.6,4.0,12.7,0.206,5.6,0.3,5.9,5.9
Kosta Koufos,koufoko01,UTA,C,19,48,565,15.2,0.54,0.0,0.276,10.6,18.6,14.6,5.7,1.1,4.3,11.1,18.5,0.6,0.7,1.3,0.112,-1.3,-0.1,-1.4,0.1
Kris Humphries,humphkr01,TOR,SF,23,29,265,16.3,0.513,0.0,0.533,10.7,20.2,15.5,6.0,1.6,1.8,6.7,20.7,0.4,0.3,0.7,0.125,-0.9,-0.7,-1.7,0.0
Kurt Thomas,thomaku01,SAS,PF,36,79,1404,14.0,0.53,0.007,0.148,11.5,22.7,17.2,7.2,1.3,3.1,11.5,12.6,1.8,2.7,4.5,0.152,-1.9,1.6,-0.3,0.6
Kwame Brown,brownkw01,DET,C,26,58,999,11.5,0.546,0.0,0.722,10.7,24.0,17.2,4.9,1.3,1.9,18.3,13.0,0.5,1.4,1.9,0.093,-3.1,0.6,-2.5,-0.1
Kyle Korver,korveky01,UTA,SF,27,78,1874,12.1,0.572,0.477,0.227,2.2,14.2,8.2,11.1,1.3,1.3,12.8,16.9,1.9,1.8,3.7,0.095,0.0,0.1,0.1,1.0
Kyle Lowry,lowryky01,"MEM,HOU",PG,22,77,1679,14.4,0.547,0.226,0.521,1.9,11.6,6.8,26.4,2.2,0.8,18.0,18.1,1.8,1.8,3.6,0.103,-0.7,0.8,0.2,0.9
Kyle Weaver,weaveky01,OKC,SG,22,56,1166,10.2,0.551,0.378,0.236,3.0,9.9,6.4,13.1,2.1,1.6,20.3,12.9,0.2,1.0,1.2,0.049,-2.3,1.1,-1.2,0.2
Kyrylo Fesenko,fesenky01,UTA,C,22,21,156,13.0,0.542,0.0,0.583,10.7,17.6,14.2,3.9,2.3,7.6,16.6,15.6,0.0,0.3,0.3,0.095,-4.9,1.8,-3.1,-0.1
LaMarcus Aldridge,aldrila01,POR,PF,23,81,3004,19.1,0.529,0.023,0.269,9.5,15.6,12.5,9.3,1.4,2.0,8.0,23.7,6.1,3.3,9.5,0.151,1.7,-0.4,1.3,2.5
Lamar Odom,odomla01,LAL,PF,29,78,2316,16.6,0.542,0.147,0.366,8.7,22.2,15.5,12.8,1.7,3.3,14.5,18.1,2.7,4.2,6.9,0.143,0.4,1.6,2.0,2.4
Larry Hughes,hughela01,"CHI,NYK",SF,30,55,1479,13.4,0.515,0.346,0.26,1.2,11.0,6.0,12.6,2.5,0.7,10.3,20.6,0.8,1.3,2.1,0.07,-0.9,0.4,-0.5,0.6
LeBron James,jamesle01,CLE,SF,24,81,3054,31.7,0.591,0.238,0.472,4.3,19.0,11.9,38.0,2.4,2.4,11.0,33.8,13.7,6.5,20.3,0.318,9.5,3.7,13.2,11.8
Leandro Barbosa,barbole01,PHO,SG,26,70,1705,19.4,0.588,0.316,0.256,2.4,9.7,6.2,14.9,2.4,0.3,9.9,24.2,4.0,1.0,5.0,0.141,2.4,-0.4,1.9,1.7
Leon Powe,powele01,BOS,PF,25,70,1227,17.2,0.591,0.0,0.79,15.1,18.9,17.1,6.0,1.0,2.5,14.3,20.2,2.7,2.2,4.9,0.192,-0.5,0.2,-0.3,0.5
Linas Kleiza,kleizli01,DEN,SF,24,82,1824,13.2,0.552,0.413,0.316,6.0,14.5,10.4,5.7,0.9,0.6,10.0,20.0,2.1,1.5,3.6,0.095,0.0,-1.5,-1.5,0.2
Lindsey Hunter,hunteli01,CHI,PG,38,28,266,7.9,0.433,0.585,0.061,0.9,4.3,2.6,20.4,3.9,0.3,18.4,17.3,-0.3,0.3,0.0,-0.003,-3.5,1.2,-2.3,0.0
Linton Johnson,johnsli01,"CHA,CHI",PF,28,10,55,3.4,0.409,0.182,0.0,6.3,10.4,8.3,5.3,0.9,0.0,15.4,10.5,0.0,0.0,0.0,-0.004,-5.8,-1.9,-7.7,-0.1
Lorenzen Wright,wrighlo02,CLE,C,33,17,125,4.0,0.377,0.0,0.296,6.9,16.5,11.9,3.5,1.7,3.2,22.8,14.9,-0.3,0.2,-0.1,-0.022,-7.3,0.7,-6.7,-0.1
Lou Amundson,amundlo01,PHO,PF,26,76,1044,13.3,0.53,0.004,0.48,14.9,15.3,15.1,3.7,1.5,4.6,15.6,15.1,0.8,1.0,1.8,0.082,-2.2,-0.3,-2.5,-0.1
Lou Williams,willilo02,PHI,SG,22,81,1919,16.3,0.513,0.261,0.456,2.2,8.1,5.2,21.6,2.4,0.6,13.0,27.7,1.6,1.7,3.4,0.085,1.0,-0.5,0.6,1.3
Luc Mbah a Moute,mbahalu01,MIL,PF,22,82,2114,12.3,0.516,0.008,0.391,10.1,17.4,13.6,6.3,2.1,1.8,14.8,14.3,1.2,2.8,4.0,0.092,-1.6,0.8,-0.8,0.6
Luis Scola,scolalu01,HOU,PF,28,82,2488,17.0,0.572,0.004,0.323,9.8,23.4,16.9,8.6,1.5,0.3,11.9,19.3,4.3,4.3,8.6,0.165,-0.2,0.7,0.5,1.6
Luke Ridnour,ridnolu01,MIL,PG,27,72,2033,12.9,0.5,0.253,0.246,1.8,11.3,6.3,28.2,2.3,0.7,15.7,18.0,1.2,2.2,3.4,0.081,-1.0,0.9,0.0,1.0
Luke Walton,waltolu01,LAL,SF,28,65,1166,11.3,0.491,0.186,0.186,5.4,12.0,8.7,21.1,1.4,0.7,17.2,15.1,0.7,1.3,2.0,0.083,-1.3,0.3,-1.0,0.3
Luol Deng,denglu01,CHI,SF,23,49,1665,14.7,0.511,0.034,0.323,5.5,14.7,10.1,9.0,1.9,1.1,9.6,20.0,1.3,1.6,3.0,0.085,-0.3,-0.1,-0.4,0.7
Luther Head,headlu01,"HOU,MIA",PG,26,32,498,9.9,0.482,0.375,0.167,1.4,10.7,6.2,18.1,1.8,0.3,13.9,16.8,0.0,0.6,0.6,0.058,-2.4,0.4,-2.0,0.0
Maceo Baston,bastoma01,IND,PF,33,27,217,12.3,0.579,0.022,0.587,11.1,15.4,13.2,4.6,1.4,3.4,17.2,14.0,0.2,0.2,0.5,0.105,-3.4,0.2,-3.2,-0.1
Malik Allen,allenma01,MIL,PF,30,49,579,7.3,0.435,0.006,0.124,6.8,14.5,10.5,9.5,0.6,1.7,10.0,15.4,-0.2,0.5,0.3,0.024,-4.2,-0.2,-4.5,-0.4
Malik Hairston,hairsma01,SAS,SG,21,15,155,12.0,0.48,0.02,0.143,8.6,12.9,10.8,13.8,2.1,3.3,18.7,20.0,-0.1,0.3,0.1,0.045,-3.7,1.8,-2.0,0.0
Malik Rose,rosema01,"NYK,OKC",PF,34,38,470,5.3,0.424,0.053,0.389,4.0,19.5,11.6,11.5,1.1,0.5,19.0,17.7,-0.8,0.4,-0.4,-0.039,-7.0,-0.2,-7.1,-0.6
Manu Ginóbili,ginobma01,SAS,SG,31,44,1181,22.9,0.594,0.426,0.387,2.5,17.3,10.0,23.1,2.9,1.0,13.3,27.2,2.7,2.3,5.0,0.203,3.7,2.4,6.1,2.4
Marc Gasol,gasolma01,MEM,C,24,82,2521,16.7,0.59,0.002,0.567,9.6,20.0,14.7,9.7,1.3,2.9,16.6,18.3,3.7,2.7,6.4,0.121,-0.3,0.2,-0.1,1.2
Marcin Gortat,gortama01,ORL,PF,24,63,794,17.0,0.578,0.005,0.241,14.0,26.3,20.3,2.9,1.2,4.8,10.8,13.5,1.4,1.9,3.3,0.202,-1.1,2.2,1.1,0.6
Marco Belinelli,belinma01,GSW,SG,22,42,882,11.8,0.547,0.413,0.164,1.2,7.5,4.4,15.3,2.0,0.1,14.8,19.3,0.4,0.1,0.5,0.028,-0.8,-1.4,-2.3,-0.1
Marcus Banks,banksma01,"MIA,TOR",PG,27,22,206,7.8,0.431,0.333,0.316,0.6,9.9,5.2,20.6,2.8,0.8,17.7,17.9,-0.3,0.2,0.0,-0.008,-5.4,1.3,-4.1,-0.1
Marcus Camby,cambyma01,LAC,C,34,62,1925,18.7,0.556,0.008,0.367,9.4,32.7,20.7,10.8,1.4,5.1,13.9,15.8,2.3,2.9,5.2,0.129,0.4,1.8,2.2,2.0
Marcus Williams,willima04,"GSW,SAS",PF,22,2,3,53.0,1.0,0.0,0.0,0.0,0.0,0.0,0.0,0.0,0.0,0.0,32.3,0.0,0.0,0.0,0.517,15.9,6.8,22.7,0.0
Mardy Collins,collima01,"NYK,LAC",PG,24,48,890,9.5,0.47,0.126,0.186,3.9,10.1,6.9,19.8,1.8,0.8,17.8,16.6,-0.5,0.4,-0.1,-0.003,-3.4,0.0,-3.5,-0.3
Mario Chalmers,chalmma01,MIA,PG,22,82,2626,13.3,0.548,0.47,0.292,1.7,8.8,5.2,23.5,3.3,0.2,18.1,16.3,2.1,3.1,5.2,0.095,-1.4,1.1,-0.4,1.0
Mario West,westma02,ATL,SG,24,53,269,10.0,0.456,0.029,0.882,10.5,13.9,12.2,10.1,3.6,1.1,21.6,10.5,0.0,0.4,0.4,0.08,-2.9,2.6,-0.3,0.1
Mark Blount,blounma01,MIA,C,33,20,207,8.7,0.472,0.346,0.167,5.7,18.1,11.8,3.1,0.3,2.8,14.3,22.2,-0.3,0.2,-0.1,-0.024,-3.5,-2.3,-5.8,-0.2
Mark Madsen,madsema01,MIN,C,33,19,116,-0.1,0.19,0.0,0.286,9.7,8.4,9.1,4.7,0.5,0.7,16.0,7.3,-0.2,0.0,-0.1,-0.061,-7.6,-2.4,-10.0,-0.2
Marko Jarić,jaricma01,MEM,SG,30,53,605,7.3,0.417,0.193,0.283,4.6,8.6,6.6,19.0,2.6,1.5,23.1,16.4,-0.9,0.5,-0.4,-0.03,-4.3,0.0,-4.3,-0.4
Marquis Daniels,daniema01,IND,SF,28,54,1700,12.8,0.491,0.131,0.187,5.1,11.0,8.0,10.7,1.8,1.1,11.2,21.5,-0.1,1.4,1.3,0.037,-1.6,-0.3,-1.9,0.0
Marreese Speights,speigma01,PHI,C,21,79,1263,17.9,0.543,0.016,0.263,11.6,16.3,13.9,4.2,1.1,3.6,7.6,21.9,2.4,1.5,3.8,0.146,-0.6,-0.8,-1.4,0.2
Martell Webster,webstma02,POR,SF,22,1,5,-8.4,0.0,1.0,0.0,0.0,0.0,0.0,0.0,0.0,0.0,0.0,9.4,0.0,0.0,0.0,-0.204,-9.4,-4.8,-14.2,0.0
Marvin Williams,willima02,ATL,SF,22,61,2093,16.0,0.569,0.249,0.439,6.2,15.2,10.7,6.3,1.5,1.4,8.6,18.2,3.9,2.2,6.1,0.14,1.0,-0.2,0.8,1.5
Matt Barnes,barnema02,PHO,PF,28,77,2082,12.6,0.537,0.506,0.202,4.6,18.5,11.8,14.2,1.2,0.9,15.0,18.3,1.6,1.4,3.0,0.069,0.2,-0.7,-0.4,0.8
Matt Bonner,bonnema01,SAS,PF,28,81,1928,15.0,0.611,0.5,0.043,6.1,17.6,11.9,6.8,1.3,1.0,6.3,14.6,3.8,3.0,6.8,0.169,1.1,1.0,2.1,2.0
Matt Carroll,carroma01,"CHA,DAL",SG,28,55,616,5.5,0.451,0.31,0.146,1.4,12.2,6.8,7.2,1.8,0.8,15.3,16.4,-0.8,0.7,-0.1,-0.008,-5.3,0.5,-4.8,-0.4
Matt Harpring,harprma01,UTA,SG,32,63,693,12.3,0.508,0.008,0.299,8.1,13.1,10.6,6.4,2.2,1.0,9.6,19.5,0.4,0.8,1.2,0.086,-2.8,0.0,-2.8,-0.2
Maurice Ager,agerma01,NJN,SG,24,20,97,2.2,0.365,0.14,0.186,3.6,8.7,6.1,5.3,0.6,1.7,7.9,24.4,-0.3,0.0,-0.3,-0.133,-7.9,-2.8,-10.7,-0.2
Maurice Evans,evansma01,ATL,SF,30,80,1840,11.1,0.558,0.515,0.151,5.6,9.9,7.7,4.6,1.5,0.4,7.7,14.2,2.3,1.5,3.8,0.099,-0.4,-0.4,-0.8,0.6
Mehmet Okur,okurme01,UTA,C,29,72,2409,17.5,0.592,0.227,0.376,6.1,21.5,13.8,8.1,1.2,1.7,11.3,21.7,4.5,2.9,7.4,0.148,1.6,-0.3,1.3,2.0
Melvin Ely,elyme01,NOH,C,30,31,373,6.0,0.438,0.0,0.379,9.7,11.0,10.4,7.6,0.3,2.0,17.2,17.3,-0.3,0.3,-0.1,-0.008,-5.9,-1.4,-7.3,-0.5
Metta World Peace,artesro01,HOU,SF,29,69,2452,15.6,0.512,0.369,0.253,3.2,13.4,8.5,16.2,2.3,0.7,10.8,24.5,1.6,4.0,5.5,0.108,0.7,1.2,1.9,2.4
Michael Beasley,beaslmi01,MIA,PF,20,81,2009,17.2,0.528,0.085,0.252,6.5,19.8,13.1,7.7,1.1,1.5,10.2,27.7,1.2,2.2,3.4,0.081,-0.2,-1.5,-1.7,0.1
Michael Finley,finlemi01,SAS,SF,35,81,2336,11.4,0.547,0.463,0.09,1.3,12.3,6.9,7.7,0.9,0.5,7.8,16.1,1.6,2.8,4.4,0.091,-0.4,0.0,-0.4,1.0
Michael Redd,reddmi01,MIL,SG,29,33,1203,17.9,0.566,0.349,0.294,2.3,8.5,5.3,13.2,1.5,0.1,7.9,25.0,2.3,0.9,3.2,0.128,3.2,-1.1,2.2,1.3
Michael Ruffin,ruffimi01,POR,PF,32,11,35,10.3,0.381,0.0,0.286,20.9,18.0,19.5,0.0,4.7,2.3,20.2,13.3,0.0,0.1,0.1,0.08,-4.9,1.9,-3.0,0.0
Mickaël Piétrus,pietrmi01,ORL,SG,26,54,1329,11.6,0.538,0.523,0.258,3.8,10.9,7.5,8.0,1.2,1.3,10.6,18.4,1.0,2.0,3.0,0.108,-0.6,0.8,0.3,0.8
Mike Bibby,bibbymi01,ATL,PG,30,79,2740,16.3,0.544,0.426,0.17,1.6,10.3,6.0,24.2,1.9,0.3,10.6,20.6,4.4,2.5,6.9,0.121,2.0,0.0,2.0,2.8
Mike Conley,conlemi01,MEM,PG,21,82,2508,14.3,0.548,0.297,0.27,1.2,12.5,6.8,23.7,1.9,0.3,14.9,17.9,2.7,1.9,4.5,0.086,0.0,-0.3,-0.3,1.1
Mike Dunleavy,dunlemi02,IND,SG,28,18,495,14.4,0.52,0.388,0.28,3.1,12.1,7.6,14.2,1.2,1.3,12.7,26.3,0.1,0.4,0.5,0.048,0.5,-1.4,-1.0,0.1
Mike James,jamesmi01,"NOH,WAS",PG,33,61,1649,9.7,0.483,0.358,0.16,1.7,7.9,4.7,19.1,1.4,0.3,14.6,17.8,-0.2,0.0,-0.1,-0.004,-2.1,-1.9,-3.9,-0.8
Mike Miller,millemi01,MIN,SF,28,73,2356,13.8,0.588,0.411,0.272,3.5,21.2,12.0,21.6,0.7,1.0,19.1,14.5,2.8,1.4,4.2,0.086,0.9,0.3,1.1,1.8
Mike Taylor,taylomi01,LAC,PG,23,51,771,10.1,0.477,0.15,0.303,3.2,10.0,6.5,22.9,2.4,0.0,19.4,22.2,-0.9,0.4,-0.4,-0.028,-4.1,-1.1,-5.2,-0.6
Mikki Moore,mooremi01,"SAC,BOS",PF,33,70,1202,8.9,0.593,0.0,0.296,7.6,17.7,12.7,6.6,0.7,1.2,17.1,10.6,1.2,0.9,2.1,0.083,-3.6,0.0,-3.5,-0.5
Mo Williams,willima01,CLE,PG,26,81,2834,17.2,0.588,0.373,0.202,2.1,9.4,5.9,20.1,1.3,0.3,12.7,23.4,6.1,3.7,9.8,0.165,2.4,-0.1,2.3,3.1
Monta Ellis,ellismo01,GSW,SG,23,25,892,14.5,0.503,0.06,0.219,1.7,11.5,6.6,17.5,2.1,0.6,12.4,25.8,-0.1,0.3,0.2,0.012,-1.8,-1.5,-3.4,-0.3
Morris Almond,almonmo01,UTA,SG,23,25,255,7.3,0.498,0.21,0.321,4.2,12.6,8.4,4.2,0.8,1.2,14.8,19.1,-0.1,0.2,0.1,0.01,-4.5,-1.8,-6.3,-0.3
Morris Peterson,petermo01,NOH,SG,31,43,515,10.7,0.499,0.464,0.104,3.1,16.6,9.9,5.2,1.6,0.3,7.3,19.3,0.0,0.6,0.6,0.058,-1.5,-0.6,-2.1,0.0
Mouhamed Sene,senesa01,"OKC,NYK",C,22,6,29,32.9,0.746,0.0,1.111,19.0,35.9,27.3,0.0,1.8,7.6,23.0,26.5,0.1,0.1,0.2,0.274,5.5,3.1,8.5,0.1
Nate Robinson,robinna01,NYK,PG,24,74,2209,18.9,0.549,0.375,0.288,4.7,9.8,7.2,22.9,2.1,0.2,10.7,25.6,4.4,1.5,5.9,0.128,2.5,-0.1,2.4,2.4
Nathan Jawai,jawaina01,TOR,PF,22,6,19,-7.6,0.25,0.0,0.0,6.2,6.1,6.2,0.0,0.0,0.0,33.3,14.6,-0.1,0.0,-0.1,-0.233,-13.5,-4.7,-18.3,-0.1
Nazr Mohammed,mohamna01,CHA,C,31,39,341,7.7,0.438,0.0,0.396,12.8,15.9,14.3,3.9,0.8,3.9,16.2,19.6,-0.4,0.5,0.0,0.004,-6.7,-0.4,-7.1,-0.4
Nenad Krstić,krstine01,OKC,C,25,46,1141,13.6,0.504,0.0,0.194,8.4,17.2,12.8,4.3,0.9,3.2,9.2,18.9,0.6,1.1,1.7,0.07,-2.3,-0.4,-2.6,-0.2
Nenê,hilarne01,DEN,C,26,77,2510,18.8,0.645,0.007,0.519,8.7,18.7,13.8,7.1,1.9,3.1,14.4,18.1,5.6,3.7,9.3,0.177,0.9,1.1,2.0,2.6
Nick Collison,collini01,OKC,C,28,71,1831,14.8,0.599,0.005,0.318,11.2,19.7,15.4,5.8,1.4,2.0,13.0,13.5,3.0,2.0,5.0,0.13,-1.5,0.3,-1.2,0.4
Nick Young,youngni01,WAS,SG,23,82,1837,13.1,0.53,0.217,0.255,1.9,7.8,4.8,9.0,1.1,0.9,9.9,23.1,1.2,-0.1,1.2,0.03,-0.9,-2.5,-3.3,-0.6
Nicolas Batum,batumni01,POR,SF,20,79,1454,12.9,0.555,0.465,0.144,7.0,11.8,9.4,7.8,1.9,2.2,11.5,14.0,2.1,1.6,3.7,0.123,0.4,1.0,1.4,1.2
O.J. Mayo,mayooj01,MEM,SG,21,82,3120,14.2,0.539,0.295,0.219,2.2,10.1,6.1,15.5,1.6,0.3,13.8,24.5,1.5,1.8,3.4,0.052,0.2,-1.4,-1.3,0.6
Oleksiy Pecherov,pecheol01,WAS,C,23,32,277,14.5,0.51,0.426,0.287,14.4,17.9,16.1,1.2,1.1,0.9,8.1,20.3,0.4,0.1,0.5,0.08,0.0,-4.2,-4.2,-0.2
Othello Hunter,hunteot01,ATL,PF,22,16,92,12.1,0.495,0.0,0.25,11.5,19.1,15.3,1.7,1.2,4.2,8.3,12.3,0.0,0.1,0.2,0.092,-2.4,0.3,-2.1,0.0
Patrick O'Bryant,obryapa01,"BOS,TOR",C,22,39,255,11.8,0.544,0.024,0.238,6.3,24.2,15.5,7.1,1.2,5.9,19.2,20.9,-0.2,0.5,0.3,0.056,-6.4,2.1,-4.4,-0.2
Pau Gasol,gasolpa01,LAL,C,28,81,2999,22.2,0.617,0.002,0.42,10.0,19.3,14.7,14.8,0.9,2.1,11.3,20.4,9.8,4.2,13.9,0.223,4.0,0.5,4.5,5.0
Paul Davis,davispa01,LAC,PF,24,27,320,10.7,0.474,0.01,0.347,9.8,14.5,12.1,6.1,1.6,0.7,10.3,17.9,0.1,0.2,0.2,0.037,-3.7,-0.7,-4.4,-0.2
Paul Millsap,millspa01,UTA,PF,23,76,2290,18.6,0.576,0.005,0.435,13.1,21.0,17.0,9.8,1.8,2.5,12.6,20.0,4.5,3.3,7.7,0.162,0.7,0.3,1.1,1.8
Paul Pierce,piercpa01,BOS,SF,31,81,3035,17.7,0.582,0.257,0.468,2.4,15.4,9.2,16.3,1.4,0.7,13.8,25.4,5.5,4.8,10.3,0.164,2.4,0.7,3.1,3.9
Peja Stojaković,stojape01,NOH,SF,31,61,2089,12.5,0.531,0.534,0.145,2.6,12.7,7.6,6.0,1.4,0.1,6.3,18.8,1.9,1.9,3.8,0.087,0.2,-1.0,-0.7,0.7
Pops Mensah-Bonsu,mensapo01,"SAS,TOR",PF,25,22,283,14.5,0.447,0.019,0.466,23.1,23.8,23.5,3.3,1.7,1.4,13.3,23.4,0.0,0.4,0.3,0.058,-3.2,-2.4,-5.5,-0.3
Quentin Richardson,richaqu01,NYK,SG,28,72,1894,11.6,0.51,0.493,0.175,4.0,14.8,9.2,9.4,1.2,0.3,9.3,18.2,1.0,1.1,2.1,0.054,-0.4,-0.8,-1.2,0.4
Quincy Douby,doubyqu01,"SAC,TOR",PG,24,27,300,10.2,0.486,0.418,0.173,2.3,10.2,6.2,13.6,0.9,1.2,9.9,19.8,0.0,0.0,0.0,0.008,-1.4,-2.2,-3.5,-0.1
Quinton Ross,rossqu01,MEM,SF,27,68,1164,6.9,0.478,0.34,0.162,3.0,10.4,6.6,6.3,1.5,1.0,11.5,12.6,-0.1,0.7,0.6,0.025,-3.6,0.0,-3.6,-0.5
Rafer Alston,alstora01,"HOU,ORL",PG,32,77,2447,13.8,0.494,0.404,0.254,1.6,8.8,5.3,27.0,2.3,0.3,13.3,19.9,1.7,3.7,5.3,0.104,-0.3,1.1,0.8,1.8
Raja Bell,bellra01,"PHO,CHA",SG,32,67,2315,10.7,0.548,0.396,0.149,2.2,10.5,6.4,10.1,1.1,0.3,10.6,16.3,2.0,1.6,3.6,0.074,-0.9,-0.4,-1.3,0.4
Rajon Rondo,rondora01,BOS,PG,22,80,2642,18.8,0.543,0.063,0.353,4.8,13.9,9.6,39.7,3.0,0.3,19.2,19.2,4.8,5.1,9.9,0.179,1.9,2.1,4.0,4.0
Ramon Sessions,sessira01,MIL,PG,22,79,2173,17.6,0.525,0.044,0.457,3.3,11.7,7.3,34.6,2.0,0.3,14.0,22.4,3.5,2.1,5.6,0.123,1.4,0.1,1.6,1.9
Randolph Morris,morrira01,ATL,C,23,23,89,1.8,0.48,0.0,0.235,5.3,21.0,13.2,3.3,1.2,0.9,27.2,13.6,-0.1,0.1,0.0,-0.013,-10.6,0.1,-10.5,-0.2
Randy Foye,foyera01,MIN,SG,25,70,2494,13.7,0.517,0.314,0.277,1.5,8.8,5.0,20.5,1.5,0.8,12.0,22.6,2.0,1.1,3.1,0.059,0.1,-0.9,-0.8,0.8
Rashad McCants,mccanra01,"MIN,SAC",SG,24,58,1101,13.0,0.504,0.387,0.289,2.2,9.7,5.8,10.7,2.2,1.0,10.4,25.1,0.0,0.5,0.6,0.025,-0.9,-1.0,-1.9,0.1
Rashard Lewis,lewisra02,ORL,PF,29,79,2859,16.8,0.58,0.509,0.247,3.7,13.9,8.9,12.5,1.5,1.3,11.6,22.0,4.7,4.8,9.5,0.16,2.7,1.0,3.7,4.1
Rasheed Wallace,wallara01,DET,C,34,66,2123,14.9,0.52,0.443,0.14,3.1,24.6,13.7,7.1,1.6,3.1,7.2,18.5,1.6,3.4,5.1,0.114,0.4,1.6,2.0,2.1
Rasho Nesterović,nestera01,IND,C,32,70,1214,14.1,0.524,0.002,0.073,8.4,13.5,10.9,14.3,1.2,2.3,12.3,18.5,1.1,1.1,2.2,0.086,-1.3,0.3,-0.9,0.3
Rasual Butler,butlera01,NOH,SF,29,82,2614,11.8,0.541,0.447,0.137,2.3,10.2,6.3,4.8,1.1,2.0,6.5,16.8,2.2,2.4,4.6,0.084,0.0,-0.5,-0.5,1.0
Ray Allen,allenra02,BOS,SG,33,79,2876,17.3,0.624,0.467,0.239,2.9,8.6,5.9,12.6,1.3,0.4,10.4,20.8,7.4,3.7,11.1,0.186,3.7,0.3,4.0,4.3
Raymond Felton,feltora01,CHA,PG,24,82,3086,13.7,0.483,0.191,0.251,2.2,10.2,6.2,31.1,2.2,0.8,15.9,21.9,0.6,3.7,4.3,0.066,-0.6,0.4,-0.1,1.4
Reggie Evans,evansre01,PHI,PF,28,79,1137,10.4,0.514,0.006,0.983,14.1,24.0,19.0,3.3,1.9,0.6,21.3,13.0,0.3,1.6,1.9,0.079,-3.5,-0.6,-4.2,-0.6
Renaldo Balkman,balkmre01,DEN,PF,24,53,780,16.8,0.585,0.036,0.33,13.2,16.9,15.1,6.9,3.1,2.3,13.4,14.9,1.3,1.3,2.6,0.162,0.2,1.2,1.4,0.7
Richard Hamilton,hamilri01,DET,SG,30,67,2279,16.9,0.529,0.182,0.252,2.3,8.6,5.4,23.9,1.0,0.1,10.3,27.0,3.1,1.4,4.5,0.095,1.5,-1.3,0.1,1.2
Richard Jefferson,jefferi01,MIL,SF,28,82,2939,15.4,0.554,0.239,0.424,2.2,13.3,7.5,11.7,1.2,0.4,10.2,24.6,4.2,2.4,6.6,0.109,1.0,-0.8,0.2,1.6
Ricky Davis,davisri01,LAC,SG,29,36,785,7.1,0.445,0.453,0.147,1.3,7.7,4.4,16.4,1.3,0.5,13.0,17.4,-0.6,0.2,-0.4,-0.027,-4.3,-2.0,-6.3,-0.9
Rob Kurz,kurzro01,GSW,PF,23,40,442,11.8,0.513,0.29,0.382,8.1,11.8,10.0,6.5,1.5,3.0,9.5,16.3,0.5,0.2,0.7,0.074,-1.9,-0.8,-2.7,-0.1
Robert Swift,swiftro01,OKC,C,23,26,343,11.5,0.551,0.0,0.225,6.9,23.2,14.9,4.0,0.7,3.7,9.3,11.1,0.3,0.4,0.7,0.104,-3.3,0.9,-2.5,0.0
Robin Lopez,lopezro01,PHO,C,20,60,614,11.6,0.566,0.007,0.496,10.3,12.1,11.2,1.8,0.9,4.9,14.4,14.0,0.6,0.4,1.1,0.083,-3.1,-0.3,-3.4,-0.2
Rodney Carney,carnero01,MIN,SG,24,67,1199,12.1,0.532,0.534,0.156,3.4,9.1,6.1,3.6,2.0,1.9,8.7,18.6,0.7,0.8,1.5,0.059,-0.4,-0.4,-0.8,0.3
Rodney Stuckey,stuckro01,DET,PG,22,79,2517,14.8,0.508,0.085,0.318,3.2,9.8,6.5,26.1,1.7,0.3,14.3,23.0,1.7,2.2,3.8,0.073,-0.5,-0.1,-0.5,0.9
Roger Mason,masonro01,SAS,SG,28,82,2496,11.9,0.554,0.479,0.144,0.8,11.1,6.0,11.1,0.9,0.4,10.3,18.9,1.9,2.9,4.7,0.091,-0.7,-0.2,-0.9,0.7
Roko Ukić,ukicro01,TOR,PG,24,72,890,9.8,0.43,0.191,0.185,3.6,6.3,4.9,27.2,1.8,0.2,14.6,21.3,-0.8,0.4,-0.4,-0.019,-3.2,-1.4,-4.6,-0.6
Ronald Murray,murraro01,ATL,SG,29,80,1975,14.7,0.543,0.304,0.293,1.3,8.7,5.0,14.0,2.4,0.7,12.5,24.3,1.2,2.0,3.1,0.076,-0.6,0.1,-0.5,0.8
Ronnie Brewer,brewero02,UTA,SF,23,81,2605,16.1,0.565,0.103,0.425,4.6,9.1,6.9,10.9,2.7,0.9,10.1,18.8,3.9,2.9,6.8,0.126,0.5,1.0,1.5,2.3
Ronnie Price,pricero01,UTA,PG,25,52,738,8.5,0.465,0.3,0.222,1.9,9.2,5.6,21.3,2.7,0.5,21.5,17.2,-0.7,0.8,0.1,0.009,-3.9,0.4,-3.5,-0.3
Ronny Turiaf,turiaro01,GSW,C,26,79,1696,14.5,0.559,0.008,0.339,5.7,17.4,11.6,13.9,1.0,6.9,14.3,12.4,2.2,1.4,3.6,0.101,-1.1,2.3,1.2,1.4
Roy Hibbert,hibbero01,IND,C,22,70,1009,16.1,0.51,0.0,0.35,12.4,14.1,13.3,7.9,1.0,5.6,10.2,23.3,1.0,1.2,2.1,0.102,-3.1,0.1,-3.0,-0.3
Royal Ivey,iveyro01,PHI,SG,27,71,861,7.6,0.465,0.548,0.207,2.6,8.0,5.3,7.4,2.2,0.7,9.2,13.2,0.2,0.8,0.9,0.052,-2.8,0.6,-2.2,0.0
Rudy Fernández,fernaru01,POR,SG,23,78,1993,15.5,0.588,0.632,0.227,2.9,10.1,6.4,12.7,1.9,0.5,11.0,18.4,4.3,1.8,6.1,0.147,2.6,0.4,3.0,2.5
Rudy Gay,gayru01,MEM,SF,22,79,2945,15.3,0.528,0.192,0.273,4.5,13.9,9.1,8.7,1.8,1.6,12.6,25.6,0.7,2.6,3.3,0.054,0.0,-1.1,-1.1,0.7
Russell Westbrook,westbru01,OKC,PG,20,82,2668,15.2,0.489,0.118,0.391,7.6,9.7,8.6,27.5,2.1,0.4,17.6,25.8,-0.1,2.0,1.9,0.035,-0.1,-0.9,-1.0,0.7
Ryan Anderson,anderry01,NJN,PF,20,66,1312,13.6,0.532,0.464,0.285,9.3,19.0,14.1,6.4,1.8,1.2,12.1,18.6,1.3,1.2,2.5,0.09,-0.3,-0.9,-1.1,0.3
Ryan Bowen,bowenry01,NOH,SF,33,21,219,10.8,0.585,0.0,0.132,5.5,7.7,6.6,6.5,3.5,1.9,11.1,9.9,0.2,0.3,0.6,0.125,-3.7,3.0,-0.7,0.1
Ryan Gomes,gomesry01,MIN,SF,26,82,2614,12.5,0.518,0.293,0.186,4.6,13.3,8.8,8.7,1.3,0.6,10.8,20.4,1.3,1.3,2.5,0.046,-0.5,-1.2,-1.7,0.2
Ryan Hollins,holliry01,"CHA,DAL",C,24,45,444,12.9,0.569,0.0,0.766,12.4,13.4,12.9,2.5,0.8,5.7,16.0,15.7,0.5,0.6,1.0,0.11,-3.4,0.7,-2.7,-0.1
Samuel Dalembert,dalemsa01,PHI,C,27,82,2036,13.2,0.535,0.005,0.286,12.5,28.9,20.6,1.4,0.9,5.8,19.3,13.6,0.5,3.5,4.0,0.095,-2.9,0.8,-2.1,0.0
Sasha Pavlović,pavloal01,CLE,SF,25,66,1053,8.6,0.51,0.425,0.196,3.6,10.4,7.2,10.5,1.1,1.2,13.8,15.5,0.2,1.5,1.7,0.077,-2.5,0.4,-2.1,0.0
Sasha Vujačić,vujacsa01,LAL,SG,24,80,1293,12.6,0.531,0.556,0.19,1.7,10.0,5.9,12.2,3.0,0.4,7.5,16.0,1.8,1.9,3.7,0.138,-1.2,2.0,0.8,0.9
Sean Marks,marksse01,NOH,C,33,60,838,8.8,0.521,0.061,0.267,9.0,18.0,13.5,2.6,0.5,3.3,16.0,12.6,0.2,1.0,1.2,0.067,-4.4,-0.4,-4.8,-0.6
Sean May,mayse01,CHA,PF,24,24,301,6.2,0.435,0.01,0.204,8.3,20.0,14.2,5.6,0.9,1.1,19.6,20.8,-0.7,0.4,-0.3,-0.045,-6.0,-1.4,-7.4,-0.4
Sean Singletary,singlse01,"PHO,CHA",PG,23,37,303,6.7,0.478,0.294,0.247,4.1,9.8,7.0,14.4,1.9,0.0,19.6,17.8,-0.2,0.2,0.0,0.006,-5.1,0.0,-5.1,-0.2
Sean Williams,willise01,NJN,PF,22,33,366,8.8,0.465,0.0,0.444,10.9,14.8,12.9,5.4,1.0,6.5,18.9,13.6,-0.1,0.4,0.3,0.036,-5.4,0.5,-4.8,-0.3
Sebastian Telfair,telfase01,MIN,PG,23,75,2095,10.8,0.481,0.303,0.23,1.7,5.5,3.5,26.1,1.8,0.4,16.0,19.6,0.0,0.8,0.8,0.019,-2.0,-1.4,-3.4,-0.7
Sergio Rodríguez,rodrise01,POR,PG,22,80,1225,12.5,0.491,0.347,0.234,4.3,9.0,6.6,35.6,2.4,0.1,24.7,18.5,0.5,1.2,1.7,0.068,-0.9,-0.5,-1.4,0.2
Shane Battier,battish01,HOU,SG,30,60,2031,10.7,0.568,0.669,0.189,3.1,12.9,8.2,10.0,1.3,1.9,11.3,9.9,2.3,2.9,5.2,0.123,0.1,1.9,2.0,2.0
Shannon Brown,brownsh01,"CHA,LAL",SG,23,48,477,12.9,0.554,0.224,0.236,2.8,8.1,5.5,13.7,2.5,1.2,17.3,21.4,0.1,0.6,0.7,0.067,-1.0,0.9,-0.2,0.2
Shaquille O'Neal,onealsh01,PHO,C,36,75,2252,22.3,0.623,0.001,0.617,10.1,22.3,16.4,8.9,1.1,3.5,13.6,24.2,5.6,2.2,7.8,0.166,1.9,-0.3,1.7,2.1
Shaun Livingston,livinsh01,"MIA,OKC",PG,23,12,231,12.1,0.551,0.0,0.167,1.5,12.7,7.0,13.9,1.6,0.6,12.3,14.2,0.2,0.2,0.4,0.074,-2.8,0.3,-2.5,0.0
Shavlik Randolph,randosh01,POR,PF,25,10,37,19.4,0.61,0.077,0.308,33.0,27.3,30.2,0.0,0.0,2.1,28.9,26.4,0.0,0.0,0.0,0.041,-0.1,-3.6,-3.8,0.0
Shawn Marion,mariosh01,"MIA,TOR",SF,30,69,2470,16.0,0.522,0.067,0.187,8.6,19.7,14.2,9.3,1.9,2.1,11.0,18.1,2.1,3.1,5.2,0.101,0.0,0.3,0.3,1.4
Shawne Williams,willish03,DAL,SF,22,15,170,7.5,0.345,0.304,0.196,13.0,18.1,15.5,1.7,0.6,3.9,7.6,17.8,-0.2,0.2,0.0,-0.012,-5.1,-1.4,-6.5,-0.2
Shelden Williams,willish02,"SAC,MIN",PF,25,45,512,13.7,0.503,0.013,0.401,10.9,24.3,17.5,3.8,2.2,2.7,15.5,19.2,0.0,0.5,0.5,0.048,-2.8,-0.8,-3.5,-0.2
Solomon Jones,jonesso01,ATL,C,24,63,675,12.0,0.655,0.018,0.667,9.1,15.6,12.3,3.4,0.6,3.9,15.8,11.8,1.2,0.7,1.9,0.138,-3.2,0.5,-2.7,-0.1
Sonny Weems,weemsso01,DEN,SG,22,12,55,-3.9,0.333,0.12,0.32,0.0,8.2,4.2,8.7,0.9,0.0,17.4,27.9,-0.3,0.0,-0.3,-0.255,-13.9,-5.0,-18.9,-0.2
Speedy Claxton,claxtsp01,ATL,PG,30,2,15,5.7,0.317,0.0,0.286,0.0,0.0,0.0,32.4,0.0,0.0,0.0,24.6,0.0,0.0,0.0,-0.083,-5.1,-3.9,-9.0,0.0
Spencer Hawes,hawessp01,SAC,C,20,77,2259,13.0,0.509,0.144,0.17,7.6,20.9,14.2,11.3,1.0,3.1,15.7,20.2,-0.4,1.2,0.8,0.016,-1.9,-1.1,-3.0,-0.6
Stephen Graham,grahast01,IND,SG,26,52,684,8.5,0.498,0.258,0.242,3.4,12.2,7.7,7.3,0.7,0.4,13.7,20.9,-0.4,0.4,0.0,0.001,-4.0,-2.0,-6.0,-0.7
Stephen Jackson,jacksst02,GSW,SF,30,59,2339,16.1,0.53,0.306,0.357,3.3,10.8,7.1,25.6,1.8,0.9,16.6,25.2,1.5,0.7,2.2,0.045,1.4,-1.7,-0.3,1.0
Stephon Marbury,marbust01,BOS,PG,31,23,414,4.4,0.377,0.225,0.117,0.6,7.3,4.1,26.6,1.3,0.6,24.1,17.3,-0.9,0.5,-0.3,-0.038,-5.0,-1.1,-6.1,-0.4
Steve Blake,blakest01,POR,PG,28,69,2188,14.4,0.557,0.507,0.116,1.6,8.4,4.9,25.1,1.7,0.1,13.7,17.0,4.1,1.7,5.8,0.128,1.7,-0.2,1.5,1.9
Steve Nash,nashst01,PHO,PG,34,74,2484,19.5,0.615,0.289,0.247,0.9,9.2,5.2,42.4,1.1,0.3,20.8,21.1,6.7,0.5,7.3,0.14,4.5,-2.1,2.4,2.8
Steve Novak,novakst01,LAC,PF,25,71,1161,13.5,0.606,0.722,0.058,1.8,10.9,6.2,5.8,0.9,0.3,5.4,16.8,2.0,0.2,2.2,0.092,1.7,-2.1,-0.4,0.5
Steven Hill,hillst01,OKC,PF,23,1,2,88.3,1.0,0.0,0.0,100.0,58.6,86.4,0.0,0.0,0.0,0.0,22.1,0.0,0.0,0.0,0.873,30.1,-0.9,29.2,0.0
Stromile Swift,swiftst01,"NJN,PHO",PF,29,19,185,6.8,0.46,0.018,0.464,10.4,18.6,14.6,2.4,1.1,3.3,19.2,20.3,-0.3,0.2,-0.1,-0.033,-7.9,-1.7,-9.5,-0.4
Sun Yue,yuesu01,LAL,SG,23,10,28,-8.6,0.273,0.545,0.0,0.0,0.0,0.0,9.8,1.8,2.8,21.4,22.0,-0.2,0.0,-0.1,-0.226,-17.2,-2.3,-19.4,-0.1
T.J. Ford,fordtj01,IND,PG,25,74,2258,16.6,0.533,0.114,0.308,2.9,9.8,6.3,27.6,2.0,0.5,14.8,23.5,2.6,1.7,4.3,0.092,0.5,-0.3,0.3,1.3
Tarence Kinsey,kinseta01,CLE,SG,24,50,277,11.0,0.595,0.261,0.551,4.5,11.6,8.2,5.5,2.3,0.0,20.4,18.3,0.2,0.5,0.6,0.105,-3.8,0.6,-3.2,-0.1
Tayshaun Prince,princta01,DET,SF,28,82,3057,15.0,0.516,0.138,0.238,4.9,13.7,9.2,13.8,0.8,1.3,8.2,19.2,3.7,2.5,6.2,0.098,1.4,-0.2,1.2,2.5
Thabo Sefolosha,sefolth01,"CHI,OKC",SF,24,66,1453,12.1,0.5,0.244,0.204,4.2,14.9,9.6,11.4,2.7,2.3,14.1,13.8,0.4,1.8,2.2,0.074,-1.4,2.3,0.8,1.0
Thaddeus Young,youngth01,PHI,PF,20,75,2580,15.3,0.549,0.171,0.197,6.4,11.1,8.8,5.8,2.1,0.7,10.2,20.5,3.0,2.5,5.5,0.102,0.4,-0.5,-0.1,1.2
Theo Ratliff,ratlith01,PHI,C,35,46,579,11.2,0.56,0.0,0.547,9.4,17.1,13.2,2.2,1.6,6.6,15.0,7.4,0.5,0.9,1.4,0.115,-2.5,2.1,-0.4,0.2
Thomas Gardner,gardnth01,ATL,SG,23,16,98,1.5,0.318,0.639,0.111,0.0,8.4,4.2,3.1,2.2,0.8,7.4,19.5,-0.3,0.1,-0.2,-0.12,-7.3,-1.2,-8.5,-0.2
Tim Duncan,duncati01,SAS,C,32,75,2524,24.4,0.549,0.002,0.436,9.6,27.9,18.9,19.3,0.8,3.7,11.1,28.5,5.0,5.0,10.1,0.191,3.4,2.0,5.4,4.7
Tim Thomas,thomati01,"LAC,NYK,CHI",PF,31,64,1247,12.2,0.555,0.432,0.276,3.7,14.6,9.0,8.6,1.2,0.6,12.5,19.9,0.9,0.8,1.7,0.065,-0.7,-0.7,-1.3,0.2
Tony Allen,allento01,BOS,SG,27,46,887,12.9,0.541,0.095,0.384,3.2,10.7,7.1,12.0,3.2,2.1,18.8,21.5,-0.2,1.8,1.6,0.085,-2.4,2.5,0.1,0.5
Tony Battie,battito01,ORL,PF,32,77,1202,11.9,0.518,0.028,0.254,8.9,17.0,13.0,4.2,1.1,1.5,11.4,15.6,0.7,2.1,2.8,0.113,-2.3,0.7,-1.6,0.1
Tony Parker,parketo01,SAS,PG,26,72,2456,23.4,0.556,0.051,0.287,1.3,9.4,5.4,40.1,1.5,0.1,11.6,31.7,5.6,3.0,8.6,0.168,3.8,-0.2,3.6,3.5
Tracy McGrady,mcgratr01,HOU,SG,29,35,1181,16.3,0.492,0.241,0.322,2.1,12.7,7.6,25.2,1.9,0.9,11.1,24.5,0.9,1.8,2.7,0.108,1.4,0.9,2.3,1.3
Travis Diener,dienetr01,IND,PG,26,55,719,13.7,0.555,0.659,0.084,0.9,12.4,6.6,23.9,1.8,0.5,10.2,12.5,1.3,0.6,1.9,0.125,0.5,0.4,0.9,0.5
Travis Outlaw,outlatr01,POR,SF,24,81,2246,15.1,0.541,0.278,0.285,3.8,14.6,9.1,6.3,1.2,2.0,8.9,22.0,3.0,2.3,5.3,0.113,0.6,-0.4,0.2,1.2
Trenton Hassell,hassetr01,NJN,SF,29,53,1094,7.2,0.48,0.042,0.131,5.4,10.6,7.9,7.1,1.0,1.2,12.9,9.9,0.2,0.4,0.7,0.029,-3.0,-0.6,-3.6,-0.4
Trevor Ariza,arizatr01,LAL,SF,23,82,1999,15.5,0.544,0.32,0.284,6.4,13.4,10.0,10.4,3.5,0.9,11.5,16.6,2.5,3.5,6.1,0.146,0.2,2.2,2.4,2.3
Trey Johnson,johnstr01,CLE,SG,24,4,14,-9.3,0.296,0.0,0.8,0.0,8.2,4.3,0.0,0.0,0.0,12.9,26.2,-0.1,0.0,-0.1,-0.205,-18.6,-4.6,-23.2,-0.1
Troy Murphy,murphtr01,IND,PF,28,73,2482,17.8,0.614,0.467,0.24,6.4,32.0,19.1,10.4,1.2,1.0,11.9,16.9,5.2,3.4,8.5,0.165,2.8,0.4,3.2,3.3
Tyronn Lue,luety01,"MIL,ORL",PG,31,44,521,10.3,0.537,0.383,0.117,1.3,9.2,5.2,18.6,0.8,0.0,11.9,16.8,0.5,0.4,0.8,0.078,-0.9,-0.1,-0.9,0.1
Tyrus Thomas,thomaty01,CHI,PF,22,79,2175,15.9,0.525,0.013,0.445,7.8,18.9,13.4,5.5,2.2,5.1,13.6,19.4,1.2,3.4,4.6,0.101,-1.5,1.5,0.0,1.1
Tyson Chandler,chandty01,NOH,C,26,45,1445,13.4,0.581,0.0,0.47,13.7,19.2,16.4,2.4,0.6,3.3,17.0,13.7,1.7,1.7,3.4,0.114,-1.6,-0.9,-2.5,-0.2
Udonis Haslem,hasleud01,MIA,PF,28,75,2560,13.1,0.553,0.0,0.264,7.8,21.2,14.4,5.3,0.9,0.8,10.3,14.7,3.0,2.6,5.7,0.106,-1.4,-0.9,-2.3,-0.2
Vince Carter,cartevi01,NJN,SG,32,80,2946,19.3,0.545,0.291,0.305,3.0,13.8,8.3,23.7,1.5,1.1,9.8,26.8,5.7,1.8,7.5,0.123,3.3,-0.8,2.4,3.3
Vladimir Radmanović,radmavl01,"LAL,CHA",SF,28,78,1445,11.0,0.549,0.562,0.124,3.8,14.3,9.1,8.9,1.7,0.8,16.6,18.6,0.0,1.8,1.9,0.062,-0.6,-0.1,-0.7,0.5
Von Wafer,wafervo01,HOU,SG,23,63,1225,14.7,0.541,0.32,0.229,1.9,8.6,5.4,10.3,1.7,0.5,9.5,23.6,1.1,1.6,2.6,0.103,0.1,0.1,0.2,0.7
Wally Szczerbiak,szczewa02,CLE,SF,31,74,1527,12.1,0.581,0.422,0.266,3.5,14.2,9.0,8.3,1.0,0.5,11.0,15.4,2.3,2.2,4.5,0.14,-0.2,0.3,0.1,0.8
Walter Herrmann,herrmwa01,DET,SF,29,59,630,11.4,0.514,0.58,0.121,5.2,15.1,10.1,5.6,0.6,0.5,7.2,17.8,0.5,0.5,1.0,0.074,0.0,-1.4,-1.4,0.1
Walter Sharpe,sharpwa01,DET,PF,22,8,20,4.8,0.337,0.182,0.182,0.0,18.0,8.9,0.0,0.0,7.7,0.0,28.3,-0.1,0.0,-0.1,-0.131,-9.1,-1.1,-10.1,0.0
Will Bynum,bynumwi01,DET,PG,26,57,803,17.4,0.52,0.056,0.348,2.8,8.4,5.5,35.3,2.3,0.2,16.2,27.9,0.5,0.8,1.3,0.078,0.4,-0.3,0.1,0.4
Will Solomon,solomwi01,"TOR,SAC",PG,30,53,712,12.5,0.506,0.351,0.139,2.0,8.5,5.3,30.0,2.0,0.4,17.2,20.2,0.1,0.4,0.5,0.033,-0.8,-1.1,-1.9,0.0
Willie Green,greenwi01,PHI,SG,27,81,1828,11.1,0.493,0.245,0.129,1.9,6.4,4.1,14.4,1.5,0.6,8.4,18.9,1.1,1.2,2.3,0.06,-1.7,-0.4,-2.1,0.0
Wilson Chandler,chandwi01,NYK,SF,21,82,2735,12.9,0.515,0.298,0.204,3.5,14.7,8.9,9.9,1.3,2.0,10.8,20.5,1.0,2.1,3.1,0.054,-1.0,0.0,-1.0,0.7
Yakhouba Diawara,diawaya01,MIA,SF,26,63,851,6.4,0.473,0.751,0.088,3.6,7.9,5.8,4.7,0.8,0.6,6.6,13.3,0.1,0.4,0.5,0.029,-2.8,-1.5,-4.2,-0.5
Yao Ming,mingya01,HOU,C,28,77,2589,22.7,0.618,0.001,0.426,9.6,24.1,17.1,10.0,0.6,4.2,16.0,26.2,5.6,5.0,10.6,0.196,1.6,1.6,3.1,3.3
Yi Jianlian,jianlyi01,NJN,PF,21,61,1421,10.9,0.474,0.28,0.246,5.5,22.0,13.7,7.0,1.1,2.1,11.2,20.5,-0.5,1.3,0.7,0.024,-2.7,-1.1,-3.8,-0.7
Zach Randolph,randoza01,"NYK,LAC",PF,27,50,1757,19.7,0.531,0.111,0.279,9.9,23.2,16.3,11.5,1.3,0.7,10.4,28.1,1.7,1.4,3.0,0.083,1.7,-1.6,0.1,0.9
Zaza Pachulia,pachuza01,ATL,C,24,77,1473,14.1,0.571,0.009,0.719,13.8,20.9,17.4,6.0,1.3,1.4,17.8,16.3,2.0,1.9,3.9,0.127,-1.9,-0.6,-2.6,-0.2
Zydrunas Ilgauskas,ilgauzy01,CLE,C,33,65,1765,18.0,0.523,0.054,0.24,11.0,21.6,16.5,6.4,0.9,3.8,10.1,23.8,2.1,3.5,5.6,0.151,-0.4,0.1,-0.3,0.8
