Player,PlayerID,Tms,Pos,Age,G,MP,PER,TS%,3PAr,FTr,ORB%,DRB%,TRB%,AST%,STL%,BLK%,TOV%,USG%,OWS,DWS,WS,WS/48,OBPM,DBPM,BPM,VORP
A.C. Green,greenac01,"PHO,DAL",PF,33,83,2492,12.4,0.523,0.041,0.407,10.2,20.5,15.3,4.4,1.5,0.5,11.5,11.8,2.4,2.4,4.8,0.093,-1.0,-0.4,-1.4,0.4
Aaron McKie,mckieaa01,"POR,DET",SG,24,83,1625,12.1,0.524,0.282,0.301,3.1,13.2,8.3,15.4,2.6,1.1,17.9,14.7,1.0,2.4,3.5,0.103,-1.1,2.0,0.9,1.2
Aaron Williams,williaa01,"DEN,VAN",PF,25,33,563,16.4,0.599,0.007,0.331,12.6,16.9,14.7,4.7,1.5,3.9,15.9,16.6,0.7,0.4,1.1,0.098,-1.0,-0.6,-1.6,0.1
Acie Earl,earlac01,"TOR,MIL",C,26,47,500,10.7,0.433,0.028,0.467,8.0,14.7,11.3,6.7,1.6,4.5,13.9,22.7,-0.5,0.5,0.0,-0.004,-4.3,-0.2,-4.5,-0.3
Adam Keefe,keefead01,UTA,C,26,62,915,11.7,0.572,0.006,0.644,10.9,18.2,14.7,5.0,1.7,1.2,18.0,12.7,1.0,1.3,2.3,0.118,-1.3,0.3,-1.0,0.2
Adrian Caldwell,caldwad01,"NJN,PHI",PF,30,45,569,7.5,0.443,0.022,0.543,10.7,21.6,16.0,3.1,1.4,1.0,19.7,10.6,-0.2,0.4,0.2,0.016,-5.6,-1.3,-6.9,-0.7
Alan Henderson,hendeal01,ATL,PF,24,30,501,15.0,0.51,0.0,0.463,11.4,16.1,13.8,8.3,2.3,0.9,12.9,21.1,0.5,0.9,1.3,0.126,-2.3,0.0,-2.4,0.0
Aleksandar Djordjevic,djordal01,POR,SG,29,8,61,12.5,0.687,0.438,0.313,2.0,7.6,4.9,13.1,0.0,0.0,21.6,17.1,0.1,0.0,0.1,0.114,2.0,-0.8,1.1,0.1
Allan Houston,houstal01,NYK,SG,25,81,2681,11.3,0.531,0.372,0.211,2.0,8.5,5.4,11.9,0.8,0.5,12.9,22.2,1.5,3.2,4.7,0.084,-0.6,-0.5,-1.1,0.6
Allen Iverson,iversal01,PHI,PG,21,76,3045,18.0,0.513,0.303,0.362,4.0,7.2,5.6,33.6,2.6,0.6,16.2,28.9,3.1,1.0,4.1,0.065,2.5,-1.6,0.9,2.2
Alonzo Mourning,mournal01,MIA,C,26,66,2320,21.6,0.578,0.01,0.638,9.8,23.4,16.8,8.8,1.3,6.3,16.6,27.5,2.8,5.6,8.4,0.174,0.5,2.5,2.9,2.9
Alton Lister,listeal01,BOS,C,38,53,516,7.8,0.48,0.0,0.403,13.7,24.6,18.7,3.6,0.8,2.0,24.9,10.0,0.0,0.3,0.3,0.028,-5.1,-1.7,-6.8,-0.6
Amal McCaskill,mccasam01,ORL,C,23,17,109,6.1,0.376,0.063,0.375,4.2,19.9,11.8,10.3,1.5,3.6,22.8,20.4,-0.3,0.2,-0.2,-0.086,-6.5,0.9,-5.6,-0.1
Andrew DeClercq,declean01,GSW,C,23,71,1065,12.5,0.552,0.0,0.553,13.6,19.7,16.6,4.9,1.6,1.9,18.3,17.4,0.8,0.7,1.6,0.07,-3.8,-1.0,-4.8,-0.8
Andrew Lang,langan01,MIL,C,30,52,1194,10.8,0.498,0.0,0.246,9.7,18.8,14.2,3.2,1.2,2.9,12.4,12.2,0.7,1.2,1.9,0.076,-2.3,0.0,-2.2,-0.1
Anfernee Hardaway,hardaan01,ORL,PG,25,59,2221,21.4,0.554,0.284,0.367,4.2,9.8,6.9,28.5,2.3,1.2,11.7,25.7,5.8,2.2,8.1,0.175,4.5,0.4,4.9,3.9
Anthony Goldwire,goldwan01,"CHO,DEN",PG,25,60,1188,12.1,0.531,0.464,0.236,1.2,7.0,4.1,29.1,1.5,0.1,17.3,17.0,1.4,0.3,1.7,0.067,-0.4,-1.4,-1.8,0.1
Anthony Mason,masonan01,CHO,PF,30,73,3143,18.9,0.585,0.004,0.519,7.4,24.0,16.0,21.4,1.3,0.8,14.0,17.6,8.0,3.3,11.4,0.173,2.6,0.8,3.5,4.3
Anthony Miller,millean01,ATL,PF,25,1,14,-4.6,0.0,0.0,0.0,17.4,41.7,29.8,0.0,0.0,0.0,0.0,16.9,-0.1,0.0,-0.1,-0.195,-11.1,-4.8,-15.9,0.0
Anthony Peeler,peelean01,VAN,SG,27,72,2291,13.8,0.487,0.339,0.132,2.7,9.9,6.3,20.8,2.5,0.6,12.8,24.9,-0.3,0.8,0.6,0.012,-0.4,-1.4,-1.8,0.1
Antoine Carr,carran01,UTA,PF,35,82,1460,12.1,0.522,0.006,0.243,5.5,10.9,8.3,8.2,0.9,3.6,11.5,20.8,0.8,1.6,2.4,0.079,-2.8,-0.3,-3.1,-0.4
Antoine Walker,walkean02,BOS,PF,20,82,2970,15.5,0.474,0.117,0.27,10.4,19.0,14.4,15.3,1.8,1.3,13.2,25.2,0.0,1.7,1.7,0.027,-0.3,-1.8,-2.1,-0.1
Antonio Davis,davisan01,IND,PF,28,82,2335,13.8,0.536,0.022,0.565,9.9,20.5,15.3,4.8,1.0,2.9,15.0,18.6,1.7,3.4,5.2,0.106,-1.4,0.1,-1.3,0.4
Antonio Harvey,harvean01,SEA,PF,26,6,26,23.2,0.55,0.0,0.545,9.3,37.0,23.2,6.8,0.0,13.2,6.8,25.7,0.1,0.1,0.1,0.27,-3.0,2.9,-0.1,0.0
Antonio Lang,langan02,CLE,PF,24,64,843,8.0,0.467,0.037,0.296,7.9,11.8,9.8,6.5,2.3,3.2,21.4,13.8,-0.6,1.4,0.8,0.048,-5.0,1.6,-3.4,-0.3
Antonio McDyess,mcdyean01,DEN,PF,22,74,2565,15.5,0.509,0.03,0.334,7.0,16.8,11.9,7.8,1.3,3.4,13.0,26.6,0.0,1.8,1.8,0.034,-1.9,-0.9,-2.8,-0.5
Armen Gilliam,gilliar01,MIL,PF,32,80,2050,13.6,0.543,0.0,0.496,8.2,21.5,14.8,4.1,1.6,1.5,14.2,16.8,1.9,2.2,4.1,0.097,-1.5,-0.2,-1.7,0.2
Arvydas Sabonis,sabonar01,POR,C,32,69,1762,21.8,0.592,0.201,0.436,7.9,28.3,18.4,14.6,1.9,3.7,16.1,23.9,3.7,3.9,7.5,0.205,2.6,2.7,5.3,3.2
Ashraf Amaya,amayaas01,WSB,PF,25,31,144,8.8,0.382,0.025,0.7,15.7,26.4,21.1,2.9,2.5,1.6,16.0,19.4,-0.2,0.3,0.1,0.019,-6.2,-0.9,-7.1,-0.2
Avery Johnson,johnsav01,SAS,PG,31,76,2472,15.0,0.517,0.038,0.296,1.5,5.8,3.6,35.5,2.1,0.5,15.9,17.3,3.4,0.0,3.4,0.066,0.2,-1.3,-1.1,0.6
B.J. Armstrong,armstbj01,GSW,PG,29,49,1020,12.9,0.538,0.275,0.242,0.8,7.8,4.3,20.3,1.3,0.2,12.8,18.1,1.4,-0.1,1.3,0.061,-0.5,-1.8,-2.3,-0.1
Ben Davis,davisbe01,PHO,PF,24,20,98,9.4,0.417,0.0,0.769,14.4,17.8,16.1,0.0,2.1,0.8,7.9,17.4,0.0,0.1,0.1,0.037,-4.4,-2.2,-6.6,-0.1
Ben Wallace,wallabe01,WSB,PF,22,34,197,6.0,0.347,0.0,0.435,15.1,19.3,17.2,1.4,2.1,4.2,24.7,16.6,-0.6,0.3,-0.2,-0.052,-7.6,-0.7,-8.3,-0.3
Benoit Benjamin,benjabe01,TOR,C,32,4,44,8.9,0.472,0.0,0.333,7.8,16.5,12.0,3.7,1.2,0.0,12.7,16.0,0.0,0.0,0.0,0.033,-3.8,-1.6,-5.4,0.0
Bill Wennington,wennibi01,CHI,C,33,61,783,11.2,0.538,0.008,0.224,6.7,11.8,9.3,7.7,0.7,1.1,10.6,16.6,1.1,0.9,2.0,0.124,-3.2,-0.1,-3.3,-0.3
Billy Owens,owensbi01,SAC,SF,27,66,1995,13.6,0.514,0.113,0.227,7.8,15.2,11.5,15.5,1.6,0.9,15.9,18.8,1.2,1.7,2.8,0.069,-0.3,-0.2,-0.5,0.7
Bimbo Coles,colesbi01,GSW,PG,28,51,1183,9.5,0.463,0.325,0.156,3.9,7.9,5.9,19.4,1.5,0.5,15.0,14.9,0.4,0.0,0.5,0.019,-2.0,-1.2,-3.2,-0.3
Bison Dele,delebi01,CHI,C,27,9,138,13.7,0.453,0.0,0.238,11.6,15.3,13.5,13.5,1.2,2.7,13.6,26.1,0.0,0.2,0.2,0.073,-3.6,-1.3,-4.9,-0.1
Blue Edwards,edwarbl01,VAN,SF,31,61,1439,10.0,0.472,0.194,0.238,3.9,11.5,7.6,13.5,1.4,1.1,13.8,18.9,-0.4,0.3,-0.1,-0.003,-3.2,-1.6,-4.8,-1.0
Bo Outlaw,outlabo01,LAC,PF,25,82,2195,16.3,0.602,0.019,0.556,8.9,15.4,12.1,11.3,2.3,5.1,17.1,12.7,3.2,2.8,6.1,0.133,0.3,2.5,2.8,2.6
Bob Sura,surabo01,CLE,SG,23,82,2269,14.8,0.519,0.279,0.543,4.3,13.5,8.8,30.2,2.3,1.3,19.9,20.0,1.6,3.7,5.2,0.111,0.1,1.6,1.7,2.1
Bobby Hurley,hurlebo01,SAC,PG,25,49,632,10.4,0.482,0.36,0.424,1.6,5.4,3.5,33.8,2.3,0.4,27.1,14.4,0.1,0.3,0.4,0.031,-2.1,-1.1,-3.2,-0.2
Bobby Phills,phillbo01,CLE,SG,27,69,2375,13.9,0.514,0.282,0.227,3.4,10.1,6.7,18.1,2.8,0.8,13.8,20.6,1.3,3.7,5.0,0.101,-0.3,1.5,1.1,1.9
Brad Lohaus,lohaubr01,TOR,PF,32,6,45,2.4,0.333,0.467,0.0,2.5,16.1,9.1,3.5,1.2,0.0,6.3,15.9,-0.1,0.0,-0.1,-0.053,-6.3,-1.7,-8.0,-0.1
Brent Barry,barrybr01,LAC,SG,25,59,1094,15.0,0.526,0.456,0.245,3.1,8.9,5.9,23.1,2.5,1.1,15.3,20.3,1.2,0.9,2.1,0.09,0.6,-0.2,0.4,0.7
Brent Price,pricebr01,HOU,PG,28,25,390,12.0,0.551,0.505,0.2,3.1,5.4,4.3,25.6,2.3,0.0,21.9,17.1,0.4,0.4,0.7,0.092,-1.1,-0.3,-1.4,0.1
Brent Scott,scottbr01,IND,PF,25,16,55,7.0,0.484,0.0,0.353,6.6,12.8,9.8,9.6,1.0,1.5,16.9,19.9,0.0,0.1,0.0,0.019,-6.5,0.2,-6.4,-0.1
Brett Szabo,szabobr01,BOS,C,28,70,662,8.8,0.517,0.008,0.504,9.0,20.5,14.3,3.7,1.2,3.6,21.7,12.2,0.0,0.5,0.4,0.031,-5.4,-0.6,-6.0,-0.7
Brian Evans,evansbr01,ORL,SF,23,14,59,11.7,0.455,0.364,0.0,1.9,14.3,8.0,20.5,0.9,2.6,8.3,18.7,0.0,0.1,0.1,0.07,0.1,0.6,0.7,0.0
Brian Grant,grantbr01,SAC,PF,24,24,607,14.5,0.511,0.0,0.435,9.3,18.1,13.6,7.6,1.7,3.1,15.1,21.5,0.3,0.7,1.0,0.075,-2.2,-0.4,-2.6,-0.1
Brian Shaw,shawbr01,ORL,PG,30,77,1867,10.4,0.478,0.376,0.271,2.9,9.5,6.1,27.8,1.9,1.1,22.7,18.5,-0.6,1.7,1.1,0.029,-2.2,0.0,-2.2,-0.1
Brooks Thompson,thompbr01,"UTA,DEN",PG,26,67,1055,13.6,0.526,0.601,0.094,2.0,8.3,5.2,29.3,2.7,0.1,17.1,21.6,0.6,0.5,1.1,0.051,-0.2,-1.0,-1.2,0.2
Bruce Bowen,bowenbr01,MIA,SF,25,1,1,37.7,,,,0.0,0.0,0.0,0.0,0.0,77.8,,0.0,0.0,0.0,0.0,0.321,36.8,60.7,97.4,0.0
Bryant Reeves,reevebr01,VAN,C,23,75,2777,14.4,0.523,0.011,0.3,7.2,18.5,12.8,10.8,0.6,1.8,13.1,22.3,1.4,1.0,2.4,0.042,-1.8,-2.2,-4.0,-1.4
Bryant Stith,stithbr01,DEN,SG,26,52,1788,14.4,0.548,0.302,0.388,4.8,9.0,6.9,12.5,1.7,0.8,12.5,20.2,2.5,0.5,3.0,0.08,0.6,-0.6,0.0,0.9
Bryon Russell,russebr01,UTA,SF,26,81,2525,13.7,0.6,0.426,0.394,4.1,11.8,8.2,7.3,2.7,0.9,11.4,15.1,3.9,3.4,7.4,0.14,0.7,1.2,1.9,2.5
Buck Williams,willibu01,NYK,PF,36,74,1496,13.9,0.574,0.003,0.549,13.8,17.9,15.9,5.8,1.4,2.1,16.3,14.9,2.1,2.8,4.8,0.155,-1.0,1.1,0.1,0.8
Byron Scott,scottby01,LAL,SG,35,79,1440,13.5,0.59,0.496,0.398,1.7,7.6,4.7,10.7,1.7,0.8,10.6,15.5,2.8,1.3,4.1,0.137,0.6,0.4,1.0,1.1
Calbert Cheaney,cheanca01,WSB,SG,25,79,2411,11.1,0.53,0.041,0.188,3.4,9.5,6.5,7.2,1.7,0.6,10.6,16.5,1.6,2.2,3.9,0.077,-2.6,0.1,-2.5,-0.3
Carl Herrera,herreca01,SAS,PF,30,75,1837,10.6,0.463,0.01,0.199,7.4,15.0,11.1,4.7,1.9,2.3,12.8,18.7,-0.8,0.9,0.1,0.002,-4.0,-1.0,-5.0,-1.4
Carl Thomas,thomaca01,CLE,SG,27,19,77,8.5,0.43,0.5,0.042,5.0,17.2,11.0,18.4,1.5,1.2,19.7,19.8,-0.1,0.1,0.0,0.004,-3.9,1.0,-3.0,0.0
Carlos Rogers,rogerca01,TOR,PF,25,56,1397,17.0,0.575,0.163,0.421,9.8,15.9,12.7,4.6,1.6,3.9,10.0,17.0,2.6,1.4,4.0,0.138,0.8,0.1,0.9,1.0
Cedric Ceballos,cebalce01,"LAL,PHO",SF,27,50,1426,16.2,0.522,0.165,0.301,8.4,18.5,13.5,7.6,1.2,1.2,10.8,24.7,1.1,1.3,2.4,0.082,-0.1,-1.7,-1.8,0.1
Charles Barkley,barklch01,HOU,PF,33,53,2009,23.0,0.581,0.296,0.6,12.9,27.7,20.7,20.6,1.8,0.9,14.7,23.2,5.7,3.7,9.4,0.224,4.5,1.2,5.7,3.9
Charles Jones,jonesch01,HOU,PF,39,12,93,6.3,0.4,0.0,0.0,6.6,9.5,8.1,4.3,1.1,3.2,0.0,2.4,0.1,0.1,0.2,0.09,-2.7,1.6,-1.1,0.0
Charles Oakley,oaklech01,NYK,PF,33,80,2873,14.2,0.545,0.027,0.323,10.6,21.6,16.3,12.7,2.0,0.6,17.7,15.4,3.1,5.8,8.9,0.149,-0.4,2.1,1.7,2.7
Charles Smith,smithch01,SAS,PF,31,19,329,10.6,0.461,0.012,0.31,6.3,17.7,11.8,6.9,2.2,5.3,18.7,16.6,-0.3,0.3,0.0,0.003,-5.0,1.4,-3.6,-0.1
Charlie Ward,wardch01,NYK,PG,26,79,1763,11.1,0.522,0.457,0.371,3.2,11.5,7.5,28.4,2.5,0.7,27.3,14.1,0.6,3.1,3.6,0.099,-1.8,2.2,0.4,1.1
Cherokee Parks,parksch02,MIN,PF,24,76,961,12.7,0.535,0.005,0.376,10.3,13.7,12.0,5.6,2.3,3.8,12.0,12.7,1.0,1.2,2.2,0.112,-2.5,1.4,-1.1,0.2
Chris Carr,carrch01,MIN,SG,22,55,830,13.3,0.556,0.325,0.269,4.4,11.6,8.0,9.8,1.5,0.9,10.9,18.8,1.0,0.6,1.7,0.096,-0.6,-0.3,-0.9,0.2
Chris Childs,childch01,NYK,PG,29,65,2076,11.2,0.526,0.355,0.292,1.3,9.4,5.5,30.7,2.0,0.4,23.8,16.8,0.8,3.2,3.9,0.091,-1.4,1.0,-0.3,0.9
Chris Dudley,dudlech02,POR,C,31,81,1840,10.1,0.449,0.0,0.468,13.5,24.4,19.1,3.2,1.1,4.0,18.5,10.6,0.0,3.4,3.5,0.091,-2.9,1.1,-1.9,0.0
Chris Gatling,gatlich01,"DAL,NJN",PF,29,47,1283,23.9,0.58,0.01,0.528,11.9,21.7,16.7,4.7,1.6,1.9,13.5,31.7,2.4,1.5,3.9,0.145,2.5,-1.6,0.8,0.9
Chris Jent,jentch01,NYK,SF,27,3,10,16.0,0.5,0.5,0.0,12.4,0.0,6.0,19.0,0.0,0.0,0.0,27.6,0.0,0.0,0.0,0.194,3.8,-4.1,-0.2,0.0
Chris Mills,millsch01,CLE,SF,27,80,3167,14.1,0.544,0.246,0.234,4.8,15.8,10.2,11.3,1.6,1.2,10.9,17.5,4.1,4.7,8.9,0.134,0.3,0.8,1.1,2.5
Chris Morris,morrich01,UTA,SF,31,73,977,9.7,0.486,0.378,0.181,5.0,15.1,10.3,6.6,1.6,2.1,12.2,17.5,-0.1,1.3,1.2,0.059,-2.6,-0.1,-2.6,-0.2
Chris Mullin,mullich01,GSW,SF,33,79,2733,17.6,0.645,0.255,0.269,3.3,10.5,6.9,19.9,2.5,0.9,17.8,17.6,6.0,1.1,7.1,0.124,2.4,0.4,2.8,3.3
Chris Robinson,robinch01,VAN,SG,22,41,681,9.4,0.486,0.489,0.143,3.9,8.3,6.1,15.6,2.2,1.0,14.9,15.5,0.0,0.2,0.2,0.017,-2.8,-0.6,-3.3,-0.2
Chris Webber,webbech01,WSB,PF,23,72,2806,21.8,0.554,0.129,0.268,10.1,20.8,15.5,19.9,2.3,3.7,15.0,24.6,4.3,5.0,9.3,0.159,3.1,2.2,5.3,5.1
Chris Whitney,whitnch01,WSB,PG,25,82,1117,15.2,0.566,0.494,0.342,1.4,9.4,5.4,23.8,2.3,0.3,15.2,18.0,2.0,1.2,3.2,0.137,0.7,0.7,1.5,1.0
Christian Laettner,laettch01,ATL,PF,27,82,3140,19.1,0.562,0.078,0.39,8.2,18.9,13.7,13.3,1.8,1.6,14.2,23.1,6.1,5.4,11.6,0.177,1.4,1.0,2.5,3.5
Chucky Brown,brownch01,"PHO,MIL",SF,28,70,757,11.3,0.552,0.039,0.455,6.6,17.1,11.9,5.7,0.6,2.2,9.3,12.4,1.0,0.6,1.6,0.101,-1.6,0.0,-1.6,0.1
Clarence Weatherspoon,weathcl01,PHI,SF,26,82,2949,14.2,0.537,0.007,0.344,7.9,17.4,12.5,7.6,1.3,2.1,12.8,15.3,3.4,1.6,5.0,0.081,-0.6,-0.6,-1.2,0.6
Clifford Robinson,robincl02,POR,SF,30,81,3077,13.1,0.519,0.336,0.296,3.6,8.7,6.2,13.9,1.7,1.7,12.7,19.8,2.9,3.7,6.6,0.103,0.0,0.5,0.6,2.0
Clifford Rozier,roziecl01,"GSW,TOR",C,24,42,737,14.5,0.471,0.011,0.351,15.7,21.6,18.6,6.8,1.7,4.8,12.6,14.0,0.6,1.0,1.6,0.102,-1.9,0.2,-1.7,0.1
Clyde Drexler,drexlcl01,HOU,SG,34,62,2271,19.9,0.548,0.373,0.298,6.3,12.4,9.5,26.4,2.7,1.2,13.3,23.5,4.8,3.4,8.1,0.172,3.4,1.5,4.8,3.9
Corie Blount,blounco01,LAL,PF,28,58,1009,11.9,0.559,0.017,0.464,12.9,18.3,15.6,5.2,1.1,2.0,18.8,11.8,1.1,1.4,2.5,0.117,-2.2,0.1,-2.1,0.0
Corliss Williamson,willico02,SAC,SF,23,79,1992,14.3,0.535,0.004,0.337,8.1,11.1,9.5,10.9,1.6,1.9,15.5,22.8,1.2,1.5,2.7,0.064,-1.6,-0.8,-2.3,-0.2
Cory Alexander,alexaco01,SAS,PG,23,80,1454,14.3,0.528,0.514,0.263,2.3,8.0,5.1,30.0,3.1,0.9,21.1,22.2,0.5,0.6,1.1,0.035,0.3,-0.8,-0.6,0.5
Craig Ehlo,ehlocr01,SEA,SG,35,62,848,7.6,0.412,0.383,0.105,5.6,10.1,7.8,12.3,2.3,0.4,14.8,16.4,-0.7,1.0,0.3,0.018,-3.3,0.1,-3.2,-0.2
Cuonzo Martin,marticu01,MIL,SG,25,3,13,-19.9,0.0,0.286,0.0,9.5,0.0,4.7,10.2,0.0,0.0,12.5,28.5,-0.2,0.0,-0.2,-0.621,-17.8,-11.1,-28.9,-0.1
Dale Davis,davisda01,IND,PF,27,80,2589,15.1,0.532,0.0,0.313,14.1,21.4,17.8,4.0,1.2,2.4,12.1,15.9,2.7,4.0,6.7,0.124,0.2,-0.3,-0.1,1.2
Dale Ellis,ellisda01,DEN,SF,36,82,2940,12.9,0.537,0.459,0.228,3.9,7.4,5.7,9.8,1.1,0.2,10.3,21.5,3.2,0.0,3.1,0.051,0.4,-2.3,-1.9,0.0
Damon Stoudamire,stoudda01,TOR,PG,23,81,3311,18.1,0.516,0.353,0.285,3.0,8.9,5.8,38.2,2.0,0.3,15.4,25.3,5.8,1.8,7.6,0.11,3.4,-1.6,1.8,3.1
Dan Majerle,majerda01,MIA,SF,31,36,1264,13.2,0.523,0.579,0.17,4.3,10.8,7.6,15.3,2.3,0.9,11.8,15.7,1.4,2.1,3.5,0.133,1.0,2.3,3.3,1.7
Dana Barros,barroda01,BOS,PG,29,24,708,14.0,0.552,0.415,0.17,0.8,7.6,3.9,18.6,1.8,0.6,12.5,18.8,0.9,0.1,1.0,0.065,1.6,-0.6,1.0,0.5
Danny Ferry,ferryda01,CLE,PF,30,82,2633,11.7,0.523,0.358,0.11,4.0,12.8,8.3,10.4,1.2,1.1,10.1,17.6,2.2,3.4,5.6,0.102,-0.6,0.2,-0.4,1.0
Danny Manning,mannida01,PHO,PF,30,77,2134,17.9,0.574,0.045,0.316,7.5,18.0,12.8,13.7,2.0,2.6,15.1,22.5,2.8,2.4,5.2,0.117,0.1,0.9,1.0,1.6
Danny Schayes,schayda01,ORL,PF,37,45,540,9.3,0.465,0.008,0.433,8.7,18.7,13.6,4.1,1.5,2.3,15.9,14.5,-0.1,0.7,0.6,0.055,-4.7,0.1,-4.6,-0.4
Darrell Armstrong,armstda01,ORL,PG,28,67,1010,14.7,0.525,0.525,0.307,4.0,4.9,4.4,29.7,3.3,0.7,20.2,22.4,0.7,1.1,1.8,0.085,0.5,0.7,1.1,0.8
Darrick Martin,martida01,LAC,PG,25,82,1820,16.9,0.539,0.326,0.348,1.6,5.8,3.6,31.6,1.6,0.1,13.3,23.4,3.9,0.7,4.6,0.121,2.2,-1.7,0.5,1.1
Darrin Hancock,hancoda01,"MIL,ATL,SAS",SF,25,24,133,11.9,0.51,0.0,0.4,3.7,12.4,8.1,15.0,3.7,0.6,21.1,18.4,0.0,0.2,0.2,0.062,-4.4,1.2,-3.2,0.0
Darvin Ham,hamda01,"DEN,IND",SF,23,36,318,8.5,0.536,0.0,0.565,10.5,9.6,10.0,6.9,1.5,1.7,22.1,14.0,0.0,0.1,0.1,0.018,-4.3,-0.2,-4.5,-0.2
David Robinson,robinda01,SAS,C,31,6,147,31.0,0.559,0.0,0.722,15.0,27.0,20.8,11.5,2.2,3.3,7.8,32.6,0.5,0.2,0.7,0.227,6.8,-0.7,6.1,0.3
David Vaughn,vaughda02,ORL,PF,23,35,298,10.3,0.475,0.0,0.417,13.4,24.2,18.7,3.8,1.5,3.9,25.4,17.7,-0.4,0.5,0.1,0.019,-5.9,0.7,-5.1,-0.2
David Wesley,wesleda01,BOS,PG,26,74,2991,16.5,0.563,0.294,0.296,2.4,8.2,5.1,29.1,2.7,0.3,16.1,18.8,5.0,1.1,6.1,0.097,1.1,-0.6,0.6,1.9
David Wingate,wingada01,SEA,SG,33,65,929,9.3,0.509,0.332,0.187,3.0,6.6,4.8,13.0,2.5,0.5,13.8,13.2,0.6,1.1,1.7,0.087,-2.8,0.9,-1.8,0.0
David Wood,woodda01,MIL,PF,32,46,240,10.2,0.621,0.395,0.474,2.6,11.2,6.9,8.1,1.6,1.9,11.6,10.0,0.4,0.2,0.5,0.11,-1.4,1.6,0.1,0.1
Dean Garrett,garrede01,MIN,C,30,68,1665,17.7,0.603,0.0,0.355,10.7,24.4,17.6,3.8,1.3,4.3,7.0,13.3,3.7,2.5,6.2,0.179,0.4,0.6,1.0,1.3
Dee Brown,brownde01,BOS,PG,28,21,522,11.3,0.455,0.392,0.133,1.6,9.6,5.3,19.6,3.0,1.0,12.0,16.4,0.1,0.3,0.3,0.03,-1.7,0.7,-1.0,0.1
Dell Curry,curryde01,CHO,SG,32,68,2078,15.0,0.561,0.354,0.17,2.4,9.7,6.1,10.0,1.6,0.5,9.4,22.5,2.8,1.0,3.8,0.089,1.2,-1.2,0.0,1.0
Dell Demps,dempsde01,ORL,SG,26,2,10,1.9,0.258,0.333,0.667,0.0,0.0,0.0,0.0,5.4,0.0,0.0,17.9,0.0,0.0,0.0,-0.07,-7.0,2.9,-4.2,0.0
Dennis Rodman,rodmade01,CHI,PF,35,55,1947,13.9,0.479,0.066,0.308,18.9,32.2,25.6,11.4,0.9,0.7,25.5,10.0,2.0,4.0,6.0,0.148,0.2,0.3,0.5,1.2
Dennis Scott,scottde01,ORL,SF,28,66,2166,12.4,0.519,0.498,0.135,2.1,9.1,5.5,11.1,1.9,0.7,9.3,18.6,2.0,1.8,3.8,0.084,0.2,-0.1,0.0,1.1
Derek Fisher,fishede01,LAL,PG,22,80,921,11.0,0.491,0.279,0.458,3.1,8.8,6.0,20.1,2.3,0.4,18.4,18.8,0.0,1.0,1.1,0.056,-2.9,0.2,-2.7,-0.1
Derek Harper,harpede01,DAL,PG,35,75,2210,12.9,0.516,0.261,0.19,1.6,5.7,3.6,25.3,2.2,0.4,15.3,17.9,1.5,1.2,2.7,0.058,-0.9,-0.5,-1.4,0.3
Derek Strong,stronde01,ORL,PF,28,82,2004,13.6,0.513,0.022,0.372,9.9,20.7,15.2,6.2,1.3,0.8,13.0,18.0,1.7,2.4,4.1,0.099,-1.8,-0.7,-2.5,-0.3
Derrick Alston,alstode01,ATL,C,24,2,11,-9.0,0.0,0.0,0.4,33.3,10.6,21.7,0.0,0.0,0.0,0.0,25.2,-0.1,0.0,-0.1,-0.415,-9.5,-12.1,-21.6,-0.1
Derrick Coleman,colemde01,PHI,PF,29,57,2102,17.3,0.518,0.142,0.437,7.9,22.1,14.9,15.7,1.2,2.6,15.6,23.7,1.8,1.6,3.3,0.076,0.8,-0.1,0.7,1.5
Derrick McKey,mckeyde01,IND,SF,30,50,1449,10.6,0.462,0.153,0.325,6.7,13.0,9.9,15.2,1.7,1.7,16.1,16.5,0.0,1.8,1.8,0.061,-1.7,1.1,-0.6,0.5
Detlef Schrempf,schrede01,SEA,SF,34,61,2192,18.3,0.592,0.222,0.436,4.8,16.9,10.9,20.4,1.5,0.6,14.8,21.1,5.1,2.9,8.0,0.174,2.9,0.4,3.3,2.9
Devin Gray,grayde01,"SAC,SAS",PF,24,6,49,4.6,0.319,0.0,0.192,14.2,19.5,16.8,6.4,4.4,0.0,15.1,31.1,-0.3,0.1,-0.2,-0.179,-12.0,-3.2,-15.2,-0.2
Dexter Boney,boneyde01,PHO,SG,26,8,48,10.2,0.422,0.316,0.421,7.3,7.2,7.3,0.0,2.1,1.5,4.3,22.1,0.0,0.0,0.0,0.013,-4.0,-2.1,-6.1,0.0
Dickey Simpkins,simpkdi01,CHI,PF,24,48,395,6.5,0.411,0.043,0.43,10.5,15.8,13.2,10.4,0.7,1.0,24.0,16.4,-0.5,0.5,0.1,0.006,-5.6,-1.3,-6.9,-0.5
Dikembe Mutombo,mutomdi01,ATL,C,30,80,2973,19.0,0.584,0.0,0.602,11.0,25.9,18.6,6.4,0.9,7.0,16.9,17.4,4.7,6.6,11.3,0.183,0.3,2.4,2.6,3.5
Dino Radja,radjadi01,BOS,C,29,25,874,12.6,0.471,0.003,0.209,5.4,23.8,13.9,9.2,1.3,4.1,15.9,21.6,-0.9,0.7,-0.2,-0.01,-2.9,0.1,-2.8,-0.2
Dominique Wilkins,wilkido01,SAS,SF,37,63,1945,19.6,0.517,0.251,0.367,10.1,14.9,12.4,11.9,1.1,1.3,10.9,29.7,3.1,0.3,3.4,0.083,3.3,-3.0,0.3,1.1
Don MacLean,macledo01,PHI,SF,27,37,733,14.4,0.493,0.104,0.266,5.9,15.1,10.4,9.4,0.8,1.0,10.3,26.2,0.3,0.2,0.5,0.031,-1.3,-2.6,-4.0,-0.4
Don Reid,reiddo01,DET,PF,23,47,462,11.1,0.523,0.009,0.286,9.9,17.1,13.6,5.1,2.0,2.7,15.4,16.0,0.3,0.8,1.0,0.109,-5.3,1.0,-4.3,-0.3
Donald Royal,royaldo01,"ORL,GSW,CHO",SF,30,62,858,9.1,0.552,0.014,0.801,7.3,14.1,10.7,4.3,1.4,1.0,19.2,12.9,0.6,0.4,1.0,0.054,-3.3,-1.0,-4.3,-0.5
Donald Whiteside,whitedo01,TOR,PG,27,27,259,7.6,0.479,0.655,0.273,0.9,4.7,2.7,21.0,2.3,0.0,21.6,13.6,0.0,0.1,0.1,0.02,-3.0,-0.6,-3.6,-0.1
Donnie Boyce,boycedo01,ATL,SG,23,22,154,7.0,0.378,0.254,0.349,5.5,6.1,5.8,14.7,3.6,2.0,18.0,27.2,-0.5,0.3,-0.3,-0.081,-6.8,0.5,-6.3,-0.2
Donny Marshall,marshdo02,CLE,SF,24,56,548,9.1,0.476,0.544,0.338,5.2,11.6,8.3,7.5,2.5,0.5,14.8,19.7,-0.2,0.8,0.6,0.053,-2.6,0.3,-2.3,0.0
Dontonio Wingfield,wingfdo01,POR,SF,22,47,569,11.6,0.501,0.399,0.207,13.5,15.0,14.3,12.8,1.3,0.8,18.9,20.5,0.2,0.7,0.9,0.079,-2.0,-0.2,-2.2,0.0
Donyell Marshall,marshdo01,GSW,SF,23,61,1022,15.6,0.478,0.264,0.233,10.7,21.4,16.0,9.1,1.3,3.5,10.6,22.6,0.5,0.8,1.3,0.059,0.0,-1.1,-1.1,0.2
Doug Christie,chrisdo01,TOR,SG,26,81,3127,15.1,0.543,0.404,0.322,3.1,13.4,8.1,16.7,3.4,1.1,15.6,18.4,3.3,3.6,7.0,0.107,0.0,1.7,1.7,2.9
Doug Overton,overtdo01,PHI,PG,27,61,634,13.2,0.514,0.211,0.253,3.0,8.8,5.8,25.2,1.9,0.0,15.6,16.7,0.7,0.1,0.9,0.065,-1.4,-1.1,-2.6,-0.1
Doug West,westdo01,MIN,SG,29,68,1920,8.5,0.505,0.093,0.194,2.3,6.8,4.6,9.4,1.7,0.9,11.2,14.1,0.5,1.2,1.7,0.042,-3.9,0.3,-3.6,-0.8
Duane Causwell,causwdu01,SAC,C,28,46,581,8.9,0.535,0.032,0.394,11.3,14.2,12.7,5.1,1.4,4.9,23.6,11.1,0.1,0.6,0.7,0.06,-5.2,1.6,-3.6,-0.2
Duane Ferrell,ferredu01,IND,SF,31,62,1115,11.6,0.521,0.131,0.279,6.2,8.8,7.5,10.3,1.8,0.4,12.7,18.0,0.7,1.1,1.9,0.081,-1.3,0.4,-0.9,0.3
Dwayne Schintzius,schindw01,LAC,C,28,15,116,8.1,0.43,0.056,0.222,8.7,13.6,11.1,5.4,0.5,6.1,15.0,17.9,-0.1,0.1,0.0,0.002,-6.1,0.1,-6.0,-0.1
Earl Cureton,curetea01,TOR,PF,39,9,46,4.9,0.376,0.0,0.375,9.9,13.1,11.5,13.1,0.0,0.0,9.7,10.0,0.0,0.0,0.0,0.026,-5.0,-0.9,-5.9,0.0
Ed O'Bannon,obanned01,"NJN,DAL",SF,24,64,809,9.0,0.399,0.251,0.125,6.4,14.0,10.1,7.7,1.9,1.1,6.4,16.9,-0.2,0.6,0.4,0.024,-3.3,-0.3,-3.6,-0.3
Ed Pinckney,pincked01,MIA,PF,33,27,273,11.4,0.611,0.0,0.581,11.1,17.1,14.1,3.5,1.6,2.6,26.0,12.6,0.2,0.5,0.7,0.121,-2.8,1.0,-1.7,0.0
Eddie Johnson,johnsed03,"IND,HOU",SF,37,52,913,13.4,0.541,0.362,0.188,3.6,13.7,8.8,10.0,0.9,0.2,10.7,22.0,0.9,0.9,1.8,0.093,-0.5,-1.3,-1.8,0.0
Eddie Jones,jonesed02,LAL,SG,25,80,2998,17.3,0.559,0.36,0.312,3.5,8.9,6.2,15.0,3.3,1.2,12.1,20.9,5.3,4.3,9.6,0.154,1.5,1.9,3.3,4.0
Elden Campbell,campbel01,LAL,PF,28,77,2516,16.8,0.52,0.004,0.393,9.5,18.3,14.0,8.6,1.0,3.5,10.5,22.0,3.4,3.6,7.0,0.134,-0.6,0.0,-0.6,0.8
Eldridge Recasner,recasel01,ATL,SG,29,71,1207,11.5,0.539,0.4,0.166,3.5,7.7,5.7,13.3,1.7,0.3,14.8,17.2,1.2,1.3,2.5,0.099,-0.9,0.2,-0.7,0.4
Elliot Perry,perryel01,MIL,PG,27,82,1595,15.2,0.557,0.299,0.231,1.8,7.6,4.8,25.1,3.3,0.1,18.0,17.9,1.8,1.4,3.2,0.096,0.2,0.8,1.0,1.2
Elmer Bennett,benneel01,"HOU,DEN",PG,26,9,75,5.8,0.47,0.474,0.526,0.0,6.0,3.1,22.3,2.8,0.0,29.9,20.0,-0.2,0.0,-0.1,-0.075,-6.7,-1.4,-8.1,-0.1
Elmore Spencer,spencel01,SEA,C,27,1,5,-7.3,0.0,0.0,0.0,0.0,0.0,0.0,0.0,10.6,0.0,50.0,18.3,-0.1,0.0,0.0,-0.366,-12.2,1.1,-11.1,0.0
Emanual Davis,davisem01,HOU,PG,28,13,230,9.7,0.565,0.5,0.148,1.1,9.6,5.5,17.1,2.1,0.7,22.8,14.7,0.0,0.3,0.3,0.063,-1.8,1.2,-0.6,0.0
Ennis Whatley,whatlen01,POR,PG,34,3,22,5.1,0.5,0.0,0.0,0.0,15.7,8.1,20.5,0.0,0.0,20.0,10.2,0.0,0.0,0.0,0.063,-8.3,-0.7,-9.0,0.0
Eric Leckner,leckner01,"CHO,VAN",C,30,20,126,4.9,0.444,0.0,0.364,4.6,29.0,16.6,6.4,1.3,1.2,20.7,17.8,-0.3,0.1,-0.1,-0.045,-10.1,-1.2,-11.3,-0.3
Eric Mobley,mobleer01,VAN,C,26,28,307,6.3,0.472,0.0,0.476,11.2,10.7,11.0,7.3,0.9,2.5,27.6,15.9,-0.4,0.0,-0.4,-0.063,-6.5,-1.9,-8.4,-0.5
Eric Montross,montrer01,"DAL,NJN",C,25,78,1828,8.8,0.45,0.0,0.178,10.5,21.5,15.8,5.2,0.6,3.1,17.0,11.0,-0.3,1.6,1.4,0.036,-4.3,-0.4,-4.8,-1.3
Eric Murdock,murdoer01,DEN,PG,28,12,114,18.1,0.588,0.303,0.364,1.0,9.9,5.5,34.8,4.1,1.2,22.3,19.3,0.2,0.1,0.3,0.122,1.8,3.7,5.5,0.2
Eric Piatkowski,piatker01,LAC,SG,26,65,747,18.2,0.579,0.403,0.282,7.4,9.1,8.2,12.2,2.3,1.0,12.1,22.8,1.7,0.6,2.3,0.146,3.2,-0.2,3.0,1.0
Eric Snow,snower01,SEA,PG,23,67,775,12.5,0.515,0.091,0.402,2.7,8.2,5.5,31.0,2.5,0.3,19.9,14.2,1.0,0.9,1.9,0.117,-1.9,0.9,-1.1,0.2
Eric Williams,willier01,BOS,SG,24,72,2435,13.3,0.533,0.01,0.532,5.5,10.4,7.8,8.6,1.5,0.4,12.1,20.3,2.5,0.3,2.9,0.056,-1.1,-1.9,-3.0,-0.6
Erick Dampier,dampier01,IND,C,21,72,1052,11.8,0.451,0.003,0.5,11.1,22.1,16.7,6.9,1.0,5.6,17.0,21.7,-1.0,1.9,0.9,0.04,-4.4,0.7,-3.7,-0.4
Erick Strickland,stricer01,DAL,SG,23,28,759,11.0,0.51,0.359,0.313,3.2,10.7,6.9,15.6,1.9,0.5,18.5,21.6,-0.2,0.5,0.3,0.017,-2.5,-0.3,-2.8,-0.2
Ervin Johnson,johnser02,DEN,C,29,82,2599,14.3,0.543,0.004,0.334,10.3,29.6,20.0,4.3,1.3,6.0,18.1,11.2,1.4,3.8,5.2,0.096,-2.2,1.8,-0.4,1.1
Evric Gray,grayev01,NJN,SF,27,5,42,2.8,0.388,0.267,0.267,2.4,5.5,3.9,7.2,1.2,0.0,15.2,20.1,-0.1,0.0,-0.1,-0.08,-6.3,-2.9,-9.2,-0.1
Felton Spencer,spencfe01,"ORL,GSW",C,29,73,1558,9.2,0.524,0.0,0.567,11.9,19.8,15.8,2.1,1.1,2.5,19.9,12.7,0.4,0.9,1.3,0.04,-4.5,-1.1,-5.6,-1.4
Frank Brickowski,brickfr01,BOS,PF,37,17,255,6.9,0.512,0.274,0.192,2.5,13.7,7.7,9.1,1.0,1.2,19.4,16.5,-0.2,0.1,-0.1,-0.02,-4.8,-0.8,-5.6,-0.2
Frankie King,kingfr01,PHI,SG,24,7,59,15.0,0.521,0.118,0.294,7.2,18.9,12.9,13.2,3.4,0.0,13.5,15.9,0.1,0.1,0.1,0.113,-1.7,0.3,-1.3,0.0
Fred Hoiberg,hoibefr01,IND,SG,24,47,572,15.9,0.59,0.449,0.494,2.8,14.0,8.4,12.0,2.5,0.9,10.4,17.1,1.3,0.8,2.1,0.175,1.5,2.2,3.7,0.8
Fred Roberts,roberfr01,DAL,PF,36,12,40,12.8,0.52,0.0,0.933,5.7,23.6,14.5,0.0,0.0,2.0,19.1,30.1,0.0,0.0,0.0,-0.015,-4.2,-3.0,-7.1,-0.1
Gary Grant,grantga01,MIA,PG,31,28,365,9.1,0.46,0.418,0.2,2.6,9.6,6.2,20.4,2.4,0.0,18.4,18.9,-0.2,0.6,0.4,0.052,-3.3,1.2,-2.1,0.0
Gary Payton,paytoga01,SEA,PG,28,82,3213,21.8,0.545,0.256,0.24,4.0,10.2,7.1,33.8,3.3,0.3,11.6,26.4,8.2,4.7,12.9,0.193,4.4,1.1,5.5,6.1
Gary Trent,trentga01,POR,PF,22,82,1918,16.8,0.569,0.016,0.34,9.9,16.3,13.2,8.0,1.3,1.4,14.3,21.2,2.9,2.6,5.5,0.139,0.2,-0.1,0.1,1.0
Gaylon Nickerson,nickega01,"SAS,WSB",SG,27,4,42,12.9,0.497,0.167,0.583,2.8,11.6,7.1,3.8,1.2,1.9,6.2,17.7,0.1,0.0,0.1,0.076,-0.6,-0.5,-1.2,0.0
George Lynch,lynchge01,VAN,SF,26,41,1059,15.4,0.512,0.107,0.333,10.6,18.1,14.3,12.3,3.2,1.2,16.1,17.4,0.5,1.0,1.5,0.07,-1.1,0.1,-1.0,0.3
George McCloud,mccloge01,"DAL,LAL",SF,29,64,1493,14.8,0.529,0.439,0.175,2.8,11.2,6.9,13.2,2.2,0.4,8.9,21.0,1.9,1.3,3.2,0.102,0.5,-0.2,0.3,0.9
George Zídek,zidekge01,"CHO,DEN",C,23,52,376,10.2,0.5,0.017,0.483,11.4,15.8,13.6,6.1,0.7,0.6,15.9,21.0,0.1,0.2,0.3,0.034,-4.4,-2.6,-6.9,-0.5
Gerald Wilkins,wilkige01,ORL,SG,33,80,2202,11.2,0.503,0.267,0.25,3.1,6.2,4.6,13.8,1.3,0.4,12.7,20.2,0.9,1.2,2.1,0.046,-1.4,-1.1,-2.5,-0.3
Gheorghe Mureșan,muresgh01,WSB,C,25,73,1849,16.7,0.618,0.0,0.368,9.1,21.2,15.2,2.5,1.2,3.9,15.7,18.1,2.5,2.9,5.3,0.139,-1.1,0.4,-0.7,0.6
Glen Rice,ricegl01,CHO,SF,29,79,3362,19.7,0.605,0.291,0.354,2.5,8.8,5.7,8.8,1.2,0.6,9.2,26.9,9.6,1.2,10.8,0.154,3.9,-2.1,1.8,3.2
Glenn Robinson,robingl01,MIL,SF,24,80,3114,17.5,0.528,0.125,0.253,5.1,14.6,9.9,14.8,1.8,1.6,14.4,27.8,2.0,2.7,4.7,0.072,1.3,-0.7,0.7,2.1
Grant Hill,hillgr01,DET,SF,24,80,3147,25.5,0.556,0.026,0.503,5.0,23.1,14.2,36.0,2.6,1.3,14.4,28.3,8.7,5.9,14.6,0.223,5.4,2.7,8.2,8.0
Grant Long,longgr01,DET,PF,30,65,1166,12.2,0.523,0.171,0.305,9.6,14.0,11.8,5.5,2.1,0.4,13.3,15.3,1.1,1.5,2.6,0.107,-1.0,0.3,-0.6,0.4
Greg Anderson,andergr01,SAS,C,32,82,1659,11.4,0.531,0.004,0.355,11.0,21.8,16.2,3.2,2.1,3.2,19.4,10.5,0.7,1.5,2.2,0.064,-3.6,0.1,-3.5,-0.6
Greg Anthony,anthogr01,VAN,PG,29,65,1863,16.6,0.526,0.469,0.351,1.5,10.0,5.7,36.1,3.8,0.2,18.1,17.8,2.3,1.2,3.5,0.09,0.9,0.5,1.5,1.6
Greg Dreiling,dreilgr01,DAL,C,34,40,389,7.3,0.466,0.014,0.365,5.6,17.3,11.3,4.5,1.1,1.4,9.5,11.2,0.0,0.3,0.4,0.045,-5.4,0.2,-5.1,-0.3
Greg Foster,fostegr01,UTA,C,28,79,920,8.4,0.508,0.012,0.265,8.1,16.8,12.7,5.0,0.6,1.8,16.5,16.5,0.0,1.0,1.0,0.054,-4.4,-1.0,-5.4,-0.8
Greg Graham,grahagr01,SEA,SG,26,28,197,12.6,0.476,0.388,0.5,1.2,6.7,4.0,9.2,3.2,0.4,9.3,25.0,0.0,0.3,0.3,0.065,-3.5,-1.1,-4.6,-0.1
Greg Minor,minorgr01,BOS,SF,25,23,547,13.2,0.519,0.041,0.184,5.9,11.4,8.4,10.4,1.4,0.3,9.4,18.3,0.6,0.1,0.6,0.056,-0.6,-1.4,-2.0,0.0
Greg Ostertag,ostergr01,UTA,C,23,77,1818,15.3,0.561,0.01,0.502,13.1,24.9,19.4,2.2,0.7,7.0,12.9,14.6,2.6,3.3,5.9,0.156,-0.9,0.7,-0.3,0.8
Hakeem Olajuwon,olajuha01,HOU,C,34,78,2852,22.7,0.558,0.011,0.313,7.4,21.0,14.5,16.2,2.1,4.5,14.8,30.4,3.5,5.6,9.1,0.154,1.5,2.0,3.5,3.9
Harvey Grant,grantha01,WSB,PF,31,78,1604,8.8,0.477,0.283,0.124,4.7,13.9,9.3,5.8,1.5,2.2,8.3,10.1,0.8,1.9,2.7,0.081,-2.3,1.4,-0.9,0.4
Haywoode Workman,workmha01,IND,PG,31,4,81,11.0,0.538,0.15,0.05,6.0,4.3,5.2,23.4,2.0,0.0,19.7,14.5,0.1,0.1,0.1,0.076,-1.4,0.7,-0.7,0.0
Henry James,jameshe01,ATL,PF,31,53,945,10.2,0.553,0.592,0.118,3.5,6.7,5.1,3.8,0.6,0.1,8.3,17.5,1.3,0.7,2.0,0.103,-0.4,-1.7,-2.1,-0.1
Herb Williams,willihe01,NYK,PF,38,21,184,7.0,0.408,0.022,0.087,6.1,13.9,10.1,4.3,1.2,2.2,9.5,13.2,-0.1,0.3,0.2,0.051,-4.1,0.6,-3.5,-0.1
Hersey Hawkins,hawkihe01,SEA,SG,30,82,2755,17.6,0.616,0.447,0.371,4.0,10.0,7.0,14.6,3.1,0.4,12.3,17.5,7.0,3.9,10.9,0.19,2.8,1.4,4.2,4.4
Horace Grant,grantho01,ORL,PF,31,67,2496,17.3,0.546,0.009,0.258,9.4,19.0,14.1,11.4,2.2,2.0,11.3,16.1,4.1,3.6,7.7,0.148,1.1,1.3,2.4,2.8
Horacio Llamas,llamaho01,PHO,C,23,20,101,10.5,0.539,0.0,0.286,4.7,16.1,10.4,6.2,5.1,3.7,25.9,19.0,-0.2,0.2,0.0,0.019,-7.8,3.7,-4.1,-0.1
Hot Rod Williams,williho01,PHO,C,34,68,2137,13.8,0.538,0.005,0.476,9.8,20.8,15.4,6.7,1.6,3.1,11.6,12.0,2.8,2.5,5.3,0.119,-0.6,0.6,0.0,1.0
Howard Eisley,eisleho01,UTA,PG,24,82,1083,11.1,0.53,0.234,0.289,2.4,7.0,4.8,27.7,2.2,0.8,24.1,19.6,0.1,1.1,1.2,0.052,-2.0,-0.3,-2.2,-0.1
Hubert Davis,davishu01,TOR,SG,26,36,623,7.4,0.466,0.38,0.125,2.0,5.6,3.8,8.9,0.9,0.3,9.8,15.5,0.0,0.1,0.1,0.01,-3.2,-1.6,-4.9,-0.5
Isaac Austin,austiis01,MIA,C,27,82,1881,14.2,0.536,0.005,0.354,8.7,21.2,15.1,9.9,1.3,1.8,17.9,22.5,0.3,3.7,4.0,0.102,-2.5,0.8,-1.7,0.1
Isaiah Rider,rideris01,POR,SG,25,76,2563,13.8,0.557,0.261,0.266,4.5,9.4,7.0,13.4,0.9,0.6,16.2,23.0,2.6,2.4,5.0,0.093,0.4,-1.1,-0.7,0.9
Ivano Newbill,newbiiv01,ATL,PF,26,72,850,6.7,0.439,0.0,0.571,10.9,17.6,14.3,4.3,1.8,1.4,26.9,8.7,-0.4,1.4,1.1,0.06,-4.5,1.1,-3.4,-0.3
Jack Haley,haleyja01,NJN,C,33,20,74,19.6,0.441,0.0,0.514,17.9,29.5,23.4,11.6,0.7,1.0,4.2,27.3,0.2,0.1,0.2,0.149,-0.2,-3.3,-3.4,0.0
Jalen Rose,roseja01,IND,SF,24,66,1188,13.8,0.541,0.191,0.414,2.8,9.3,6.1,22.9,2.6,1.2,19.4,21.5,0.6,1.5,2.1,0.086,-0.8,1.1,0.3,0.7
Jamal Mashburn,mashbja01,"DAL,MIA",SF,24,69,2164,12.6,0.487,0.373,0.307,3.8,12.2,8.0,16.3,2.0,0.4,11.9,20.6,1.0,2.6,3.6,0.081,-1.0,0.2,-0.8,0.6
James Robinson,robinja02,MIN,PG,26,69,1309,12.7,0.537,0.554,0.237,2.2,7.9,5.1,16.2,1.2,0.5,11.5,21.0,1.3,0.6,1.9,0.071,0.3,-1.4,-1.1,0.3
James Scott,scottja01,MIA,SF,24,8,32,-4.1,0.056,0.5,0.25,3.8,18.2,11.1,13.2,3.4,0.0,18.4,16.0,-0.2,0.1,-0.1,-0.187,-14.0,0.9,-13.1,-0.1
Jamie Feick,feickja01,"CHO,SAS",PF,22,41,624,11.1,0.405,0.089,0.427,15.3,26.3,20.6,6.6,1.4,1.8,14.3,16.2,-0.3,0.5,0.2,0.016,-3.5,-2.3,-5.8,-0.6
Jamie Watson,watsoja01,"UTA,DAL",SF,24,23,340,10.4,0.493,0.167,0.222,6.3,10.1,8.3,15.2,3.5,1.0,23.3,14.0,-0.1,0.4,0.3,0.046,-2.4,2.2,-0.2,0.2
Jaren Jackson,jacksja01,WSB,SG,29,75,1133,10.1,0.52,0.48,0.21,3.2,10.3,6.8,8.3,2.1,1.1,14.3,16.6,0.3,1.3,1.6,0.067,-2.1,0.7,-1.4,0.1
Jason Caffey,caffeja01,CHI,PF,23,75,1405,14.3,0.574,0.003,0.548,11.0,13.1,12.1,9.3,0.9,0.5,16.9,18.3,2.2,1.7,3.9,0.134,-1.2,-1.2,-2.5,-0.2
Jason Kidd,kiddja01,"DAL,PHO",PG,23,55,1964,16.9,0.498,0.312,0.312,3.8,11.0,7.4,38.9,3.3,0.8,19.1,17.2,2.3,2.0,4.4,0.107,1.2,0.7,1.8,1.9
Jason Sasser,sasseja01,"SAS,DAL",SF,23,8,69,5.8,0.413,0.13,0.0,1.7,12.6,6.9,5.0,2.4,0.0,8.0,16.8,-0.1,0.0,0.0,-0.032,-6.3,-0.3,-6.6,-0.1
Jayson Williams,willija01,NJN,PF,28,41,1432,15.0,0.443,0.007,0.339,17.3,25.0,20.9,5.9,0.9,1.9,11.7,20.9,0.4,1.3,1.7,0.057,-1.5,-2.7,-4.2,-0.8
Jeff Grayer,grayeje01,SAC,SG,31,25,316,10.0,0.496,0.133,0.241,7.7,6.3,7.0,12.5,1.3,1.7,14.0,15.2,0.2,0.1,0.3,0.049,-2.4,-0.7,-3.1,-0.1
Jeff Hornacek,hornaje01,UTA,SG,33,82,2592,18.8,0.596,0.228,0.381,3.1,8.2,5.8,22.1,2.6,0.8,11.8,20.3,7.2,3.0,10.2,0.19,3.0,1.0,4.0,3.9
Jeff McInnis,mcinnje01,DEN,PG,22,13,117,14.8,0.609,0.531,0.204,2.0,3.9,2.9,28.5,0.9,0.6,19.6,25.4,0.2,0.0,0.1,0.06,2.9,-2.7,0.3,0.1
Jermaine O'Neal,onealje01,POR,PF,18,45,458,13.7,0.494,0.007,0.51,10.4,21.4,16.0,2.9,0.2,4.4,12.6,21.1,0.1,0.7,0.8,0.087,-2.5,-0.9,-3.5,-0.2
Jerome Allen,allenje01,"IND,DEN",SG,24,76,943,8.7,0.451,0.421,0.326,3.1,9.0,6.1,25.3,1.8,0.3,21.4,15.6,-0.3,0.8,0.4,0.021,-2.5,-0.2,-2.6,-0.1
Jerome Kersey,kerseje01,LAL,SF,34,70,1766,12.3,0.475,0.145,0.263,7.3,16.1,11.7,7.8,3.5,2.1,12.9,14.6,0.4,3.4,3.8,0.102,-2.6,2.6,0.0,0.9
Jerome Williams,willije01,DET,PF,23,33,177,12.6,0.419,0.0,0.333,15.8,19.3,17.6,6.6,4.2,0.5,18.2,20.0,-0.2,0.4,0.2,0.049,-3.1,0.3,-2.8,0.0
Jerry Stackhouse,stackje01,PHI,SG,22,81,3166,14.1,0.524,0.261,0.51,5.2,6.4,5.8,13.5,1.5,1.4,16.5,25.6,1.9,0.2,2.1,0.032,-0.1,-2.2,-2.2,-0.2
Jim Jackson,jacksji01,"DAL,NJN",SG,26,77,2831,15.1,0.526,0.24,0.301,5.1,11.5,8.2,19.4,1.6,0.9,15.1,21.6,2.8,1.6,4.4,0.075,0.7,-0.9,-0.1,1.3
Jim McIlvaine,mcilvji01,SEA,C,24,82,1477,11.1,0.486,0.025,0.388,10.8,16.1,13.5,2.3,1.4,9.5,16.1,11.9,0.2,2.8,3.0,0.098,-4.0,2.2,-1.8,0.1
Jimmy Carruth,carruji01,MIL,PF,27,4,21,9.7,0.727,0.0,0.333,0.0,23.2,11.7,0.0,0.0,7.1,22.5,9.8,0.0,0.0,0.0,0.09,-6.1,3.1,-3.0,0.0
Jimmy King,kingji02,DEN,SG,23,2,22,12.7,0.387,0.0,0.667,10.5,0.0,5.2,14.1,7.1,0.0,11.4,17.8,0.0,0.0,0.0,0.03,-2.1,4.3,2.2,0.0
Jimmy Oliver,oliveji01,TOR,SG,27,4,43,4.7,0.396,0.462,0.154,2.6,11.2,6.8,3.6,2.5,0.0,17.8,17.6,-0.1,0.0,-0.1,-0.067,-6.6,-2.2,-8.8,-0.1
Joe Courtney,courtjo01,"PHI,SAS",PF,27,9,100,3.8,0.388,0.0,0.167,10.0,8.2,9.1,0.0,0.0,0.0,8.5,15.7,-0.1,0.0,-0.1,-0.059,-6.1,-4.8,-10.9,-0.2
Joe Dumars,dumarjo01,DET,SG,33,79,2923,15.6,0.586,0.439,0.293,1.7,6.4,4.1,18.7,1.1,0.0,11.5,18.9,6.8,2.0,8.8,0.144,2.6,-1.0,1.6,2.7
Joe Kleine,kleinjo01,"PHO,LAL,NJN",C,35,59,848,7.6,0.45,0.018,0.224,7.9,19.2,13.4,6.0,1.0,1.6,18.0,11.8,-0.3,0.7,0.4,0.022,-4.6,-0.3,-4.8,-0.6
Joe Smith,smithjo02,GSW,PF,21,80,3086,16.0,0.512,0.036,0.292,10.0,16.1,13.1,7.2,1.3,2.1,11.6,23.8,3.1,1.3,4.4,0.068,-0.3,-2.0,-2.3,-0.2
Joe Stephens,stephjo01,HOU,PF,24,2,9,3.0,0.3,0.6,0.0,27.1,12.3,19.3,0.0,17.5,0.0,37.5,40.5,-0.1,0.0,-0.1,-0.308,-15.7,3.8,-11.9,0.0
Joe Wolf,wolfjo01,MIL,C,32,56,525,7.9,0.488,0.079,0.213,7.5,18.6,13.1,5.6,1.4,1.6,12.6,9.8,0.3,0.5,0.8,0.073,-4.3,0.8,-3.6,-0.2
John Crotty,crottjo01,MIA,PG,27,48,659,14.3,0.637,0.318,0.416,2.8,5.7,4.2,26.1,1.5,0.0,18.7,16.0,1.6,0.8,2.4,0.176,-0.2,0.3,0.1,0.3
John Long,longjo01,TOR,SG,40,32,370,8.9,0.499,0.291,0.239,1.8,11.1,6.3,9.4,1.3,0.4,15.7,18.5,-0.1,0.2,0.1,0.015,-3.0,-1.5,-4.5,-0.2
John Starks,starkjo01,NYK,SG,31,77,2042,15.9,0.555,0.475,0.263,2.2,9.6,6.0,19.5,2.3,0.4,14.2,25.1,2.5,3.3,5.8,0.136,1.6,1.0,2.6,2.4
John Stockton,stockjo01,UTA,PG,34,82,2896,22.1,0.656,0.237,0.428,2.1,7.4,4.9,46.0,3.1,0.4,21.6,18.4,10.0,3.6,13.6,0.226,5.6,1.0,6.6,6.3
John Wallace,wallajo01,NYK,SF,22,68,787,13.0,0.571,0.017,0.466,8.1,15.3,11.8,8.2,1.4,2.6,21.1,21.1,0.1,1.4,1.6,0.095,-2.5,1.1,-1.3,0.1
Johnny Newman,newmajo01,MIL,SF,33,82,2060,10.8,0.545,0.179,0.452,3.9,7.1,5.5,8.9,1.9,0.6,14.9,17.3,1.6,1.2,2.8,0.065,-2.4,-0.2,-2.6,-0.3
Jon Barry,barryjo01,ATL,SG,27,58,965,13.2,0.535,0.504,0.187,3.3,8.8,6.1,19.7,3.2,0.2,18.1,15.9,0.9,1.5,2.4,0.118,-0.5,1.8,1.3,0.8
Jud Buechler,buechju01,CHI,SF,28,76,703,9.8,0.423,0.342,0.089,7.3,12.8,10.1,11.4,1.7,2.2,14.1,12.1,0.1,1.1,1.2,0.082,-1.7,0.9,-0.9,0.2
Juwan Howard,howarju01,WSB,SF,23,82,3324,16.1,0.529,0.002,0.296,7.2,15.6,11.5,15.2,1.5,0.5,14.2,23.4,3.3,3.7,7.0,0.101,0.1,-0.5,-0.3,1.4
Karl Malone,malonka01,UTA,PF,33,82,2998,28.9,0.6,0.008,0.439,8.5,24.2,16.8,24.5,2.0,1.3,11.1,32.7,11.6,5.1,16.7,0.268,7.1,1.2,8.3,7.8
Keith Askins,askinke01,MIA,SF,29,78,1773,9.1,0.557,0.539,0.182,5.9,12.2,9.1,6.7,1.6,0.8,14.6,10.7,1.5,2.8,4.3,0.116,-1.5,1.7,0.2,1.0
Keith Tower,towerke01,MIL,C,26,5,72,0.6,0.304,0.0,1.0,3.4,11.8,7.6,2.0,1.5,1.0,14.8,8.7,-0.1,0.1,-0.1,-0.054,-7.7,0.4,-7.4,-0.1
Ken Norman,normake01,ATL,SF,32,17,220,3.1,0.322,0.404,0.128,4.4,16.4,10.6,9.3,1.8,1.1,15.3,25.2,-0.9,0.3,-0.6,-0.129,-7.8,-1.4,-9.2,-0.4
Kendall Gill,gillke01,NJN,SF,28,82,3199,19.6,0.53,0.151,0.369,5.8,11.4,8.4,18.3,2.5,1.1,11.4,25.4,6.6,2.2,8.8,0.132,2.8,0.1,2.9,4.0
Kenny Anderson,anderke01,POR,PG,26,82,3081,19.5,0.54,0.322,0.383,3.6,10.2,7.0,31.7,2.8,0.4,12.7,22.2,8.0,4.4,12.4,0.193,3.2,1.2,4.4,5.0
Kenny Smith,smithke01,"DET,ORL,DEN",PG,31,48,765,12.3,0.58,0.565,0.188,0.6,6.0,3.3,25.2,1.3,0.0,21.5,19.4,0.6,0.1,0.6,0.039,0.4,-2.6,-2.3,-0.1
Kerry Kittles,kittlke01,NJN,SG,22,82,3012,16.0,0.523,0.352,0.191,3.6,8.1,5.7,14.0,2.7,0.9,9.0,20.1,5.1,1.8,6.9,0.11,1.4,0.4,1.8,2.9
Kevin Duckworth,duckwke01,LAC,C,32,26,384,6.1,0.473,0.039,0.155,6.7,11.7,9.1,6.6,1.2,2.2,23.1,16.6,-0.5,0.3,-0.2,-0.03,-5.7,0.0,-5.7,-0.3
Kevin Edwards,edwarke01,NJN,PG,31,32,477,9.8,0.47,0.235,0.235,1.9,8.2,4.9,19.5,1.9,0.6,19.5,22.4,-0.4,0.2,-0.2,-0.021,-2.9,-2.1,-5.1,-0.4
Kevin Gamble,gamblke01,SAC,SF,31,62,953,11.6,0.529,0.392,0.035,1.6,11.6,6.5,12.9,1.2,1.3,8.5,14.9,1.1,0.6,1.6,0.082,-0.2,-0.1,-0.3,0.4
Kevin Garnett,garneke01,MIN,SF,20,77,2995,18.2,0.537,0.019,0.247,7.6,16.8,12.2,14.1,1.9,4.1,12.5,21.3,3.4,3.9,7.3,0.116,1.1,1.1,2.2,3.2
Kevin Johnson,johnske02,PHO,PG,30,70,2658,22.9,0.631,0.227,0.579,2.4,8.7,5.6,39.3,2.0,0.3,16.3,22.6,10.2,1.5,11.7,0.211,5.3,-0.3,5.0,4.7
Kevin Salvadori,salvake01,SAC,C,26,23,154,8.3,0.452,0.0,0.545,4.5,14.5,9.5,9.6,0.7,6.4,22.7,15.4,-0.2,0.2,0.0,-0.007,-6.2,0.2,-5.9,-0.2
Kevin Willis,willike02,HOU,PF,34,75,1964,14.3,0.515,0.019,0.277,9.1,23.3,16.6,6.2,1.1,1.2,12.7,21.7,0.8,3.0,3.8,0.093,-2.5,-0.9,-3.5,-0.7
Khalid Reeves,reevekh01,"NJN,DAL",PG,24,63,1432,11.1,0.508,0.483,0.185,2.5,6.9,4.6,25.6,1.2,0.5,17.5,18.7,0.9,0.3,1.2,0.041,-1.0,-1.4,-2.4,-0.1
Kobe Bryant,bryanko01,LAL,SF,18,71,1103,14.4,0.544,0.322,0.393,4.9,8.7,6.8,13.8,2.3,1.6,18.5,24.7,0.5,1.3,1.8,0.079,-0.2,0.1,-0.1,0.5
Kurt Thomas,thomaku01,MIA,PF,24,18,374,9.5,0.451,0.01,0.438,10.0,23.7,17.0,4.0,1.7,1.9,16.6,18.9,-0.3,0.8,0.5,0.07,-5.0,1.3,-3.7,-0.2
LaPhonso Ellis,ellisla01,DEN,PF,26,55,2002,18.2,0.529,0.255,0.278,6.2,15.7,11.0,12.7,1.1,1.4,9.3,28.0,2.7,0.9,3.6,0.087,2.2,-1.7,0.5,1.3
LaSalle Thompson,thompla01,"DEN,IND",C,35,26,140,-0.5,0.231,0.0,0.316,5.9,21.9,14.0,2.0,1.1,2.9,29.4,9.9,-0.4,0.2,-0.3,-0.086,-10.4,0.3,-10.1,-0.3
Lamond Murray,murrala01,LAC,SF,23,74,1295,14.4,0.52,0.209,0.485,7.4,13.8,10.5,7.2,2.2,1.8,14.0,21.2,0.9,1.2,2.1,0.078,-0.4,-0.4,-0.8,0.4
Larry Johnson,johnsla02,NYK,SF,27,76,2613,13.8,0.57,0.143,0.373,7.9,10.1,9.0,11.4,1.3,1.1,13.7,17.5,4.0,3.7,7.7,0.141,0.5,0.8,1.3,2.2
Larry Krystkowiak,krystla01,LAL,PF,32,3,11,27.2,0.521,0.0,1.0,20.9,30.8,25.9,40.9,9.6,0.0,25.8,15.8,0.0,0.0,0.1,0.315,1.4,8.8,10.2,0.0
Larry Stewart,stewala01,SEA,SF,28,70,982,10.8,0.512,0.147,0.369,9.3,11.8,10.5,8.2,1.7,2.0,17.7,16.6,0.3,1.2,1.6,0.076,-2.6,-0.5,-3.1,-0.3
Latrell Sprewell,sprewla01,GSW,SG,26,80,3353,19.7,0.57,0.287,0.405,2.1,10.9,6.5,27.0,2.1,1.0,15.9,26.9,7.0,1.1,8.1,0.115,3.8,-1.1,2.7,4.0
Lawrence Moten,motenla01,VAN,SG,24,67,1214,11.4,0.461,0.32,0.224,4.1,7.4,5.7,18.6,2.1,1.5,14.3,21.6,-0.7,0.3,-0.4,-0.017,-1.6,-1.4,-3.0,-0.3
Lee Mayberry,maybele01,VAN,PG,26,80,1952,10.2,0.525,0.597,0.124,1.7,6.3,4.0,26.5,1.7,0.3,18.7,11.4,1.7,-0.1,1.6,0.04,-2.0,-1.5,-3.5,-0.7
Lindsey Hunter,hunteli01,DET,PG,26,82,3023,13.4,0.515,0.449,0.195,2.5,7.0,4.8,8.9,2.4,0.7,7.8,20.1,3.0,3.4,6.4,0.101,0.0,0.5,0.5,1.9
Lionel Simmons,simmoli01,SAC,SF,28,41,521,9.4,0.442,0.221,0.353,6.6,16.7,11.6,16.4,0.8,1.9,17.8,16.5,-0.1,0.4,0.3,0.028,-2.6,-0.2,-2.8,-0.1
Litterial Green,greenli01,DET,PG,26,45,311,13.5,0.531,0.156,0.734,2.5,6.3,4.4,21.4,2.9,0.3,15.0,15.9,0.4,0.4,0.8,0.119,-1.9,1.5,-0.4,0.1
Lloyd Daniels,daniell01,"SAC,NJN",SG,29,22,310,8.3,0.403,0.588,0.05,6.3,8.9,7.6,13.1,1.7,0.7,10.3,18.8,-0.1,0.1,0.0,0.001,-2.0,-1.5,-3.5,-0.1
Loren Meyer,meyerlo01,"DAL,PHO",PF,24,54,708,8.1,0.489,0.029,0.262,8.7,15.2,11.9,4.4,0.8,1.6,18.6,21.4,-0.8,0.5,-0.3,-0.02,-6.3,-2.1,-8.4,-1.1
Lorenzen Wright,wrighlo02,LAC,C,21,77,1936,12.5,0.504,0.008,0.305,12.0,16.6,14.2,4.0,1.3,2.4,12.4,14.7,1.5,1.7,3.2,0.079,-2.0,-1.0,-3.0,-0.5
Lorenzo Williams,willilo01,WSB,C,27,19,264,8.0,0.66,0.0,0.226,12.6,17.9,15.3,2.1,1.2,2.3,34.6,8.9,0.1,0.3,0.4,0.074,-4.4,0.2,-4.2,-0.1
Lou Roe,roelo01,GSW,SF,24,17,107,3.0,0.355,0.229,0.396,7.8,7.8,7.8,9.0,1.5,0.7,16.3,28.0,-0.4,0.0,-0.4,-0.187,-6.8,-4.7,-11.5,-0.3
Loy Vaught,vaughlo01,LAC,PF,28,82,2838,16.6,0.522,0.011,0.176,8.8,25.4,16.8,6.9,1.6,0.7,10.5,20.5,2.9,3.4,6.3,0.106,-0.1,-0.9,-1.1,0.7
Luc Longley,longllu01,CHI,C,28,59,1472,13.4,0.499,0.004,0.247,9.4,15.9,12.7,14.1,0.8,3.4,17.1,19.7,0.9,2.3,3.1,0.103,-2.5,0.8,-1.7,0.1
Lucious Harris,harrilu01,PHI,SG,26,54,813,10.7,0.466,0.337,0.16,3.5,6.0,4.8,9.9,2.5,0.3,9.8,18.1,0.2,0.2,0.4,0.023,-2.0,-0.4,-2.5,-0.1
Mahmoud Abdul-Rauf,abdulma02,SAC,PG,27,75,2131,13.2,0.524,0.266,0.147,0.9,5.9,3.3,15.8,1.4,0.2,10.8,23.2,2.0,0.7,2.7,0.06,-0.8,-1.8,-2.6,-0.4
Malik Rose,rosema01,CHO,PF,22,54,525,13.7,0.515,0.016,0.484,16.7,21.0,18.9,9.6,2.9,2.4,20.9,17.6,0.3,0.8,1.1,0.1,-3.6,0.3,-3.3,-0.2
Malik Sealy,sealyma01,LAC,SG,26,80,2456,13.7,0.504,0.236,0.308,2.7,8.8,5.7,11.2,2.7,1.4,12.6,22.3,1.1,2.1,3.2,0.063,-1.0,0.2,-0.8,0.7
Marcus Brown,brownma01,POR,PG,22,21,184,12.9,0.523,0.457,0.271,2.7,6.9,4.8,18.0,2.3,0.8,14.2,22.4,0.2,0.2,0.4,0.105,-0.9,0.0,-1.0,0.0
Marcus Camby,cambyma01,TOR,C,22,63,1897,17.8,0.523,0.018,0.339,7.9,16.7,12.2,9.6,1.8,5.5,13.0,24.3,1.4,2.3,3.7,0.095,-0.7,0.6,-0.1,0.9
Mario Elie,eliema01,HOU,SF,33,78,2687,14.3,0.662,0.489,0.395,2.7,7.2,5.1,17.6,1.8,0.3,16.4,13.9,6.3,2.6,8.9,0.159,0.8,0.7,1.5,2.4
Mark Bradtke,bradtma01,PHI,C,28,36,251,9.6,0.463,0.0,0.224,11.0,18.7,14.8,4.2,1.0,1.4,12.4,12.2,0.1,0.1,0.2,0.044,-3.5,-1.1,-4.6,-0.2
Mark Bryant,bryanma01,PHO,PF,31,41,1018,13.3,0.589,0.0,0.393,7.7,16.5,12.2,7.2,1.1,0.4,12.5,16.3,1.6,0.7,2.3,0.109,-1.3,-1.0,-2.3,-0.1
Mark Davis,davisma02,PHI,SF,23,75,1705,13.7,0.525,0.174,0.314,8.6,12.1,10.3,12.9,2.5,1.3,16.2,18.0,1.3,1.0,2.3,0.065,-1.5,0.0,-1.4,0.2
Mark Hendrickson,hendrma01,PHI,PF,22,29,301,11.5,0.481,0.156,0.338,12.4,21.2,16.7,1.5,1.7,1.0,13.7,14.4,0.1,0.2,0.3,0.054,-2.9,-2.2,-5.1,-0.2
Mark Jackson,jacksma01,"DEN,IND",PG,31,82,3054,15.7,0.525,0.262,0.314,3.5,11.4,7.5,48.2,1.7,0.3,26.2,15.5,4.4,1.8,6.1,0.097,2.0,-0.9,1.1,2.4
Mark Price,pricema01,GSW,PG,32,70,1876,16.5,0.597,0.48,0.29,2.3,9.1,5.7,29.8,1.9,0.1,19.5,19.6,3.7,0.3,4.0,0.102,2.8,-1.6,1.2,1.5
Mark Strickland,stricma01,MIA,PF,26,31,153,11.1,0.448,0.017,0.35,12.6,16.0,14.3,1.2,1.4,5.1,17.8,25.9,-0.3,0.3,0.0,-0.003,-6.7,-1.5,-8.2,-0.2
Mark West,westma01,CLE,C,36,70,959,9.9,0.555,0.0,0.311,9.2,16.1,12.6,3.4,0.7,5.2,20.3,13.4,0.1,1.5,1.6,0.081,-4.7,1.3,-3.4,-0.3
Martin Lewis,lewisma01,TOR,SF,21,9,50,10.9,0.47,0.214,0.143,9.1,4.8,7.0,13.1,1.1,3.2,6.3,14.2,0.1,0.0,0.1,0.082,-0.9,-0.1,-1.0,0.0
Martin Müürsepp,muursma01,"MIA,DAL",PF,22,42,348,14.9,0.482,0.183,0.534,11.5,10.8,11.2,10.4,1.9,2.5,10.0,23.8,0.3,0.3,0.6,0.081,-1.5,-0.2,-1.7,0.0
Marty Conlon,conloma01,BOS,C,29,74,1614,12.8,0.542,0.022,0.377,8.5,15.1,11.5,10.1,1.4,0.8,17.1,17.0,1.3,0.5,1.8,0.053,-1.5,-1.6,-3.1,-0.5
Matt Bullard,bullama01,HOU,PF,29,71,1025,10.3,0.535,0.644,0.12,1.5,11.2,6.6,10.0,1.1,1.3,11.3,15.0,0.7,1.0,1.7,0.08,-0.4,0.1,-0.3,0.4
Matt Fish,fishma01,"WSB,MIA",C,27,6,8,-3.2,0.333,0.0,0.0,14.8,57.7,36.6,0.0,0.0,0.0,40.0,28.1,-0.1,0.0,0.0,-0.287,-16.0,-3.0,-19.0,0.0
Matt Geiger,geigema01,CHO,C,27,49,1044,14.3,0.538,0.057,0.363,12.0,17.8,15.0,6.2,1.0,1.9,14.2,21.3,1.0,0.9,1.9,0.085,-1.9,-1.3,-3.2,-0.3
Matt Maloney,malonma01,HOU,PG,25,82,2386,12.3,0.585,0.62,0.151,1.0,6.5,3.9,19.5,1.8,0.0,15.7,14.8,3.2,2.1,5.3,0.107,0.0,0.1,0.1,1.3
Matt Steigenga,steigma01,CHI,SF,26,2,12,7.0,0.307,0.5,0.5,0.0,27.8,14.1,22.3,4.4,6.3,29.1,25.6,-0.1,0.0,0.0,-0.126,-10.7,2.2,-8.5,0.0
Melvin Booker,bookeme01,"DEN,GSW",PG,24,21,430,8.8,0.536,0.352,0.19,1.9,6.1,4.0,19.1,0.4,0.4,19.2,14.6,0.3,-0.1,0.1,0.014,-2.0,-1.8,-3.7,-0.2
Michael Cage,cagemi01,PHI,C,35,82,1247,10.3,0.475,0.0,0.291,9.6,18.6,14.0,4.9,1.9,2.4,9.7,6.0,1.0,1.0,2.0,0.078,-1.8,1.0,-0.8,0.4
Michael Curry,currymi01,DET,SG,28,81,1217,10.4,0.592,0.348,0.489,2.4,9.6,6.1,5.6,1.4,0.8,9.4,12.1,2.0,1.2,3.2,0.126,-1.7,0.8,-0.9,0.3
Michael Finley,finlemi01,"PHO,DAL",SF,23,83,2790,14.5,0.53,0.261,0.229,3.6,11.9,7.8,14.3,1.3,0.7,12.2,22.0,2.3,1.6,3.9,0.067,1.0,-0.7,0.3,1.6
Michael Hawkins,hawkimi01,BOS,PG,24,29,326,10.6,0.536,0.456,0.221,3.0,8.4,5.5,28.8,2.5,0.2,27.3,13.5,0.1,0.1,0.2,0.033,-2.9,-1.0,-3.9,-0.2
Michael Jordan,jordami01,CHI,SG,33,82,3106,27.8,0.567,0.157,0.304,4.2,13.2,8.8,21.2,2.4,1.1,7.2,33.2,13.3,5.0,18.3,0.283,7.8,1.1,8.9,8.6
Michael Smith,smithmi02,SAC,PF,24,81,2526,13.3,0.545,0.0,0.688,11.7,23.9,17.7,11.2,1.7,1.8,21.0,11.0,2.2,3.2,5.4,0.102,-0.9,0.9,0.1,1.3
Mike Brown,brownmi01,PHO,C,33,6,83,11.1,0.488,0.0,0.833,12.8,22.4,17.6,8.2,0.6,0.9,10.9,10.0,0.1,0.1,0.2,0.107,-1.3,-1.4,-2.7,0.0
Mitch Richmond,richmmi01,SAC,SG,31,81,3125,21.6,0.578,0.302,0.337,2.2,9.8,6.0,20.6,2.0,0.6,11.6,29.4,8.7,2.1,10.8,0.166,5.2,-0.6,4.6,5.2
Mitchell Butler,butlemi02,POR,SG,26,49,465,9.0,0.503,0.312,0.4,5.0,8.4,6.8,10.0,1.5,0.3,15.5,16.9,0.1,0.5,0.6,0.063,-3.0,0.1,-2.9,-0.1
Monty Williams,willimo01,SAS,SF,25,65,1345,15.6,0.543,0.002,0.404,8.4,10.0,9.2,12.5,2.2,3.1,17.6,22.8,0.6,0.6,1.2,0.042,-0.6,-0.1,-0.6,0.5
Moochie Norris,norrimo01,VAN,PG,23,8,89,8.2,0.248,0.455,0.227,3.9,11.9,7.8,38.7,2.4,0.0,17.1,15.2,-0.2,0.0,-0.1,-0.066,-3.9,-1.9,-5.9,-0.1
Mookie Blaylock,blaylmo01,ATL,PG,29,78,3056,20.4,0.548,0.521,0.15,4.6,11.4,8.1,27.7,3.8,0.5,13.0,21.9,7.0,5.6,12.5,0.197,4.3,2.4,6.8,6.8
Muggsy Bogues,boguemu01,CHO,PG,32,65,1880,15.7,0.554,0.325,0.144,1.7,7.2,4.5,38.6,2.4,0.1,18.6,14.5,3.9,1.1,5.0,0.127,1.9,-0.4,1.5,1.6
Nate Driggers,driggna01,BOS,SG,23,15,132,6.8,0.366,0.209,0.326,9.7,9.4,9.6,6.8,1.1,1.1,10.9,17.9,-0.2,0.0,-0.2,-0.059,-4.5,-3.1,-7.5,-0.2
Nate McMillan,mcmilna01,SEA,PG,32,37,798,14.1,0.522,0.564,0.195,2.3,15.5,8.9,25.8,3.9,0.6,16.5,11.1,1.1,1.5,2.6,0.158,-0.2,3.8,3.7,1.2
Nick Anderson,anderni01,ORL,SG,29,63,2163,13.8,0.494,0.559,0.13,3.5,13.2,8.2,14.5,3.0,1.1,10.1,18.2,1.3,2.9,4.2,0.093,0.2,1.6,1.8,2.1
Nick Van Exel,vanexni01,LAL,PG,25,79,2937,16.0,0.518,0.435,0.186,1.7,7.0,4.4,37.5,1.3,0.3,15.4,21.0,5.0,2.2,7.2,0.118,2.9,-1.8,1.1,2.3
Olden Polynice,polynol01,SAC,C,32,82,2893,13.1,0.476,0.006,0.26,10.9,20.4,15.6,10.2,0.8,2.1,13.4,19.3,0.6,2.7,3.3,0.055,-1.8,-1.0,-2.8,-0.6
Oliver Miller,milleol01,"DAL,TOR",C,26,61,1152,13.1,0.539,0.008,0.332,10.4,20.7,15.4,12.5,2.2,4.3,24.8,14.3,0.1,1.7,1.8,0.073,-3.4,1.9,-1.5,0.1
Othella Harrington,harriot01,HOU,PF,23,57,860,10.8,0.57,0.015,0.397,10.6,15.8,13.3,3.3,0.7,1.9,19.2,15.7,0.4,1.0,1.4,0.079,-3.8,-0.9,-4.7,-0.6
Otis Thorpe,thorpot01,DET,C,34,79,2661,16.1,0.563,0.003,0.385,10.8,18.1,14.5,9.0,1.3,0.5,13.6,19.8,4.5,3.4,7.9,0.142,-0.1,-0.5,-0.6,0.9
P.J. Brown,brownpj01,MIA,PF,27,80,2592,13.8,0.505,0.003,0.335,11.1,19.4,15.3,5.9,1.8,2.9,13.1,15.7,2.1,5.4,7.5,0.139,-1.5,1.6,0.1,1.3
Patrick Ewing,ewingpa01,NYK,C,34,78,2887,21.3,0.548,0.007,0.434,7.5,26.4,17.3,10.8,1.3,5.3,14.4,29.8,2.9,6.9,9.8,0.163,0.9,1.9,2.8,3.5
Pervis Ellison,ellispe01,BOS,PF,29,6,125,6.5,0.412,0.0,0.313,7.7,17.0,12.0,4.4,2.0,5.4,27.8,8.7,-0.1,0.1,0.0,-0.001,-5.2,2.2,-3.1,0.0
Pete Chilcutt,chilcpe01,VAN,PF,28,54,662,14.5,0.521,0.418,0.133,11.6,15.8,13.7,11.8,2.1,2.0,13.8,14.2,0.7,0.4,1.1,0.08,0.7,-0.5,0.2,0.4
Pooh Richardson,richapo01,LAC,PG,30,59,1065,11.8,0.455,0.372,0.125,2.6,8.3,5.4,25.3,2.7,0.4,14.6,17.8,0.1,0.8,1.0,0.043,-1.2,0.4,-0.8,0.3
Popeye Jones,jonespo01,TOR,PF,26,79,2421,12.0,0.522,0.024,0.225,12.7,20.4,16.4,5.6,1.3,1.3,16.4,13.1,2.0,2.2,4.2,0.083,-2.2,-1.0,-3.2,-0.7
Priest Lauderdale,laudepr01,ATL,C,23,35,180,13.6,0.56,0.011,0.258,10.8,17.5,14.2,15.2,0.3,3.9,27.2,35.7,-0.5,0.3,-0.2,-0.048,-8.0,-0.9,-8.9,-0.3
Rafael Addison,addisra01,CHO,SF,32,41,355,10.6,0.476,0.164,0.23,6.7,8.6,7.7,15.5,1.2,0.6,11.2,20.1,0.2,0.1,0.4,0.048,-2.6,-1.7,-4.4,-0.2
Randolph Childress,childra01,"POR,DET",PG,24,23,155,4.5,0.448,0.475,0.2,0.8,3.8,2.3,16.6,3.1,0.0,29.3,18.3,-0.4,0.2,-0.2,-0.054,-6.4,0.2,-6.2,-0.2
Randy Brown,brownra02,CHI,PG,28,72,1057,13.0,0.461,0.066,0.252,3.7,8.1,5.9,18.0,4.1,1.2,13.6,18.1,0.4,2.0,2.4,0.107,-3.0,3.0,0.0,0.5
Randy Livingston,livinra01,HOU,PG,21,64,981,8.3,0.487,0.096,0.284,4.0,7.0,5.6,23.8,2.1,0.9,28.4,16.7,-0.8,1.1,0.3,0.012,-4.0,0.3,-3.7,-0.4
Rasheed Wallace,wallara01,POR,PF,22,62,1892,18.4,0.588,0.048,0.389,7.9,18.1,13.1,7.1,1.3,2.4,12.5,21.7,3.5,2.9,6.4,0.163,0.7,0.6,1.3,1.6
Ray Allen,allenra02,MIL,SG,21,82,2532,14.6,0.541,0.328,0.274,4.7,11.0,7.9,13.9,1.6,0.3,12.8,21.4,3.3,1.5,4.9,0.092,0.8,-0.9,-0.1,1.2
Ray Owes,owesra01,GSW,PF,24,57,592,11.1,0.442,0.028,0.256,12.8,19.9,16.3,4.0,1.3,2.6,10.3,16.8,0.1,0.4,0.4,0.036,-3.3,-1.5,-4.8,-0.4
Reggie Geary,gearyre01,CLE,PG,23,39,246,8.7,0.454,0.362,0.19,2.1,5.9,4.0,24.7,3.1,0.7,19.3,15.8,-0.1,0.4,0.3,0.056,-3.8,2.4,-1.4,0.0
Reggie Jordan,jordare01,"POR,MIN",SG,29,19,130,15.7,0.597,0.0,0.654,10.3,14.2,12.3,14.1,2.8,1.8,19.3,14.5,0.2,0.2,0.4,0.136,0.4,3.4,3.8,0.2
Reggie Miller,millere01,IND,SG,31,81,2966,20.2,0.603,0.431,0.382,2.2,9.2,5.8,17.4,1.4,0.7,10.3,25.2,9.6,2.7,12.3,0.2,5.8,0.0,5.8,5.8
Reggie Slater,slatere01,TOR,PF,26,26,406,17.8,0.558,0.013,0.503,11.2,16.3,13.7,9.8,1.2,1.2,13.7,23.3,0.5,0.3,0.8,0.095,0.2,-1.8,-1.6,0.0
Reggie Williams,willire01,"IND,NJN",SF,32,13,200,9.2,0.468,0.447,0.158,2.6,15.0,8.6,8.2,2.1,1.5,12.9,20.1,-0.1,0.2,0.1,0.024,-3.2,0.9,-2.3,0.0
Rex Chapman,chapmre01,PHO,SG,29,65,1833,15.2,0.551,0.419,0.199,1.6,9.9,5.8,16.3,1.5,0.3,10.5,22.4,2.4,0.9,3.3,0.086,1.3,-1.0,0.2,1.0
Rex Walters,waltere01,PHI,SG,26,59,1041,13.0,0.571,0.455,0.191,2.1,9.2,5.6,17.6,1.4,0.2,14.8,16.8,1.5,0.1,1.6,0.073,0.1,-1.1,-0.9,0.3
Rich Manning,manniri01,"VAN,LAC",PF,26,26,201,8.9,0.425,0.049,0.171,9.0,13.6,11.3,2.6,1.1,0.8,7.4,21.7,-0.1,0.1,-0.1,-0.017,-5.1,-3.8,-8.9,-0.4
Rick Fox,foxri01,BOS,SF,27,76,2650,16.5,0.551,0.293,0.277,4.6,13.2,8.6,17.8,3.2,1.1,14.3,20.1,3.3,1.9,5.2,0.094,1.0,0.7,1.7,2.5
Rick Mahorn,mahorri01,DET,C,38,22,218,8.8,0.44,0.019,0.407,11.1,19.0,15.1,4.4,1.0,1.1,13.6,16.7,0.0,0.3,0.3,0.055,-4.7,-0.7,-5.4,-0.2
Ricky Pierce,piercri01,"DEN,CHO",SG,37,60,1250,16.4,0.583,0.191,0.312,3.5,7.8,5.7,11.5,1.2,0.5,10.7,23.2,2.5,0.3,2.7,0.105,1.2,-1.9,-0.7,0.4
Rik Smits,smitsri01,IND,C,30,52,1518,18.3,0.535,0.011,0.296,8.4,19.8,14.2,9.2,0.8,3.2,13.2,29.1,1.2,2.1,3.3,0.105,0.0,-0.4,-0.4,0.6
Robert Horry,horryro01,"PHO,LAL",SF,26,54,1395,13.0,0.529,0.428,0.25,5.7,13.9,9.8,11.9,2.5,3.0,15.3,15.2,1.0,1.9,2.9,0.098,-0.7,2.0,1.3,1.2
Robert Pack,packro01,"NJN,DAL",PG,27,54,1782,15.0,0.482,0.162,0.351,1.7,7.7,4.6,43.0,2.8,0.3,21.3,24.9,0.0,1.1,1.1,0.029,0.2,-0.9,-0.8,0.6
Robert Parish,parisro01,CHI,C,43,43,406,14.3,0.514,0.0,0.217,11.9,12.9,12.4,8.2,0.8,3.5,15.2,20.3,0.3,0.6,0.9,0.101,-2.0,-0.7,-2.7,-0.1
Robert Werdann,werdaro01,NJN,C,26,6,31,8.7,0.541,0.0,0.429,9.9,11.1,10.5,0.0,3.4,2.4,19.4,14.2,0.0,0.0,0.0,0.077,-7.7,-0.2,-7.9,0.0
Rod Strickland,stricro02,WSB,PG,30,82,2997,19.7,0.533,0.07,0.45,3.8,9.2,6.5,38.1,2.5,0.3,16.9,23.9,5.5,3.3,8.8,0.141,2.8,0.0,2.7,3.6
Rodney Rogers,rogerro01,LAC,SF,25,81,2480,14.2,0.53,0.204,0.326,6.2,13.4,9.7,15.3,1.9,1.9,17.9,22.2,0.7,2.2,2.9,0.056,-0.5,-0.2,-0.7,0.8
Ron Harper,harpero01,CHI,PG,33,76,1740,13.6,0.543,0.463,0.202,3.0,9.4,6.3,15.1,2.6,1.6,10.2,12.6,3.0,2.7,5.7,0.157,0.3,2.4,2.7,2.1
Rony Seikaly,seikaro01,ORL,C,31,74,2615,18.3,0.567,0.003,0.551,12.0,19.6,15.7,6.5,1.0,3.2,16.2,23.7,3.5,3.3,6.8,0.125,-0.4,-0.7,-1.1,0.6
Roy Rogers,rogerro02,VAN,PF,23,82,1848,12.6,0.518,0.002,0.195,8.6,15.7,12.1,4.3,0.6,6.7,14.1,15.3,0.3,1.1,1.4,0.037,-3.4,-0.3,-3.7,-0.8
Ruben Nembhard,nembhru01,"UTA,POR",SG,24,10,113,13.3,0.483,0.162,0.27,3.5,5.2,4.4,24.2,4.2,0.0,16.2,20.1,0.0,0.2,0.2,0.085,-1.6,2.6,1.0,0.1
Rumeal Robinson,robinru01,"LAL,PHO,POR",PG,30,54,508,10.5,0.491,0.341,0.213,1.4,9.3,5.4,22.6,2.5,0.3,19.3,19.7,-0.1,0.6,0.5,0.046,-3.5,0.4,-3.1,-0.1
Sam Cassell,cassesa01,"PHO,DAL,NJN",PG,27,61,1714,18.4,0.541,0.295,0.321,3.0,9.1,6.0,31.8,2.3,0.8,15.8,27.3,2.7,1.1,3.9,0.108,2.2,0.0,2.2,1.8
Sam Mack,macksa01,HOU,SF,26,52,904,10.2,0.521,0.542,0.16,2.7,10.5,6.8,9.9,1.7,0.5,13.0,16.2,0.4,1.0,1.3,0.071,-1.9,0.1,-1.8,0.1
Sam Mitchell,mitchsa01,MIN,SF,33,82,2044,11.8,0.523,0.041,0.489,6.5,12.3,9.4,6.3,1.3,0.7,11.3,18.5,1.8,1.5,3.3,0.077,-2.7,-1.0,-3.7,-0.9
Sam Perkins,perkisa01,SEA,C,35,81,1976,17.0,0.584,0.467,0.346,4.5,13.8,9.2,8.5,1.9,2.1,9.2,19.4,4.4,2.7,7.1,0.173,3.0,0.3,3.3,2.6
Samaki Walker,walkesa01,DAL,PF,20,43,602,12.2,0.487,0.005,0.396,8.9,19.6,14.2,4.9,1.3,2.9,15.1,19.7,-0.2,0.7,0.5,0.037,-3.9,-0.6,-4.4,-0.4
Sasha Danilović,danilsa01,"MIA,DAL",SG,26,56,1789,10.9,0.552,0.414,0.265,1.9,7.0,4.5,10.0,1.6,0.4,15.4,19.6,0.8,2.0,2.8,0.074,-1.3,0.3,-1.0,0.5
Scott Brooks,brooksc01,NYK,PG,31,38,251,11.0,0.625,0.308,0.385,3.0,5.5,4.3,17.8,4.4,0.0,27.2,11.5,0.2,0.5,0.7,0.136,-3.0,4.5,1.5,0.2
Scott Burrell,burresc01,"CHO,GSW",SF,26,57,939,10.3,0.483,0.428,0.28,6.4,13.7,10.1,12.1,1.6,1.5,14.8,17.4,0.3,0.5,0.8,0.042,-1.7,-0.1,-1.8,0.1
Scott Williams,willisc01,PHI,C,28,62,1317,13.2,0.529,0.006,0.173,12.5,20.5,16.4,4.9,1.7,2.2,12.7,12.6,1.5,1.1,2.6,0.094,-2.2,-0.4,-2.6,-0.2
Scottie Pippen,pippesc01,CHI,SF,31,82,3095,21.3,0.554,0.31,0.213,5.9,13.3,9.7,24.3,2.7,1.1,12.5,24.6,7.8,5.2,13.1,0.203,4.3,1.4,5.7,6.1
Sean Elliott,elliose01,SAS,SF,28,39,1393,14.0,0.529,0.272,0.422,4.0,12.7,8.2,15.5,0.9,1.4,13.9,21.3,1.4,0.1,1.5,0.051,0.3,-1.7,-1.4,0.2
Sean Rooks,rooksse01,LAL,C,27,69,735,13.4,0.547,0.005,0.703,8.8,16.5,12.7,8.9,1.2,3.9,17.4,17.9,0.7,1.1,1.8,0.115,-3.5,0.9,-2.6,-0.1
Sedale Threatt,threase01,HOU,SG,35,21,334,8.5,0.451,0.27,0.108,1.8,6.3,4.2,17.6,2.4,0.7,14.4,12.3,0.1,0.4,0.4,0.061,-3.8,1.0,-2.8,-0.1
Shandon Anderson,andersh01,UTA,SG,23,65,1066,10.4,0.534,0.148,0.311,6.5,14.0,10.5,7.1,1.4,0.6,16.8,18.9,0.1,1.2,1.2,0.056,-2.3,-1.4,-3.6,-0.4
Shane Heal,healsh01,MIN,PG,26,43,236,5.0,0.378,0.67,0.052,1.0,8.0,4.5,22.1,0.7,1.0,14.6,22.5,-0.5,0.1,-0.4,-0.086,-4.0,-2.8,-6.8,-0.3
Shaquille O'Neal,onealsh01,LAL,C,24,51,1941,27.1,0.556,0.004,0.483,11.6,25.9,18.8,17.3,1.2,5.8,10.8,31.1,4.1,3.9,8.0,0.197,4.7,1.8,6.5,4.1
Shareef Abdur-Rahim,abdursh01,VAN,PF,20,80,2802,17.4,0.518,0.022,0.428,8.8,14.2,11.5,12.1,1.5,2.2,13.5,27.6,1.7,1.2,2.9,0.049,0.3,-2.1,-1.8,0.2
Sharone Wright,wrighsh01,TOR,C,24,60,1009,7.4,0.423,0.002,0.33,8.9,12.8,10.8,4.9,0.8,4.0,16.8,24.6,-2.3,0.7,-1.6,-0.076,-6.7,-1.6,-8.3,-1.6
Shawn Bradley,bradlsh01,"NJN,DAL",C,24,73,2288,16.5,0.478,0.009,0.252,10.4,19.8,14.9,4.2,0.9,8.3,11.8,22.1,0.0,3.0,3.0,0.062,-1.9,0.8,-1.1,0.5
Shawn Kemp,kempsh01,SEA,PF,27,81,2750,20.7,0.583,0.032,0.59,12.1,23.3,17.7,10.0,2.4,2.5,17.7,26.3,4.6,5.4,10.0,0.174,0.6,0.3,0.8,2.0
Shawn Respert,respesh01,"MIL,TOR",SG,24,41,495,11.5,0.551,0.41,0.281,3.3,6.1,4.7,13.1,2.1,0.3,16.1,16.9,0.5,0.2,0.7,0.068,-1.1,-0.5,-1.6,0.0
Shawnelle Scott,scottsh01,CLE,C,24,16,50,18.7,0.48,0.0,0.688,20.5,21.2,20.8,0.0,0.0,5.4,0.0,20.8,0.1,0.1,0.2,0.17,1.9,-1.6,0.3,0.0
Sherman Douglas,douglsh01,MIL,PG,30,79,2316,14.6,0.557,0.187,0.28,3.0,7.2,5.1,29.7,1.8,0.3,18.3,16.8,3.4,1.2,4.6,0.095,0.6,-0.8,-0.2,1.1
Stacey Augmon,augmost01,"DET,POR",SG,28,60,942,11.3,0.531,0.0,0.441,6.2,11.4,8.8,9.4,2.4,1.5,19.6,16.2,0.2,1.3,1.5,0.076,-2.6,1.5,-1.1,0.2
Stacey King,kingst01,"BOS,DAL",C,30,11,103,7.7,0.478,0.0,0.318,12.1,18.8,15.2,1.6,1.0,0.7,19.3,13.6,-0.1,0.1,0.0,-0.005,-5.2,-2.1,-7.3,-0.1
Stanley Roberts,roberst01,LAC,C,26,18,378,14.1,0.485,0.0,0.432,7.1,21.5,14.0,4.1,1.1,4.8,11.5,23.5,0.0,0.5,0.5,0.06,-2.9,0.6,-2.3,0.0
Stephen Howard,howarst01,"SAS,UTA",SF,26,49,418,16.0,0.613,0.0,0.75,9.0,15.9,12.6,4.2,2.5,2.4,14.8,18.7,0.7,0.6,1.3,0.149,-1.4,0.6,-0.8,0.1
Stephon Marbury,marbust01,MIN,PG,19,67,2324,16.1,0.519,0.331,0.387,2.8,6.6,4.7,38.1,1.5,0.6,17.1,24.2,2.5,1.2,3.7,0.077,2.2,-2.3,0.0,1.2
Steve Hamer,hamerst01,BOS,C,23,35,268,8.9,0.545,0.035,0.509,6.8,20.0,12.9,4.0,0.4,1.1,15.7,13.3,0.1,0.1,0.2,0.031,-4.3,-2.2,-6.5,-0.3
Steve Kerr,kerrst01,CHI,PG,31,82,1861,15.6,0.667,0.507,0.143,1.8,6.0,3.9,13.5,1.9,0.1,8.0,12.9,5.4,2.0,7.5,0.192,2.2,1.1,3.2,2.5
Steve Nash,nashst01,PHO,PG,22,65,684,10.8,0.539,0.314,0.291,2.8,8.0,5.4,29.5,1.5,0.0,24.2,17.1,0.4,0.3,0.7,0.047,-2.0,-1.1,-3.1,-0.2
Steve Scheffler,schefst01,SEA,C,29,7,29,7.2,0.825,0.0,0.286,4.2,8.3,6.2,0.0,0.0,0.0,38.8,20.3,0.0,0.0,0.0,-0.056,-7.2,-2.2,-9.3,-0.1
Steve Smith,smithst01,ATL,SG,27,72,2818,17.4,0.548,0.339,0.343,3.9,6.1,5.0,20.2,1.2,0.6,11.8,25.0,6.5,2.6,9.1,0.154,2.7,-1.0,1.7,2.7
Stevin Smith,smithst02,DAL,SG,25,8,60,3.3,0.38,0.333,0.056,3.8,15.7,9.7,10.9,0.9,0.0,17.8,17.2,-0.1,0.0,-0.1,-0.072,-7.8,-1.7,-9.5,-0.1
Stojko Vranković,vrankst01,MIN,C,33,53,766,10.1,0.583,0.0,0.266,8.9,17.0,13.0,2.9,0.7,6.6,25.1,12.4,-0.1,0.9,0.9,0.055,-4.8,1.4,-3.3,-0.3
Terrell Brandon,brandte01,CLE,PG,26,78,2868,21.5,0.526,0.206,0.226,2.1,11.7,6.8,35.6,2.8,0.9,11.0,28.3,6.2,4.7,10.8,0.181,4.2,1.5,5.6,5.5
Terry Cummings,cummite01,SEA,PF,35,45,828,15.2,0.521,0.016,0.257,10.2,16.4,13.3,8.3,2.1,0.7,11.2,22.1,0.9,1.2,2.1,0.121,-1.3,-0.7,-2.0,0.0
Terry Dehere,deherte01,LAC,PG,25,73,1053,12.4,0.524,0.418,0.386,1.6,9.2,5.3,24.6,1.3,0.2,17.6,23.1,0.7,0.5,1.2,0.056,-1.2,-1.5,-2.8,-0.2
Terry Mills,millste01,DET,PF,29,79,1997,16.4,0.585,0.591,0.1,4.3,18.8,11.7,8.9,1.0,1.1,10.4,20.3,3.6,2.5,6.2,0.148,3.0,-0.3,2.7,2.4
Terry Porter,portete01,MIN,PG,33,82,1568,14.5,0.544,0.445,0.37,2.4,10.9,6.6,30.2,1.8,0.5,19.7,19.0,1.5,1.2,2.7,0.082,0.4,-0.5,-0.1,0.7
Theo Ratliff,ratlith01,DET,C,23,76,1292,15.9,0.566,0.0,0.344,10.7,13.9,12.3,1.8,1.3,7.1,12.6,17.0,1.8,2.1,3.9,0.144,-2.0,1.2,-0.8,0.4
Tim Hardaway,hardati01,MIA,PG,30,81,3136,20.8,0.532,0.426,0.263,1.9,8.5,5.2,41.9,2.6,0.2,13.0,26.6,7.9,5.0,12.9,0.198,5.2,1.0,6.2,6.5
Tim Kempton,kemptti01,SAS,PF,33,10,59,-1.0,0.34,0.0,0.4,5.9,10.5,8.1,4.8,0.9,1.4,54.3,10.2,-0.2,0.0,-0.2,-0.167,-8.7,-2.3,-11.0,-0.1
Tim Legler,legleti01,WSB,SG,30,15,182,4.4,0.431,0.604,0.146,0.0,13.3,6.8,5.3,0.9,2.1,15.0,14.8,-0.2,0.2,0.0,-0.01,-5.0,-0.4,-5.5,-0.2
Todd Day,dayto01,BOS,SG,27,81,2277,15.5,0.515,0.348,0.331,5.1,12.1,8.3,8.6,2.4,1.6,10.0,24.0,2.1,1.2,3.2,0.068,0.9,-1.2,-0.4,0.9
Todd Fuller,fulleto02,GSW,C,22,75,949,10.4,0.483,0.0,0.414,13.5,17.7,15.6,4.0,0.6,1.6,14.2,17.2,0.4,0.3,0.7,0.034,-3.4,-2.4,-5.8,-0.9
Tom Chambers,chambto01,CHO,PF,37,12,83,-3.9,0.29,0.097,0.129,4.5,15.6,10.2,7.2,0.7,0.0,21.6,23.7,-0.5,0.0,-0.4,-0.239,-12.0,-4.9,-16.9,-0.3
Tom Gugliotta,guglito01,MIN,PF,27,81,3131,19.0,0.526,0.069,0.423,7.1,19.3,13.3,19.3,2.2,2.1,15.6,27.5,2.6,4.2,6.7,0.103,1.2,0.5,1.7,2.9
Tom Hammonds,hammoto01,DEN,PF,29,81,1758,10.1,0.534,0.005,0.432,8.9,17.0,13.0,5.8,0.5,0.9,15.7,14.3,1.1,0.6,1.7,0.046,-3.2,-1.6,-4.8,-1.2
Toni Kukoč,kukocto01,CHI,SF,28,57,1610,20.2,0.553,0.25,0.288,6.7,11.5,9.2,24.3,2.0,1.4,11.8,21.4,4.5,2.3,6.9,0.204,3.9,1.1,5.0,2.9
Tony Delk,delkto01,CHO,PG,23,61,867,14.2,0.596,0.438,0.199,4.5,9.2,6.9,18.5,2.3,0.5,19.6,18.8,1.0,0.6,1.6,0.087,0.9,-0.6,0.3,0.5
Tony Dumas,dumasto01,"DAL,PHO",SG,24,24,278,5.2,0.402,0.292,0.26,1.2,5.5,3.3,15.0,1.9,0.6,13.0,20.3,-0.5,0.1,-0.3,-0.055,-6.9,-0.7,-7.6,-0.4
Tony Massenburg,masseto01,NJN,PF,29,79,1954,11.9,0.523,0.002,0.456,11.6,17.4,14.3,1.8,1.0,1.9,14.4,13.8,1.6,1.2,2.8,0.069,-2.6,-1.6,-4.2,-1.1
Tony Smith,smithto02,CHO,PG,28,69,1291,9.4,0.477,0.294,0.175,3.7,5.1,4.4,17.9,2.0,1.1,16.7,15.9,0.0,0.6,0.6,0.024,-2.1,-0.4,-2.5,-0.2
Tracy Moore,mooretr01,HOU,SG,31,27,237,11.4,0.502,0.506,0.365,5.7,7.0,6.4,13.5,1.1,0.0,12.4,21.6,0.1,0.2,0.3,0.066,-1.5,-1.5,-2.9,-0.1
Tracy Murray,murratr01,WSB,SF,25,82,1814,14.6,0.546,0.442,0.237,5.5,10.7,8.2,6.6,2.0,0.8,10.3,20.7,2.4,1.9,4.4,0.116,0.7,-0.3,0.4,1.1
Travis Best,besttr01,IND,PG,24,76,2064,13.3,0.533,0.25,0.318,2.1,7.4,4.8,26.4,2.6,0.2,17.8,19.3,1.8,2.3,4.1,0.096,-0.9,0.9,0.0,1.0
Travis Knight,knightr01,LAL,C,22,71,1156,14.1,0.536,0.0,0.364,13.0,18.5,15.7,5.3,1.4,3.8,13.3,14.3,1.4,1.8,3.3,0.137,-2.2,0.4,-1.8,0.1
Tyrone Corbin,corbity01,ATL,SF,34,70,2305,11.0,0.514,0.347,0.18,4.0,11.0,7.6,9.0,2.2,0.2,11.6,15.0,1.8,3.1,5.0,0.104,-1.4,1.0,-0.4,1.0
Tyrone Hill,hillty01,CLE,C,28,74,2582,17.8,0.626,0.002,0.64,12.9,24.4,18.6,6.6,1.4,1.0,16.2,17.6,5.3,4.6,9.9,0.184,0.6,0.1,0.7,1.8
Tyus Edney,edneyty01,SAC,PG,23,70,1376,12.7,0.499,0.107,0.55,2.9,6.8,4.8,25.4,2.3,0.1,18.7,19.5,0.7,0.8,1.5,0.054,-1.6,-0.8,-2.4,-0.1
Vernon Maxwell,maxweve01,SAS,SG,31,72,2068,11.8,0.471,0.411,0.199,1.5,7.9,4.6,13.4,2.3,0.7,10.9,24.9,-0.4,0.3,0.0,-0.001,-1.7,-1.5,-3.2,-0.6
Vin Baker,bakervi01,MIL,PF,25,78,3159,20.1,0.553,0.043,0.416,10.4,20.7,15.6,12.1,1.4,2.7,14.2,25.3,4.9,3.4,8.3,0.127,2.1,-0.1,2.0,3.2
Vincent Askew,askewvi01,"NJN,IND,DEN",SG,30,43,838,9.7,0.532,0.129,0.473,3.6,10.2,7.0,17.3,1.1,0.6,17.0,14.9,0.7,0.8,1.5,0.086,-2.7,0.8,-1.9,0.0
Vinny Del Negro,delnevi01,SAS,SG,30,72,2243,14.4,0.529,0.179,0.165,2.0,9.5,5.6,18.6,1.4,0.2,9.9,19.3,3.2,-0.1,3.1,0.066,-0.1,-1.4,-1.5,0.3
Vitaly Potapenko,potapvi01,CLE,C,21,80,1238,9.5,0.486,0.005,0.296,10.9,12.0,11.4,6.1,1.2,2.5,18.6,23.7,-1.2,1.7,0.5,0.02,-5.9,-0.7,-6.6,-1.4
Vlade Divac,divacvl01,CHO,C,28,81,2840,17.9,0.533,0.055,0.306,10.6,20.0,15.5,17.5,2.0,4.7,16.7,19.1,3.4,3.9,7.3,0.123,0.6,2.0,2.5,3.3
Voshon Lenard,lenarvo01,MIA,SG,23,73,2111,14.7,0.614,0.646,0.154,2.2,9.9,6.1,13.5,1.3,0.7,13.0,18.7,3.9,2.9,6.8,0.155,2.2,0.5,2.7,2.6
Walt Williams,williwa02,TOR,SF,26,73,2647,14.9,0.551,0.445,0.247,4.4,12.0,8.1,13.0,1.9,1.9,13.8,21.4,3.3,2.1,5.4,0.098,1.0,-0.2,0.8,1.9
Walter McCarty,mccarwa01,NYK,PF,22,35,192,6.4,0.431,0.206,0.206,5.2,9.1,7.2,11.5,1.9,3.8,18.6,21.9,-0.4,0.3,0.0,-0.007,-6.4,1.9,-4.5,-0.1
Wayman Tisdale,tisdawa01,PHO,PF,32,53,778,8.8,0.441,0.0,0.129,5.3,12.7,9.0,4.4,0.5,2.0,8.4,24.8,-1.0,0.4,-0.6,-0.037,-5.9,-2.4,-8.3,-1.2
Wesley Person,persowe01,PHO,SG,25,80,2326,15.9,0.567,0.458,0.126,3.4,11.2,7.3,8.6,1.9,0.6,7.4,19.9,3.7,1.5,5.2,0.108,2.4,-0.5,1.9,2.3
Will Perdue,perduwi01,SAS,C,31,65,1918,16.7,0.582,0.0,0.417,15.2,25.1,19.9,3.3,0.9,4.2,15.2,13.9,2.9,1.5,4.4,0.11,0.0,-1.1,-1.1,0.4
Willie Anderson,anderwi01,MIA,SG,30,28,303,12.6,0.57,0.297,0.313,6.0,10.4,8.2,18.2,2.5,1.0,20.7,14.2,0.4,0.5,0.9,0.142,-1.4,2.2,0.9,0.2
Willie Burton,burtowi01,ATL,SF,28,24,380,8.6,0.507,0.397,0.586,3.5,9.2,6.4,4.8,1.2,0.6,15.1,21.3,0.1,0.4,0.5,0.06,-4.2,-0.5,-4.7,-0.3
Xavier McDaniel,mcdanxa01,NJN,PF,33,62,1170,10.8,0.439,0.07,0.251,10.8,19.1,14.7,8.7,1.6,1.1,15.1,16.9,-0.2,0.9,0.7,0.03,-3.3,-1.1,-4.3,-0.7
Yinka Dare,dareyi01,NJN,C,24,41,313,7.2,0.406,0.0,0.685,11.4,17.3,14.2,1.4,0.7,6.7,23.0,12.4,-0.4,0.3,-0.1,-0.014,-6.7,-0.3,-7.0,-0.4
Šarūnas Marčiulionis,marcisa01,DEN,SG,32,17,255,8.1,0.496,0.297,0.356,5.4,8.0,6.7,16.7,2.4,0.3,25.5,27.5,-0.6,0.1,-0.5,-0.085,-4.0,-0.8,-4.8,-0.2
Žan Tabak,tabakza01,TOR,C,26,13,218,12.5,0.501,0.0,0.408,10.4,16.1,13.2,11.0,1.5,4.0,20.0,21.5,-0.1,0.2,0.1,0.032,-3.6,0.0,-3.5,-0.1
