Player,PlayerID,Tms,Pos,Age,G,MP,PER,TS%,3PAr,FTr,ORB%,DRB%,TRB%,AST%,STL%,BLK%,TOV%,USG%,OWS,DWS,WS,WS/48,OBPM,DBPM,BPM,VORP
Aaron McKie,mckieaa01,PHI,SG,32,68,1118,8.4,0.51,0.437,0.113,2.0,15.5,8.7,13.4,2.2,1.2,17.2,7.1,0.5,1.5,2.0,0.085,-3.0,2.4,-0.6,0.4
Aaron Williams,williaa01,"NJN,TOR",C,33,42,315,5.9,0.518,0.0,0.27,6.2,16.3,11.1,4.2,0.8,2.0,19.4,12.9,-0.1,0.3,0.3,0.039,-6.7,0.0,-6.7,-0.4
Adonal Foyle,foylead01,GSW,C,29,78,1700,12.7,0.514,0.0,0.232,10.1,17.7,13.7,4.9,0.8,6.7,14.5,10.4,1.2,2.2,3.4,0.096,-2.8,1.7,-1.2,0.3
Adrian Griffin,griffad01,CHI,SF,30,69,667,10.7,0.419,0.056,0.273,8.8,15.7,12.2,12.6,3.3,0.4,14.3,14.1,-0.1,1.4,1.3,0.095,-2.7,3.4,0.6,0.4
Al Harrington,harrial01,ATL,SF,24,66,2550,14.4,0.508,0.075,0.356,6.3,15.2,10.5,14.5,1.8,0.5,15.2,23.6,0.6,1.0,1.6,0.03,-0.7,-1.4,-2.2,-0.1
Al Jefferson,jeffeal01,BOS,PF,20,71,1051,16.6,0.554,0.008,0.366,13.5,21.0,17.3,3.9,1.1,3.9,13.3,21.2,1.3,1.4,2.7,0.123,-1.7,-0.6,-2.3,-0.1
Alan Henderson,hendeal01,DAL,PF,32,78,1203,12.4,0.539,0.009,0.345,15.6,16.8,16.2,2.6,1.2,2.3,16.2,11.3,1.5,1.5,3.1,0.122,-1.1,-0.3,-1.4,0.2
Aleksandar Radojević,radojal01,UTA,C,28,12,128,-1.5,0.406,0.0,0.526,8.5,18.9,13.6,7.0,0.0,1.3,39.1,13.8,-0.4,0.1,-0.3,-0.117,-10.7,-0.9,-11.6,-0.3
Alex Garcia,garcial01,NOH,SG,24,8,146,8.4,0.409,0.346,0.077,5.5,6.8,6.1,22.1,1.5,0.6,13.0,19.7,-0.1,0.1,-0.1,-0.018,-2.7,-0.6,-3.4,0.0
Allan Houston,houstal01,NYK,SG,33,20,532,12.5,0.529,0.39,0.21,0.9,4.2,2.5,13.4,0.8,0.3,8.6,21.0,0.7,0.0,0.7,0.064,0.4,-2.3,-1.8,0.0
Allen Iverson,iversal01,PHI,PG,29,75,3174,23.2,0.532,0.186,0.432,1.8,8.9,5.3,37.6,2.9,0.2,13.7,35.0,5.3,3.7,9.0,0.136,4.2,0.0,4.2,5.0
Alonzo Mourning,mournal01,"NJN,MIA",C,34,37,702,15.4,0.515,0.0,0.665,9.0,24.5,16.8,4.6,0.6,8.3,17.2,22.1,-0.3,1.5,1.2,0.08,-2.3,2.1,-0.1,0.3
Amar'e Stoudemire,stoudam01,PHO,C,22,80,2889,26.6,0.617,0.012,0.595,8.5,17.4,13.2,7.7,1.3,3.0,10.1,28.3,11.3,3.3,14.6,0.243,4.1,0.3,4.4,4.7
Anderson Varejão,varejan01,CLE,PF,22,54,863,17.0,0.534,0.01,0.658,14.6,20.7,17.6,4.9,2.5,3.3,9.5,14.4,1.5,1.4,3.0,0.164,-0.4,0.6,0.2,0.5
Andre Barrett,barrean01,"HOU,ORL",PG,22,38,483,8.6,0.446,0.419,0.153,2.7,6.7,4.7,22.3,2.1,0.1,16.9,15.0,-0.1,0.5,0.4,0.041,-3.2,0.4,-2.8,-0.1
Andre Emmett,emmetan01,MEM,SG,22,8,28,0.9,0.427,0.0,0.833,0.0,8.5,4.3,0.0,0.0,0.0,10.9,15.5,0.0,0.0,0.0,-0.038,-9.3,-2.5,-11.8,-0.1
Andre Iguodala,iguodan01,PHI,SG,21,82,2686,13.5,0.58,0.26,0.385,3.7,15.9,9.7,14.3,2.6,1.4,17.9,12.8,2.7,4.0,6.6,0.118,-0.7,2.1,1.4,2.3
Andre Miller,millean02,DEN,PG,28,82,2852,16.5,0.541,0.044,0.337,4.1,9.6,6.8,32.2,2.2,0.2,17.6,19.5,4.1,2.9,7.0,0.119,0.8,0.1,0.8,2.0
Andrei Kirilenko,kirilan01,UTA,PF,23,41,1349,24.4,0.599,0.183,0.617,8.0,15.7,11.7,17.4,2.7,8.5,14.4,21.3,3.5,2.0,5.5,0.197,5.5,3.7,9.2,3.8
Andrew DeClercq,declean01,ORL,C,31,8,49,5.6,0.436,0.0,0.333,16.2,6.8,11.4,0.0,2.1,0.0,8.8,10.1,0.0,0.0,0.1,0.061,-6.0,-1.3,-7.3,-0.1
Andris Biedriņš,biedran01,GSW,C,18,30,384,14.8,0.57,0.013,0.513,12.7,21.1,16.7,4.9,1.6,4.4,11.2,12.4,0.7,0.6,1.2,0.154,-3.2,1.5,-1.7,0.0
Andrés Nocioni,nocioan01,CHI,SF,25,81,1892,10.1,0.484,0.161,0.369,4.1,18.6,11.4,10.9,1.0,1.3,16.2,19.7,-0.9,3.3,2.5,0.062,-3.2,1.1,-2.0,0.0
Anfernee Hardaway,hardaan01,NYK,SF,33,37,894,9.0,0.48,0.192,0.177,2.5,9.3,5.8,13.2,1.7,0.3,15.1,16.9,-0.2,0.4,0.2,0.009,-2.9,-0.5,-3.3,-0.3
Ansu Sesay,sesayan01,GSW,SF,28,16,128,14.8,0.466,0.19,0.571,14.6,17.8,16.1,14.9,0.8,1.7,13.2,20.9,0.1,0.1,0.2,0.077,0.4,-0.3,0.1,0.1
Antawn Jamison,jamisan01,WAS,PF,28,68,2605,16.9,0.506,0.175,0.249,6.7,16.1,11.2,10.7,1.1,0.5,8.2,24.1,3.8,1.7,5.4,0.1,1.5,-2.0,-0.5,1.0
Anthony Carter,cartean01,MIN,PG,29,66,742,11.3,0.454,0.096,0.288,1.9,8.4,5.3,32.2,2.5,1.7,23.7,16.4,-0.3,0.8,0.5,0.034,-2.8,1.0,-1.8,0.0
Anthony Goldwire,goldwan01,"DET,MIL",PG,33,33,537,15.1,0.575,0.588,0.228,2.2,10.8,6.4,22.7,1.5,0.0,9.1,14.0,1.3,0.2,1.5,0.138,2.1,-0.1,1.9,0.5
Anthony Johnson,johnsan02,IND,PG,30,63,1747,14.3,0.526,0.237,0.248,2.2,9.9,6.1,31.2,1.9,0.7,16.0,16.5,2.2,1.8,4.0,0.11,0.3,0.4,0.7,1.2
Anthony Miller,millean01,ATL,PF,33,2,9,16.9,0.667,0.0,0.0,0.0,13.6,6.5,21.4,5.8,0.0,25.0,19.9,0.0,0.0,0.0,0.091,-3.3,5.6,2.3,0.0
Anthony Peeler,peelean01,WAS,SG,35,40,529,10.2,0.484,0.433,0.12,2.9,11.2,6.9,16.7,1.8,0.3,15.1,15.4,0.2,0.3,0.5,0.048,-1.4,-0.4,-1.9,0.0
Antoine Walker,walkean02,"ATL,BOS",PF,28,77,2955,15.5,0.478,0.248,0.271,7.0,20.9,13.7,16.3,1.6,1.5,14.1,27.2,-1.4,2.3,0.9,0.015,0.8,-1.3,-0.4,1.2
Antonio Burks,burksan01,MEM,PG,24,24,219,12.8,0.534,0.183,0.317,0.5,6.0,3.3,21.9,3.2,0.4,14.9,17.3,0.2,0.3,0.5,0.103,-2.5,2.3,-0.2,0.1
Antonio Daniels,daniean01,SEA,PG,29,75,2026,18.0,0.557,0.265,0.488,1.2,9.0,5.1,25.6,1.4,0.1,9.3,19.0,6.3,0.5,6.8,0.16,3.0,-0.8,2.2,2.2
Antonio Davis,davisan01,CHI,PF,36,72,1843,11.1,0.516,0.0,0.363,9.3,16.6,13.0,7.1,0.8,1.7,16.5,14.1,0.9,3.0,3.9,0.101,-1.9,0.9,-1.0,0.5
Antonio McDyess,mcdyean01,DET,PF,30,77,1797,17.2,0.542,0.002,0.321,11.6,19.7,15.7,7.3,1.4,2.2,12.0,20.3,2.5,3.3,5.7,0.154,-0.5,0.4,0.0,0.9
Austin Croshere,croshau01,IND,PF,29,73,1827,13.5,0.531,0.35,0.515,6.8,17.5,12.2,9.5,1.4,0.7,14.6,18.7,1.8,2.2,4.1,0.107,-0.4,-0.3,-0.7,0.6
Awvee Storey,storeaw01,NJN,SG,27,9,32,6.9,0.368,0.2,0.2,14.8,3.8,9.4,5.2,0.0,0.0,0.0,16.0,0.0,0.0,0.0,0.026,-2.0,-4.0,-6.0,0.0
Baron Davis,davisba01,"NOH,GSW",PG,25,46,1581,20.8,0.515,0.471,0.323,2.2,10.6,6.2,42.0,2.7,0.7,13.2,28.2,2.8,1.5,4.4,0.132,4.1,0.0,4.1,2.4
Ben Gordon,gordobe01,CHI,SG,21,82,2002,14.9,0.526,0.313,0.256,3.1,8.9,6.0,16.3,1.4,0.4,13.7,30.4,0.8,2.7,3.5,0.084,1.0,-0.3,0.7,1.4
Ben Handlogten,handlbe01,UTA,C,31,21,297,10.3,0.525,0.012,0.205,9.3,18.0,13.6,7.7,1.3,1.4,16.6,16.8,0.1,0.2,0.3,0.041,-3.8,-1.0,-4.8,-0.2
Ben Wallace,wallabe01,DET,C,30,74,2671,17.4,0.459,0.014,0.467,12.9,26.5,19.8,7.6,2.2,5.0,9.5,15.2,1.8,6.7,8.5,0.153,0.2,2.6,2.8,3.2
Beno Udrih,udrihbe01,SAS,PG,22,80,1149,14.3,0.549,0.364,0.228,1.6,6.8,4.2,22.2,1.9,0.6,15.2,20.5,1.3,1.8,3.1,0.128,0.1,0.8,0.9,0.9
Bernard Robinson,robinbe01,CHA,SG,24,31,328,9.8,0.503,0.099,0.321,4.6,12.5,8.4,14.4,1.7,0.9,17.8,15.2,0.0,0.2,0.3,0.037,-3.1,0.3,-2.8,-0.1
Billy Thomas,thomabi01,NJN,SF,29,25,356,8.2,0.47,0.596,0.096,2.3,9.9,6.1,8.0,2.1,0.2,8.4,14.1,0.0,0.4,0.4,0.055,-3.2,-0.1,-3.3,-0.1
Bo Outlaw,outlabo01,PHO,PF,33,39,214,8.1,0.382,0.0,0.265,8.4,17.6,13.2,7.7,1.4,3.7,17.4,9.4,0.0,0.3,0.2,0.053,-3.3,2.2,-1.2,0.0
Bob Sura,surabo01,HOU,PG,31,61,1922,14.4,0.533,0.308,0.373,4.9,15.3,10.2,27.3,1.8,0.3,20.0,18.0,1.8,2.9,4.8,0.119,0.1,1.4,1.5,1.7
Bobby Jackson,jacksbo01,SAC,SG,31,25,536,18.0,0.537,0.376,0.227,4.8,12.9,8.9,18.2,1.3,0.3,9.1,25.6,1.1,0.3,1.4,0.126,2.2,-1.0,1.3,0.5
Bobby Simmons,simmobo01,LAC,SF,24,75,2799,16.1,0.54,0.113,0.268,5.7,13.2,9.6,13.1,2.0,0.4,10.6,21.0,4.2,2.6,6.8,0.117,0.8,0.0,0.7,1.9
Bonzi Wells,wellsbo01,MEM,SG,28,69,1489,15.9,0.515,0.169,0.305,4.0,14.4,9.2,10.2,3.1,1.4,11.4,25.0,0.6,2.5,3.1,0.1,-0.8,1.4,0.6,1.0
Boris Diaw,diawbo01,ATL,SG,22,66,1201,10.0,0.479,0.17,0.262,5.0,11.8,8.2,19.5,1.6,1.2,21.0,15.5,-0.3,0.4,0.1,0.005,-2.7,-0.8,-3.5,-0.4
Boštjan Nachbar,nachbbo01,"HOU,NOH",PF,24,71,1341,10.1,0.534,0.477,0.285,2.1,14.4,8.0,9.8,1.2,1.0,13.6,18.6,0.6,1.1,1.7,0.061,-1.9,-0.4,-2.2,-0.1
Brad Miller,millebr01,SAC,C,28,56,2089,20.7,0.596,0.031,0.471,7.4,20.4,13.9,16.1,1.7,2.3,10.0,17.4,6.3,2.3,8.6,0.198,2.7,1.4,4.0,3.1
Brandin Knight,knighbr02,HOU,PG,23,1,3,-1.2,0.0,0.0,0.0,0.0,0.0,0.0,46.5,0.0,0.0,0.0,15.7,0.0,0.0,0.0,-0.205,-4.1,-5.4,-9.4,0.0
Brandon Hunter,huntebr01,ORL,PF,24,31,224,12.2,0.527,0.0,0.534,12.7,21.7,17.3,2.2,0.9,2.2,19.6,21.9,-0.1,0.2,0.2,0.036,-4.1,-1.9,-6.0,-0.2
Brendan Haywood,haywobr01,WAS,C,25,68,1865,16.5,0.588,0.0,0.611,11.8,16.4,14.0,4.9,1.4,4.5,15.1,14.9,3.2,2.0,5.2,0.134,-0.5,0.3,-0.1,0.9
Brent Barry,barrybr01,SAS,SG,33,81,1742,14.0,0.58,0.61,0.294,1.9,10.8,6.4,16.3,1.2,0.8,11.0,15.6,3.5,2.7,6.1,0.168,1.1,1.3,2.4,1.9
Brevin Knight,knighbr01,CHA,PG,29,66,1944,18.0,0.495,0.034,0.334,1.2,9.3,5.0,49.3,3.5,0.2,17.9,18.7,2.6,1.9,4.5,0.11,0.7,1.1,1.8,1.8
Brian Cardinal,cardibr01,MEM,PF,27,58,1433,14.0,0.51,0.289,0.419,5.3,13.5,9.4,13.3,3.3,1.0,14.0,19.6,1.1,2.4,3.5,0.116,-1.2,2.1,0.9,1.0
Brian Cook,cookbr01,LAL,C,24,72,1087,14.1,0.522,0.472,0.088,6.6,15.8,11.2,5.7,1.1,1.8,6.2,19.4,1.5,0.5,2.0,0.088,0.7,-1.2,-0.5,0.4
Brian Grant,grantbr01,LAL,C,32,69,1136,10.0,0.539,0.0,0.378,10.1,15.4,12.8,4.7,1.1,1.5,15.0,11.4,1.2,0.4,1.6,0.068,-2.9,-0.9,-3.8,-0.5
Brian Scalabrine,scalabr01,NJN,PF,26,54,1167,11.0,0.468,0.205,0.208,8.4,16.8,12.6,13.0,1.6,1.3,15.4,17.2,-0.2,1.6,1.4,0.058,-2.0,0.2,-1.8,0.1
Brian Skinner,skinnbr01,"PHI,SAC",C,28,49,941,13.7,0.494,0.005,0.341,12.7,20.6,16.6,6.7,1.7,3.7,14.5,13.0,0.6,1.3,1.9,0.096,-1.6,0.4,-1.2,0.2
Britton Johnsen,johnsbr01,IND,SF,25,6,87,0.4,0.273,0.182,0.0,7.0,6.7,6.9,7.6,0.6,0.0,12.0,13.8,-0.2,0.0,-0.2,-0.087,-8.6,-3.2,-11.8,-0.2
Bruce Bowen,bowenbr01,SAS,SF,33,82,2627,9.5,0.521,0.423,0.187,2.2,10.5,6.3,7.5,1.1,1.1,8.1,12.5,2.1,4.0,6.1,0.111,-1.4,1.2,-0.1,1.2
Bruno Šundov,sundobr01,NYK,C,24,21,73,1.2,0.33,0.081,0.054,9.6,11.3,10.5,4.6,1.5,2.1,13.7,27.4,-0.3,0.0,-0.3,-0.174,-10.4,-3.3,-13.6,-0.2
Bryon Russell,russebr01,DEN,SF,34,70,1026,11.8,0.537,0.591,0.306,5.6,13.6,9.7,10.4,2.2,0.8,10.9,14.0,1.3,1.3,2.6,0.121,-0.5,1.0,0.5,0.7
Calbert Cheaney,cheanca01,GSW,SG,33,55,951,7.8,0.444,0.011,0.14,3.5,11.0,7.1,10.5,0.9,1.1,11.1,14.7,-0.3,0.5,0.3,0.013,-3.9,-0.1,-4.0,-0.5
Calvin Booth,boothca01,"DAL,MIL",C,28,51,451,11.9,0.508,0.009,0.296,7.4,19.7,13.6,2.7,1.7,4.6,11.6,13.8,0.3,0.7,1.0,0.101,-3.1,1.9,-1.2,0.1
Carlos Arroyo,arroyca01,"UTA,DET",PG,25,70,1448,11.3,0.466,0.07,0.347,2.1,6.5,4.3,32.3,1.7,0.2,17.8,19.3,0.3,1.0,1.3,0.043,-2.1,-0.8,-2.9,-0.3
Carlos Boozer,boozeca01,UTA,PF,23,51,1772,19.2,0.56,0.001,0.387,9.6,22.7,16.0,15.9,1.3,1.1,14.5,24.6,2.7,1.4,4.1,0.111,2.1,-0.7,1.4,1.5
Carlos Delfino,delfica01,DET,SG,22,30,459,8.6,0.431,0.299,0.342,3.3,10.6,7.0,13.3,2.6,1.0,14.6,16.1,-0.3,0.8,0.5,0.048,-4.3,1.8,-2.6,-0.1
Carmelo Anthony,anthoca01,DEN,SF,20,75,2608,16.7,0.526,0.128,0.466,6.3,12.5,9.4,13.1,1.3,0.9,13.1,29.2,2.3,2.6,4.9,0.09,0.4,-1.6,-1.2,0.5
Caron Butler,butleca01,LAL,SF,24,77,2746,15.8,0.528,0.126,0.322,6.0,12.4,9.2,9.3,2.1,0.6,9.9,20.7,4.1,1.2,5.3,0.093,0.0,-0.7,-0.7,0.9
Casey Jacobsen,jacobca01,"PHO,NOH",SG,23,84,1798,10.3,0.555,0.434,0.471,2.2,8.5,5.3,9.9,1.0,0.3,12.6,14.2,2.0,0.7,2.7,0.071,-1.0,-0.6,-1.6,0.2
Charlie Ward,wardch01,HOU,PG,34,14,360,8.7,0.453,0.662,0.169,2.0,10.4,6.3,18.4,2.3,0.0,17.9,13.2,-0.1,0.5,0.5,0.061,-2.2,1.8,-0.5,0.1
Chauncey Billups,billuch01,DET,PG,28,80,2866,19.0,0.609,0.424,0.418,2.0,9.0,5.5,28.2,1.6,0.2,14.3,20.7,8.6,3.5,12.1,0.202,3.6,0.6,4.2,4.5
Chris Andersen,anderch01,NOH,C,26,67,1430,18.5,0.581,0.008,0.531,10.9,23.6,17.0,9.1,0.5,5.6,12.7,16.4,2.7,1.8,4.5,0.152,0.5,1.1,1.6,1.3
Chris Bosh,boshch01,TOR,PF,20,81,3017,17.5,0.547,0.01,0.539,7.1,20.0,13.5,8.6,1.3,2.7,13.1,21.7,3.9,2.9,6.8,0.108,0.1,-0.3,-0.2,1.4
Chris Duhon,duhonch01,CHI,PG,22,82,2177,9.8,0.471,0.543,0.137,1.2,9.7,5.5,28.6,2.0,0.1,18.7,13.1,0.8,3.3,4.1,0.09,-2.2,1.6,-0.7,0.7
Chris Kaman,kamanch01,LAC,C,22,63,1632,13.1,0.522,0.002,0.244,10.2,20.5,15.6,7.7,0.9,3.1,17.3,18.8,0.2,1.9,2.1,0.061,-2.1,-0.3,-2.5,-0.2
Chris Mihm,mihmch01,LAL,C,25,75,1870,15.7,0.552,0.004,0.467,12.0,18.3,15.1,4.6,0.4,4.2,14.2,18.8,2.5,1.0,3.6,0.092,-1.3,-1.1,-2.4,-0.2
Chris Webber,webbech01,"SAC,PHI",PF,31,67,2370,18.6,0.472,0.034,0.178,6.1,22.8,14.4,24.2,2.0,1.6,11.6,29.3,0.2,3.2,3.4,0.07,0.3,0.4,0.7,1.6
Chris Wilcox,wilcoch01,LAC,C,22,54,1005,13.6,0.543,0.0,0.438,7.8,19.1,13.6,6.7,1.4,1.8,16.4,21.6,0.2,1.1,1.3,0.064,-2.1,-0.7,-2.7,-0.2
Christian Laettner,laettch01,MIA,PF,35,49,739,16.3,0.619,0.038,0.321,5.9,14.4,10.3,8.8,2.3,1.5,12.1,15.1,1.5,1.2,2.7,0.174,0.1,1.9,1.9,0.7
Chucky Atkins,atkinch01,LAL,PG,30,82,2903,13.4,0.558,0.5,0.223,1.2,6.4,3.8,20.6,1.3,0.1,13.1,17.9,4.7,-0.2,4.5,0.074,0.6,-1.7,-1.1,0.6
Clarence Weatherspoon,weathcl01,HOU,PF,34,40,525,9.0,0.475,0.0,0.307,8.0,18.8,13.5,5.2,0.9,0.9,10.4,13.0,0.3,0.8,1.1,0.098,-3.5,0.5,-3.0,-0.1
Clifford Robinson,robincl02,"GSW,NJN",C,38,71,1689,10.3,0.471,0.369,0.185,3.5,10.8,7.0,9.9,1.9,2.3,10.4,16.9,-0.1,1.8,1.7,0.049,-2.1,0.9,-1.3,0.3
Corey Maggette,maggeco01,LAC,SG,25,66,2436,19.9,0.574,0.17,0.666,3.6,15.5,9.7,16.6,1.5,0.2,13.3,27.9,6.0,2.2,8.1,0.16,3.0,-0.6,2.4,2.7
Corliss Williamson,willico02,"PHI,SAC",PF,31,72,1527,14.7,0.536,0.003,0.418,7.6,11.5,9.5,8.6,1.3,0.8,11.1,22.6,2.0,1.2,3.3,0.103,-1.5,-1.0,-2.5,-0.2
Corsley Edwards,edwarco01,NOH,C,25,10,110,8.6,0.372,0.0,0.387,12.4,14.6,13.5,4.6,1.5,2.9,5.2,16.2,0.0,0.1,0.1,0.026,-4.9,-1.4,-6.2,-0.1
Cory Alexander,alexaco01,CHA,SG,31,16,201,8.8,0.451,0.388,0.245,4.3,12.6,8.2,27.7,2.3,0.4,25.9,16.2,-0.2,0.2,0.0,0.002,-3.6,0.2,-3.4,-0.1
Curtis Borchardt,borchcu01,UTA,C,24,67,859,9.4,0.492,0.0,0.413,12.1,20.5,16.2,9.1,0.6,3.2,20.4,13.7,0.2,0.6,0.8,0.046,-3.8,-0.2,-4.0,-0.4
Cuttino Mobley,moblecu01,"ORL,SAC",SG,29,66,2388,15.0,0.555,0.367,0.22,2.1,8.6,5.4,12.5,1.6,0.9,11.5,21.4,3.2,1.2,4.4,0.089,1.1,-1.2,-0.1,1.1
D.J. Mbenga,mbengdj01,DAL,C,24,15,58,3.8,0.476,0.0,0.286,5.9,9.4,7.7,0.0,0.0,6.4,24.1,16.0,-0.1,0.1,0.0,-0.029,-9.2,-0.4,-9.6,-0.1
Dahntay Jones,jonesda02,MEM,SG,24,52,649,9.6,0.534,0.316,0.337,2.0,10.7,6.4,5.5,1.1,1.3,11.7,18.0,0.2,0.6,0.9,0.066,-3.0,-0.3,-3.4,-0.2
Dajuan Wagner,wagneda02,CLE,SG,21,11,102,5.0,0.388,0.473,0.073,0.0,2.4,1.2,22.1,2.6,0.0,13.7,29.1,-0.3,0.1,-0.2,-0.099,-6.5,-2.6,-9.1,-0.2
Dale Davis,davisda01,"GSW,IND",C,35,61,1307,13.4,0.512,0.0,0.423,13.3,19.8,16.5,5.8,1.3,3.7,13.4,11.3,1.6,1.8,3.4,0.126,-1.4,0.8,-0.6,0.5
Damien Wilkins,wilkida02,SEA,SF,25,29,520,13.4,0.5,0.351,0.202,6.9,8.7,7.8,8.5,2.3,1.5,8.0,17.7,0.7,0.3,1.0,0.092,0.2,-0.2,0.0,0.3
Damon Jones,jonesda01,MIA,PG,28,82,2576,15.5,0.625,0.718,0.118,0.7,9.5,5.2,21.0,0.9,0.1,11.4,15.6,6.5,2.3,8.7,0.162,3.3,-0.3,3.0,3.2
Damon Stoudamire,stoudda01,POR,PG,31,81,2762,16.6,0.51,0.421,0.171,2.4,10.2,6.5,29.2,1.7,0.1,11.6,23.6,4.2,1.4,5.7,0.099,2.3,-1.3,1.0,2.1
Damone Brown,brownda02,WAS,SF,25,14,152,7.4,0.409,0.177,0.145,7.1,13.8,10.4,15.4,0.3,2.9,18.5,23.3,-0.3,0.1,-0.2,-0.073,-4.1,-2.1,-6.2,-0.2
Dan Dickau,dickada01,"DAL,NOH",PG,26,71,2090,14.9,0.518,0.324,0.302,1.9,8.6,5.1,31.0,2.0,0.2,14.5,22.3,2.2,1.3,3.5,0.079,0.6,-0.6,0.0,1.1
Dan Gadzuric,gadzuda01,MIL,C,26,81,1783,18.1,0.551,0.0,0.441,17.0,27.4,22.2,2.7,1.4,4.4,13.1,15.8,2.8,2.4,5.2,0.14,0.3,-0.2,0.1,1.0
Daniel Santiago,santida01,MIL,C,28,11,105,4.3,0.426,0.0,0.524,6.7,14.7,10.6,1.4,1.5,2.8,13.4,12.9,-0.1,0.1,0.0,0.012,-8.6,-0.4,-9.1,-0.2
Danny Fortson,fortsda01,SEA,C,28,62,1047,17.0,0.682,0.0,1.142,18.4,22.2,20.3,1.2,0.8,0.5,21.1,19.0,3.6,0.7,4.3,0.197,-1.7,-1.7,-3.4,-0.4
Darius Miles,milesda01,POR,SF,23,63,1699,15.5,0.511,0.033,0.308,5.0,14.9,10.2,14.2,2.4,3.3,16.6,25.7,-0.7,2.0,1.3,0.036,-1.5,0.8,-0.6,0.6
Darius Songaila,songada01,SAC,PF,26,81,1668,14.9,0.566,0.006,0.227,8.4,14.7,11.5,10.5,1.6,0.8,11.5,16.2,3.1,1.2,4.3,0.124,-0.6,-0.3,-0.9,0.5
Darko Miličić,milicda01,DET,C,19,37,254,4.7,0.387,0.0,0.316,1.4,18.3,9.9,4.5,0.4,5.1,15.6,19.0,-0.6,0.4,-0.2,-0.031,-9.0,1.1,-7.9,-0.4
Darrell Armstrong,armstda01,"NOH,DAL",PG,36,66,988,11.0,0.43,0.401,0.245,4.0,9.3,6.7,27.9,2.4,0.6,17.9,17.3,-0.2,1.0,0.8,0.039,-1.6,0.6,-1.0,0.2
Darrick Martin,martida01,LAC,PG,33,11,190,7.2,0.392,0.36,0.16,2.0,4.3,3.2,22.8,1.7,0.0,10.1,14.5,0.0,0.1,0.1,0.015,-3.6,0.0,-3.6,-0.1
Darvin Ham,hamda01,DET,SF,31,47,275,5.6,0.454,0.0,0.838,8.2,6.8,7.5,2.8,1.2,1.9,13.6,10.0,0.0,0.3,0.3,0.055,-4.7,0.4,-4.2,-0.1
David Harrison,harrida01,IND,C,22,43,760,12.9,0.589,0.0,0.495,7.7,13.4,10.6,3.2,1.2,5.5,19.1,17.5,0.3,1.1,1.4,0.09,-4.0,1.2,-2.8,-0.2
David Wesley,wesleda01,"NOH,HOU",SG,34,80,2774,11.8,0.513,0.375,0.225,1.6,8.0,4.8,16.5,1.9,0.3,10.9,17.5,2.3,2.8,5.2,0.089,-1.1,0.6,-0.5,1.1
David West,westda01,NOH,SF,24,30,552,11.1,0.479,0.029,0.291,8.2,19.9,13.8,7.6,1.2,2.3,16.0,19.4,-0.3,0.6,0.2,0.022,-3.3,0.1,-3.2,-0.2
DeSagana Diop,diopde01,CLE,C,23,39,306,6.3,0.281,0.029,0.072,11.3,15.8,13.5,7.1,1.4,6.6,14.4,12.3,-0.5,0.4,0.0,-0.006,-6.2,1.0,-5.2,-0.2
DeShawn Stevenson,stevede01,ORL,SG,23,55,1089,9.3,0.456,0.157,0.237,4.0,6.5,5.2,10.4,0.7,0.6,10.8,21.1,-0.4,0.3,-0.1,-0.007,-2.3,-2.5,-4.8,-0.8
Delonte West,westde01,BOS,SG,21,39,507,12.3,0.524,0.432,0.174,3.3,11.5,7.5,16.4,2.1,1.2,12.6,17.0,0.5,0.5,0.9,0.09,-0.7,0.5,-0.2,0.2
DerMarr Johnson,johnsde03,DEN,SG,24,71,1232,14.0,0.605,0.399,0.272,4.0,10.0,7.1,9.8,1.8,1.1,13.5,17.4,1.9,1.3,3.2,0.123,0.1,0.2,0.3,0.7
Derek Anderson,anderde01,POR,SG,30,47,1239,11.7,0.503,0.386,0.223,2.4,9.2,6.0,18.9,1.6,0.2,14.0,18.5,0.7,0.6,1.3,0.052,-0.6,-0.6,-1.2,0.2
Derek Fisher,fishede01,GSW,PG,30,74,2222,13.4,0.519,0.385,0.269,1.8,9.2,5.3,21.6,1.8,0.1,13.3,19.4,2.3,1.4,3.7,0.08,-0.7,-0.4,-1.1,0.5
Derrick Coleman,colemde01,DET,C,37,5,50,1.2,0.294,0.143,0.214,7.1,27.9,17.6,0.0,0.0,0.0,11.5,16.3,-0.1,0.1,-0.1,-0.049,-6.7,-3.7,-10.5,-0.1
Desmond Mason,masonde01,MIL,SF,27,80,2893,14.8,0.526,0.007,0.486,3.4,9.3,6.3,12.8,1.1,0.7,11.1,23.2,3.6,0.7,4.3,0.071,-0.1,-1.5,-1.6,0.3
Devean George,georgde01,LAL,SF,27,15,306,10.7,0.488,0.558,0.192,4.8,14.6,9.8,7.5,1.4,0.5,9.6,18.4,0.2,0.1,0.3,0.041,-1.6,-2.4,-3.9,-0.2
Devin Brown,brownde02,SAS,SG,26,67,1238,14.6,0.53,0.296,0.318,3.5,13.1,8.3,12.4,1.7,0.7,10.2,19.5,1.6,2.1,3.7,0.145,0.2,1.1,1.3,1.0
Devin Harris,harride01,DAL,PG,21,76,1173,14.7,0.53,0.358,0.281,2.7,6.9,4.9,22.5,3.4,1.2,16.6,18.8,1.1,1.6,2.7,0.111,-0.1,2.0,1.9,1.2
Dikembe Mutombo,mutomdi01,HOU,C,38,80,1212,16.4,0.575,0.0,0.659,14.8,25.9,20.5,1.3,0.7,6.5,15.4,12.9,2.0,2.7,4.7,0.186,-0.8,1.7,0.9,0.9
Dion Glover,glovedi01,SAS,SG,26,7,68,14.0,0.473,0.364,0.455,5.2,13.8,9.5,9.5,2.4,3.2,7.0,19.4,0.1,0.1,0.2,0.15,-0.5,3.0,2.4,0.1
Dirk Nowitzki,nowitdi01,DAL,PF,26,78,3020,26.1,0.578,0.158,0.49,3.6,24.0,14.0,14.3,1.7,2.9,9.1,28.7,10.3,5.2,15.6,0.248,5.8,1.5,7.3,7.1
Donnell Harvey,harvedo01,NJN,PF,24,3,16,35.2,1.064,0.0,2.0,14.8,38.1,26.3,11.0,3.4,5.1,21.0,14.0,0.1,0.0,0.2,0.484,7.2,5.8,13.0,0.1
Donta Smith,smithdo04,ATL,SG,21,38,433,10.6,0.473,0.195,0.425,4.9,9.3,7.0,14.1,2.8,0.9,15.7,16.5,0.0,0.2,0.2,0.026,-3.3,-0.3,-3.5,-0.2
Donyell Marshall,marshdo01,TOR,PF,31,65,1645,19.9,0.591,0.613,0.154,6.4,23.3,14.7,8.4,1.8,2.0,6.2,18.7,4.1,1.9,6.0,0.176,4.7,0.2,4.9,2.9
Dorell Wright,wrighdo01,MIA,SF,19,3,27,5.2,0.306,0.364,0.091,0.0,4.2,2.2,16.7,7.8,0.0,20.8,24.9,-0.1,0.1,-0.1,-0.134,-9.0,1.7,-7.2,0.0
Doug Christie,chrisdo01,"SAC,ORL",SG,34,52,1525,9.9,0.471,0.187,0.235,2.8,10.1,6.5,18.3,2.7,0.8,22.1,13.6,-0.4,1.3,0.9,0.03,-2.7,1.4,-1.3,0.3
Drew Gooden,goodedr01,CLE,PF,23,82,2523,19.7,0.548,0.03,0.329,9.5,26.1,17.6,9.1,1.6,2.2,11.0,21.7,4.7,3.8,8.5,0.163,1.6,0.0,1.6,2.3
Dwight Howard,howardw01,ORL,PF,19,82,2670,17.2,0.571,0.003,0.61,12.2,22.2,17.3,4.4,1.5,3.6,16.1,16.7,3.8,3.5,7.3,0.131,0.1,-0.1,0.0,1.4
Dwyane Wade,wadedw01,MIA,SG,23,77,2974,23.1,0.561,0.034,0.578,4.5,10.8,7.8,31.0,2.2,2.0,16.3,30.9,6.7,4.3,11.0,0.177,3.9,0.7,4.6,4.9
Earl Boykins,boykiea01,DEN,PG,28,82,2162,17.1,0.53,0.201,0.368,2.0,5.6,3.8,28.1,1.9,0.4,11.2,22.2,4.2,1.7,6.0,0.133,1.9,-0.7,1.2,1.7
Earl Watson,watsoea01,MEM,PG,25,80,1808,13.1,0.5,0.294,0.249,2.3,8.5,5.4,34.2,2.5,0.8,21.4,20.4,0.1,2.2,2.3,0.062,-0.9,0.2,-0.7,0.6
Eddie Gill,gilled01,IND,PG,26,73,1021,9.5,0.484,0.483,0.335,1.9,11.0,6.5,13.8,3.2,0.4,17.8,15.8,-0.3,1.4,1.1,0.053,-3.6,1.9,-1.6,0.1
Eddie Griffin,griffed01,MIN,PF,22,70,1492,15.9,0.474,0.391,0.149,10.3,23.8,17.3,5.6,0.8,5.7,9.0,19.0,0.8,2.4,3.2,0.102,-0.1,0.3,0.2,0.8
Eddie House,houseed01,"CHA,MIL,SAC",PG,26,68,891,15.8,0.525,0.265,0.074,2.0,8.6,5.2,17.9,2.6,0.5,8.5,20.6,1.2,0.6,1.8,0.097,0.8,0.2,1.0,0.7
Eddie Jones,jonesed02,MIA,SF,33,80,2839,13.6,0.556,0.466,0.263,1.6,14.5,8.3,11.5,1.6,1.0,9.8,16.6,4.2,3.8,8.0,0.135,0.1,1.1,1.2,2.3
Eddy Curry,curryed01,CHI,C,22,63,1808,16.3,0.583,0.0,0.43,7.2,13.6,10.5,4.1,0.6,2.4,15.8,25.5,1.5,2.8,4.3,0.115,-0.7,0.2,-0.6,0.7
Eduardo Nájera,najered01,"GSW,DEN",PF,28,68,1185,11.2,0.489,0.065,0.283,9.4,13.6,11.5,8.5,1.8,1.5,14.4,15.8,0.4,1.3,1.6,0.066,-2.7,-0.2,-3.0,-0.3
Elden Campbell,campbel01,"NJN,DET",C,36,40,390,7.2,0.408,0.016,0.447,8.5,19.5,14.0,8.0,1.1,1.4,16.5,21.2,-0.6,0.6,0.0,0.003,-6.5,-0.5,-7.0,-0.5
Elton Brand,brandel01,LAC,PF,25,81,3001,22.4,0.554,0.002,0.387,12.2,18.4,15.4,13.3,1.1,4.3,11.1,25.4,6.9,3.7,10.6,0.169,3.4,0.2,3.6,4.2
Emeka Okafor,okafoem01,CHA,PF,22,73,2600,16.3,0.479,0.001,0.342,11.5,24.1,17.5,4.3,1.2,3.6,9.8,21.8,0.9,3.1,4.0,0.074,-0.7,-1.3,-2.0,0.0
Eric Piatkowski,piatker01,CHI,SG,34,68,841,12.4,0.573,0.519,0.217,2.0,8.5,5.3,10.3,1.8,0.1,11.6,17.0,1.1,1.2,2.3,0.129,-0.1,1.4,1.3,0.7
Eric Snow,snower01,CLE,SG,31,81,1844,9.0,0.445,0.138,0.245,2.3,7.7,5.0,25.1,1.9,0.6,19.7,11.1,0.5,1.4,1.9,0.05,-3.2,0.4,-2.7,-0.3
Eric Williams,willier01,"NJN,TOR",SG,32,55,1322,10.7,0.529,0.221,0.488,3.9,11.5,7.6,11.3,1.5,0.2,13.0,16.2,0.9,1.1,2.1,0.075,-1.9,0.2,-1.7,0.1
Erick Dampier,dampier01,DAL,C,29,59,1609,15.2,0.58,0.008,0.621,13.0,21.7,17.4,4.9,0.5,3.7,17.9,15.8,2.3,2.3,4.5,0.135,-0.8,-0.1,-0.9,0.5
Erick Strickland,stricer01,MIL,SG,31,62,1014,8.1,0.453,0.273,0.211,1.3,10.7,6.0,17.8,1.6,0.1,16.2,17.8,-0.6,0.4,-0.3,-0.012,-3.8,-0.7,-4.6,-0.6
Erik Daniels,danieer01,SAC,SF,22,21,72,4.6,0.361,0.111,0.0,10.9,17.1,14.0,7.7,1.4,0.0,25.0,14.8,-0.1,0.1,-0.1,-0.061,-6.1,-1.5,-7.6,-0.1
Ervin Johnson,johnser02,MIN,C,37,46,410,8.3,0.562,0.019,0.463,12.5,18.7,15.7,2.1,0.9,2.3,21.7,9.4,0.3,0.5,0.8,0.091,-5.2,-0.2,-5.4,-0.4
Etan Thomas,thomaet01,WAS,C,26,47,976,13.0,0.521,0.0,0.565,9.5,19.0,14.1,3.3,0.9,3.9,13.6,16.5,0.6,1.0,1.6,0.079,-3.0,-1.0,-4.0,-0.5
Francisco Elson,elsonfr01,DEN,C,28,67,939,10.7,0.494,0.014,0.366,7.5,17.1,12.3,5.5,1.9,3.3,13.8,13.8,0.2,1.4,1.6,0.081,-3.6,1.0,-2.5,-0.1
Frank Williams,willifr02,CHI,SG,24,9,71,0.3,0.15,0.2,0.0,3.2,6.3,4.7,22.9,1.5,3.2,13.0,14.5,-0.3,0.1,-0.2,-0.102,-6.6,2.1,-4.5,0.0
Fred Hoiberg,hoibefr01,MIN,SG,32,76,1272,16.7,0.664,0.511,0.359,3.0,12.8,8.1,10.1,2.1,0.8,5.7,12.7,3.9,1.3,5.2,0.196,2.2,1.9,4.1,2.0
Fred Jones,jonesfr01,IND,SG,25,77,2268,13.3,0.551,0.354,0.32,1.8,10.8,6.4,15.7,1.5,1.0,13.4,18.0,2.6,2.2,4.8,0.102,0.0,0.2,0.3,1.3
Gary Payton,paytoga01,BOS,PG,36,77,2541,15.1,0.537,0.178,0.277,2.3,8.5,5.4,29.2,1.8,0.4,15.4,17.0,3.8,1.6,5.4,0.102,1.1,-0.7,0.4,1.5
Geno Carlisle,carlige01,POR,SG,28,6,16,18.1,0.709,0.0,2.0,7.5,0.0,3.6,10.3,0.0,0.0,15.1,19.1,0.1,0.0,0.1,0.173,2.9,-2.3,0.6,0.0
George Lynch,lynchge01,NOH,SF,34,44,933,7.9,0.412,0.196,0.122,6.7,15.7,11.0,15.5,1.9,1.0,22.3,12.8,-0.9,0.9,0.0,0.0,-3.6,0.6,-3.0,-0.2
Gerald Wallace,wallage01,CHA,SF,22,70,2147,14.1,0.51,0.097,0.454,6.0,15.1,10.3,10.4,2.8,3.2,17.2,19.1,-0.2,2.7,2.4,0.055,-1.2,1.4,0.2,1.2
Gilbert Arenas,arenagi01,WAS,PG,23,80,3274,21.3,0.565,0.369,0.42,2.8,10.5,6.5,22.9,2.2,0.5,11.8,27.3,9.2,2.3,11.5,0.169,4.7,-0.4,4.2,5.2
Glenn Robinson,robingl01,SAS,SF,32,9,157,17.2,0.517,0.078,0.299,3.0,14.9,8.9,9.8,1.4,1.4,7.4,27.9,0.2,0.3,0.5,0.147,0.1,0.6,0.7,0.1
Gordan Giriček,giricgo01,UTA,SG,27,81,1660,12.9,0.516,0.166,0.217,1.8,12.1,6.8,15.2,1.5,0.6,11.5,21.7,1.1,0.7,1.8,0.053,-0.8,-1.0,-1.7,0.1
Grant Hill,hillgr01,ORL,SF,32,67,2338,20.0,0.565,0.013,0.336,3.7,11.4,7.6,17.1,2.1,0.9,12.1,24.8,4.7,1.9,6.6,0.136,2.3,0.2,2.5,2.7
Greg Buckner,buckngr01,DEN,SG,28,70,1522,13.7,0.638,0.399,0.267,5.0,10.7,7.9,13.2,2.5,0.3,12.6,11.4,3.0,1.8,4.8,0.153,-0.2,1.7,1.4,1.3
Greg Ostertag,ostergr01,SAC,C,31,56,556,10.0,0.432,0.024,0.452,11.0,22.5,16.8,9.0,0.6,5.1,19.2,10.0,0.1,0.7,0.7,0.064,-3.6,1.5,-2.2,0.0
Ha Seung-Jin,seungha01,POR,C,19,19,104,2.5,0.467,0.0,0.478,6.9,12.8,10.0,3.0,0.5,3.4,30.1,17.6,-0.3,0.1,-0.2,-0.094,-10.5,-1.7,-12.2,-0.3
Hedo Türkoğlu,turkohe01,ORL,SF,25,67,1757,16.0,0.532,0.313,0.288,4.0,10.7,7.4,14.9,1.2,0.7,11.9,24.8,2.4,1.0,3.4,0.092,1.9,-1.2,0.7,1.2
Horace Jenkins,jenkiho01,DET,PG,30,15,104,10.2,0.414,0.2,0.289,3.4,6.7,5.1,15.2,2.6,0.7,12.1,26.1,-0.1,0.2,0.0,0.006,-4.9,0.2,-4.7,-0.1
Howard Eisley,eisleho01,UTA,PG,32,74,1428,9.3,0.47,0.254,0.205,1.3,6.7,3.9,29.1,1.7,0.5,20.1,17.8,-0.4,0.4,0.0,0.0,-2.3,-1.6,-3.9,-0.7
Ibo Kutluay,kutluib01,SEA,SG,30,5,12,-12.9,0.0,0.0,0.0,0.0,10.2,5.1,0.0,0.0,0.0,66.7,11.6,-0.1,0.0,-0.1,-0.348,-15.8,-4.6,-20.3,-0.1
Ira Newble,newblir01,CLE,SG,30,74,1832,8.6,0.482,0.125,0.163,4.9,9.4,7.1,7.6,1.5,0.7,11.8,12.7,0.6,1.3,1.9,0.05,-2.5,-0.3,-2.9,-0.4
J.R. Smith,smithjr01,NOH,SG,19,76,1859,10.9,0.478,0.376,0.215,2.4,7.5,4.8,14.6,1.6,0.5,11.7,23.2,-0.7,0.9,0.2,0.006,-1.5,-1.4,-2.9,-0.4
Jabari Smith,smithja01,NJN,PF,27,45,648,8.4,0.482,0.014,0.372,5.3,15.4,10.3,9.8,2.1,1.8,18.5,15.3,-0.3,1.0,0.7,0.05,-5.4,1.2,-4.2,-0.4
Jackie Butler,butleja01,NYK,C,19,3,5,90.3,1.025,0.0,0.5,0.0,0.0,0.0,0.0,10.6,0.0,17.0,53.7,0.1,0.0,0.1,1.333,37.1,18.6,55.7,0.1
Jackson Vroman,vromaja01,"PHO,NOH",C,23,46,705,9.6,0.457,0.015,0.377,10.3,19.2,14.6,9.6,1.9,2.1,21.6,19.4,-0.9,0.8,-0.1,-0.006,-4.9,0.1,-4.8,-0.5
Jacque Vaughn,vaughja01,NJN,SG,29,71,1410,8.9,0.511,0.046,0.28,1.4,7.8,4.6,16.3,1.6,0.1,14.5,14.2,0.4,1.4,1.8,0.062,-4.0,0.1,-3.9,-0.7
Jahidi White,whiteja01,CHA,C,28,17,135,6.8,0.432,0.0,1.29,8.8,20.6,14.4,1.2,0.8,6.7,18.5,19.6,-0.3,0.2,-0.1,-0.046,-8.7,0.2,-8.5,-0.2
Jake Tsakalidis,tsakaja01,MEM,C,25,31,278,11.8,0.542,0.0,0.281,9.1,15.0,12.1,6.0,0.6,4.5,14.3,14.2,0.3,0.4,0.6,0.107,-2.9,1.1,-1.8,0.0
Jake Voskuhl,voskuja01,PHO,C,27,38,360,8.7,0.528,0.0,0.644,9.4,17.5,13.7,6.1,0.6,2.0,20.9,11.6,0.2,0.3,0.6,0.075,-3.7,0.5,-3.2,-0.1
Jalen Rose,roseja01,TOR,SF,32,81,2710,16.6,0.562,0.236,0.336,1.8,9.9,5.8,14.0,1.2,0.3,11.9,25.5,3.8,1.0,4.8,0.085,1.2,-1.7,-0.5,1.0
Jamaal Magloire,magloja01,NOH,C,26,23,703,12.9,0.48,0.0,0.542,12.8,22.1,17.3,7.6,0.6,2.6,17.3,22.5,-0.4,0.7,0.3,0.019,-2.9,-1.5,-4.4,-0.4
Jamaal Tinsley,tinslja01,IND,PG,26,40,1301,18.6,0.518,0.299,0.314,2.4,12.1,7.3,39.3,3.4,0.7,18.4,26.8,0.8,2.0,2.8,0.102,2.2,1.0,3.3,1.7
Jamal Crawford,crawfja01,NYK,SG,24,70,2688,15.2,0.521,0.467,0.197,1.4,7.5,4.4,19.2,1.8,0.5,11.0,22.8,3.1,1.1,4.2,0.075,2.1,-1.0,1.0,2.1
Jamal Sampson,sampsja01,CHA,PF,21,23,329,11.6,0.499,0.0,0.629,11.9,31.6,21.2,3.7,0.6,3.9,17.7,13.0,0.1,0.4,0.5,0.077,-3.9,-0.1,-3.9,-0.2
Jameer Nelson,nelsoja01,ORL,PG,22,79,1612,14.5,0.51,0.225,0.17,3.7,9.7,6.7,24.8,2.5,0.1,14.8,21.4,1.2,1.3,2.5,0.074,-0.7,-0.1,-0.7,0.5
James Jones,jonesja02,IND,SF,24,75,1330,10.5,0.537,0.522,0.195,3.6,11.9,7.8,7.4,1.3,1.6,11.1,14.0,1.1,1.4,2.5,0.09,-0.6,0.5,-0.1,0.6
James Posey,poseyja01,MEM,SF,28,50,1382,10.5,0.5,0.5,0.312,3.9,15.0,9.5,10.3,1.9,1.3,14.6,16.2,0.4,1.9,2.3,0.079,-1.6,0.9,-0.7,0.5
James Thomas,thomaja02,"POR,ATL",PF,24,11,117,14.0,0.574,0.0,0.3,17.3,19.0,18.3,5.4,1.8,2.4,23.6,11.6,0.1,0.1,0.2,0.094,-1.3,-0.7,-1.9,0.0
Jamison Brewer,breweja01,NYK,PG,24,18,185,4.0,0.363,0.405,0.351,3.8,10.2,7.0,9.4,2.3,0.4,23.3,13.7,-0.4,0.1,-0.3,-0.074,-4.5,0.4,-4.2,-0.1
Jannero Pargo,pargoja01,CHI,PG,25,32,453,11.1,0.457,0.31,0.108,3.0,8.6,5.8,31.2,1.8,0.2,16.8,26.5,-0.4,0.7,0.2,0.023,-1.8,-0.3,-2.0,0.0
Jared Jeffries,jeffrja01,WAS,SF,23,77,2007,11.2,0.513,0.118,0.399,8.2,12.9,10.5,11.6,1.7,1.3,18.3,13.6,1.1,1.5,2.6,0.063,-1.5,-0.1,-1.6,0.2
Jared Reiner,reineja01,CHI,C,22,19,132,2.3,0.331,0.0,0.133,11.1,21.0,16.1,1.2,1.2,4.0,22.1,13.8,-0.3,0.3,0.0,-0.013,-9.7,1.2,-8.5,-0.2
Jarron Collins,collija03,UTA,C,26,50,961,8.0,0.509,0.006,0.758,7.2,14.2,10.6,9.8,0.6,0.5,14.0,11.7,0.9,0.3,1.1,0.057,-3.0,-0.8,-3.8,-0.4
Jarvis Hayes,hayesja01,WAS,SF,23,54,1560,11.1,0.475,0.232,0.223,2.9,13.9,8.2,9.3,1.6,0.4,9.6,18.0,0.6,1.1,1.7,0.051,-1.7,-0.8,-2.6,-0.2
Jason Collier,collija02,ATL,C,27,70,942,11.0,0.494,0.037,0.189,9.9,13.0,11.4,3.4,0.8,1.1,13.4,22.4,-0.1,0.1,0.0,0.0,-3.6,-3.1,-6.7,-1.1
Jason Collins,collija04,NJN,C,26,80,2542,8.6,0.471,0.013,0.463,7.1,16.1,11.5,6.7,1.5,2.3,14.4,11.7,0.2,3.7,3.9,0.073,-4.0,1.1,-2.9,-0.6
Jason Hart,hartja01,CHA,PG,26,74,1887,16.9,0.534,0.166,0.349,1.0,11.8,6.1,32.0,2.7,0.6,13.4,17.9,3.1,1.7,4.8,0.121,0.2,1.0,1.2,1.5
Jason Kapono,kaponja01,CHA,SF,23,81,1491,11.8,0.486,0.289,0.127,2.3,10.7,6.3,7.3,1.4,0.3,6.1,22.4,0.6,0.7,1.3,0.043,-0.8,-1.6,-2.4,-0.1
Jason Kidd,kiddja01,NJN,PG,31,66,2435,19.5,0.506,0.419,0.225,4.6,19.8,12.1,40.6,2.7,0.3,15.1,21.3,3.1,4.2,7.2,0.143,3.3,1.4,4.6,4.1
Jason Richardson,richaja01,GSW,SG,24,72,2724,19.0,0.518,0.27,0.226,4.8,12.5,8.5,19.2,2.0,0.8,10.1,27.1,3.3,2.4,5.7,0.1,2.8,-0.4,2.5,3.0
Jason Terry,terryja01,DAL,PG,27,80,2401,18.4,0.606,0.33,0.233,1.8,6.8,4.4,28.8,2.4,0.5,15.2,18.0,6.2,2.4,8.5,0.171,3.0,0.3,3.3,3.2
Jason Williams,willija02,MEM,PG,29,71,1952,15.4,0.522,0.512,0.157,1.2,6.3,3.7,35.6,2.1,0.2,15.9,19.8,2.5,1.9,4.3,0.106,2.1,-0.7,1.4,1.7
Jeff Foster,fosteje01,IND,C,28,61,1594,15.4,0.551,0.015,0.438,15.6,25.4,20.6,4.8,1.6,0.6,12.5,13.3,2.9,2.5,5.4,0.162,0.2,-0.4,-0.3,0.7
Jeff McInnis,mcinnje01,CLE,PG,30,76,2651,12.4,0.495,0.289,0.175,1.4,5.7,3.5,24.1,1.1,0.0,10.6,18.8,3.0,1.1,4.1,0.074,-0.1,-1.7,-1.8,0.2
Jelani McCoy,mccoyje01,ATL,C,27,10,88,6.2,0.493,0.0,0.385,8.8,19.5,13.9,0.0,1.8,7.0,28.3,10.8,-0.1,0.1,0.0,-0.001,-8.4,1.5,-6.9,-0.1
Jermaine Jackson,jacksje01,NYK,SG,28,21,230,8.0,0.542,0.061,0.394,1.5,10.3,5.9,15.5,1.6,0.3,20.5,9.7,0.1,0.1,0.2,0.046,-4.0,0.7,-3.3,-0.1
Jermaine O'Neal,onealje01,IND,PF,26,44,1530,22.9,0.52,0.007,0.458,6.7,23.3,15.1,12.8,0.9,4.4,11.3,36.2,1.3,2.5,3.8,0.118,1.5,0.2,1.8,1.5
Jerome James,jamesje01,SEA,C,29,80,1330,10.0,0.533,0.006,0.19,7.5,14.7,11.1,2.4,0.9,6.5,19.2,15.9,0.0,1.3,1.2,0.044,-5.2,1.4,-3.8,-0.6
Jerome Williams,willije01,NYK,SF,31,79,1211,13.2,0.563,0.021,0.708,11.1,16.4,13.7,5.2,2.4,0.6,16.9,14.5,1.5,1.1,2.6,0.102,-1.5,0.1,-1.4,0.2
Jerry Stackhouse,stackje01,DAL,SG,30,56,1617,15.9,0.525,0.181,0.45,2.7,9.8,6.3,13.0,1.7,0.5,11.8,24.9,1.9,1.5,3.5,0.103,0.4,-0.5,-0.2,0.8
Jim Jackson,jacksji01,"HOU,PHO",SF,34,64,1987,10.9,0.553,0.507,0.1,1.9,12.7,7.5,14.1,0.9,0.2,15.9,16.5,1.4,1.8,3.2,0.077,-0.4,-0.1,-0.5,0.8
Jiří Welsch,welscji01,"BOS,CLE",SG,25,71,1317,10.9,0.518,0.296,0.456,2.3,12.3,7.4,12.0,1.7,0.3,14.1,17.7,0.6,1.0,1.7,0.061,-1.9,-0.5,-2.4,-0.1
Joe Johnson,johnsjo02,PHO,SF,23,82,3240,15.1,0.556,0.314,0.153,4.2,9.5,7.0,13.2,1.2,0.5,10.5,19.0,5.8,1.7,7.6,0.112,1.5,-0.6,0.9,2.4
Joe Smith,smithjo02,MIL,PF,29,74,2265,15.0,0.564,0.002,0.367,9.2,18.9,14.0,4.9,1.0,1.2,9.9,16.1,4.0,1.4,5.5,0.116,0.0,-0.9,-0.9,0.6
Joel Przybilla,przybjo01,POR,C,25,76,1858,15.5,0.596,0.0,0.523,11.5,24.5,18.3,6.4,0.7,6.2,19.3,12.6,2.0,2.7,4.7,0.121,-1.6,1.4,-0.2,0.8
John Edwards,edwarjo01,IND,C,23,25,139,5.1,0.401,0.0,0.467,7.0,9.3,8.2,3.7,1.2,2.2,18.1,15.2,-0.2,0.1,-0.1,-0.035,-6.3,-1.7,-8.0,-0.2
John Salmons,salmojo01,PHI,SG,25,58,993,9.7,0.511,0.433,0.229,1.3,12.5,6.9,17.5,2.0,1.0,18.1,12.6,0.2,1.2,1.4,0.066,-2.5,1.6,-0.9,0.2
John Thomas,thomajo02,MIN,C,29,44,521,9.1,0.522,0.0,0.535,8.9,12.2,10.6,4.7,1.6,1.8,14.5,11.1,0.4,0.5,0.9,0.083,-3.7,0.7,-3.0,-0.1
Jon Barry,barryjo01,"ATL,HOU",SG,35,69,1505,13.4,0.57,0.448,0.193,2.0,10.1,6.2,18.1,2.1,0.5,14.4,14.4,2.1,1.8,3.9,0.125,0.3,1.4,1.7,1.4
Jonathan Bender,bendejo01,IND,SF,24,7,93,5.8,0.422,0.125,0.15,6.5,11.4,9.0,8.6,0.6,1.6,19.0,27.1,-0.3,0.1,-0.2,-0.12,-5.4,-2.1,-7.6,-0.1
Josh Childress,childjo01,ATL,SG,21,80,2376,15.2,0.543,0.087,0.36,9.1,14.8,11.8,10.4,1.6,1.1,12.5,16.0,3.7,0.9,4.6,0.093,0.4,-1.0,-0.6,0.8
Josh Davis,davisjo02,PHI,PF,24,42,328,11.4,0.494,0.477,0.153,9.8,17.4,13.5,6.0,1.2,1.0,11.2,18.0,0.2,0.4,0.5,0.079,-1.5,-0.9,-2.4,0.0
Josh Howard,howarjo01,DAL,SF,24,76,2446,15.8,0.535,0.145,0.293,7.9,14.1,11.1,7.2,2.5,1.5,12.0,18.6,3.0,3.4,6.4,0.126,0.3,0.8,1.2,2.0
Josh Smith,smithjo03,ATL,SF,19,74,2050,15.4,0.506,0.038,0.394,7.9,18.6,13.0,10.2,1.5,5.4,16.0,18.4,0.6,1.8,2.4,0.055,-0.9,0.4,-0.5,0.8
Juan Dixon,dixonju01,WAS,SG,26,63,1054,15.2,0.518,0.329,0.217,3.3,9.6,6.3,18.4,2.1,0.3,12.2,23.1,1.3,0.7,2.0,0.089,0.1,-1.1,-1.0,0.3
Jumaine Jones,jonesju01,LAL,SF,25,76,1830,13.1,0.556,0.537,0.154,6.6,17.8,12.3,5.8,1.3,1.0,8.6,14.0,2.8,0.8,3.7,0.097,0.5,-0.9,-0.4,0.8
Junior Harrington,harriju01,NOH,SG,24,29,550,7.7,0.421,0.107,0.197,2.7,11.2,6.8,19.9,2.5,0.7,17.5,19.8,-0.8,0.5,-0.3,-0.028,-4.8,0.9,-3.9,-0.3
Justin Reed,reedju01,BOS,SF,23,23,121,13.7,0.576,0.103,0.517,7.9,7.6,7.7,12.9,1.3,0.6,12.3,15.1,0.2,0.1,0.3,0.121,0.2,-1.1,-0.9,0.0
Juwan Howard,howarju01,HOU,PF,31,61,1624,13.0,0.494,0.002,0.213,9.3,15.4,12.4,10.2,1.1,0.2,11.8,19.5,1.0,2.2,3.2,0.094,-1.6,-0.5,-2.1,0.0
Jérôme Moïso,moisoje01,"TOR,NJN,CLE",C,26,20,120,12.3,0.59,0.056,0.722,9.5,26.4,17.8,1.3,1.3,3.7,22.8,11.7,0.1,0.2,0.2,0.098,-2.5,0.3,-2.1,0.0
Kaniel Dickens,dickeka01,NJN,SF,26,11,61,6.7,0.437,0.643,0.143,5.8,12.0,8.9,2.6,1.8,1.3,11.8,13.0,0.0,0.1,0.0,0.036,-2.5,-1.0,-3.5,0.0
Kareem Rush,rushka01,"LAL,CHA",SG,24,48,968,10.1,0.471,0.337,0.118,2.3,8.5,5.2,12.2,1.1,0.5,9.9,21.7,-0.2,0.3,0.1,0.003,-1.4,-1.6,-3.0,-0.2
Kedrick Brown,brownke01,PHI,SF,23,8,55,9.7,0.577,0.5,1.667,2.0,20.7,11.2,10.3,2.8,1.4,32.5,12.4,0.0,0.1,0.1,0.06,-3.8,2.2,-1.6,0.0
Keith Bogans,boganke01,CHA,SG,24,74,1791,10.4,0.465,0.251,0.266,4.6,10.1,7.2,12.6,2.0,0.3,13.7,22.0,-1.0,1.1,0.1,0.002,-2.6,-1.3,-3.9,-0.9
Keith McLeod,mcleoke01,UTA,PG,25,53,1382,10.4,0.44,0.176,0.358,1.7,8.6,5.1,27.9,2.5,0.7,17.3,19.0,-0.5,0.8,0.3,0.009,-2.3,-0.4,-2.6,-0.2
Keith Van Horn,vanhoke01,"MIL,DAL",SF,29,62,1502,15.7,0.55,0.252,0.278,6.8,15.6,11.3,8.5,1.3,1.0,11.3,21.5,2.3,1.2,3.5,0.112,0.7,-0.5,0.2,0.8
Kelvin Cato,catoke01,ORL,C,30,62,1525,14.9,0.6,0.0,0.481,7.6,22.7,15.3,3.9,1.8,3.8,15.1,12.1,2.1,2.2,4.3,0.137,-0.8,1.5,0.7,1.1
Kendall Gill,gillke01,MIL,SG,36,14,284,12.2,0.479,0.113,0.25,4.5,10.8,7.6,14.9,2.6,1.0,9.2,15.7,0.3,0.2,0.5,0.079,-1.7,1.3,-0.4,0.1
Kendrick Perkins,perkike01,BOS,C,20,60,548,11.2,0.515,0.0,0.487,11.5,25.7,18.7,5.8,0.8,5.1,22.9,15.4,-0.1,0.8,0.7,0.065,-4.3,0.4,-3.9,-0.3
Kenny Anderson,anderke01,"ATL,LAC",PG,34,43,743,10.1,0.467,0.065,0.184,3.6,10.5,6.9,22.2,2.3,0.0,18.4,16.1,-0.1,0.3,0.2,0.011,-3.6,-0.4,-3.9,-0.4
Kenny Thomas,thomake01,"PHI,SAC",PF,27,73,2167,15.2,0.515,0.006,0.291,9.5,18.3,13.8,11.7,1.6,0.6,12.9,20.7,1.9,2.4,4.3,0.096,-0.9,-0.6,-1.5,0.3
Kenyon Martin,martike01,DEN,PF,27,70,2272,17.5,0.521,0.013,0.34,7.4,18.4,13.0,13.0,2.3,2.6,12.5,23.4,1.7,3.6,5.3,0.111,0.1,1.0,1.1,1.8
Kerry Kittles,kittlke01,LAC,SG,30,11,243,10.0,0.446,0.288,0.137,0.5,14.9,7.9,13.4,1.8,0.9,8.3,16.1,0.0,0.2,0.2,0.04,-1.6,0.7,-0.9,0.1
Kevin Garnett,garneke01,MIN,PF,28,82,3121,28.2,0.567,0.018,0.404,9.5,30.2,20.3,27.1,2.1,2.6,12.2,27.1,10.1,6.0,16.1,0.248,6.5,3.0,9.5,9.1
Kevin Martin,martike02,SAC,PG,21,45,455,8.7,0.464,0.214,0.47,7.1,7.1,7.1,6.8,1.8,0.5,14.5,16.1,-0.1,0.2,0.1,0.016,-3.1,-1.1,-4.2,-0.2
Kevin Ollie,ollieke01,PHI,PG,32,26,158,6.7,0.4,0.0,0.29,2.1,11.5,6.8,17.9,1.6,0.0,14.6,11.5,-0.1,0.1,0.1,0.025,-5.1,0.6,-4.5,-0.1
Kevin Willis,willike02,ATL,C,42,29,344,8.0,0.434,0.022,0.256,9.3,16.8,12.9,4.1,1.2,1.6,13.0,15.0,-0.1,0.1,0.0,0.004,-4.8,-1.9,-6.6,-0.4
Keyon Dooling,doolike01,MIA,PG,24,74,1184,10.1,0.486,0.217,0.316,1.1,7.5,4.4,17.0,1.7,0.7,14.2,18.0,0.2,1.3,1.5,0.061,-3.0,0.4,-2.7,-0.2
Kirk Hinrich,hinriki01,CHI,PG,24,77,2800,15.3,0.495,0.364,0.193,1.3,10.8,6.1,31.5,2.3,0.6,12.6,22.3,2.5,4.7,7.2,0.124,0.9,1.6,2.5,3.2
Kirk Penney,penneki01,LAC,SG,24,4,12,-4.3,0.333,0.333,0.0,0.0,9.7,5.0,12.9,0.0,0.0,40.0,19.3,-0.1,0.0,-0.1,-0.276,-9.9,-5.2,-15.1,0.0
Kirk Snyder,snydeki01,UTA,SG,21,68,906,8.6,0.456,0.259,0.293,6.7,10.0,8.3,6.8,1.6,1.8,13.5,21.8,-0.7,0.4,-0.2,-0.012,-2.6,-1.8,-4.4,-0.5
Kobe Bryant,bryanko01,LAL,SG,26,66,2689,23.3,0.563,0.292,0.502,4.0,12.4,8.2,28.5,1.7,1.4,14.3,31.7,7.1,1.0,8.1,0.145,5.7,-0.8,5.0,4.7
Kris Humphries,humphkr01,UTA,PF,19,67,873,9.5,0.419,0.021,0.352,10.1,18.1,14.0,8.5,1.6,1.7,13.6,20.2,-1.0,0.7,-0.3,-0.019,-3.3,-1.4,-4.6,-0.6
Kurt Thomas,thomaku01,NYK,PF,32,80,2855,14.1,0.488,0.004,0.093,6.9,27.4,17.1,9.3,1.3,2.1,9.5,16.6,1.8,3.3,5.2,0.087,-0.9,0.2,-0.8,0.9
Kwame Brown,brownkw01,WAS,PF,22,42,908,10.4,0.497,0.0,0.544,8.6,17.2,12.8,6.8,1.4,1.2,18.6,17.4,-0.2,0.8,0.6,0.032,-3.4,-0.8,-4.2,-0.5
Kyle Korver,korveky01,PHI,SF,23,82,2667,12.8,0.588,0.735,0.126,1.7,14.5,8.0,11.0,2.0,1.0,11.7,15.1,3.3,3.3,6.6,0.119,0.5,0.9,1.4,2.3
Lamar Odom,odomla01,LAL,PF,25,64,2320,17.3,0.539,0.151,0.385,6.6,25.0,15.9,17.9,1.0,2.1,15.1,20.8,3.0,1.8,4.7,0.098,1.0,0.4,1.4,2.0
Lamond Murray,murrala01,TOR,SF,31,62,918,13.7,0.537,0.339,0.258,5.3,15.1,10.1,8.5,1.8,1.3,13.5,19.9,0.5,0.7,1.3,0.067,0.1,-0.1,0.0,0.5
Laron Profit,profila01,WAS,SF,27,42,428,11.5,0.489,0.219,0.195,6.1,14.2,10.0,14.0,1.9,0.9,16.3,16.9,0.1,0.4,0.4,0.049,-1.7,-0.3,-1.9,0.0
Larry Hughes,hughela01,WAS,SG,26,61,2358,21.6,0.523,0.192,0.417,3.4,15.2,9.1,21.9,3.8,0.6,10.6,26.6,4.6,3.1,7.7,0.157,2.4,1.9,4.3,3.7
Latrell Sprewell,sprewla01,MIN,SF,34,80,2450,12.1,0.489,0.22,0.196,3.2,8.4,5.9,12.0,1.2,0.6,10.8,22.2,0.5,1.4,1.9,0.038,-1.0,-1.4,-2.4,-0.3
Lawrence Funderburke,fundela01,CHI,PF,34,2,21,13.1,0.549,0.0,0.833,5.4,10.6,8.0,0.0,0.0,0.0,0.0,17.5,0.0,0.0,0.1,0.161,-1.3,-2.0,-3.3,0.0
LeBron James,jamesle01,CLE,SF,20,80,3388,25.7,0.554,0.183,0.378,3.8,17.0,10.2,32.9,2.8,1.1,11.8,29.7,9.7,4.6,14.3,0.203,7.0,1.7,8.6,9.1
Leandro Barbosa,barbole01,PHO,PG,22,63,1087,12.8,0.575,0.393,0.195,3.3,9.2,6.4,16.7,1.4,0.4,18.5,18.9,1.2,0.6,1.8,0.081,-0.9,-0.6,-1.5,0.1
Lee Nailon,nailole01,NOH,SF,29,68,2017,14.5,0.511,0.002,0.19,7.2,10.4,8.7,11.3,1.0,0.6,10.5,24.2,1.3,0.9,2.2,0.053,0.1,-1.4,-1.3,0.4
Lindsey Hunter,hunteli01,DET,SG,34,76,1144,9.6,0.435,0.278,0.192,3.9,8.6,6.3,18.3,3.3,0.9,17.2,16.2,-0.6,2.0,1.4,0.058,-3.8,2.6,-1.2,0.2
Linton Johnson,johnsli01,SAS,SF,24,2,15,-3.4,0.0,0.5,0.0,0.0,23.4,11.7,0.0,3.6,0.0,33.3,9.3,-0.1,0.0,0.0,-0.122,-10.8,0.9,-9.9,0.0
Lionel Chalmers,chalmli01,LAC,PG,24,36,433,6.5,0.409,0.392,0.192,1.1,7.3,4.3,18.6,1.6,0.0,15.0,17.0,-0.5,0.2,-0.2,-0.025,-3.9,-1.4,-5.3,-0.4
Lonny Baxter,baxtelo01,NOH,PF,26,4,36,-8.0,0.253,0.0,0.182,12.6,13.7,13.2,0.0,0.0,0.0,25.2,20.5,-0.2,0.0,-0.2,-0.266,-16.2,-5.7,-21.8,-0.2
Loren Woods,woodslo01,TOR,C,26,45,712,11.3,0.463,0.006,0.36,12.6,22.5,17.5,3.7,0.6,4.0,16.3,14.6,0.0,0.7,0.7,0.048,-2.7,-0.3,-3.0,-0.2
Lorenzen Wright,wrighlo02,MEM,C,29,80,2287,13.9,0.501,0.004,0.29,9.3,22.8,16.1,6.7,1.4,2.4,11.5,17.9,1.3,3.8,5.2,0.108,-1.6,0.4,-1.2,0.5
Lucious Harris,harrilu01,CLE,SG,34,73,1128,9.0,0.475,0.217,0.231,4.0,8.8,6.3,6.7,1.3,0.4,8.1,14.4,0.6,0.7,1.3,0.055,-2.3,-0.9,-3.2,-0.3
Luis Flores,florelu01,"GSW,DEN",PG,23,16,77,10.1,0.586,0.345,0.069,1.5,3.0,2.2,24.5,1.3,0.0,26.9,23.5,-0.1,0.0,0.0,-0.02,-2.1,-2.7,-4.8,0.0
Luke Jackson,jackslu02,CLE,SF,23,10,43,16.3,0.489,0.222,0.222,5.4,11.2,8.2,13.4,0.0,0.0,6.3,33.3,0.1,0.0,0.1,0.085,4.0,-3.5,0.5,0.0
Luke Ridnour,ridnolu01,SEA,PG,23,82,2571,14.6,0.504,0.241,0.244,2.6,7.1,4.9,30.6,2.0,0.7,15.4,17.4,4.3,1.0,5.4,0.1,1.4,-0.7,0.7,1.8
Luke Walton,waltolu01,LAL,SF,24,61,768,11.4,0.492,0.339,0.267,8.1,12.7,10.4,19.1,1.8,1.0,22.4,15.3,0.2,0.3,0.5,0.031,-0.9,-0.6,-1.6,0.1
Luol Deng,denglu01,CHI,SF,19,61,1663,14.2,0.496,0.181,0.251,6.2,15.4,10.8,14.8,1.5,1.2,14.1,22.4,0.1,2.9,3.0,0.086,0.2,1.0,1.2,1.3
Maciej Lampe,lampema01,"PHO,NOH",C,19,37,380,7.3,0.406,0.03,0.167,7.2,19.8,13.4,5.1,0.7,1.4,10.7,18.9,-0.5,0.3,-0.1,-0.016,-5.5,-1.9,-7.4,-0.5
Malik Allen,allenma01,"MIA,CHA",PF,26,36,519,14.2,0.512,0.0,0.158,9.0,13.3,11.0,5.7,0.9,3.2,8.7,18.1,0.6,0.5,1.1,0.1,-1.0,-0.7,-1.8,0.0
Malik Rose,rosema01,"SAS,NYK",PF,30,76,1475,12.2,0.511,0.023,0.422,10.2,16.9,13.5,6.6,1.7,0.8,16.3,19.6,0.5,2.1,2.6,0.085,-3.0,0.0,-2.9,-0.3
Mamadou N'Diaye,ndiayma02,LAC,C,29,11,72,10.6,0.433,0.05,0.35,15.5,14.6,15.0,2.2,0.7,5.2,0.0,14.8,0.1,0.1,0.2,0.115,-4.0,-0.5,-4.5,0.0
Manu Ginóbili,ginobma01,SAS,SG,27,74,2193,22.3,0.609,0.331,0.567,4.0,13.6,8.8,23.0,2.9,0.9,15.0,24.3,6.4,4.6,11.0,0.24,4.1,2.8,6.9,4.9
Marc Jackson,jacksma02,PHI,C,30,81,1976,15.9,0.548,0.003,0.477,10.4,12.8,11.6,7.2,0.8,0.7,12.9,22.7,2.9,1.7,4.6,0.111,-0.1,-1.7,-1.8,0.1
Marcus Banks,banksma01,BOS,PG,23,81,1145,12.3,0.52,0.206,0.57,3.0,9.7,6.4,20.3,2.8,0.9,18.1,17.2,0.8,1.2,1.9,0.081,-1.8,1.1,-0.8,0.3
Marcus Camby,cambyma01,DEN,C,30,66,2015,18.0,0.505,0.007,0.288,7.5,30.1,18.9,12.0,1.6,7.4,13.2,17.2,1.2,4.5,5.8,0.138,-0.2,3.3,3.1,2.6
Marcus Fizer,fizerma01,MIL,PF,26,54,903,11.6,0.498,0.021,0.353,3.7,19.2,11.4,11.8,1.5,1.1,15.7,20.2,-0.2,0.7,0.4,0.023,-2.7,-0.2,-2.9,-0.2
Marcus Haislip,haislma01,IND,PF,24,9,106,4.0,0.373,0.026,0.289,5.7,11.1,8.4,5.2,1.0,1.4,12.3,22.1,-0.3,0.1,-0.2,-0.081,-7.7,-2.2,-9.9,-0.2
Mario Kasun,kasunma01,ORL,C,24,45,356,12.0,0.505,0.01,0.439,16.6,23.6,20.1,3.5,1.1,2.6,18.2,17.5,0.1,0.4,0.6,0.076,-4.6,-1.2,-5.8,-0.3
Mark Blount,blounma01,BOS,C,29,82,2130,12.5,0.559,0.002,0.265,8.0,13.6,10.9,9.9,0.8,2.3,18.6,17.9,1.2,1.6,2.8,0.063,-1.4,-0.6,-2.1,0.0
Mark Jones,jonesma03,ORL,SF,29,10,116,4.4,0.325,0.129,0.323,5.9,6.7,6.3,7.5,2.2,1.2,7.8,14.5,-0.2,0.1,-0.1,-0.033,-5.9,-1.0,-6.9,-0.1
Mark Madsen,madsema01,MIN,C,29,41,601,6.9,0.526,0.0,0.606,12.5,11.8,12.2,4.2,0.6,1.7,22.3,8.3,0.4,0.4,0.8,0.065,-4.2,-0.2,-4.4,-0.4
Mark Pope,popema01,DEN,PF,32,9,27,10.0,0.333,0.0,0.0,21.5,12.7,17.1,5.3,1.9,5.6,14.3,11.6,0.0,0.0,0.0,0.07,-4.6,-0.2,-4.9,0.0
Marko Jarić,jaricma01,LAC,PG,26,50,1656,13.9,0.5,0.33,0.179,1.5,9.9,5.8,29.7,2.7,0.8,16.6,16.5,1.1,1.7,2.8,0.08,0.3,0.7,1.0,1.3
Marquis Daniels,daniema01,DAL,SG,24,60,1412,14.6,0.484,0.069,0.264,7.0,10.0,8.6,14.6,3.0,0.7,13.3,20.6,0.7,1.9,2.5,0.086,-0.8,1.4,0.6,0.9
Mateen Cleaves,cleavma01,SEA,PG,27,14,65,9.1,0.412,0.143,0.286,3.8,7.5,5.6,16.5,1.7,0.0,11.3,12.6,0.0,0.0,0.0,0.029,-2.1,-2.0,-4.1,0.0
Matt Barnes,barnema02,SAC,SF,24,43,715,9.0,0.465,0.146,0.384,7.7,13.1,10.4,11.1,2.2,0.7,20.3,13.8,-0.2,0.6,0.4,0.028,-3.3,0.1,-3.2,-0.2
Matt Bonner,bonnema01,TOR,C,24,82,1553,14.7,0.596,0.199,0.153,7.7,13.1,10.4,5.3,1.3,0.9,7.5,15.7,3.3,0.9,4.2,0.13,0.0,-0.6,-0.6,0.5
Matt Carroll,carroma01,CHA,SG,24,25,430,14.7,0.517,0.217,0.461,3.3,13.2,8.0,6.8,2.1,0.4,10.4,24.9,0.4,0.3,0.7,0.078,-0.9,-1.4,-2.3,0.0
Matt Freije,freijma01,NOH,PF,23,23,441,4.1,0.356,0.425,0.063,4.1,12.6,8.2,7.6,1.6,0.4,11.5,15.5,-0.8,0.3,-0.5,-0.052,-5.3,-0.9,-6.2,-0.4
Matt Harpring,harprma01,UTA,SF,28,78,2584,15.5,0.549,0.05,0.368,9.2,14.0,11.5,9.9,1.5,0.5,11.8,20.1,4.2,1.2,5.5,0.102,0.9,-1.2,-0.3,1.1
Maurice Baker,bakerma01,"LAC,POR",PG,25,5,19,-0.2,0.0,0.0,0.0,6.3,5.8,6.1,7.2,2.8,0.0,50.0,4.8,0.0,0.0,0.0,-0.057,-8.7,1.6,-7.1,0.0
Maurice Evans,evansma01,SAC,SG,26,65,1233,12.1,0.511,0.22,0.209,8.0,10.2,9.1,5.4,1.5,0.5,7.7,15.9,1.5,0.6,2.1,0.081,-0.8,-1.4,-2.2,-0.1
Maurice Taylor,tayloma01,"HOU,NYK",PF,28,65,1336,9.4,0.48,0.02,0.231,5.9,16.4,11.2,8.7,1.1,1.2,16.1,20.4,-1.1,1.6,0.5,0.02,-4.2,-0.2,-4.4,-0.8
Mehmet Okur,okurme01,UTA,C,25,82,2304,18.9,0.569,0.083,0.512,10.2,23.4,16.6,12.8,0.8,2.5,13.2,21.3,5.3,1.8,7.0,0.147,2.4,-0.5,2.0,2.3
Melvin Ely,elyme01,CHA,PF,26,79,1649,10.5,0.465,0.0,0.403,9.3,13.5,11.3,7.6,1.0,3.1,15.7,19.7,-1.1,1.2,0.1,0.004,-3.4,-1.0,-4.4,-1.0
Metta World Peace,artesro01,IND,SF,25,7,291,23.5,0.608,0.143,0.429,3.3,14.9,9.2,16.2,2.3,1.6,10.7,26.1,0.9,0.4,1.3,0.219,3.8,1.0,4.8,0.5
Michael Bradley,bradlmi01,"ORL,SAC,PHI",PF,25,18,119,11.7,0.6,0.042,0.333,7.6,18.7,13.2,6.7,0.4,1.2,15.4,12.1,0.1,0.1,0.2,0.082,-1.6,-0.3,-1.9,0.0
Michael Curry,currymi01,IND,SF,36,18,249,5.1,0.461,0.0,0.276,3.9,9.0,6.5,9.7,1.1,1.2,13.3,7.2,0.1,0.2,0.3,0.057,-3.8,1.5,-2.3,0.0
Michael Doleac,doleami01,MIA,C,27,80,1175,9.7,0.46,0.006,0.124,7.7,17.7,12.9,6.2,1.0,1.4,9.3,15.3,0.2,1.6,1.9,0.076,-3.5,0.1,-3.4,-0.4
Michael Finley,finlemi01,DAL,SG,31,64,2358,14.3,0.519,0.314,0.15,2.2,10.1,6.2,11.7,1.1,0.6,5.8,19.5,3.6,1.9,5.5,0.112,1.1,-0.9,0.2,1.3
Michael Olowokandi,olowomi01,MIN,C,29,62,1215,10.4,0.48,0.0,0.195,10.4,19.6,15.2,3.7,0.7,3.3,15.1,17.2,-0.3,1.5,1.2,0.048,-4.6,-0.3,-4.9,-0.9
Michael Redd,reddmi01,MIL,SG,25,75,2848,18.3,0.536,0.207,0.305,2.9,10.0,6.4,11.4,1.2,0.2,7.6,27.8,5.5,0.7,6.2,0.105,2.8,-1.8,1.0,2.2
Michael Ruffin,ruffimi01,WAS,C,28,79,1262,8.6,0.432,0.01,0.677,13.5,16.2,14.8,7.1,1.8,2.4,25.5,6.0,0.7,1.3,1.9,0.074,-2.9,0.7,-2.1,0.0
Michael Stewart,stewami01,ATL,PF,29,12,145,10.6,0.519,0.0,0.333,16.1,16.1,16.1,5.2,2.2,2.7,19.9,9.3,0.1,0.1,0.2,0.077,-4.0,-0.9,-4.9,-0.1
Mickaël Piétrus,pietrmi01,GSW,SF,22,67,1340,14.2,0.539,0.389,0.403,5.0,10.5,7.7,10.2,1.8,1.0,13.5,22.5,1.1,1.0,2.1,0.075,-0.2,-0.8,-1.0,0.3
Mike Bibby,bibbymi01,SAC,PG,26,80,3084,19.2,0.543,0.288,0.327,2.8,9.2,6.0,28.1,2.1,0.7,12.3,23.8,6.6,1.9,8.5,0.133,3.1,-0.5,2.6,3.6
Mike Dunleavy,dunlemi02,GSW,SF,24,79,2570,14.5,0.539,0.305,0.19,3.9,15.0,9.2,13.1,1.6,0.7,11.9,19.1,2.7,2.2,4.9,0.091,0.2,-0.1,0.1,1.4
Mike James,jamesmi01,"MIL,HOU",PG,29,74,1859,16.6,0.534,0.345,0.193,2.2,10.8,6.6,25.2,1.9,0.2,11.5,22.8,2.8,1.5,4.3,0.11,1.8,-0.1,1.7,1.8
Mike Miller,millemi01,MEM,SF,24,76,2278,16.7,0.614,0.422,0.196,1.9,13.8,7.9,17.8,1.3,0.8,13.2,19.8,4.5,2.6,7.0,0.148,2.4,0.4,2.9,2.8
Mike Sweetney,sweetmi01,NYK,C,22,77,1509,16.4,0.592,0.002,0.527,13.0,19.5,16.3,4.9,0.9,1.4,16.4,19.9,2.7,1.1,3.8,0.122,-0.8,-1.7,-2.5,-0.2
Mike Wilks,wilksmi01,SAS,PG,25,48,278,11.0,0.482,0.208,0.208,1.7,8.8,5.3,19.1,2.7,0.3,14.3,16.4,0.1,0.5,0.6,0.099,-3.2,2.1,-1.1,0.1
Mikki Moore,mooremi01,LAC,PF,29,74,1178,12.7,0.571,0.017,0.474,10.2,14.7,12.5,6.6,0.9,2.1,15.4,16.1,1.6,1.0,2.6,0.106,-1.8,-0.6,-2.4,-0.1
Milt Palacio,palacmi01,TOR,PG,26,80,1533,12.5,0.507,0.031,0.395,1.9,8.1,4.9,28.8,1.6,0.6,18.4,16.8,1.0,0.7,1.7,0.054,-1.6,-0.9,-2.5,-0.2
Mo Williams,willima01,MIL,PG,22,80,2254,14.1,0.504,0.134,0.217,2.6,10.2,6.4,35.4,1.7,0.4,19.5,20.3,1.2,1.0,2.2,0.046,-0.4,-1.2,-1.5,0.2
Moochie Norris,norrimo01,"NYK,HOU",PG,31,38,360,6.1,0.376,0.11,0.22,3.2,11.8,7.5,16.7,2.7,0.4,18.4,18.7,-0.7,0.3,-0.4,-0.056,-6.6,0.0,-6.6,-0.4
Morris Peterson,petermo01,TOR,SG,27,82,2510,14.4,0.543,0.395,0.267,3.1,12.4,7.7,11.2,1.9,0.5,8.9,18.9,3.5,1.6,5.1,0.098,0.4,-0.3,0.2,1.4
Nazr Mohammed,mohamna01,"NYK,SAS",C,27,77,1933,16.4,0.521,0.002,0.377,14.9,20.7,17.8,2.9,1.6,3.3,13.3,19.2,2.0,2.6,4.6,0.115,-1.0,-0.7,-1.8,0.1
Ndudi Ebi,ebind01,MIN,SG,20,2,54,17.8,0.541,0.048,0.429,13.3,20.3,16.9,3.3,1.0,1.3,10.7,24.0,0.1,0.1,0.1,0.116,-1.1,-1.3,-2.4,0.0
Nenad Krstić,krstine01,NJN,PF,21,75,1965,13.4,0.547,0.004,0.447,9.7,14.9,12.3,7.1,0.9,2.6,14.1,19.0,1.9,2.5,4.4,0.108,-2.7,-0.5,-3.2,-0.6
Nenê,hilarne01,DEN,C,22,55,1317,15.6,0.551,0.005,0.549,9.2,19.2,14.2,10.3,1.9,2.7,16.4,19.4,1.2,2.1,3.2,0.118,-1.3,0.9,-0.3,0.6
Nick Collison,collini01,SEA,C,24,82,1396,15.0,0.57,0.008,0.333,13.7,19.2,16.5,3.9,1.3,2.8,13.3,15.5,2.7,1.2,3.9,0.135,-1.3,-0.4,-1.7,0.1
Nick Van Exel,vanexni01,POR,SG,33,53,1619,12.5,0.494,0.458,0.132,1.5,9.7,5.7,23.3,1.5,0.0,13.4,19.5,0.9,0.7,1.6,0.049,0.3,-1.2,-1.0,0.4
Nikoloz Tskitishvili,tskitni01,"DEN,GSW",PF,21,35,220,2.7,0.324,0.23,0.095,6.3,15.1,10.6,6.9,1.9,3.7,19.8,19.4,-0.8,0.3,-0.5,-0.109,-8.2,0.2,-8.0,-0.3
Obinna Ekezie,ekeziob01,ATL,C,29,42,732,10.4,0.516,0.005,0.511,10.4,18.4,14.2,2.4,1.6,1.3,16.8,16.4,0.3,0.4,0.7,0.043,-4.5,-1.8,-6.3,-0.8
Omar Cook,cookom01,TOR,PG,23,5,74,17.0,0.432,0.167,0.25,3.0,7.8,5.4,48.7,4.2,1.0,18.4,20.2,0.0,0.1,0.1,0.067,1.1,1.1,2.2,0.1
Othella Harrington,harriot01,CHI,PF,31,70,1271,14.5,0.559,0.0,0.417,9.4,16.3,12.8,8.0,1.0,1.1,14.3,20.6,1.5,2.1,3.6,0.135,-1.8,0.5,-1.3,0.2
P.J. Brown,brownpj01,NOH,PF,35,82,2817,15.5,0.512,0.0,0.321,10.7,20.6,15.5,11.2,1.4,1.4,10.5,15.9,4.0,2.9,6.9,0.118,0.1,0.1,0.2,1.5
Pape Sow,sowpa01,TOR,C,23,27,255,7.8,0.444,0.0,0.466,7.8,17.6,12.7,1.2,2.4,1.1,12.5,14.3,-0.1,0.3,0.2,0.029,-5.3,-0.5,-5.8,-0.2
Pat Garrity,garripa01,ORL,PF,28,71,955,9.1,0.505,0.48,0.108,2.5,11.9,7.3,4.9,1.0,0.7,8.6,16.0,0.5,0.5,1.1,0.054,-1.8,-1.0,-2.8,-0.2
Pau Gasol,gasolpa01,MEM,PF,24,56,1790,22.5,0.582,0.009,0.528,8.7,18.7,13.7,14.7,1.1,4.1,13.8,26.2,4.1,2.8,6.8,0.184,2.9,1.1,4.0,2.7
Paul Pierce,piercpa01,BOS,SF,27,82,2960,21.8,0.583,0.239,0.546,3.1,17.8,10.6,20.3,2.3,1.0,13.2,26.6,7.7,3.6,11.2,0.182,4.0,0.7,4.6,4.9
Paul Shirley,shirlpa01,PHO,PF,27,9,30,9.9,0.47,0.0,0.364,3.7,3.4,3.6,14.7,0.0,0.0,7.3,20.0,0.0,0.0,0.0,0.031,-3.2,-3.0,-6.2,0.0
Pavel Podkolzin,podkopa01,DAL,C,20,5,10,-12.1,0.568,,,0.0,21.9,11.2,0.0,0.0,0.0,69.4,12.9,-0.1,0.0,0.0,-0.214,-25.2,-0.2,-25.4,0.0
Peja Stojaković,stojape01,SAC,SF,27,66,2534,17.3,0.584,0.426,0.271,2.7,9.8,6.3,8.7,1.6,0.3,8.2,21.7,6.0,1.2,7.3,0.137,2.4,-1.2,1.2,2.1
Peter John Ramos,ramospe01,WAS,C,19,6,20,8.2,0.506,0.0,0.2,5.4,17.5,11.2,0.0,0.0,3.7,21.6,30.3,-0.1,0.0,0.0,-0.108,-7.7,-2.3,-10.0,0.0
Predrag Drobnjak,drobnpr01,ATL,C,29,71,1435,12.7,0.501,0.131,0.221,5.6,14.1,9.7,5.9,1.5,1.3,11.6,21.0,0.4,0.5,1.0,0.032,-1.5,-1.6,-3.2,-0.4
Primož Brezec,brezepr01,CHA,C,25,72,2276,16.1,0.55,0.0,0.291,10.8,16.2,13.3,6.6,0.8,1.8,11.1,18.7,3.5,1.4,4.9,0.104,0.5,-1.5,-1.0,0.6
Quentin Richardson,richaqu01,PHO,SG,24,79,2839,13.6,0.522,0.604,0.176,3.6,13.9,9.0,7.9,1.7,0.6,8.3,18.9,3.3,2.5,5.8,0.098,0.7,-0.2,0.5,1.8
Quinton Ross,rossqu01,LAC,SG,23,78,1659,8.9,0.471,0.011,0.295,4.4,10.6,7.6,10.4,1.7,1.0,11.4,13.3,0.4,1.3,1.7,0.05,-3.0,0.3,-2.6,-0.3
Qyntel Woods,woodsqy01,MIA,SF,23,3,40,7.7,0.417,0.0,0.0,6.1,11.2,8.8,0.0,5.3,0.0,14.3,16.3,-0.1,0.1,0.0,0.024,-6.9,1.3,-5.6,0.0
Raef LaFrentz,lafrera01,BOS,PF,28,80,2196,17.3,0.587,0.327,0.215,8.4,20.8,14.7,7.3,1.0,3.4,8.5,16.9,4.9,2.6,7.5,0.165,1.8,0.1,1.8,2.1
Rafael Araújo,araujra01,TOR,C,24,59,736,7.1,0.492,0.017,0.314,8.9,19.7,14.2,3.4,1.5,0.8,20.7,15.6,-0.4,0.7,0.3,0.016,-6.5,-0.8,-7.4,-1.0
Rafer Alston,alstora01,TOR,PG,28,80,2717,16.5,0.522,0.399,0.265,1.7,10.1,5.8,31.7,2.2,0.2,13.5,21.2,3.8,1.7,5.5,0.098,1.4,-0.5,0.9,2.0
Raja Bell,bellra01,UTA,SG,28,63,1790,12.2,0.527,0.201,0.225,3.2,10.9,7.0,9.3,1.3,0.4,9.7,20.9,1.6,0.6,2.2,0.06,-1.0,-1.2,-2.2,-0.1
Randy Livingston,livinra01,UTA,PG,29,17,227,13.3,0.538,0.154,0.327,1.6,5.1,3.3,32.1,2.9,0.7,19.1,14.9,0.3,0.1,0.4,0.092,-0.7,0.4,-0.3,0.1
Rashard Lewis,lewisra02,SEA,SF,25,71,2697,19.4,0.571,0.375,0.246,5.0,12.6,8.8,6.5,1.5,1.8,8.8,24.0,6.9,1.5,8.4,0.15,4.5,-0.8,3.7,3.9
Rasheed Wallace,wallara01,DET,PF,30,79,2687,16.4,0.499,0.222,0.184,7.7,20.3,14.0,9.8,1.3,3.2,10.0,22.3,2.0,5.1,7.1,0.127,0.3,1.2,1.5,2.3
Rasho Nesterović,nestera01,SAS,C,28,70,1785,12.0,0.463,0.0,0.07,12.0,18.0,15.0,6.3,0.9,4.7,14.1,13.5,0.5,3.8,4.2,0.114,-2.7,1.9,-0.7,0.6
Rasual Butler,butlera01,MIA,SF,25,65,1203,10.3,0.488,0.374,0.117,1.5,12.7,7.3,8.1,0.8,1.8,7.9,18.1,0.3,1.4,1.7,0.068,-1.3,-0.2,-1.5,0.1
Ray Allen,allenra02,SEA,SG,29,78,3064,20.9,0.555,0.372,0.286,3.2,10.7,6.9,18.1,1.5,0.1,9.2,28.0,9.7,1.0,10.7,0.168,5.3,-1.2,4.1,4.8
Raül López,lopezra01,UTA,PG,24,31,518,12.9,0.538,0.333,0.244,1.6,7.9,4.7,39.3,2.3,0.5,23.9,17.5,0.4,0.3,0.7,0.066,-0.6,-0.8,-1.4,0.1
Reece Gaines,gainere01,"HOU,MIL",PG,24,21,187,3.5,0.396,0.28,0.08,0.6,8.0,4.4,5.8,1.4,0.4,11.9,14.6,-0.3,0.1,-0.1,-0.034,-6.1,-0.4,-6.4,-0.2
Reggie Evans,evansre01,SEA,PF,24,79,1881,13.0,0.512,0.007,0.851,16.6,31.2,23.9,4.7,1.7,0.6,21.6,11.8,1.5,2.3,3.8,0.096,-0.4,-0.7,-1.1,0.4
Reggie Miller,millere01,IND,SG,39,66,2105,16.6,0.582,0.414,0.373,1.0,7.7,4.4,13.3,1.3,0.2,8.4,20.8,5.1,1.5,6.6,0.151,2.2,-0.3,1.8,2.0
Richard Hamilton,hamilri01,DET,SG,26,76,2926,16.0,0.528,0.102,0.37,3.0,8.8,5.9,23.5,1.4,0.3,13.9,25.1,3.9,3.5,7.4,0.121,0.3,0.0,0.3,1.7
Richard Jefferson,jefferi01,NJN,SF,24,33,1355,16.6,0.537,0.158,0.477,4.3,17.2,10.7,19.0,1.3,1.0,16.2,28.2,0.6,1.8,2.4,0.086,1.6,-0.1,1.5,1.2
Richie Frahm,frahmri01,POR,SG,27,43,499,12.4,0.543,0.571,0.179,4.1,9.8,7.1,9.7,1.6,0.6,8.5,15.2,0.7,0.3,1.0,0.097,0.4,-0.7,-0.2,0.2
Rick Brunson,brunsri01,LAC,PG,32,80,1945,11.6,0.46,0.294,0.167,1.5,9.8,5.8,32.7,2.3,0.3,20.8,14.3,0.3,1.6,1.9,0.048,-0.8,0.0,-0.8,0.6
Ricky Davis,davisri01,BOS,SG,25,82,2696,15.0,0.547,0.173,0.337,2.9,7.8,5.4,15.5,1.7,0.8,14.6,23.4,2.5,1.7,4.2,0.074,0.4,-1.1,-0.8,0.8
Robert Horry,horryro01,SAS,PF,34,75,1396,14.9,0.533,0.368,0.291,7.6,14.8,11.2,9.2,2.6,3.1,14.0,16.4,1.4,3.1,4.6,0.157,0.2,2.8,3.0,1.8
Robert Swift,swiftro01,SEA,C,19,16,72,5.2,0.501,0.0,0.818,1.7,6.8,4.2,4.2,0.8,7.6,21.1,12.2,0.0,0.1,0.0,0.004,-7.6,1.9,-5.7,-0.1
Robert Traylor,traylro01,CLE,C,27,74,1327,12.0,0.461,0.02,0.256,11.8,17.8,14.8,7.4,2.2,2.8,14.1,17.6,-0.1,1.9,1.8,0.066,-3.4,0.4,-3.0,-0.3
Rod Strickland,stricro02,HOU,PG,38,16,196,4.6,0.295,0.047,0.233,1.8,13.9,8.0,29.7,0.8,0.8,25.2,15.2,-0.5,0.2,-0.2,-0.051,-5.3,0.0,-5.3,-0.2
Rodney Buford,buforro01,NJN,SF,27,64,1313,9.5,0.437,0.221,0.092,3.0,14.5,8.7,8.7,1.6,0.3,6.4,19.4,-0.8,1.6,0.8,0.03,-2.9,-0.6,-3.5,-0.5
Rodney Rogers,rogerro01,"NOH,PHI",SF,33,58,1367,8.9,0.462,0.373,0.156,5.0,16.2,10.4,11.0,1.6,1.2,15.2,19.0,-1.1,1.4,0.3,0.01,-3.7,-0.5,-4.2,-0.7
Rodney White,whitero02,"DEN,GSW",SF,24,58,677,12.3,0.475,0.208,0.152,4.0,11.0,7.5,11.1,2.4,1.2,10.7,22.7,-0.3,0.8,0.5,0.038,-1.5,0.4,-1.0,0.2
Ron Mercer,mercero01,NJN,SF,28,18,390,9.4,0.422,0.019,0.063,2.7,9.7,6.2,9.8,2.2,0.4,7.9,21.2,-0.5,0.5,-0.1,-0.007,-3.8,-0.3,-4.0,-0.2
Ronald Dupree,duprero01,DET,SF,24,47,472,11.8,0.515,0.016,0.37,8.5,15.0,11.8,8.7,0.8,1.6,13.0,16.9,0.4,0.7,1.0,0.104,-2.7,0.9,-1.8,0.0
Ronald Murray,murraro01,SEA,SG,25,49,883,9.9,0.433,0.262,0.22,2.1,11.5,6.8,12.7,1.9,1.0,12.5,23.8,-0.8,0.5,-0.3,-0.016,-2.7,-1.4,-4.1,-0.5
Royal Ivey,iveyro01,ATL,PG,23,62,809,8.9,0.484,0.045,0.338,2.6,9.9,6.0,20.0,2.5,0.7,20.3,15.8,-0.2,0.4,0.2,0.009,-5.4,-0.1,-5.5,-0.7
Ruben Patterson,patteru01,POR,SF,29,70,1957,15.8,0.558,0.042,0.469,7.7,8.3,8.1,12.4,2.9,0.8,16.5,20.4,1.8,1.6,3.4,0.083,-0.6,0.3,-0.3,0.9
Ryan Bowen,bowenry01,HOU,SF,29,66,604,7.7,0.462,0.054,0.189,4.2,10.4,7.3,4.7,2.1,0.6,5.5,9.9,0.2,0.9,1.1,0.087,-3.5,2.1,-1.4,0.1
Ryan Humphrey,humphry01,MEM,SF,25,35,317,10.2,0.428,0.019,0.359,19.0,13.9,16.5,3.3,1.7,0.2,16.2,21.2,-0.3,0.4,0.1,0.013,-3.9,-2.3,-6.2,-0.3
Sam Cassell,cassesa01,MIN,PG,35,59,1522,18.6,0.529,0.15,0.226,2.0,9.5,5.9,35.2,1.3,0.7,12.6,26.4,2.8,1.0,3.8,0.119,1.9,-0.7,1.2,1.2
Samaki Walker,walkesa01,WAS,PF,28,14,134,3.1,0.371,0.0,0.097,6.5,8.7,7.6,4.5,1.2,3.9,19.8,13.1,-0.2,0.1,-0.1,-0.047,-6.9,-0.1,-7.0,-0.2
Samuel Dalembert,dalemsa01,PHI,C,23,72,1785,14.4,0.543,0.0,0.31,11.6,22.6,17.1,3.3,1.3,5.3,17.4,16.3,0.8,3.1,3.9,0.104,-2.8,0.6,-2.2,-0.1
Sasha Pavlović,pavloal01,CLE,SG,21,65,862,9.0,0.516,0.283,0.232,2.0,7.8,4.9,9.3,1.8,0.3,13.4,18.4,0.2,0.6,0.8,0.046,-3.8,-0.6,-4.4,-0.5
Sasha Vujačić,vujacsa01,LAL,SG,20,35,403,8.9,0.403,0.538,0.162,3.7,13.6,8.7,19.5,1.6,0.4,10.7,15.8,0.0,0.1,0.2,0.018,-3.0,-0.7,-3.7,-0.2
Scot Pollard,pollasc01,IND,C,29,49,865,11.2,0.506,0.0,0.293,11.9,16.3,14.1,3.6,1.9,2.1,14.1,12.2,0.6,1.2,1.9,0.104,-2.6,0.8,-1.9,0.0
Scott Padgett,padgesc01,HOU,PF,28,66,942,12.3,0.549,0.541,0.172,6.0,16.7,11.5,9.5,1.9,0.8,10.7,14.0,1.2,1.6,2.8,0.141,-0.5,1.6,1.1,0.7
Scott Williams,willisc01,CLE,C,36,19,152,6.8,0.36,0.024,0.268,11.4,11.9,11.6,7.8,1.4,2.9,9.8,15.1,-0.1,0.2,0.1,0.025,-5.4,-0.7,-6.1,-0.2
Sean Marks,marksse01,SAS,PF,29,23,244,8.7,0.412,0.038,0.35,8.6,18.2,13.4,5.2,0.7,3.3,13.2,20.3,-0.3,0.5,0.2,0.038,-5.9,-0.1,-6.0,-0.2
Sebastian Telfair,telfase01,POR,PG,19,68,1330,9.7,0.471,0.16,0.309,0.9,7.8,4.5,27.8,1.4,0.2,20.4,21.2,-0.9,0.5,-0.4,-0.013,-3.4,-2.5,-5.9,-1.3
Shandon Anderson,andersh01,"NYK,MIA",SF,31,66,1171,9.0,0.518,0.134,0.304,4.3,14.4,9.5,8.7,1.8,0.9,16.9,11.8,0.5,1.6,2.1,0.085,-3.1,1.5,-1.6,0.1
Shane Battier,battish01,MEM,SG,26,80,2516,14.8,0.555,0.289,0.372,7.6,12.1,9.8,8.3,2.0,2.4,9.5,14.8,4.4,3.4,7.8,0.149,1.1,1.3,2.4,2.8
Shaquille O'Neal,onealsh01,MIA,C,32,73,2492,27.0,0.583,0.0,0.699,12.4,22.8,17.8,15.7,0.8,5.0,12.4,30.5,6.4,4.6,11.0,0.211,4.1,1.2,5.3,4.6
Shareef Abdur-Rahim,abdursh01,POR,PF,28,54,1867,18.7,0.581,0.058,0.379,7.9,16.0,12.1,10.7,1.4,1.0,13.0,22.1,3.9,1.5,5.4,0.139,1.6,-0.6,0.9,1.4
Shaun Livingston,livinsh01,LAC,PG,19,30,814,10.4,0.461,0.009,0.274,3.3,9.6,6.6,29.9,2.1,1.0,23.7,18.0,-0.6,0.7,0.1,0.008,-2.3,-0.2,-2.5,-0.1
Shawn Bradley,bradlsh01,DAL,C,32,77,885,11.0,0.494,0.0,0.339,9.0,17.8,13.5,2.5,1.5,5.3,13.4,12.5,0.4,1.5,1.9,0.102,-3.6,1.6,-2.0,0.0
Shawn Marion,mariosh01,PHO,PF,26,81,3146,21.7,0.556,0.265,0.213,8.4,22.0,15.5,7.5,2.6,2.5,8.1,21.3,7.3,5.2,12.5,0.191,3.1,1.3,4.4,5.1
Smush Parker,parkesm01,"DET,PHO",PG,23,16,144,6.0,0.493,0.302,0.302,3.2,6.4,4.8,16.8,1.8,0.0,28.1,21.5,-0.3,0.1,-0.1,-0.045,-5.2,-0.8,-6.0,-0.1
Speedy Claxton,claxtsp01,"GSW,NOH",PG,26,62,1866,15.8,0.493,0.1,0.416,2.1,9.1,5.4,33.1,3.0,0.3,14.1,20.1,1.9,1.8,3.7,0.096,-0.9,1.0,0.2,1.0
Stacey Augmon,augmost01,ORL,SF,36,55,663,9.8,0.48,0.0,0.461,7.7,9.0,8.4,8.1,1.8,0.9,13.4,15.3,0.3,0.4,0.7,0.053,-2.9,-0.4,-3.3,-0.2
Stanislav Medvedenko,medvest01,LAL,PF,25,43,423,11.9,0.49,0.006,0.179,8.3,12.7,10.5,5.4,1.1,0.3,7.2,19.4,0.4,0.1,0.5,0.053,-2.7,-2.4,-5.1,-0.3
Stephen Jackson,jacksst02,IND,SF,26,51,1806,15.9,0.518,0.349,0.28,3.0,13.4,8.3,13.5,2.0,0.6,11.8,27.7,1.0,2.1,3.1,0.082,0.9,-0.6,0.3,1.1
Stephon Marbury,marbust01,NYK,PG,27,82,3281,21.9,0.575,0.248,0.42,1.8,7.1,4.4,36.0,2.0,0.1,13.1,24.8,10.4,1.3,11.7,0.171,4.9,-0.7,4.2,5.1
Steve Blake,blakest01,WAS,PG,24,44,648,8.4,0.468,0.5,0.22,3.0,9.5,6.2,16.2,1.0,0.0,16.0,16.4,0.0,0.2,0.3,0.02,-2.1,-1.9,-4.0,-0.3
Steve Francis,francst01,ORL,PG,27,78,2978,18.9,0.521,0.095,0.456,4.8,12.0,8.5,31.6,1.9,0.7,16.6,28.0,3.9,2.3,6.2,0.1,2.1,-0.9,1.2,2.4
Steve Nash,nashst01,PHO,PG,30,75,2573,22.0,0.606,0.254,0.278,2.5,7.6,5.2,49.2,1.4,0.2,20.3,20.5,9.7,1.2,10.9,0.203,5.5,-0.8,4.7,4.4
Steve Smith,smithst01,"CHA,MIA",SG,35,50,750,13.6,0.554,0.423,0.323,2.2,7.9,5.0,15.4,1.0,0.7,8.7,18.4,1.5,0.3,1.8,0.113,0.8,-0.8,0.0,0.4
Steven Hunter,huntest01,PHO,C,23,76,1046,14.7,0.596,0.005,0.741,10.5,12.6,11.6,1.7,0.2,6.4,13.1,14.0,1.7,1.0,2.6,0.121,-1.6,0.7,-0.9,0.3
Stromile Swift,swiftst01,MEM,PF,25,60,1279,16.7,0.517,0.008,0.449,8.7,16.9,12.8,6.2,1.7,5.7,13.3,24.9,0.6,2.3,2.9,0.107,-2.4,1.1,-1.3,0.2
Tamar Slay,slayta01,CHA,SG,24,8,78,1.5,0.351,0.308,0.051,8.3,12.4,10.2,6.7,3.3,0.0,16.7,27.2,-0.4,0.1,-0.3,-0.166,-10.2,-0.4,-10.6,-0.2
Tayshaun Prince,princta01,DET,SF,24,82,3039,16.2,0.556,0.143,0.285,5.2,11.5,8.4,14.5,1.0,1.8,11.1,18.8,5.4,4.0,9.4,0.149,1.4,0.7,2.1,3.1
Theo Ratliff,ratlith01,POR,C,31,63,1731,10.1,0.5,0.0,0.416,7.7,14.1,11.0,2.9,0.7,6.5,15.6,9.6,0.5,1.7,2.3,0.063,-3.5,1.7,-1.8,0.1
Theron Smith,smithth01,CHA,SF,24,33,510,5.2,0.367,0.088,0.118,8.3,18.2,13.0,8.3,0.6,0.6,15.9,14.8,-0.7,0.3,-0.4,-0.04,-5.6,-1.8,-7.5,-0.7
Tierre Brown,brownti01,LAL,PG,25,76,1066,9.5,0.437,0.207,0.216,2.2,7.6,4.9,23.6,1.6,0.1,16.3,19.3,-0.5,0.0,-0.5,-0.021,-2.6,-2.0,-4.7,-0.7
Tim Duncan,duncati01,SAS,PF,28,66,2203,27.0,0.54,0.009,0.437,10.7,28.2,19.4,16.1,1.1,5.7,9.3,28.9,5.5,5.7,11.2,0.245,4.8,2.8,7.6,5.4
Tim Thomas,thomati01,NYK,SF,27,71,1940,12.3,0.536,0.29,0.241,2.7,11.7,7.2,9.7,1.1,0.7,12.5,21.3,1.4,0.8,2.2,0.054,-0.7,-1.3,-2.0,0.0
Tom Gugliotta,guglito01,"BOS,ATL",PF,35,47,966,9.9,0.46,0.108,0.178,6.6,16.9,11.5,11.0,2.2,1.3,18.0,14.7,-0.4,0.7,0.4,0.018,-2.9,-0.3,-3.3,-0.3
Toni Kukoč,kukocto01,MIL,SF,36,53,1099,12.8,0.523,0.453,0.238,3.3,13.9,8.5,22.3,1.9,0.9,18.5,14.4,0.8,0.7,1.5,0.066,0.2,0.4,0.6,0.7
Tony Allen,allento01,BOS,SG,23,77,1262,14.7,0.542,0.08,0.393,8.0,12.3,10.2,8.2,3.1,1.4,14.5,18.9,1.2,1.6,2.7,0.103,-0.7,0.8,0.1,0.7
Tony Battie,battito01,ORL,C,28,81,1894,8.6,0.498,0.017,0.266,6.5,20.0,13.4,3.2,0.8,3.0,17.0,11.0,0.1,1.9,2.0,0.051,-3.7,0.4,-3.3,-0.6
Tony Bobbitt,bobbito01,LAL,SG,25,2,12,11.7,0.5,0.4,0.0,0.0,28.0,14.1,0.0,0.0,0.0,0.0,18.8,0.0,0.0,0.0,0.059,-2.1,-2.0,-4.1,0.0
Tony Delk,delkto01,ATL,SG,31,56,1340,15.1,0.512,0.342,0.23,2.3,9.3,5.6,13.9,1.8,0.2,7.7,23.6,1.8,0.3,2.1,0.074,0.7,-1.6,-1.0,0.3
Tony Massenburg,masseto01,SAS,PF,37,61,699,8.5,0.467,0.0,0.346,9.0,18.3,13.6,3.2,1.4,2.1,16.0,16.6,-0.3,1.4,1.1,0.078,-6.0,0.7,-5.4,-0.6
Tony Parker,parketo01,SAS,PG,22,80,2735,18.0,0.528,0.14,0.289,2.0,10.7,6.4,33.2,1.9,0.1,14.6,25.1,3.6,4.5,8.1,0.141,1.4,0.6,2.0,2.8
Torraye Braggs,braggto01,HOU,PF,28,7,24,11.6,0.429,0.0,0.0,34.9,23.7,29.2,0.0,0.0,0.0,22.2,17.7,0.0,0.0,0.0,0.073,-4.4,-6.3,-10.7,0.0
Tracy McGrady,mcgratr01,HOU,SF,25,78,3182,22.9,0.526,0.262,0.336,2.7,14.8,8.9,28.6,2.3,1.3,9.5,31.2,6.5,5.4,12.0,0.18,5.2,1.5,6.7,6.9
Travis Best,besttr01,NJN,PG,32,76,1461,11.9,0.508,0.188,0.27,1.5,7.4,4.4,17.4,2.4,0.5,11.7,18.4,0.8,1.8,2.5,0.084,-2.4,1.0,-1.3,0.3
Travis Outlaw,outlatr01,POR,SF,20,59,793,15.4,0.532,0.037,0.281,6.1,11.3,8.8,7.8,2.0,3.6,11.5,19.6,0.6,0.8,1.4,0.085,-0.9,0.1,-0.8,0.2
Tremaine Fowlkes,fowlktr01,IND,SF,28,8,56,7.5,0.531,0.176,0.118,6.5,10.5,8.5,0.0,2.0,0.0,21.9,19.6,-0.1,0.1,0.0,-0.028,-6.2,-1.9,-8.1,-0.1
Trenton Hassell,hassetr01,MIN,SG,25,82,2068,9.3,0.515,0.023,0.24,4.6,7.4,6.0,9.4,0.8,1.0,10.9,13.2,1.7,1.0,2.7,0.063,-2.4,-0.4,-2.8,-0.4
Trevor Ariza,arizatr01,NYK,SF,19,80,1382,13.3,0.503,0.033,0.447,7.5,13.1,10.3,9.8,2.7,1.0,13.6,17.8,0.8,1.3,2.1,0.073,-1.2,0.6,-0.6,0.5
Troy Hudson,hudsotr01,MIN,PG,28,79,1729,12.1,0.491,0.389,0.136,1.3,5.4,3.5,26.5,0.8,0.2,13.8,21.9,0.7,0.6,1.3,0.036,-0.1,-2.3,-2.4,-0.2
Troy Murphy,murphtr01,GSW,PF,24,70,2375,16.8,0.495,0.156,0.337,11.0,24.2,17.3,6.9,1.1,1.0,9.0,22.2,2.6,2.7,5.3,0.107,0.4,-1.7,-1.2,0.5
Tyronn Lue,luety01,"HOU,ATL",PG,27,70,2007,14.1,0.542,0.237,0.252,0.8,8.1,4.3,27.4,0.9,0.0,12.6,18.7,3.4,0.3,3.7,0.088,0.1,-2.1,-2.0,0.0
Tyson Chandler,chandty01,CHI,C,22,80,2189,16.4,0.565,0.005,0.802,13.4,26.1,19.8,4.8,1.6,4.8,17.2,14.0,2.8,5.5,8.3,0.183,-0.8,2.7,1.9,2.1
Udonis Haslem,hasleud01,MIA,PF,24,80,2675,15.5,0.588,0.006,0.351,10.9,20.4,15.8,6.3,1.2,1.1,13.2,14.9,5.2,4.0,9.2,0.165,0.2,0.3,0.4,1.6
Viktor Khryapa,khryavi01,POR,SF,22,32,523,9.0,0.474,0.089,0.339,6.4,17.0,11.9,7.6,2.0,2.4,18.8,15.4,-0.3,0.6,0.3,0.024,-4.9,0.4,-4.4,-0.3
Vin Baker,bakervi01,"NYK,HOU",PF,33,27,204,1.4,0.354,0.024,0.405,9.7,12.7,11.2,7.2,0.5,1.5,25.6,14.9,-0.5,0.1,-0.4,-0.091,-7.9,-1.7,-9.6,-0.4
Vince Carter,cartevi01,"TOR,NJN",SF,28,77,2828,22.9,0.541,0.203,0.299,4.4,12.6,8.4,25.7,2.1,1.3,8.8,31.6,5.9,3.5,9.4,0.159,5.2,0.8,6.0,5.7
Vitaly Potapenko,potapvi01,SEA,C,29,33,335,14.5,0.581,0.011,0.356,11.0,17.5,14.2,4.5,1.1,0.7,10.7,15.5,0.8,0.2,1.0,0.142,-0.6,-0.8,-1.4,0.1
Vlade Divac,divacvl01,LAL,C,36,15,130,10.5,0.469,0.0,0.387,15.7,12.1,13.9,23.1,1.6,0.6,27.8,17.5,0.0,0.0,0.0,0.013,-4.1,-1.3,-5.4,-0.1
Vladimir Radmanović,radmavl01,SEA,PF,24,63,1856,13.7,0.533,0.506,0.158,3.4,15.6,9.5,7.9,1.7,1.3,10.3,19.3,2.4,1.3,3.7,0.096,1.4,-0.1,1.3,1.5
Voshon Lenard,lenarvo01,DEN,SG,31,3,54,15.1,0.491,0.462,0.308,0.0,12.7,6.4,19.0,1.0,0.0,6.3,26.0,0.0,0.0,0.1,0.082,1.2,-0.8,0.4,0.0
Wally Szczerbiak,szczewa02,MIN,SF,27,81,2558,17.1,0.595,0.184,0.331,3.8,9.5,6.8,12.7,0.8,0.5,11.1,21.5,5.9,1.3,7.3,0.136,1.8,-1.1,0.7,1.8
Walter McCarty,mccarwa01,"BOS,PHO",PF,30,72,906,8.2,0.525,0.66,0.123,3.8,13.0,8.6,6.0,1.4,1.2,12.7,13.9,0.3,0.8,1.1,0.058,-2.4,-0.2,-2.5,-0.1
Wang Zhizhi,zhizhwa01,MIA,C,27,20,92,16.3,0.521,0.083,0.333,7.9,14.6,11.4,9.2,1.7,1.6,10.8,23.4,0.1,0.1,0.2,0.114,-0.3,-0.1,-0.4,0.0
Wesley Person,persowe01,"MIA,DEN",SF,33,41,667,14.1,0.57,0.394,0.058,0.5,13.7,7.2,9.6,1.5,0.5,6.8,16.8,0.9,0.7,1.6,0.115,0.8,-0.2,0.6,0.4
Willie Green,greenwi01,PHI,SG,23,57,1066,9.6,0.457,0.248,0.296,2.3,11.9,7.0,15.7,1.6,0.4,13.6,23.0,-0.9,1.1,0.1,0.007,-3.5,-0.6,-4.1,-0.6
Yao Ming,mingya01,HOU,C,24,80,2447,23.2,0.614,0.0,0.51,10.2,21.4,15.9,5.0,0.8,5.1,14.1,26.8,6.0,4.7,10.7,0.21,1.5,1.0,2.4,2.8
Yuta Tabuse,tabusyu01,PHO,PG,24,4,17,15.6,0.451,0.167,0.667,13.2,12.0,12.6,22.4,0.0,0.0,11.4,22.5,0.0,0.0,0.0,0.129,2.0,-1.9,0.1,0.0
Zach Randolph,randoza01,POR,PF,23,46,1603,18.6,0.511,0.008,0.343,10.7,20.8,15.9,10.2,1.1,0.8,11.6,27.7,1.6,1.5,3.1,0.094,1.0,-1.6,-0.7,0.5
Zaza Pachulia,pachuza01,MIL,C,20,74,1397,14.4,0.526,0.003,0.523,10.9,20.9,15.9,6.8,1.7,1.8,13.9,16.5,1.6,1.3,2.9,0.099,-1.1,-0.2,-1.3,0.2
Zendon Hamilton,hamilze01,MIL,C,29,16,159,10.4,0.48,0.0,1.5,13.2,17.9,15.5,5.5,1.7,0.9,18.4,18.6,0.0,0.1,0.1,0.038,-3.9,-1.7,-5.5,-0.1
Zoran Planinić,planizo01,NJN,PG,22,43,515,12.5,0.534,0.23,0.379,4.4,11.9,8.1,15.8,2.6,0.0,16.8,22.2,0.1,0.7,0.8,0.073,-2.2,1.2,-1.0,0.1
Zydrunas Ilgauskas,ilgauzy01,CLE,C,29,78,2615,19.5,0.55,0.007,0.514,13.2,17.2,15.2,6.6,1.1,4.7,13.7,24.1,4.8,3.3,8.1,0.149,0.3,-0.5,-0.2,1.2
Žarko Čabarkapa,cabarza01,"PHO,GSW",PF,23,40,475,16.9,0.579,0.203,0.367,7.7,16.1,11.7,9.0,1.1,0.7,12.7,21.9,0.9,0.4,1.3,0.127,0.4,-0.7,-0.4,0.2
Željko Rebrača,rebraze01,LAC,C,32,58,928,14.0,0.625,0.0,0.363,6.5,16.9,11.9,4.8,0.8,3.3,15.3,16.0,1.4,0.9,2.4,0.122,-1.7,0.4,-1.3,0.2
