Player,PlayerID,Tms,Pos,Age,G,MP,PER,TS%,3PAr,FTr,ORB%,DRB%,TRB%,AST%,STL%,BLK%,TOV%,USG%,OWS,DWS,WS,WS/48,OBPM,DBPM,BPM,VORP
Adrian Dantley,dantlad01,UTA,SF,26,81,3222,24.2,0.631,0.002,0.516,7.6,9.6,8.6,15.5,1.4,0.2,13.3,27.9,11.9,0.7,12.6,0.187,5.8,-1.7,4.1,5.0
Al Wood,woodal01,"ATL,SDC",SG,23,48,930,13.2,0.524,0.063,0.312,6.3,10.7,8.4,9.1,1.6,0.6,14.1,22.5,0.5,0.4,0.9,0.046,-0.9,-1.5,-2.4,-0.1
Alan Hardy,hardyal01,DET,SG,24,38,310,10.5,0.477,0.037,0.213,4.8,7.3,6.0,9.2,1.3,0.7,11.9,21.3,0.0,0.2,0.2,0.028,-2.7,-1.0,-3.7,-0.1
Albert King,kingal01,NJN,SF,22,76,1694,13.5,0.517,0.016,0.211,6.9,14.0,10.4,12.8,1.8,1.2,16.9,25.1,-0.2,2.6,2.4,0.067,-1.9,0.2,-1.7,0.1
Alex Bradley,bradlal02,NYK,SF,22,39,331,12.4,0.552,0.01,0.466,10.5,12.0,11.2,4.6,1.7,0.9,18.4,18.9,0.1,0.3,0.4,0.053,-1.6,-1.0,-2.6,0.0
Alex English,englial01,DEN,SF,28,82,3015,22.2,0.596,0.005,0.285,7.7,12.0,9.9,19.9,1.3,2.0,13.0,25.3,8.9,0.6,9.5,0.152,4.9,-1.1,3.8,4.4
Allan Bristow,bristal01,DAL,SF,30,82,2035,12.6,0.502,0.036,0.329,6.5,12.8,9.5,29.3,1.6,0.2,22.4,14.9,1.3,1.2,2.5,0.059,-0.3,-0.2,-0.5,0.8
Allen Leavell,leaveal01,HOU,PG,24,79,2150,16.4,0.507,0.039,0.17,2.4,6.3,4.3,29.8,3.4,0.4,15.2,19.1,2.7,2.1,4.8,0.107,0.9,1.2,2.1,2.2
Alton Lister,listeal01,MIL,C,23,80,1186,11.5,0.531,0.0,0.429,10.9,26.0,18.7,9.2,0.7,5.8,27.4,16.3,-0.9,2.6,1.7,0.071,-4.3,2.7,-1.6,0.1
Alvan Adams,adamsal01,PHO,C,27,79,2393,18.6,0.529,0.001,0.227,6.6,20.2,13.6,22.1,2.3,1.9,14.8,22.8,2.5,4.7,7.2,0.144,1.4,2.2,3.6,3.4
Alvin Scott,scottal01,PHO,SF,26,81,1740,11.7,0.546,0.005,0.389,6.3,12.2,9.4,11.0,1.6,2.3,18.0,12.9,1.2,2.7,3.8,0.106,-0.9,1.6,0.7,1.2
Andrew Toney,toneyan01,PHI,SG,24,77,1909,17.2,0.572,0.06,0.313,2.7,5.1,4.0,23.1,1.6,0.5,16.1,29.0,2.3,1.7,4.0,0.1,0.7,-1.5,-0.7,0.6
Armond Hill,hillar01,"SEA,SDC",PG,28,40,723,5.5,0.483,0.016,0.437,1.9,6.3,4.1,17.8,1.4,0.4,30.5,12.2,-0.6,0.2,-0.4,-0.024,-4.2,-1.1,-5.3,-0.6
Artis Gilmore,gilmoar01,CHI,C,32,82,2796,22.4,0.702,0.001,0.659,9.5,23.7,16.9,7.5,0.8,4.3,17.4,19.6,8.3,3.8,12.1,0.208,3.0,1.3,4.3,4.4
Ben Poquette,poquebe01,UTA,PF,26,82,1698,13.1,0.562,0.023,0.28,7.3,18.9,13.0,6.9,1.4,2.1,12.6,13.0,2.2,1.2,3.4,0.096,-0.8,0.1,-0.7,0.6
Bernard King,kingbe01,GSW,SF,25,79,2861,19.8,0.6,0.004,0.382,5.2,12.8,8.9,14.9,1.3,0.4,14.9,25.3,6.6,2.2,8.7,0.147,2.9,-0.6,2.2,3.1
Bill Cartwright,cartwbi01,NYK,C,24,72,2060,16.3,0.616,0.0,0.486,6.3,17.3,11.7,6.0,1.1,1.8,16.5,20.2,3.2,1.8,5.0,0.116,0.4,-0.4,0.0,1.1
Bill Hanzlik,hanzlbi01,SEA,SF,24,81,1974,9.6,0.543,0.011,0.493,5.6,8.9,7.3,11.6,2.0,0.8,19.6,11.3,1.3,2.9,4.1,0.1,-2.4,1.7,-0.6,0.7
Bill Laimbeer,laimbbi01,"CLE,DET",C,24,80,1829,15.4,0.563,0.024,0.433,13.6,24.3,18.7,7.4,1.0,2.0,15.9,16.6,2.8,1.9,4.7,0.122,-0.6,-0.4,-1.0,0.5
Bill Robinzine,robinbi01,UTA,PF,29,56,651,11.3,0.494,0.0,0.255,9.1,14.8,11.9,10.3,2.6,0.4,20.2,25.2,-0.7,0.5,-0.2,-0.013,-4.9,-1.1,-6.0,-0.7
Bill Willoughby,willobi01,HOU,SF,24,69,1475,13.1,0.541,0.015,0.166,7.7,12.2,9.9,7.0,1.0,2.3,13.5,16.0,1.5,1.1,2.6,0.086,-0.4,0.0,-0.4,0.6
Billy Knight,knighbi01,IND,SF,29,81,1803,16.7,0.562,0.042,0.369,5.7,9.8,7.7,10.4,1.7,0.4,13.4,23.7,2.4,1.9,4.3,0.115,1.1,-0.5,0.6,1.2
Billy McKinney,mckinbi01,DEN,PG,26,81,1963,14.4,0.565,0.024,0.243,1.6,6.0,3.9,21.1,1.5,0.4,12.9,17.2,3.4,-0.1,3.3,0.081,0.5,-1.6,-1.1,0.4
Billy Paultz,paultbi01,HOU,C,33,65,807,7.7,0.416,0.0,0.288,7.1,17.9,12.3,6.6,0.9,1.5,15.0,15.2,-0.6,0.7,0.1,0.007,-4.1,-0.4,-4.5,-0.5
Billy Ray Bates,batesbi01,POR,SG,25,75,1229,17.8,0.53,0.059,0.305,4.9,5.0,4.9,13.9,1.6,0.2,10.6,29.4,1.8,0.6,2.4,0.094,1.5,-2.0,-0.5,0.5
Bob Dandridge,dandrbo01,MIL,SF,34,11,174,5.2,0.416,0.0,0.309,2.7,8.3,5.6,9.7,1.4,0.7,15.0,17.4,-0.2,0.2,0.0,0.003,-4.5,-0.3,-4.8,-0.2
Bob Gross,grossbo01,POR,SF,28,59,1377,13.8,0.581,0.019,0.323,8.3,12.7,10.5,11.5,2.6,1.7,19.3,13.6,1.5,1.6,3.1,0.108,0.3,1.5,1.8,1.3
Bob Lanier,laniebo01,MIL,C,33,74,1986,17.4,0.596,0.003,0.332,5.5,16.5,11.2,16.0,1.7,1.6,16.6,20.7,3.2,3.4,6.6,0.16,1.6,1.3,2.9,2.5
Bob McAdoo,mcadobo01,LAL,C,30,41,746,14.4,0.509,0.015,0.382,6.8,16.1,11.6,5.5,1.4,2.6,11.7,23.2,0.5,1.0,1.5,0.095,-2.3,-0.4,-2.7,-0.1
Bob Wilkerson,wilkebo01,CLE,SF,27,65,1805,12.5,0.471,0.027,0.272,3.5,12.7,7.8,18.7,2.5,0.8,15.4,20.5,-0.5,1.1,0.7,0.018,-1.8,0.3,-1.5,0.2
Bobby Cattage,cattabo01,UTA,PF,23,49,337,10.5,0.49,0.015,0.304,6.9,16.6,11.6,2.8,1.0,0.0,10.5,20.3,0.1,0.1,0.2,0.028,-3.8,-2.4,-6.2,-0.4
Bobby Jones,jonesbo01,PHI,PF,30,76,2181,19.3,0.62,0.004,0.452,5.9,14.1,10.1,12.0,2.2,3.0,14.1,19.6,4.8,3.4,8.2,0.181,2.4,1.7,4.1,3.3
Brad Branson,bransbr01,CLE,PF,23,10,176,8.4,0.463,0.0,0.231,8.5,13.0,10.6,4.6,1.4,1.3,18.5,16.5,-0.1,0.1,-0.1,-0.016,-3.1,-0.8,-3.9,-0.1
Brad Davis,davisbr01,DAL,PG,26,82,2614,14.5,0.569,0.064,0.298,1.5,8.6,4.9,27.5,1.4,0.1,15.4,16.2,4.4,1.0,5.4,0.1,0.6,-0.8,-0.2,1.2
Brad Holland,hollabr01,"WSB,MIL",SG,25,14,194,6.8,0.353,0.038,0.077,3.4,3.9,3.7,12.7,2.7,0.3,9.0,19.1,-0.4,0.3,-0.1,-0.025,-3.8,0.9,-2.9,-0.1
Brian Taylor,taylobr01,SDC,PG,30,41,1274,13.7,0.588,0.192,0.335,2.4,6.7,4.5,23.4,1.7,0.4,17.9,14.7,2.3,0.0,2.3,0.085,0.9,-1.1,-0.2,0.6
Brian Winters,wintebr01,MIL,SG,29,61,1829,15.8,0.553,0.115,0.194,3.3,7.2,5.3,20.5,1.5,0.3,11.9,22.3,3.3,2.2,5.5,0.144,1.3,-0.3,1.0,1.4
Buck Williams,willibu01,NJN,PF,21,82,2825,17.2,0.603,0.001,0.44,13.7,26.6,20.1,5.4,1.4,1.7,18.3,18.2,3.6,5.3,8.9,0.152,0.7,0.0,0.7,1.9
Butch Carter,cartebu01,IND,SG,23,75,1035,11.1,0.511,0.062,0.174,3.1,5.3,4.1,8.8,1.6,0.6,11.1,19.6,0.3,0.9,1.3,0.059,-2.3,-0.3,-2.6,-0.2
Caldwell Jones,jonesca01,PHI,C,31,81,2446,11.3,0.571,0.006,0.471,7.9,24.0,16.3,5.0,0.7,3.4,21.6,12.2,1.1,4.1,5.2,0.102,-2.1,1.0,-1.1,0.5
Calvin Garrett,garreca01,HOU,SF,25,51,858,8.4,0.454,0.041,0.107,3.4,8.9,6.1,11.6,1.8,0.4,13.0,13.9,0.0,0.6,0.6,0.035,-3.3,0.4,-3.0,-0.2
Calvin Murphy,murphca01,HOU,PG,33,64,1204,13.2,0.47,0.025,0.17,1.8,3.9,2.8,20.6,1.8,0.0,10.5,26.5,0.7,0.6,1.3,0.051,-1.8,-1.6,-3.4,-0.4
Calvin Natt,nattca01,POR,SF,25,75,2599,19.0,0.622,0.009,0.438,8.4,17.9,13.2,8.0,1.1,0.8,11.6,19.1,7.0,2.3,9.3,0.171,3.0,-0.7,2.3,2.8
Campy Russell,russeca02,NYK,SF,30,77,2358,13.3,0.543,0.066,0.343,4.1,7.4,5.7,16.9,1.6,0.3,16.5,20.7,2.0,1.2,3.2,0.066,-0.2,-1.0,-1.2,0.5
Carl Bailey,baileca01,POR,C,23,1,7,-6.8,1.0,0.0,0.0,0.0,0.0,0.0,0.0,0.0,0.0,66.7,17.6,0.0,0.0,0.0,-0.268,-5.0,-0.1,-5.1,0.0
Carl Nicks,nicksca01,UTA,SG,23,80,1322,10.5,0.474,0.009,0.27,5.4,7.8,6.5,9.1,2.3,0.2,14.0,21.9,-0.8,0.5,-0.3,-0.01,-3.7,-1.3,-5.0,-1.0
Carlos Terry,terryca01,WSB,SG,25,13,60,3.1,0.268,0.2,0.267,9.3,12.5,10.9,16.5,2.4,0.9,23.0,15.2,-0.2,0.1,-0.1,-0.048,-5.4,0.6,-4.7,-0.1
Cedric Maxwell,maxwece01,BOS,SF,26,78,2590,16.0,0.616,0.004,0.66,9.5,11.7,10.6,9.2,1.4,1.0,15.7,17.2,5.8,3.3,9.1,0.169,1.6,0.6,2.2,2.7
Cedrick Hordges,hordgce01,DEN,PF,25,77,1372,10.4,0.525,0.031,0.481,9.5,21.0,15.4,5.5,0.8,0.7,18.1,17.0,0.3,0.5,0.7,0.026,-2.8,-2.2,-5.0,-1.0
Charles Bradley,bradlch01,BOS,SG,22,51,339,8.9,0.509,0.008,0.508,4.0,8.2,6.2,8.5,2.0,1.0,19.9,22.0,-0.2,0.4,0.2,0.03,-4.7,0.2,-4.5,-0.2
Charles Davis,davisch02,WSB,SF,23,54,575,10.7,0.514,0.011,0.201,10.5,14.8,12.6,7.7,0.8,1.3,17.7,17.7,0.0,0.8,0.9,0.072,-2.9,0.3,-2.6,-0.1
Charlie Criss,crissch01,"ATL,SDC",PG,33,55,1392,13.3,0.524,0.058,0.319,1.1,5.9,3.4,19.2,1.5,0.3,12.6,19.5,1.6,0.4,2.1,0.072,-0.2,-1.1,-1.3,0.2
Chris Ford,fordch01,BOS,SG,33,76,1591,7.8,0.458,0.14,0.124,3.7,3.8,3.7,11.1,1.2,0.3,9.9,13.3,0.7,1.4,2.1,0.063,-2.2,0.2,-2.0,0.0
Clarence Kea,keacl01,DAL,PF,22,35,248,11.0,0.6,0.0,0.857,11.6,16.7,14.0,7.5,0.8,0.7,19.2,13.9,0.4,0.1,0.5,0.097,-3.1,-0.6,-3.6,-0.1
Clay Johnson,johnscl02,LAL,SG,25,7,65,12.8,0.552,0.0,0.3,13.9,6.5,10.1,13.2,2.1,2.5,23.6,18.1,0.0,0.1,0.1,0.072,-2.9,0.3,-2.6,0.0
Clemon Johnson,johnscl01,IND,C,25,79,1979,15.0,0.516,0.0,0.295,9.9,21.7,15.6,9.4,1.5,3.3,16.0,18.2,0.7,3.4,4.0,0.098,-1.3,1.2,-0.1,0.9
Cliff Robinson,robincl01,"KCK,CLE",PF,21,68,2175,18.3,0.491,0.003,0.274,8.6,23.5,15.8,8.5,1.9,2.7,10.4,26.9,0.7,2.8,3.5,0.077,0.3,-0.2,0.1,1.1
Clint Richardson,richacl01,PHI,SG,25,77,1040,9.8,0.503,0.006,0.284,6.2,6.5,6.4,13.5,1.7,0.5,18.5,17.1,0.1,1.0,1.0,0.048,-2.2,-0.6,-2.8,-0.2
Coby Dietrick,dietrco01,CHI,C,33,74,999,10.8,0.496,0.005,0.27,7.5,13.6,10.7,11.5,2.4,1.7,16.4,11.2,0.5,1.1,1.7,0.08,-1.3,2.0,0.7,0.7
Craig Dykema,dykemcr01,PHO,SF,22,32,103,11.1,0.525,0.108,0.243,3.3,9.4,6.4,20.2,0.9,0.0,14.6,19.2,0.1,0.1,0.2,0.095,-3.3,-0.1,-3.4,0.0
Craig Shelton,sheltcr01,ATL,SF,24,4,21,5.8,0.363,0.0,0.333,5.4,10.8,8.1,0.0,2.4,0.0,0.0,14.2,0.0,0.0,0.0,0.034,-4.4,0.0,-4.4,0.0
Dan Issel,isselda01,DEN,C,33,81,2472,23.1,0.608,0.005,0.53,7.7,18.3,13.2,9.8,1.2,1.1,10.0,26.0,9.0,0.8,9.8,0.19,4.0,-1.8,2.2,2.6
Dan Roundfield,roundda01,ATL,PF,28,61,2217,19.5,0.527,0.005,0.412,11.6,25.3,18.4,11.9,1.5,2.6,14.5,24.6,2.4,4.1,6.5,0.141,1.6,0.7,2.3,2.4
Danny Ainge,aingeda01,BOS,SG,22,53,564,10.1,0.439,0.077,0.294,5.0,5.9,5.5,19.7,3.1,0.3,17.5,21.5,-0.3,0.8,0.5,0.042,-3.7,1.0,-2.7,-0.1
Danny Schayes,schayda01,UTA,C,22,82,1623,13.2,0.532,0.002,0.353,8.5,20.0,14.1,11.6,1.3,2.4,20.0,18.7,0.4,1.3,1.7,0.05,-2.4,0.1,-2.3,-0.1
Danny Vranes,vraneda01,SEA,SF,23,77,1075,11.2,0.573,0.004,0.565,7.4,12.4,10.0,6.9,1.3,1.1,17.2,15.2,0.8,1.5,2.4,0.106,-2.1,0.5,-1.6,0.1
Darnell Valentine,valenda01,POR,PG,22,82,1387,13.1,0.486,0.02,0.442,3.9,8.1,6.0,24.9,3.2,0.1,19.0,19.8,0.3,1.4,1.7,0.059,-2.0,0.5,-1.6,0.2
Darrell Griffith,griffda01,UTA,SG,23,80,2597,15.8,0.511,0.036,0.19,5.2,7.5,6.3,10.8,1.7,0.7,11.1,26.8,1.4,0.7,2.1,0.038,0.2,-2.1,-1.9,0.0
Darryl Dawkins,dawkida01,PHI,C,25,48,1124,15.0,0.601,0.005,0.447,7.1,22.8,15.3,6.7,0.8,2.8,17.9,19.8,1.1,1.8,2.9,0.122,-2.0,0.4,-1.6,0.1
Darwin Cook,cookda01,NJN,PG,23,82,2090,13.7,0.514,0.039,0.202,2.8,5.6,4.2,21.8,3.3,0.7,16.7,20.0,0.7,3.2,3.9,0.089,-0.9,1.6,0.7,1.4
Dave Corzine,corzida01,SAS,C,25,82,2189,14.9,0.561,0.006,0.329,10.3,20.5,15.4,7.6,0.7,3.2,15.8,16.0,2.6,2.5,5.2,0.113,-0.1,0.2,0.1,1.1
Dave Greenwood,greenda01,CHI,PF,24,82,2914,15.5,0.525,0.003,0.287,7.8,22.2,15.3,13.2,1.2,1.8,13.6,19.0,3.2,3.2,6.5,0.107,0.1,0.5,0.6,1.9
Dave Robisch,robisda01,DEN,C,32,12,257,17.9,0.553,0.0,0.519,6.0,19.9,13.1,15.2,0.5,0.8,9.1,21.2,0.7,0.1,0.7,0.139,1.2,-1.2,0.0,0.2
David Burns,burnsda01,"NJN,DEN",PG,23,9,87,3.6,0.509,0.0,0.938,1.3,5.0,3.1,19.5,1.5,0.0,36.5,15.8,-0.2,0.0,-0.1,-0.071,-4.5,-0.5,-5.0,-0.1
David Thompson,thompda01,DEN,SG,27,61,1246,17.6,0.571,0.022,0.526,5.0,7.6,6.4,12.5,1.2,1.2,15.2,28.5,2.1,0.0,2.0,0.079,1.0,-2.8,-1.8,0.1
DeWayne Scales,scalede01,NYK,PF,23,3,24,1.0,0.255,0.0,0.4,9.4,14.6,11.9,0.0,2.0,2.4,25.4,13.5,-0.1,0.0,-0.1,-0.116,-4.7,-0.2,-4.9,0.0
Dennis Awtrey,awtrede01,POR,C,33,10,121,1.6,0.396,0.0,0.6,6.5,6.4,6.5,7.5,0.4,0.9,24.0,8.5,-0.1,0.0,0.0,-0.013,-4.8,-0.3,-5.1,-0.1
Dennis Johnson,johnsde01,PHO,SG,27,80,2937,16.7,0.54,0.034,0.403,5.5,9.8,7.7,18.3,1.7,1.1,13.9,23.6,4.1,4.0,8.1,0.132,1.2,0.1,1.3,2.5
Don Buse,busedo01,IND,PG,31,82,2529,14.8,0.539,0.276,0.18,1.9,7.8,4.8,22.5,3.2,0.6,11.4,13.7,3.7,3.4,7.1,0.135,0.3,2.3,2.6,2.9
Don Collins,collido02,WSB,SG,23,79,1609,15.1,0.543,0.018,0.259,7.0,6.3,6.7,14.2,2.7,0.8,15.7,22.4,0.9,2.5,3.4,0.101,-0.3,1.6,1.3,1.3
Don Ford,forddo01,CLE,SF,29,21,201,3.7,0.432,0.042,0.25,7.4,12.6,9.8,6.7,1.9,0.0,36.0,8.5,-0.2,0.1,-0.1,-0.035,-4.8,0.0,-4.8,-0.2
Dudley Bradley,bradldu01,PHO,SG,24,64,937,10.9,0.5,0.014,0.356,3.6,6.6,5.1,11.4,4.0,0.6,17.9,17.4,-0.3,1.7,1.4,0.071,-3.7,2.6,-1.1,0.2
Dwight Jones,jonesdw01,CHI,PF,29,78,2040,13.4,0.576,0.002,0.416,9.1,18.7,14.1,8.0,1.2,1.0,18.6,17.1,1.8,1.9,3.6,0.086,-0.8,-0.4,-1.2,0.4
Earl Cureton,curetea01,PHI,PF,24,66,956,12.8,0.502,0.007,0.307,11.1,20.3,15.9,4.4,1.5,1.6,11.2,17.0,0.6,1.5,2.1,0.103,-2.1,-0.5,-2.6,-0.1
Ed Rains,rainsed01,SAS,SF,25,49,637,8.2,0.468,0.011,0.362,6.2,7.2,6.7,7.7,1.3,0.2,10.9,14.4,0.2,0.4,0.6,0.043,-2.9,-0.8,-3.8,-0.3
Eddie Johnson,johnsed03,"ATL,KCK",SF,22,74,1517,13.1,0.487,0.017,0.232,9.2,14.8,11.9,10.1,1.6,0.5,12.0,21.7,0.3,1.4,1.8,0.056,-1.4,-0.9,-2.4,-0.1
Eddie Jordan,jordaed01,LAL,PG,27,58,608,12.2,0.479,0.043,0.26,0.7,6.7,3.9,25.6,4.7,0.1,22.2,19.4,-0.2,0.9,0.7,0.055,-3.7,2.2,-1.5,0.1
Edgar Jones,jonesed01,DET,PF,25,48,802,17.5,0.594,0.008,0.498,9.3,19.3,14.1,6.9,1.6,6.3,17.3,18.6,1.1,1.3,2.4,0.143,-1.1,2.7,1.6,0.7
Elston Turner,turneel01,DAL,SF,22,80,1996,10.7,0.472,0.006,0.216,7.9,9.4,8.6,13.2,1.8,0.1,14.2,16.8,0.3,1.0,1.4,0.033,-1.5,-0.8,-2.3,-0.2
Elvin Hayes,hayesel01,HOU,PF,36,82,3032,14.4,0.513,0.005,0.384,9.4,18.1,13.6,6.6,1.0,1.9,13.9,20.2,2.3,2.9,5.1,0.081,-0.6,-0.7,-1.4,0.5
Eric Fernsten,fernser01,BOS,C,28,43,202,8.1,0.458,0.0,0.612,6.7,16.0,11.5,4.8,1.2,1.9,17.3,14.9,-0.1,0.3,0.2,0.047,-3.6,0.4,-3.2,0.0
Ernie Grunfeld,grunfer01,KCK,SG,26,81,1892,17.2,0.558,0.017,0.279,3.2,7.7,5.4,21.3,1.8,1.2,13.8,23.1,2.8,1.5,4.3,0.11,1.7,0.0,1.7,1.8
Foots Walker,walkefo01,NJN,PG,30,77,1861,11.8,0.492,0.024,0.513,1.9,7.3,4.6,26.7,3.0,0.2,18.8,12.2,1.4,2.8,4.2,0.108,-1.6,2.0,0.4,1.1
Frank Johnson,johnsfr01,WSB,PG,23,79,2027,12.0,0.467,0.097,0.251,1.9,6.0,4.0,27.1,1.8,0.2,15.1,21.9,-0.5,2.5,2.1,0.049,-1.6,-0.2,-1.8,0.1
Franklin Edwards,edwarfr01,PHI,PG,22,42,291,13.7,0.463,0.06,0.18,4.0,6.3,5.2,22.5,2.6,1.0,12.9,26.6,-0.1,0.4,0.2,0.041,-2.4,-0.2,-2.7,0.0
Fred Brown,brownfr01,SEA,SG,33,82,1785,15.2,0.501,0.089,0.149,2.6,5.8,4.3,20.1,1.9,0.1,9.5,23.6,1.7,2.2,3.9,0.104,0.3,-0.2,0.1,0.9
Freeman Williams,willifr01,"SDC,ATL",SG,25,60,997,15.4,0.517,0.151,0.266,2.7,4.7,3.7,14.3,1.4,0.0,13.3,33.2,0.4,0.0,0.4,0.02,0.1,-3.2,-3.2,-0.3
Garry Witts,wittsga01,WSB,SF,22,46,493,9.5,0.65,0.024,0.476,6.5,7.2,6.9,10.2,1.7,0.5,25.6,11.6,0.4,0.6,1.1,0.104,-2.6,1.6,-1.0,0.1
Gene Banks,banksge01,SAS,SF,22,80,1700,14.7,0.515,0.012,0.325,9.9,16.0,13.0,11.5,1.5,0.5,12.5,19.9,1.9,1.6,3.5,0.099,0.0,-0.7,-0.7,0.6
Geoff Crompton,crompge01,MIL,C,26,35,203,3.6,0.363,0.0,0.469,5.9,16.9,11.6,7.6,1.4,3.4,30.6,11.3,-0.4,0.4,0.0,-0.011,-5.8,1.5,-4.3,-0.1
Geoff Huston,hustoge01,CLE,PG,24,78,2409,14.0,0.53,0.015,0.298,2.3,4.8,3.5,33.8,1.4,0.3,18.4,15.9,2.9,0.1,3.0,0.06,0.9,-1.9,-0.9,0.7
George Gervin,gervige01,SAS,SG,29,79,2817,24.2,0.562,0.018,0.323,5.2,9.7,7.5,11.4,1.3,0.9,8.5,35.0,8.7,2.0,10.7,0.182,5.4,-1.5,3.9,4.2
George Johnson,johnsge02,"SAS,IND",C,33,75,1578,10.6,0.504,0.0,0.328,10.3,20.5,15.4,5.7,0.6,8.2,29.2,7.9,-0.1,2.6,2.5,0.076,-3.1,3.5,0.4,1.0
George McGinnis,mcginge01,IND,PF,31,76,1341,11.3,0.395,0.008,0.421,7.4,25.2,16.1,20.7,3.5,1.2,22.6,18.0,-2.5,2.9,0.4,0.015,-3.6,3.0,-0.6,0.5
Gerald Henderson,hendege01,BOS,PG,26,82,1844,13.2,0.534,0.017,0.244,2.9,6.1,4.5,18.6,2.1,0.3,16.1,20.2,1.4,2.2,3.6,0.094,-1.1,0.5,-0.6,0.6
Glen Gondrezick,gondrgl01,DEN,SF,26,80,1699,14.9,0.559,0.006,0.438,9.1,17.4,13.3,10.4,2.4,1.1,14.5,15.4,2.6,1.0,3.6,0.102,0.5,0.0,0.4,1.0
Glenn Hagan,hagangl01,DET,PG,26,4,25,18.1,0.47,0.0,0.143,8.5,9.1,8.8,41.1,5.5,0.0,11.8,13.2,0.1,0.0,0.1,0.201,-3.6,0.9,-2.7,0.0
Greg Ballard,ballagr01,WSB,SF,27,79,2946,17.9,0.519,0.017,0.217,5.1,18.1,11.7,13.1,2.2,0.4,7.7,22.0,4.1,5.3,9.4,0.154,1.5,1.7,3.2,3.9
Greg Kelser,kelsegr01,"DET,SEA",SF,24,60,741,11.8,0.494,0.011,0.59,12.0,16.3,14.2,10.5,1.2,1.6,19.7,23.4,-0.3,1.1,0.8,0.05,-3.5,-0.3,-3.8,-0.4
Gus Williams,willigu01,SEA,PG,28,80,2876,21.8,0.526,0.025,0.274,3.6,5.5,4.6,31.0,2.9,0.7,9.9,28.5,5.9,4.3,10.2,0.171,4.1,1.0,5.1,5.2
Hank McDowell,mcdowha01,GSW,PF,22,30,335,10.5,0.466,0.0,0.488,13.1,19.5,16.3,7.3,0.8,1.3,17.1,14.8,0.1,0.3,0.4,0.062,-2.4,-0.6,-2.9,-0.1
Harvey Catchings,catchha01,MIL,PF,30,80,1603,8.1,0.45,0.0,0.308,9.6,15.6,12.7,7.2,1.3,4.8,27.0,8.9,-0.6,3.0,2.3,0.07,-3.2,2.8,-0.4,0.6
Hawkeye Whitney,whitnha02,KCK,SG,24,23,266,5.4,0.364,0.014,0.099,5.3,11.7,8.4,8.8,2.1,0.2,15.9,13.5,-0.4,0.3,-0.1,-0.025,-4.5,0.2,-4.3,-0.2
Herb Williams,willihe01,IND,C,23,82,2277,16.1,0.503,0.008,0.22,8.2,20.9,14.4,9.2,1.1,4.5,12.8,19.7,0.8,3.8,4.6,0.097,-0.5,1.3,0.8,1.6
Hollis Copeland,copelho01,NYK,SF,26,18,118,7.5,0.455,0.0,0.158,2.9,2.0,2.4,10.1,1.6,1.0,9.0,15.6,0.0,0.1,0.1,0.029,-3.8,-0.1,-4.0,-0.1
Howard Wood,woodho01,UTA,SF,22,42,342,12.0,0.504,0.008,0.433,6.8,13.8,10.2,3.4,1.1,0.9,9.5,18.5,0.2,0.1,0.3,0.049,-1.8,-1.8,-3.6,-0.1
Isiah Thomas,thomais01,DET,PG,20,72,2433,14.5,0.487,0.055,0.402,2.5,7.1,4.7,32.6,2.8,0.4,19.2,25.0,-0.2,2.5,2.3,0.046,-0.3,-0.6,-0.8,0.7
Jack Sikma,sikmaja01,SEA,C,26,82,3049,20.6,0.559,0.011,0.432,8.2,28.0,18.5,13.1,1.6,1.9,12.9,22.5,5.9,6.7,12.6,0.199,2.2,1.7,3.9,4.5
Jackie Robinson,robinja01,CHI,SF,26,3,29,8.0,0.465,0.0,0.444,12.3,0.0,5.9,0.0,0.0,0.0,8.5,17.0,0.0,0.0,0.0,0.037,-3.5,-0.8,-4.3,0.0
Jamaal Wilkes,wilkeja01,LAL,SF,28,82,2906,16.5,0.554,0.003,0.237,6.0,8.7,7.4,6.7,1.4,0.4,9.5,23.6,5.3,2.4,7.7,0.127,0.7,-1.5,-0.8,0.9
James Bailey,baileja01,"SEA,NJN",PF,24,77,1468,13.3,0.546,0.0,0.444,9.7,20.3,15.0,6.3,1.3,3.3,18.7,20.3,0.2,2.7,2.9,0.094,-3.0,1.0,-2.0,0.0
James Donaldson,donalja01,SEA,C,24,82,1710,16.0,0.63,0.0,0.573,9.1,21.6,15.6,4.1,0.8,4.5,18.0,15.5,2.2,3.4,5.6,0.156,-0.5,1.7,1.2,1.4
James Edwards,edwarja01,CLE,C,26,77,2539,15.8,0.545,0.004,0.328,7.9,18.6,12.9,7.4,0.5,2.6,12.1,21.8,3.0,1.3,4.3,0.08,-0.4,-0.8,-1.2,0.5
James Hardy,hardyja01,UTA,SF,25,82,1814,11.4,0.515,0.003,0.252,8.9,19.1,13.9,7.3,1.5,2.0,16.0,10.8,1.2,1.3,2.5,0.066,-0.9,0.2,-0.7,0.6
James Ray,rayja01,DEN,PF,24,40,262,10.2,0.47,0.009,0.31,7.6,18.7,13.3,12.3,1.7,3.1,21.9,24.5,-0.5,0.2,-0.3,-0.051,-5.3,-0.4,-5.7,-0.3
James Silas,silasja01,CLE,SG,32,67,1447,15.7,0.535,0.009,0.499,1.9,6.9,4.3,22.4,1.3,0.2,13.3,22.9,2.2,0.2,2.4,0.078,0.9,-1.6,-0.7,0.5
James Wilkes,wilkeja02,CHI,SF,23,57,862,11.8,0.521,0.004,0.301,8.5,12.2,10.5,10.6,1.7,1.2,17.1,17.7,0.4,0.7,1.1,0.061,-1.6,0.0,-1.6,0.1
Jan van Breda Kolff,vanbrja01,NJN,SF,30,41,452,10.2,0.624,0.024,0.927,4.2,7.8,6.0,8.9,1.2,1.7,20.1,12.8,0.6,0.5,1.1,0.119,-1.8,1.0,-0.7,0.1
Jawann Oldham,oldhaja01,HOU,C,24,22,124,6.5,0.403,0.0,0.389,6.0,15.7,10.7,3.1,0.8,4.6,12.5,15.9,-0.1,0.1,0.0,0.008,-5.6,0.3,-5.3,-0.1
Jay Vincent,vinceja01,DAL,PF,22,81,2626,18.7,0.532,0.003,0.282,7.7,17.3,12.3,11.5,1.7,0.5,10.6,28.6,3.6,2.0,5.6,0.102,1.7,-1.2,0.5,1.6
Jeff Cook,cookje01,PHO,PF,25,76,1298,10.2,0.469,0.006,0.374,9.8,15.7,12.8,10.0,1.4,1.0,16.1,15.8,0.0,2.0,2.0,0.073,-2.7,0.2,-2.5,-0.2
Jeff Judkins,judkije01,DET,SF,25,30,251,7.7,0.427,0.123,0.321,5.9,9.0,7.4,7.2,1.1,1.1,8.9,15.8,0.0,0.2,0.2,0.031,-3.3,-0.5,-3.8,-0.1
Jeff Lamp,lampje01,POR,SF,22,54,617,9.8,0.561,0.005,0.311,4.4,7.2,5.8,6.0,1.2,0.1,16.8,17.8,0.3,0.3,0.6,0.048,-2.9,-1.4,-4.3,-0.4
Jeff Ruland,rulanje01,WSB,C,23,82,2214,18.8,0.623,0.004,0.607,12.7,24.7,18.8,9.1,1.0,1.5,20.0,22.4,3.7,4.1,7.8,0.17,0.6,0.7,1.3,1.9
Jeff Wilkins,wilkije01,UTA,C,26,82,2274,10.5,0.481,0.004,0.245,5.6,23.6,14.4,5.0,0.7,1.8,14.4,16.4,-0.5,1.5,1.0,0.021,-2.8,-1.2,-4.0,-1.2
Jerome Whitehead,whiteje01,SDC,C,25,72,2214,16.7,0.599,0.0,0.332,12.1,23.9,17.9,6.4,1.0,1.1,14.5,17.9,4.4,0.9,5.3,0.114,1.0,-1.6,-0.6,0.8
Jerry Sichting,sichtje01,IND,PG,25,51,800,10.2,0.503,0.046,0.196,1.9,5.7,3.7,20.1,2.0,0.1,16.6,13.2,0.3,0.8,1.1,0.064,-2.6,0.4,-2.1,0.0
Jim Brewer,breweji01,LAL,PF,30,71,966,10.1,0.464,0.034,0.109,12.4,17.2,14.9,4.8,1.9,2.5,16.8,9.1,0.4,1.4,1.8,0.088,-1.8,1.0,-0.8,0.3
Jim Brogan,brogaji01,SDC,SG,23,63,1027,13.0,0.499,0.088,0.231,6.9,7.0,7.0,20.6,2.3,0.7,17.2,19.2,0.6,0.2,0.8,0.035,-0.2,-0.8,-1.0,0.3
Jim Chones,choneji01,WSB,C,32,59,867,8.6,0.481,0.0,0.269,5.0,18.1,11.7,9.6,0.8,2.1,17.7,11.2,0.0,1.4,1.4,0.076,-3.1,2.2,-0.9,0.2
Jim McElroy,mcelrji01,ATL,PG,28,20,349,9.3,0.476,0.04,0.288,1.9,3.6,2.8,17.0,1.2,0.5,13.5,20.2,0.0,0.3,0.3,0.036,-2.9,-0.7,-3.6,-0.2
Jim Paxson,paxsoji02,POR,SG,24,82,2756,18.0,0.561,0.028,0.228,3.1,5.9,4.5,14.8,2.2,0.2,9.4,22.8,5.6,1.8,7.5,0.13,1.7,-0.3,1.5,2.4
Jim Smith,smithji01,SDC,PF,23,72,858,9.2,0.511,0.0,0.503,9.7,15.7,12.6,6.7,1.2,3.4,18.5,12.0,0.2,0.4,0.6,0.034,-3.5,0.4,-3.1,-0.2
Jim Spanarkel,spanaji01,DAL,SG,24,82,1755,17.2,0.584,0.043,0.58,6.2,7.5,6.8,16.6,2.4,0.3,13.6,19.2,4.1,1.1,5.2,0.142,2.0,0.2,2.2,1.9
Joe Barry Carroll,carrojo01,GSW,C,23,76,2627,15.9,0.557,0.001,0.318,8.6,17.9,13.1,3.4,1.2,2.7,15.1,20.9,2.6,2.9,5.5,0.1,-0.4,-0.4,-0.8,0.8
Joe Bryant,bryanjo01,SDC,SF,27,75,1988,12.8,0.546,0.043,0.352,4.6,12.0,8.2,13.1,1.9,0.8,18.4,20.3,1.0,0.5,1.5,0.036,-1.0,-0.9,-2.0,0.0
Joe Cooper,coopejo01,NJN,C,24,1,11,1.3,0.5,0.0,0.0,10.2,10.4,10.3,0.0,0.0,0.0,33.3,10.9,0.0,0.0,0.0,-0.026,-4.6,-0.2,-4.8,0.0
Joe Hassett,hassejo01,GSW,SG,26,68,787,13.4,0.49,0.56,0.097,1.8,5.6,3.7,17.9,1.8,0.2,8.3,22.2,1.1,0.5,1.6,0.098,1.0,-0.8,0.1,0.4
Joe Meriweather,meriwjo01,KCK,C,28,18,380,12.2,0.576,0.0,0.44,7.2,19.1,13.0,5.7,1.6,3.2,18.7,14.4,0.3,0.5,0.8,0.097,-2.6,1.3,-1.2,0.1
Joel Kramer,kramejo01,PHO,PF,26,56,549,10.4,0.472,0.0,0.316,7.5,14.2,10.9,11.8,1.7,1.1,14.6,13.3,0.2,0.8,1.0,0.092,-1.8,1.1,-0.8,0.2
John Douglas,dougljo01,SDC,SG,25,64,1031,12.1,0.515,0.152,0.262,3.0,7.5,5.2,19.6,2.2,0.5,17.5,20.8,0.3,0.2,0.5,0.022,-1.5,-1.1,-2.5,-0.1
John Drew,drewjo01,ATL,SF,27,70,2040,18.1,0.553,0.013,0.513,9.3,11.5,10.4,8.1,1.6,0.1,13.2,28.7,3.2,2.4,5.5,0.13,1.4,-1.1,0.3,1.2
John Duren,durenjo01,UTA,PG,23,79,1056,7.0,0.478,0.041,0.138,1.4,7.3,4.3,18.2,0.9,0.2,20.2,13.5,-0.3,0.0,-0.3,-0.013,-4.0,-1.8,-5.8,-1.0
John Johnson,johnsjo01,SEA,SF,34,14,187,9.8,0.548,0.0,0.444,1.8,8.4,5.2,20.2,1.0,0.9,24.0,15.7,0.0,0.2,0.2,0.062,-2.5,0.3,-2.2,0.0
John Lambert,lambejo01,"KCK,SAS",PF,29,63,764,8.2,0.48,0.036,0.213,7.8,18.2,12.9,6.0,1.1,1.2,18.2,14.0,-0.2,0.8,0.6,0.035,-3.9,-0.2,-4.1,-0.4
John Long,longjo01,DET,SG,25,69,2211,17.4,0.535,0.012,0.213,4.6,8.3,6.4,11.0,1.4,0.6,10.6,27.9,3.1,1.6,4.7,0.102,1.2,-1.4,-0.2,1.0
John Lucas,lucasjo01,WSB,PG,28,79,1940,15.2,0.479,0.036,0.285,2.3,7.0,4.7,39.4,2.4,0.2,18.3,18.4,1.1,2.7,3.9,0.095,1.2,0.5,1.7,1.8
John McCullough,mcculjo01,PHO,SG,25,8,23,30.7,0.691,0.0,0.385,4.9,14.1,9.6,26.4,4.2,0.0,16.5,32.6,0.1,0.0,0.1,0.239,-3.0,0.6,-2.4,0.1
John Roche,rochejo01,DEN,SG,32,39,501,11.8,0.561,0.347,0.253,0.9,4.0,2.5,20.5,1.3,0.2,14.8,14.8,0.7,-0.1,0.6,0.061,0.8,-2.2,-1.4,0.1
Johnny Davis,davisjo01,IND,SG,26,82,2664,15.2,0.526,0.023,0.342,2.9,4.4,3.6,20.4,1.4,0.2,12.3,23.7,3.0,2.1,5.1,0.091,0.6,-1.1,-0.6,1.0
Johnny Moore,moorejo01,SAS,PG,23,79,2294,17.0,0.496,0.031,0.273,2.9,9.9,6.4,41.5,3.3,0.3,19.0,16.0,3.1,2.7,5.8,0.122,1.4,1.2,2.5,2.6
Julius Erving,ervinju01,PHI,SF,31,81,2789,25.9,0.593,0.008,0.377,9.3,13.0,11.2,18.1,2.8,2.9,11.4,28.1,8.7,4.6,13.3,0.229,6.0,1.7,7.7,6.8
Junior Bridgeman,bridgju01,MIL,SF,28,41,924,16.0,0.534,0.021,0.238,4.8,10.5,7.8,17.6,1.5,0.2,11.8,24.1,1.4,1.2,2.6,0.136,0.7,-0.5,0.3,0.5
Kareem Abdul-Jabbar,abdulka01,LAL,C,34,76,2677,23.4,0.608,0.002,0.34,7.3,19.1,13.4,11.9,1.1,4.1,13.3,25.6,6.9,3.9,10.7,0.192,3.8,1.2,5.0,4.7
Keith Herron,herroke01,CLE,SG,25,30,269,6.8,0.388,0.009,0.075,4.0,4.9,4.4,12.0,1.4,0.4,9.9,18.6,-0.3,0.0,-0.3,-0.052,-4.1,-1.3,-5.4,-0.3
Kelly Tripucka,tripuke01,DET,SF,22,82,3077,16.4,0.57,0.017,0.485,7.6,8.2,7.9,12.7,1.3,0.3,15.3,23.3,5.4,2.1,7.5,0.117,1.5,-1.3,0.2,1.7
Kelvin Ransey,ranseke01,POR,PG,23,78,2418,16.5,0.507,0.035,0.29,1.8,6.7,4.3,32.4,1.9,0.1,15.6,24.9,2.2,1.5,3.7,0.073,1.2,-1.8,-0.6,0.9
Kenny Carr,carrke01,"CLE,DET",PF,26,74,1926,14.7,0.543,0.014,0.436,9.2,22.4,15.5,6.5,1.6,0.6,15.6,20.6,1.3,1.6,2.9,0.073,-1.0,-0.8,-1.9,0.1
Kenny Dennard,dennake01,KCK,PF,23,30,607,11.1,0.541,0.0,0.331,8.5,16.3,12.3,8.6,2.7,0.8,20.2,11.7,0.3,0.8,1.1,0.084,-1.6,1.6,0.0,0.3
Kenny Higgs,higgske01,DEN,PG,27,76,1696,10.8,0.513,0.045,0.421,1.5,7.4,4.5,26.3,1.9,0.2,22.0,15.9,0.9,0.1,1.0,0.028,-2.1,-1.8,-3.9,-0.8
Kent Benson,bensoke01,DET,C,27,75,2467,14.4,0.539,0.014,0.197,9.4,19.9,14.5,8.8,1.2,2.2,15.5,16.3,2.2,3.0,5.2,0.101,0.0,0.4,0.4,1.5
Kermit Washington,washike01,POR,PF,30,20,418,11.7,0.521,0.0,0.526,10.8,20.4,15.6,8.4,1.0,2.1,16.5,11.3,0.4,0.5,0.8,0.095,-1.1,0.5,-0.6,0.2
Kevin Grevey,greveke01,WSB,SG,28,71,2164,11.7,0.502,0.096,0.225,2.9,6.8,4.9,10.1,1.0,0.6,9.2,20.1,1.2,2.4,3.6,0.08,-1.1,-0.1,-1.2,0.4
Kevin Kunnert,kunneke01,POR,C,30,21,237,6.4,0.442,0.0,0.354,9.5,21.5,15.5,9.1,0.6,1.4,24.5,12.7,-0.2,0.2,0.0,0.009,-4.8,0.0,-4.8,-0.2
Kevin Loder,loderke01,KCK,SF,22,71,1139,12.9,0.498,0.025,0.239,6.6,12.8,9.6,10.7,1.4,1.5,12.1,20.2,0.4,1.1,1.5,0.062,-1.2,-0.2,-1.4,0.2
Kevin McHale,mchalke01,BOS,PF,24,82,2332,16.9,0.568,0.0,0.283,9.3,16.8,13.1,5.4,0.6,4.3,12.2,19.3,3.9,3.7,7.5,0.155,0.4,1.1,1.5,2.0
Kevin McKenna,mckenke01,LAL,SG,23,36,237,2.8,0.355,0.023,0.195,8.6,4.9,6.7,6.8,2.0,0.4,17.5,19.2,-0.5,0.2,-0.3,-0.069,-6.8,-1.4,-8.2,-0.5
Kevin Restani,restake01,"SAS,CLE",PF,30,47,483,6.4,0.389,0.023,0.182,8.6,17.4,12.9,5.6,1.1,1.3,17.4,9.7,-0.3,0.3,0.0,0.005,-3.4,-0.2,-3.6,-0.2
Kevin Stacom,stacoke01,MIL,SG,30,7,90,4.0,0.43,0.059,0.059,2.6,6.1,4.5,10.5,0.5,0.0,20.5,20.1,-0.2,0.1,-0.1,-0.06,-4.1,-1.2,-5.3,-0.1
Kiki Vandeweghe,vandeki01,DEN,PF,23,82,2775,18.9,0.612,0.01,0.321,5.9,11.7,8.9,11.9,0.8,0.5,11.6,22.3,7.8,-0.1,7.7,0.133,3.1,-2.5,0.6,1.8
Kurt Nimphius,nimphku01,DAL,C,23,63,1085,12.0,0.489,0.0,0.364,9.4,22.1,15.5,7.7,0.8,4.4,14.0,15.2,0.3,1.2,1.5,0.067,-2.9,0.9,-2.0,0.0
Kurt Rambis,rambiku01,LAL,PF,23,64,1131,12.8,0.528,0.004,0.513,11.6,21.5,16.8,5.6,2.5,3.6,21.6,12.5,0.3,2.1,2.3,0.1,-2.0,1.9,-0.1,0.5
Kyle Macy,macyky01,PHO,PG,24,82,2845,15.7,0.57,0.106,0.179,3.1,6.9,5.1,18.9,2.4,0.2,10.9,16.6,5.4,3.8,9.2,0.156,0.9,1.1,2.0,2.9
Larry Bird,birdla01,BOS,PF,25,77,2923,22.6,0.557,0.037,0.269,7.7,23.4,15.8,22.5,2.3,1.2,13.8,25.2,6.8,5.7,12.5,0.205,4.4,2.3,6.6,6.4
Larry Demic,demicla01,NYK,PF,24,48,356,5.7,0.459,0.012,0.47,9.1,16.4,12.7,5.0,0.5,1.0,20.6,14.6,-0.4,0.2,-0.1,-0.017,-5.3,-1.2,-6.5,-0.4
Larry Drew,drewla01,KCK,PG,23,81,1973,15.3,0.52,0.036,0.25,1.7,7.0,4.2,29.3,2.6,0.0,17.2,21.0,1.3,1.7,3.0,0.074,0.4,-0.3,0.1,1.0
Larry Kenon,kenonla01,CHI,PF,29,60,1036,11.2,0.481,0.0,0.214,8.2,11.3,9.9,9.5,1.4,0.4,15.4,21.6,-0.5,0.7,0.2,0.009,-1.8,-1.7,-3.5,-0.4
Larry Nance,nancela01,PHO,PF,22,80,1186,14.7,0.543,0.002,0.268,9.1,14.6,11.9,10.0,1.7,3.4,17.6,20.6,0.3,2.1,2.4,0.098,-1.5,1.3,-0.2,0.5
Larry Smith,smithla01,GSW,PF,24,74,2213,12.8,0.548,0.002,0.386,13.5,26.8,20.0,4.6,1.4,1.4,17.9,10.7,2.3,3.0,5.2,0.113,-0.4,0.1,-0.3,1.0
Larry Spriggs,sprigla01,HOU,SF,22,4,37,11.7,0.589,0.0,0.182,5.8,12.4,9.0,15.5,2.7,0.0,25.2,17.6,0.0,0.0,0.0,0.037,-3.8,0.3,-3.5,0.0
Larry Wright,wrighla01,DET,PG,27,1,6,-17.2,0.0,0.0,0.0,0.0,0.0,0.0,0.0,0.0,0.0,50.0,13.0,0.0,0.0,0.0,-0.349,-5.1,-0.2,-5.3,0.0
Len Elmore,elmorle01,NJN,C,29,81,2100,11.8,0.506,0.0,0.261,8.9,14.9,11.9,6.4,2.0,2.6,15.8,16.4,0.5,3.6,4.1,0.094,-2.2,1.4,-0.8,0.6
Leon Douglas,douglle01,KCK,C,27,63,1093,6.5,0.491,0.0,0.571,11.1,18.9,14.9,3.8,0.6,2.0,23.9,8.6,-0.1,1.1,1.0,0.044,-4.2,0.0,-4.2,-0.6
Lewis Lloyd,lloydle01,GSW,SG,22,16,95,14.8,0.572,0.0,0.244,10.2,8.2,9.2,9.6,2.5,0.6,21.9,27.1,0.0,0.1,0.1,0.043,-3.1,-0.2,-3.3,0.0
Lionel Hollins,hollili01,PHI,PG,28,81,2257,12.5,0.508,0.02,0.236,1.8,7.3,4.7,18.9,2.2,0.5,14.2,18.9,0.9,2.5,3.4,0.072,-1.5,0.1,-1.4,0.3
Lonnie Shelton,sheltlo01,SEA,PF,26,81,2667,14.2,0.523,0.008,0.229,6.8,13.7,10.4,13.6,1.8,0.9,14.7,21.0,1.6,4.3,5.8,0.105,-0.8,0.6,-0.2,1.2
Lorenzo Romar,romarlo01,GSW,PG,23,79,1259,14.6,0.548,0.037,0.238,1.0,7.6,4.2,23.6,2.3,0.6,16.7,17.1,1.6,1.0,2.7,0.101,0.1,0.3,0.4,0.8
Louis Orr,orrlo01,IND,SF,23,80,1951,14.9,0.553,0.011,0.353,6.9,11.6,9.2,10.5,1.4,0.8,14.2,20.7,2.1,2.1,4.3,0.105,0.2,-0.4,-0.3,0.9
Lowes Moore,moorelo01,CLE,PG,24,4,70,21.5,0.542,0.132,0.211,1.5,5.2,3.2,36.4,4.1,0.8,10.7,27.4,0.2,0.1,0.2,0.152,-1.3,1.0,-0.3,0.1
M.L. Carr,carrml01,BOS,SF,31,56,1296,11.9,0.495,0.042,0.284,4.9,7.8,6.4,12.6,2.4,0.9,12.0,16.2,1.0,1.8,2.8,0.103,-1.2,1.8,0.5,0.8
Magic Johnson,johnsma02,LAL,SG,22,78,2991,22.9,0.59,0.028,0.418,9.5,17.5,13.7,31.0,3.2,0.6,18.9,20.1,8.1,4.8,12.9,0.207,4.9,2.3,7.2,7.0
Major Jones,jonesma01,HOU,PF,28,60,746,13.4,0.543,0.014,0.362,11.4,18.7,15.0,4.6,1.3,2.2,16.8,16.3,0.5,0.8,1.3,0.084,-1.5,-0.2,-1.7,0.1
Mark Aguirre,aguirma01,DAL,SF,22,51,1468,17.3,0.514,0.087,0.301,6.7,12.9,9.7,18.6,1.2,0.9,12.7,29.8,1.0,0.8,1.9,0.061,2.3,-1.6,0.7,1.0
Mark Landsberger,landsma01,LAL,PF,26,75,1134,10.3,0.449,0.006,0.198,16.3,22.0,19.3,3.3,0.4,0.3,12.1,14.2,0.5,1.2,1.7,0.072,-2.0,-2.8,-4.8,-0.8
Mark Olberding,olberma01,SAS,PF,25,68,2098,14.6,0.551,0.017,0.479,6.0,16.4,11.2,12.4,1.3,0.8,14.0,18.8,3.1,2.0,5.1,0.116,-0.1,-0.2,-0.3,0.9
Mark Radford,radfoma01,SEA,SG,22,43,369,10.3,0.556,0.03,0.69,4.0,4.5,4.3,20.9,2.1,0.3,24.4,19.4,-0.1,0.5,0.4,0.052,-3.2,0.2,-3.0,-0.1
Marques Johnson,johnsma01,MIL,SF,25,60,1900,18.0,0.566,0.005,0.342,9.6,12.3,11.0,16.4,1.5,1.1,14.2,22.1,3.5,2.7,6.2,0.158,2.9,0.0,2.9,2.3
Marvin Webster,webstma01,NYK,C,29,82,1883,11.8,0.527,0.0,0.42,11.0,19.0,14.9,6.7,0.6,2.8,15.8,12.5,1.6,1.7,3.2,0.082,-1.1,-0.1,-1.2,0.4
Maurice Cheeks,cheekma01,PHI,PG,25,79,2498,18.3,0.57,0.033,0.325,2.4,8.5,5.6,34.7,4.0,0.8,19.2,16.0,4.6,4.0,8.6,0.166,1.8,2.4,4.2,3.9
Maurice Lucas,lucasma01,NYK,PF,29,80,2671,17.9,0.547,0.003,0.349,11.5,27.5,19.3,9.6,1.2,1.5,13.0,20.5,4.1,3.2,7.4,0.133,1.1,-0.5,0.6,1.8
Mel Bennett,benneme01,CLE,PF,27,3,23,-2.7,0.377,0.0,1.5,4.6,10.5,7.4,0.0,2.1,0.0,37.6,19.1,-0.1,0.0,-0.1,-0.27,-5.0,-0.4,-5.5,-0.1
Michael Brooks,brookmi01,SDC,SF,23,82,2750,16.1,0.539,0.007,0.25,8.7,18.6,13.5,12.2,1.9,0.8,14.3,20.4,3.4,1.2,4.5,0.079,1.0,-0.7,0.2,1.5
Michael Cooper,coopemi01,LAL,SG,25,76,2197,14.3,0.556,0.023,0.231,4.3,8.8,6.7,12.9,2.5,1.5,15.6,17.5,2.4,2.6,5.0,0.109,-0.3,1.2,0.9,1.6
Michael Wiley,wileymi01,SDC,PF,24,61,1013,16.2,0.599,0.014,0.393,7.7,13.9,10.7,7.3,1.9,0.9,14.4,19.8,1.8,0.3,2.1,0.097,0.8,-0.9,-0.1,0.5
Micheal Ray Richardson,richami01,NYK,PG,26,82,3044,17.7,0.498,0.075,0.226,6.5,14.9,10.6,27.4,3.4,0.8,16.5,23.9,1.6,3.8,5.5,0.086,1.3,1.4,2.7,3.6
Mickey Dillard,dillami01,CLE,PG,23,33,221,7.0,0.41,0.051,0.291,2.9,4.9,3.8,21.1,1.8,0.5,16.0,19.8,-0.3,0.0,-0.2,-0.051,-4.9,-0.9,-5.8,-0.3
Mickey Johnson,johnsmi01,MIL,PF,29,76,1934,16.4,0.553,0.009,0.384,8.2,18.3,13.5,15.8,1.8,1.3,17.8,22.9,2.1,3.4,5.5,0.136,0.3,0.9,1.2,1.6
Mike Bantom,bantomi01,"IND,PHI",SF,30,82,2016,12.7,0.505,0.008,0.375,9.7,14.4,12.1,8.1,1.5,1.7,15.2,20.2,0.2,2.7,2.9,0.069,-2.0,-0.3,-2.3,-0.1
Mike Bratz,bratzmi01,SAS,PG,26,81,1616,14.2,0.495,0.244,0.269,2.7,8.4,5.5,34.2,1.9,0.4,18.0,19.0,1.5,1.2,2.7,0.081,0.6,-1.0,-0.3,0.7
Mike Dunleavy,dunlemi01,HOU,SG,27,70,1315,13.2,0.524,0.191,0.236,1.9,7.0,4.4,23.7,1.7,0.1,13.9,17.9,1.8,0.7,2.6,0.093,-0.5,-0.5,-1.0,0.3
Mike Evans,evansmi01,"MIL,CLE",PG,26,22,270,7.3,0.438,0.07,0.233,2.1,7.2,4.6,21.0,2.3,0.0,21.5,18.4,-0.4,0.3,-0.1,-0.013,-4.1,0.1,-4.0,-0.2
Mike Gale,galemi01,GSW,PG,31,75,1793,10.9,0.524,0.013,0.174,2.2,9.4,5.7,17.8,3.2,0.9,23.9,11.9,0.3,2.1,2.4,0.063,-2.0,2.3,0.4,1.1
Mike Glenn,glennmi01,ATL,SG,26,49,833,16.0,0.587,0.007,0.23,0.7,7.6,4.1,16.9,1.6,0.2,7.8,18.1,2.0,0.8,2.8,0.161,0.7,0.9,1.6,0.8
Mike Gminski,gminsmi01,NJN,C,22,64,740,15.3,0.52,0.0,0.437,10.6,17.9,14.2,7.7,1.1,3.8,14.8,20.4,0.6,1.2,1.8,0.119,-0.6,0.7,0.1,0.4
Mike Harper,harpemi01,POR,PF,24,68,1433,12.2,0.531,0.003,0.414,10.0,16.4,13.2,4.8,1.8,3.2,17.4,15.2,0.6,1.8,2.4,0.08,-2.4,0.7,-1.7,0.1
Mike McGee,mcgeemi01,LAL,SF,22,39,352,11.7,0.489,0.023,0.308,10.9,4.5,7.6,6.0,2.4,0.5,14.8,25.9,-0.1,0.3,0.2,0.029,-3.4,-1.7,-5.1,-0.3
Mike Mitchell,mitchmi01,"CLE,SAS",SF,26,84,3063,15.9,0.536,0.005,0.204,8.5,12.4,10.5,4.1,0.9,0.8,8.7,23.2,4.2,1.7,5.9,0.093,0.7,-2.1,-1.4,0.4
Mike Newlin,newlimi01,NYK,SG,33,76,1507,11.5,0.519,0.037,0.239,2.7,4.3,3.5,16.1,1.1,0.1,13.3,21.4,1.1,0.4,1.5,0.049,-1.8,-1.8,-3.6,-0.6
Mike O'Koren,okoremi01,NJN,SF,23,80,2018,13.6,0.528,0.03,0.243,6.1,11.0,8.5,13.7,1.9,0.4,14.6,19.9,1.4,2.8,4.1,0.098,-0.2,0.3,0.1,1.1
Mike Woodson,woodsmi01,"NJN,KCK",SG,23,83,2331,17.6,0.546,0.023,0.268,4.8,7.2,5.9,14.1,2.9,0.9,11.4,23.6,3.2,2.5,5.7,0.117,1.2,0.8,2.1,2.4
Mitch Kupchak,kupchmi01,LAL,PF,27,26,821,15.2,0.598,0.0,0.367,8.8,18.7,13.9,5.0,0.7,0.6,12.2,17.1,1.5,0.8,2.4,0.139,0.4,-1.2,-0.8,0.2
Moses Malone,malonmo01,HOU,C,26,81,3398,26.8,0.576,0.003,0.454,17.5,21.2,19.3,6.9,1.1,2.1,11.9,29.9,11.7,3.7,15.4,0.218,6.2,-1.8,4.5,5.5
Mychal Thompson,thompmy01,POR,C,27,79,3129,19.2,0.548,0.0,0.342,9.3,23.4,16.4,14.6,1.1,1.9,14.0,22.9,4.5,3.6,8.2,0.125,2.3,0.0,2.3,3.4
Norm Nixon,nixonno01,LAL,PG,26,82,3024,15.3,0.525,0.009,0.176,1.4,4.8,3.2,27.7,2.0,0.1,14.8,21.1,4.2,2.4,6.6,0.104,0.2,-1.0,-0.8,0.9
Ollie Johnson,johnsol01,PHI,SF,32,26,150,12.4,0.534,0.056,0.13,5.5,10.8,8.3,9.1,4.1,1.2,18.6,19.5,0.0,0.3,0.2,0.076,-3.5,1.4,-2.1,0.0
Ollie Mack,mackol01,DAL,SG,24,13,150,7.9,0.352,0.034,0.136,5.9,7.9,6.9,12.7,1.6,0.4,6.0,18.3,-0.1,0.1,-0.1,-0.026,-3.0,-0.9,-3.9,-0.1
Orlando Woolridge,woolror01,CHI,SF,22,75,1188,13.4,0.565,0.008,0.523,8.2,13.3,10.8,10.1,0.9,1.1,18.1,20.9,1.0,0.8,1.8,0.073,-1.1,-0.9,-2.1,0.0
Otis Birdsong,birdsot01,NJN,SG,26,37,1025,13.3,0.489,0.021,0.265,3.3,7.5,5.3,18.2,1.4,0.3,10.7,23.4,0.5,1.1,1.6,0.074,-0.5,-0.7,-1.2,0.2
Pat Cummings,cummipa01,MIL,PF,25,78,1132,11.1,0.537,0.005,0.212,6.4,17.9,12.4,12.5,0.9,0.5,18.7,21.0,0.1,1.7,1.8,0.078,-3.5,-0.1,-3.6,-0.5
Paul Griffin,griffpa01,SAS,PF,28,23,459,8.5,0.535,0.0,0.561,6.8,15.4,11.1,13.6,2.0,1.0,32.7,10.6,-0.1,0.5,0.4,0.04,-2.9,1.4,-1.5,0.1
Paul Mokeski,mokespa01,"DET,CLE",C,25,67,868,8.7,0.489,0.016,0.326,7.2,19.9,13.3,5.1,1.8,2.6,19.9,12.7,-0.2,1.0,0.8,0.045,-4.5,1.2,-3.3,-0.3
Paul Westphal,westppa01,NYK,SG,31,18,451,13.3,0.489,0.041,0.242,2.2,3.4,2.8,31.8,2.0,1.0,18.0,23.9,0.0,0.3,0.3,0.032,-0.5,-1.2,-1.8,0.0
Pete Verhoeven,verhope01,POR,PF,22,71,1207,10.4,0.533,0.0,0.243,9.9,13.6,11.8,5.4,1.7,1.0,14.4,13.0,1.0,1.1,2.1,0.085,-2.4,0.0,-2.4,-0.1
Phil Ford,fordph01,KCK,PG,25,72,1952,11.4,0.494,0.049,0.256,1.3,4.8,3.0,30.4,1.5,0.0,21.2,19.2,-0.2,1.1,0.9,0.021,-1.0,-2.0,-3.0,-0.5
Phil Hubbard,hubbaph01,"DET,CLE",SF,25,83,1839,13.4,0.535,0.006,0.421,10.8,18.0,14.3,7.0,1.7,0.6,17.0,20.6,0.9,1.7,2.6,0.069,-1.9,-0.8,-2.7,-0.3
Phil Smith,smithph01,"SDC,SEA",SG,29,74,2042,12.2,0.494,0.035,0.293,2.9,7.6,5.2,20.7,1.6,0.7,15.3,20.3,0.8,0.8,1.6,0.037,-1.1,-1.1,-2.2,-0.1
Purvis Short,shortpu01,GSW,SF,24,76,1782,18.8,0.53,0.03,0.236,7.4,8.9,8.1,17.6,1.7,0.3,10.6,26.1,3.7,1.3,5.0,0.135,2.1,-0.6,1.5,1.6
Pétur Guðmundsson,gudmupe01,POR,C,23,68,845,7.9,0.549,0.006,0.458,6.8,17.7,12.3,8.5,0.7,2.0,26.8,13.2,-0.2,0.8,0.6,0.032,-4.4,0.5,-3.9,-0.4
Quinn Buckner,bucknqu01,MIL,PG,27,70,2156,14.4,0.506,0.018,0.204,4.3,8.9,6.6,21.4,3.9,0.1,16.7,20.5,0.7,3.9,4.6,0.103,-1.2,2.1,0.9,1.6
Randy Smith,smithra01,NYK,SG,33,82,2033,12.2,0.504,0.015,0.202,2.9,5.9,4.4,17.5,2.2,0.0,13.2,19.0,1.2,1.2,2.4,0.058,-1.6,-0.4,-2.0,0.0
Ray Blume,blumera01,CHI,SG,23,49,546,9.7,0.482,0.081,0.126,3.0,5.4,4.3,18.9,2.0,0.2,18.7,22.1,-0.5,0.3,-0.1,-0.013,-3.3,-1.2,-4.5,-0.3
Ray Tolbert,tolbera01,"NJN,SEA",PF,23,64,607,10.3,0.504,0.01,0.173,9.3,13.4,11.4,7.6,0.9,1.5,17.1,17.8,-0.1,0.9,0.7,0.058,-2.9,-0.1,-3.0,-0.2
Ray Williams,willira01,NJN,SG,27,82,2732,19.0,0.527,0.039,0.336,4.8,8.7,6.7,27.4,3.4,0.9,15.4,27.4,3.3,4.6,7.9,0.139,2.0,1.7,3.6,3.9
Raymond Townsend,townsra01,IND,SG,26,14,95,4.4,0.351,0.22,0.488,2.2,12.8,7.4,14.5,1.5,0.0,10.8,24.5,-0.3,0.1,-0.2,-0.078,-5.7,-0.6,-6.2,-0.2
Reggie Carter,cartere01,NYK,SG,24,75,923,9.4,0.479,0.0,0.286,4.3,7.6,5.9,18.5,1.9,0.4,19.8,17.6,-0.3,0.6,0.3,0.016,-3.1,-0.4,-3.5,-0.3
Reggie Johnson,johnsre01,"SAS,CLE,KCK",PF,24,75,1904,14.2,0.561,0.002,0.236,7.9,18.6,13.1,5.4,0.8,1.8,12.0,17.7,2.3,1.6,3.9,0.099,-0.8,-0.6,-1.4,0.3
Reggie King,kingre01,KCK,SF,24,80,2609,13.0,0.551,0.0,0.379,6.8,16.0,11.2,8.7,1.5,0.6,15.0,16.2,2.2,2.5,4.8,0.087,-0.3,-0.1,-0.4,1.0
Reggie Theus,theusre01,CHI,SG,24,82,2838,16.2,0.542,0.084,0.376,4.8,7.5,6.2,25.8,1.5,0.3,16.6,24.6,3.8,1.5,5.3,0.09,1.2,-1.4,-0.2,1.2
Rich Kelley,kelleri01,PHO,C,28,81,1892,12.5,0.53,0.002,0.442,10.1,18.8,14.5,20.4,1.6,2.1,28.8,18.5,-0.9,3.4,2.5,0.064,-2.3,1.9,-0.4,0.8
Rich Yonakor,yonakri01,SAS,PF,23,10,70,20.4,0.567,0.0,0.269,19.9,21.4,20.7,5.8,0.7,1.6,6.4,17.7,0.2,0.1,0.3,0.201,-1.2,-0.6,-1.8,0.1
Richard Washington,washiri01,CLE,PF,26,18,313,7.1,0.448,0.017,0.13,10.9,16.5,13.5,6.8,1.2,0.4,22.3,20.6,-0.6,0.1,-0.5,-0.072,-5.2,-1.9,-7.1,-0.5
Rick Mahorn,mahorri01,WSB,PF,23,80,2664,13.3,0.531,0.004,0.287,6.2,22.4,14.4,8.0,1.0,2.9,15.0,17.0,0.8,5.1,5.9,0.107,-1.8,2.1,0.2,1.5
Rick Robey,robeyri01,BOS,C,26,80,1186,11.0,0.511,0.005,0.419,10.9,16.4,13.7,7.5,1.1,0.6,17.2,18.1,0.3,1.6,1.9,0.076,-2.5,-0.3,-2.7,-0.2
Rickey Brown,brownri01,GSW,C,23,82,1260,11.2,0.498,0.0,0.292,11.6,20.1,15.8,2.0,1.4,1.3,15.1,17.8,0.4,1.4,1.8,0.068,-3.5,-1.0,-4.6,-0.8
Rickey Green,greenri01,UTA,PG,27,81,2822,17.4,0.531,0.008,0.26,3.2,6.1,4.6,29.7,3.0,0.2,14.9,18.8,4.3,1.4,5.7,0.096,1.8,-0.3,1.4,2.4
Ricky Sobers,soberri01,CHI,SG,29,80,1938,12.2,0.515,0.095,0.317,2.3,5.9,4.2,23.5,1.8,0.5,19.2,24.4,-0.2,1.2,1.0,0.024,-2.0,-1.4,-3.4,-0.7
Robert Parish,parisro01,BOS,C,28,80,2534,22.6,0.571,0.0,0.287,12.8,24.5,18.8,8.4,1.3,4.1,13.7,25.5,5.0,5.1,10.0,0.19,2.6,1.2,3.8,3.7
Robert Reid,reidro01,HOU,SF,26,77,2913,13.3,0.492,0.01,0.223,6.4,13.2,9.7,14.7,1.9,0.9,13.0,17.0,2.5,2.7,5.2,0.086,-0.5,0.6,0.1,1.6
Robert Smith,smithro01,MIL,PG,26,17,316,10.6,0.503,0.091,0.109,0.4,4.5,2.5,19.1,1.5,0.2,10.8,16.8,0.3,0.3,0.6,0.096,-2.1,0.0,-2.1,0.0
Rock Lee,leero02,SDC,C,26,2,10,1.0,0.266,0.0,2.0,0.0,12.2,6.0,25.0,0.0,0.0,0.0,15.3,0.0,0.0,0.0,-0.129,-4.6,0.0,-4.6,0.0
Roger Burkman,burkmro01,CHI,SG,23,6,30,15.5,0.377,0.25,1.5,7.9,14.5,11.3,19.7,9.7,3.7,31.1,13.5,0.0,0.1,0.1,0.093,-3.9,2.0,-2.0,0.1
Roger Phegley,pheglro01,"CLE,SAS",SG,25,81,1183,13.0,0.501,0.061,0.215,5.5,8.9,7.1,13.7,1.4,0.4,10.6,21.2,1.0,0.6,1.6,0.063,-1.2,-1.0,-2.2,-0.1
Rolando Blackman,blackro01,DAL,SG,22,82,1979,16.2,0.559,0.005,0.323,5.4,9.4,7.3,8.3,1.1,0.9,10.4,22.7,3.2,0.8,4.1,0.098,1.8,-1.6,0.2,1.1
Ron Brewer,brewero01,"SAS,CLE",SG,26,72,2319,15.9,0.519,0.026,0.218,2.5,5.3,3.9,12.8,1.7,0.7,8.7,25.2,2.6,0.7,3.3,0.068,0.8,-1.1,-0.2,1.0
Ron Davis,davisro01,SDC,SF,27,7,67,6.6,0.416,0.0,0.24,12.1,11.0,11.6,8.0,0.0,0.0,15.3,19.8,-0.1,0.0,-0.1,-0.066,-3.6,-1.5,-5.2,-0.1
Ron Lee,leero01,DET,PG,29,81,1467,9.7,0.466,0.24,0.484,2.5,9.3,5.8,25.4,3.6,0.8,29.2,11.2,-0.3,2.0,1.6,0.053,-3.2,2.5,-0.7,0.5
Ronnie Lester,lestero01,CHI,PG,23,75,2252,13.8,0.565,0.012,0.39,4.0,6.7,5.4,22.9,1.7,0.3,19.4,17.8,2.6,1.3,3.9,0.084,0.2,-0.6,-0.4,0.9
Rory Sparrow,sparrro01,ATL,PG,23,82,2610,13.0,0.539,0.021,0.203,2.3,7.4,4.9,24.4,1.7,0.3,15.4,15.6,2.9,2.7,5.6,0.104,-0.4,0.5,0.1,1.4
Rudy Macklin,macklru01,ATL,SF,23,79,1516,9.3,0.495,0.006,0.357,8.4,11.2,9.8,4.6,1.3,0.8,16.7,19.2,-0.4,1.8,1.4,0.043,-3.5,-0.6,-4.1,-0.8
Sam Lacey,laceysa01,"KCK,NJN",C,33,56,670,7.4,0.473,0.006,0.24,3.3,14.8,9.0,14.6,1.5,3.3,24.7,13.5,-0.6,1.1,0.6,0.041,-5.0,2.7,-2.2,0.0
Sam Pellom,pellosa01,ATL,PF,30,69,1037,10.3,0.506,0.004,0.315,9.8,15.2,12.5,3.9,1.4,2.8,16.6,14.3,0.2,1.6,1.8,0.083,-2.9,1.0,-2.0,0.0
Sam Williams,willisa02,GSW,PF,22,59,1073,14.8,0.565,0.0,0.321,9.1,22.4,15.7,4.6,2.0,4.0,16.8,14.3,0.9,1.7,2.6,0.116,-1.0,1.9,0.9,0.8
Sam Worthen,worthsa01,UTA,PG,24,5,22,1.9,0.4,0.0,0.0,4.8,0.0,2.4,16.3,0.0,0.0,28.6,12.7,0.0,0.0,0.0,-0.096,-4.5,-0.5,-5.0,0.0
Scott Lloyd,lloydsc01,DAL,PF,29,74,1047,5.9,0.441,0.014,0.319,6.3,11.6,8.9,8.5,0.7,0.4,15.4,15.1,-0.5,0.4,-0.1,-0.004,-4.8,-1.4,-6.3,-1.1
Scott May,maysc01,MIL,SF,27,65,1187,16.7,0.581,0.01,0.463,8.5,12.4,10.5,15.6,2.0,0.3,15.5,20.6,2.4,1.8,4.2,0.171,1.2,0.6,1.7,1.1
Scott Wedman,wedmasc01,CLE,SF,29,54,1638,12.5,0.47,0.039,0.153,8.3,12.9,10.5,11.6,2.2,0.5,10.4,17.7,0.8,0.9,1.6,0.048,-1.0,-0.2,-1.2,0.4
Sidney Moncrief,moncrsi01,MIL,SG,24,80,2980,20.1,0.601,0.013,0.539,8.8,11.6,10.3,18.1,2.2,0.4,13.7,21.0,8.9,4.5,13.4,0.216,3.9,0.9,4.8,5.1
Sly Williams,willisl01,NYK,SF,24,60,1521,18.6,0.59,0.014,0.275,7.4,9.7,8.5,14.2,2.4,0.6,13.9,22.2,2.9,1.3,4.2,0.133,2.3,0.2,2.6,1.7
Sonny Parker,parkeso01,GSW,SF,26,71,899,12.6,0.506,0.0,0.294,8.7,12.8,10.7,12.5,2.1,0.7,15.6,14.7,0.8,0.9,1.6,0.088,-0.3,0.7,0.4,0.6
Spencer Haywood,haywosp01,WSB,PF,32,76,2086,13.2,0.535,0.004,0.314,7.7,14.3,11.1,4.6,1.0,1.8,15.6,22.4,0.4,3.2,3.6,0.083,-1.9,0.1,-1.8,0.1
Steve Hawes,hawesst01,ATL,PF,31,49,1317,14.5,0.536,0.027,0.341,7.6,19.9,13.7,16.0,1.4,1.6,17.0,16.9,1.2,2.1,3.2,0.118,0.2,1.6,1.8,1.3
Steve Hayes,hayesst01,"SAS,DET",C,26,35,487,10.7,0.521,0.0,0.477,8.5,18.0,13.1,7.3,0.4,2.3,12.4,12.3,0.5,0.5,0.9,0.092,-1.9,0.2,-1.6,0.0
Steve Johnson,johnsst03,KCK,C,24,78,1741,17.6,0.635,0.0,0.512,9.5,20.3,14.8,7.7,1.1,3.0,20.0,23.1,2.2,2.2,4.4,0.121,-1.1,0.5,-0.7,0.6
Steve Mix,mixst01,PHI,SF,34,75,1235,15.8,0.57,0.01,0.431,8.8,11.6,10.3,10.1,1.6,0.8,12.4,18.3,2.3,1.4,3.7,0.144,1.4,-0.4,1.0,0.9
Swen Nater,natersw01,SDC,C,32,21,575,16.4,0.625,0.006,0.451,9.3,31.1,19.9,7.2,0.5,0.9,18.6,18.3,0.9,0.2,1.2,0.098,0.8,-1.5,-0.7,0.2
T.R. Dunn,dunntr01,DEN,SG,26,82,2519,12.1,0.559,0.002,0.427,9.2,14.4,11.9,8.3,2.3,0.7,17.0,10.9,2.9,1.1,4.0,0.076,0.7,-0.1,0.6,1.7
Terry Duerod,duerote01,BOS,SG,25,21,146,12.5,0.438,0.013,0.156,4.6,6.6,5.7,11.9,1.0,0.4,2.4,23.1,0.1,0.1,0.2,0.071,-2.2,-0.7,-2.9,0.0
Terry Tyler,tylerte01,DET,PF,25,82,1989,16.9,0.56,0.006,0.299,8.2,19.3,13.6,8.7,1.8,4.4,14.3,16.7,2.5,3.0,5.5,0.133,0.9,2.1,2.9,2.5
Tiny Archibald,architi01,BOS,PG,33,68,2167,14.3,0.542,0.025,0.485,1.3,4.5,2.9,31.9,1.1,0.1,18.4,17.9,3.4,1.8,5.2,0.115,1.4,-1.3,0.1,1.1
Toby Knight,knighto01,NYK,SF,26,40,550,13.0,0.57,0.0,0.137,6.7,10.4,8.5,5.9,1.2,1.2,9.8,16.1,0.8,0.3,1.1,0.099,-0.6,-0.5,-1.1,0.1
Tom Chambers,chambto01,SDC,PF,22,81,2682,15.0,0.553,0.002,0.434,9.1,16.0,12.5,7.9,1.0,1.0,14.9,22.4,2.9,0.4,3.3,0.059,-0.2,-2.0,-2.2,-0.1
Tom Henderson,hendeto01,HOU,SG,30,75,1721,11.0,0.502,0.005,0.372,2.0,7.0,4.4,22.8,1.6,0.2,18.3,13.7,1.2,0.9,2.1,0.059,-1.4,-0.4,-1.9,0.1
Tom LaGarde,lagarto01,DAL,C,26,47,909,7.6,0.456,0.007,0.617,7.7,19.1,13.2,7.3,0.9,1.1,19.3,19.2,-1.2,0.7,-0.5,-0.028,-5.1,-1.3,-6.4,-1.0
Tom McMillen,mcmilto01,ATL,C,29,73,1792,13.1,0.559,0.005,0.297,6.4,14.8,10.6,11.2,0.7,0.8,16.1,18.7,1.7,2.0,3.7,0.099,-0.5,-0.1,-0.6,0.6
Tom Owens,owensto01,IND,PF,32,74,1599,14.9,0.53,0.003,0.355,9.4,16.0,12.6,12.2,1.2,1.3,15.7,22.7,1.1,2.1,3.2,0.095,-1.3,-0.1,-1.4,0.3
Tracy Jackson,jackstr01,"BOS,CHI",SG,22,49,478,11.8,0.506,0.0,0.285,8.6,6.4,7.4,8.1,1.4,0.3,11.0,18.9,0.4,0.3,0.7,0.072,-1.4,-1.0,-2.4,0.0
Tree Rollins,rollitr01,ATL,C,26,79,2018,14.7,0.6,0.0,0.373,9.4,24.9,17.1,4.1,0.9,6.8,16.4,10.4,2.2,4.2,6.4,0.153,-0.8,3.4,2.6,2.3
Truck Robinson,robintr01,PHO,PF,30,74,2745,16.1,0.548,0.001,0.329,8.4,20.4,14.5,9.7,0.7,0.6,13.5,22.4,2.9,4.0,6.9,0.121,0.4,-1.0,-0.6,1.0
Vinnie Johnson,johnsvi01,"SEA,DET",SG,25,74,1295,14.5,0.537,0.027,0.32,6.8,6.7,6.7,18.1,2.0,1.1,15.9,18.2,1.5,1.2,2.7,0.098,0.7,0.3,1.0,1.0
Wally Walker,walkewa01,SEA,SF,27,70,1965,11.4,0.504,0.003,0.213,6.2,10.5,8.4,15.2,0.9,0.8,13.9,16.9,1.1,2.4,3.5,0.087,-1.2,0.0,-1.1,0.4
Walter Davis,daviswa03,PHO,SF,27,55,1182,18.3,0.553,0.024,0.166,2.0,7.5,4.8,23.3,1.9,0.1,13.5,29.0,1.2,1.4,2.7,0.109,1.4,-0.6,0.8,0.8
Wayne Cooper,coopewa01,DAL,C,25,76,1818,13.8,0.461,0.012,0.239,12.1,22.8,17.3,9.0,1.0,3.4,10.6,18.7,0.9,1.9,2.9,0.076,-1.8,-0.2,-2.0,0.0
Wes Matthews,matthwe01,ATL,PG,22,47,837,12.6,0.487,0.027,0.265,2.6,5.3,3.9,25.5,3.2,0.1,15.9,20.5,0.2,1.1,1.3,0.073,-2.3,1.3,-1.0,0.2
World B. Free,freewo01,GSW,SG,28,78,2796,18.2,0.515,0.039,0.446,4.5,5.2,4.8,21.7,1.2,0.2,10.7,28.0,5.6,1.3,6.9,0.118,2.4,-1.9,0.5,1.8
