Player,PlayerID,Tms,Pos,Age,G,MP,PER,TS%,3PAr,FTr,ORB%,DRB%,TRB%,AST%,STL%,BLK%,TOV%,USG%,OWS,DWS,WS,WS/48,OBPM,DBPM,BPM,VORP
A.J. Guyton,guytoaj01,CHI,PG,23,45,607,11.8,0.477,0.504,0.111,2.3,6.3,4.2,23.6,0.9,0.9,12.6,22.2,0.0,0.0,0.1,0.006,1.3,-2.8,-1.6,0.1
Aaron McKie,mckieaa01,PHI,SG,29,48,1471,15.8,0.54,0.261,0.249,2.0,12.7,7.4,21.7,2.1,0.7,14.6,19.8,1.8,2.1,3.9,0.128,1.3,1.4,2.7,1.7
Aaron Williams,williaa01,NJN,PF,30,82,1546,15.2,0.568,0.005,0.424,8.3,16.4,12.3,8.1,1.0,3.5,13.2,17.4,2.4,2.5,5.0,0.154,-1.4,0.9,-0.4,0.6
Adonal Foyle,foylead01,GSW,C,26,79,1485,12.5,0.445,0.0,0.242,10.6,17.3,13.9,4.3,1.2,7.7,15.1,14.2,-0.4,1.6,1.2,0.039,-3.0,1.0,-2.1,0.0
Adrian Griffin,griffad01,DAL,SG,27,58,1383,14.2,0.545,0.15,0.136,5.6,12.7,9.2,11.3,2.8,0.6,9.9,13.8,2.3,1.2,3.5,0.121,-0.3,1.6,1.3,1.1
Al Harrington,harrial01,IND,PF,21,44,1313,14.3,0.526,0.006,0.298,8.5,15.1,11.9,7.3,1.6,1.1,12.5,21.6,1.2,1.4,2.6,0.094,-1.5,-0.4,-1.9,0.0
Alan Henderson,hendeal01,ATL,PF,29,26,422,13.4,0.527,0.009,0.388,8.4,17.9,13.1,4.4,1.4,2.6,13.4,16.8,0.3,0.4,0.7,0.074,-1.8,-0.1,-1.9,0.0
Allan Houston,houstal01,NYK,SG,30,77,2914,15.2,0.54,0.266,0.261,1.5,8.6,5.0,12.6,1.0,0.3,10.5,25.9,3.6,1.1,4.7,0.077,1.3,-1.4,-0.1,1.4
Allen Iverson,iversal01,PHI,SG,26,60,2622,21.9,0.489,0.161,0.351,1.9,9.6,5.8,27.6,3.5,0.4,11.0,37.8,2.6,4.3,6.9,0.126,3.9,0.8,4.8,4.5
Alonzo Mourning,mournal01,MIA,C,31,75,2455,18.9,0.558,0.003,0.498,8.7,21.3,15.0,6.8,0.6,5.8,14.7,24.1,2.6,4.8,7.4,0.145,-0.1,1.4,1.3,2.0
Alton Ford,fordal02,PHO,PF,20,53,452,10.0,0.573,0.0,0.483,7.9,19.0,13.4,2.4,0.7,1.1,18.3,17.3,0.3,0.5,0.8,0.083,-5.6,-0.8,-6.4,-0.5
Alvin Jones,jonesal01,PHI,C,23,23,126,6.2,0.451,0.0,1.0,11.8,20.5,16.2,3.7,1.3,5.4,27.6,14.5,-0.2,0.3,0.1,0.034,-9.5,0.9,-8.7,-0.2
Alvin Williams,willial02,TOR,PG,27,82,2927,13.8,0.47,0.199,0.144,2.2,9.0,5.5,26.6,2.5,0.7,12.7,18.4,2.2,3.1,5.2,0.086,-0.5,0.8,0.3,1.7
Amal McCaskill,mccasam01,SAS,C,28,27,153,10.2,0.43,0.0,0.531,12.4,14.5,13.5,4.3,2.1,4.6,18.8,22.6,-0.3,0.3,0.0,0.01,-6.8,-0.1,-6.9,-0.2
Andre Miller,millean02,CLE,PG,25,81,3023,21.8,0.538,0.083,0.428,4.2,10.4,7.4,49.8,2.2,0.8,16.5,22.6,8.7,1.5,10.3,0.163,4.3,-0.3,3.9,4.5
Andrei Kirilenko,kirilan01,UTA,SF,20,82,2151,18.8,0.553,0.158,0.586,8.3,14.2,11.2,7.4,2.9,5.9,11.9,19.0,4.0,3.3,7.3,0.164,1.8,1.9,3.7,3.1
Andrew DeClercq,declean01,ORL,C,28,61,633,10.1,0.474,0.0,0.336,13.0,15.8,14.4,5.2,1.9,2.7,16.6,14.5,0.2,0.8,1.0,0.073,-4.8,0.0,-4.8,-0.5
Anfernee Hardaway,hardaan01,PHO,SG,30,80,2462,13.9,0.472,0.089,0.209,4.4,11.7,8.0,21.1,2.6,0.9,15.7,21.9,0.1,2.8,2.9,0.056,-1.3,0.8,-0.4,1.0
Ansu Sesay,sesayan01,SEA,SF,25,9,142,15.5,0.549,0.0,0.455,5.9,10.6,8.3,8.9,1.1,1.1,3.6,17.9,0.4,0.1,0.5,0.156,-0.4,-1.4,-1.8,0.0
Antawn Jamison,jamisan01,GSW,SF,25,82,3033,17.1,0.516,0.153,0.32,7.3,12.5,9.8,9.6,1.2,1.0,9.3,24.0,5.6,0.8,6.4,0.101,2.3,-2.1,0.2,1.7
Anthony Carter,cartean01,MIA,PG,26,46,1050,8.9,0.359,0.073,0.138,2.1,10.8,6.5,33.0,2.6,0.2,20.7,15.8,-1.4,1.6,0.2,0.008,-4.3,1.2,-3.1,-0.3
Anthony Johnson,johnsan02,NJN,SG,27,34,366,11.8,0.465,0.133,0.278,3.0,5.9,4.4,19.7,4.4,0.2,16.5,14.8,0.0,0.7,0.7,0.092,-3.2,3.1,0.0,0.2
Anthony Mason,masonan01,MIL,PF,35,82,3143,12.9,0.544,0.002,0.353,4.8,18.3,11.9,16.6,1.0,0.5,15.2,12.7,4.4,2.0,6.4,0.097,-0.3,-0.2,-0.6,1.1
Anthony Peeler,peelean01,MIN,SG,32,82,2060,12.2,0.519,0.414,0.085,2.1,9.4,5.8,13.0,1.6,0.4,9.7,17.3,2.4,1.3,3.8,0.087,0.1,-0.2,-0.2,1.0
Antoine Walker,walkean02,BOS,PF,25,81,3406,17.1,0.49,0.382,0.192,4.7,18.6,11.5,22.8,1.9,0.9,12.1,27.8,1.5,5.2,6.7,0.094,2.2,0.0,2.2,3.6
Antonio Daniels,daniean01,SAS,SG,26,82,2175,13.4,0.534,0.32,0.343,1.3,7.8,4.7,17.2,1.2,0.4,9.0,16.6,3.7,2.3,5.9,0.131,0.2,0.2,0.4,1.3
Antonio Davis,davisan01,TOR,PF,33,77,2978,14.8,0.497,0.001,0.372,9.5,19.4,14.3,8.7,1.0,2.1,12.4,19.6,3.0,3.6,6.5,0.105,-0.5,-0.4,-0.9,0.8
Antonio Harvey,harvean01,SEA,PF,31,5,47,7.8,0.349,0.0,0.167,12.8,9.9,11.3,15.1,1.1,4.8,18.9,15.7,0.0,0.0,0.0,-0.007,-4.1,1.0,-3.1,0.0
Antonio McDyess,mcdyean01,DEN,PF,27,10,236,21.0,0.631,0.0,0.44,8.3,18.8,13.3,13.8,2.3,2.5,18.3,20.8,0.5,0.2,0.8,0.155,2.7,1.1,3.7,0.3
Antonis Fotsis,fotsian01,MEM,PF,20,28,320,11.3,0.479,0.221,0.192,8.7,12.9,10.8,5.3,1.5,2.4,15.7,19.0,-0.1,0.2,0.1,0.017,-2.0,-1.4,-3.4,-0.1
Art Long,longar01,SEA,PF,29,63,989,10.7,0.506,0.0,0.348,13.0,16.9,15.0,6.2,1.2,2.1,18.3,16.2,0.4,0.9,1.4,0.066,-3.9,-0.9,-4.8,-0.7
Austin Croshere,croshau01,IND,PF,26,76,1286,14.3,0.518,0.324,0.254,6.7,18.8,12.9,10.1,1.1,1.6,11.9,19.9,1.2,1.4,2.6,0.098,0.4,-0.4,0.1,0.7
Avery Johnson,johnsav01,"DEN,DAL",PG,36,68,1352,16.6,0.531,0.012,0.377,1.1,4.8,2.9,36.0,1.6,0.5,13.1,19.2,2.8,0.2,3.0,0.106,1.4,-1.4,0.0,0.7
Baron Davis,davisba01,CHO,PG,22,82,3318,18.2,0.498,0.356,0.252,3.2,8.8,6.0,37.3,2.8,1.0,14.2,23.9,4.4,3.8,8.2,0.118,3.3,0.4,3.8,4.8
Ben Wallace,wallabe01,DET,C,27,80,2921,18.6,0.522,0.006,0.488,12.9,28.9,21.0,6.2,2.5,6.7,10.7,10.5,4.3,7.2,11.6,0.19,1.2,3.3,4.4,4.8
Bimbo Coles,colesbi01,CLE,PG,33,47,693,8.8,0.459,0.137,0.253,2.1,7.2,4.7,23.3,1.0,0.4,16.0,12.8,0.4,0.0,0.4,0.027,-3.0,-1.6,-4.5,-0.4
Bo Outlaw,outlabo01,"ORL,PHO",PF,30,83,1928,11.4,0.547,0.007,0.341,8.5,12.9,10.6,9.5,1.9,3.5,21.8,10.2,1.1,2.4,3.5,0.086,-1.9,2.3,0.4,1.2
Bob Sura,surabo01,GSW,PG,28,78,1780,17.1,0.53,0.225,0.556,5.2,10.3,7.7,25.0,2.5,0.6,15.3,20.5,3.2,0.9,4.1,0.111,1.6,0.0,1.6,1.6
Bobby Jackson,jacksbo01,SAC,PG,28,81,1750,17.3,0.537,0.29,0.244,5.1,10.1,7.7,14.7,2.1,0.4,10.0,23.1,3.2,2.2,5.4,0.148,1.8,0.4,2.1,1.8
Bobby Simmons,simmobo01,WAS,SF,21,30,343,13.2,0.518,0.147,0.316,8.4,9.3,8.8,8.0,2.1,1.1,11.5,16.4,0.4,0.2,0.7,0.092,0.3,-0.3,0.0,0.2
Bonzi Wells,wellsbo01,POR,SG,25,74,2348,18.4,0.538,0.166,0.279,6.0,16.4,11.1,15.8,2.6,0.8,14.1,26.4,3.0,3.0,6.0,0.122,1.4,0.5,1.9,2.3
Brad Miller,millebr01,"CHI,IND",C,25,76,2263,20.1,0.572,0.01,0.523,12.7,18.9,15.8,12.0,1.8,1.3,11.3,20.6,6.0,2.3,8.3,0.176,2.5,-0.2,2.3,2.5
Brandon Armstrong,armstbr01,NJN,SG,21,35,196,3.8,0.358,0.2,0.118,5.7,3.5,4.6,6.5,1.9,0.4,8.2,22.3,-0.4,0.2,-0.2,-0.054,-7.4,-1.7,-9.0,-0.3
Brendan Haywood,haywobr01,WAS,C,22,62,1266,13.7,0.54,0.0,0.724,13.0,16.6,14.8,3.5,0.9,5.3,14.6,12.4,1.7,1.4,3.1,0.116,-1.7,0.5,-1.3,0.2
Brent Barry,barrybr01,SEA,SG,30,81,3040,19.3,0.652,0.49,0.296,2.3,14.6,8.6,21.3,2.6,0.9,15.6,16.2,8.8,3.3,12.1,0.191,3.8,1.6,5.5,5.8
Brent Price,pricebr01,SAC,PG,33,20,89,6.6,0.474,0.556,0.481,4.9,4.7,4.8,13.9,1.7,0.7,23.4,20.9,-0.1,0.1,0.0,-0.009,-4.9,-1.0,-5.9,-0.1
Brevin Knight,knighbr01,MEM,PG,26,53,1151,14.9,0.482,0.024,0.344,1.1,9.5,5.3,43.9,3.6,0.4,22.4,19.6,0.2,1.2,1.4,0.058,-2.0,0.9,-1.0,0.3
Brian Cardinal,cardibr01,DET,PF,24,8,43,15.9,0.612,0.538,0.154,5.5,10.9,8.2,8.0,1.2,0.0,0.0,15.2,0.1,0.0,0.2,0.201,2.4,-0.5,2.0,0.0
Brian Grant,grantbr01,MIA,PF,29,72,2256,12.7,0.508,0.003,0.195,8.8,20.9,14.9,10.5,1.2,1.1,15.6,16.6,1.1,3.7,4.8,0.103,-1.9,0.7,-1.1,0.5
Brian Scalabrine,scalabr01,NJN,PF,23,28,290,4.2,0.408,0.149,0.224,4.6,15.2,9.9,10.5,1.6,0.5,24.6,15.1,-0.5,0.4,-0.1,-0.015,-6.4,0.0,-6.4,-0.3
Brian Shaw,shawbr01,LAL,PG,35,58,631,11.8,0.458,0.509,0.15,3.4,16.1,9.8,20.2,2.1,0.3,14.8,15.4,0.3,0.9,1.2,0.089,-1.0,1.0,0.0,0.3
Brian Skinner,skinnbr01,CLE,PF,25,65,1107,11.3,0.569,0.0,0.488,10.0,19.8,14.9,2.3,1.2,4.0,17.6,9.9,1.0,1.0,1.9,0.084,-2.4,-0.1,-2.4,-0.1
Bruce Bowen,bowenbr01,SAS,SF,30,59,1699,8.2,0.468,0.372,0.241,2.9,7.9,5.5,8.1,1.9,1.0,13.0,13.9,-0.3,2.2,1.9,0.054,-2.5,1.2,-1.3,0.3
Bruno Šundov,sundobr01,IND,C,21,22,88,8.7,0.391,0.025,0.05,9.2,17.5,13.5,6.1,1.8,2.4,8.9,23.1,-0.2,0.1,0.0,-0.021,-5.9,-0.7,-6.6,-0.1
Bryant Stith,stithbr01,CLE,SG,31,50,665,11.1,0.493,0.362,0.277,3.6,11.4,7.5,9.9,2.3,0.7,12.5,16.6,0.3,0.4,0.7,0.047,-1.5,-0.5,-2.1,0.0
Bryce Drew,drewbr01,CHO,PG,27,61,774,12.4,0.539,0.401,0.159,2.1,8.5,5.3,20.7,2.2,0.2,14.5,13.4,1.0,0.7,1.7,0.105,-0.7,0.7,0.0,0.4
Bryon Russell,russebr01,UTA,SG,31,66,1998,9.8,0.493,0.387,0.24,4.7,13.1,8.9,11.1,1.7,0.8,14.6,17.1,0.7,1.6,2.3,0.055,-1.8,-0.8,-2.7,-0.3
Cal Bowdler,bowdlca01,ATL,PF,24,52,585,9.4,0.416,0.029,0.27,7.4,14.1,10.7,3.0,1.6,1.9,5.3,15.9,0.0,0.5,0.5,0.039,-3.3,-1.0,-4.3,-0.3
Calbert Cheaney,cheanca01,DEN,SG,30,68,1631,10.3,0.499,0.009,0.144,3.8,13.4,8.4,11.3,1.1,1.0,12.4,15.5,0.6,0.6,1.2,0.037,-2.8,-0.8,-3.5,-0.6
Calvin Booth,boothca01,SEA,C,25,15,279,11.9,0.502,0.0,0.293,8.6,14.1,11.4,8.6,1.2,3.5,14.7,18.1,0.2,0.3,0.5,0.082,-3.3,0.2,-3.0,0.0
Carlos Arroyo,arroyca01,"TOR,DEN",PG,22,37,371,12.4,0.467,0.018,0.162,3.5,9.0,6.2,31.2,1.6,0.2,16.2,17.2,0.2,0.1,0.4,0.047,-1.8,-1.1,-2.9,-0.1
Carlos Rogers,rogerca01,IND,C,30,22,168,15.3,0.574,0.14,0.442,9.6,15.7,12.8,3.0,1.6,2.5,8.9,15.2,0.3,0.2,0.5,0.14,0.2,0.2,0.4,0.1
Cedric Henderson,hendece02,GSW,SF,26,12,70,14.4,0.528,0.129,0.226,1.5,3.1,2.3,10.5,4.4,1.9,19.0,25.3,-0.1,0.1,0.0,0.003,-0.1,1.8,1.7,0.1
Charles Oakley,oaklech01,CHI,PF,38,57,1383,6.6,0.392,0.023,0.106,5.9,23.5,14.5,12.9,1.9,0.6,24.0,12.1,-1.8,1.3,-0.5,-0.016,-5.6,0.5,-5.1,-1.1
Charles Smith,smithch04,SAS,SG,26,60,1141,13.2,0.483,0.306,0.152,3.5,9.7,6.7,12.2,2.4,2.7,11.4,21.0,0.1,1.9,2.0,0.085,-1.0,1.9,0.9,0.8
Charlie Bell,bellch01,"PHO,DAL",SG,22,7,44,-1.8,0.337,0.545,0.182,5.1,7.7,6.4,6.4,0.0,0.0,29.6,17.2,-0.2,0.0,-0.2,-0.172,-8.3,-4.0,-12.3,-0.1
Charlie Ward,wardch01,NYK,PG,31,63,1058,14.5,0.496,0.541,0.191,1.6,12.3,7.0,31.7,3.4,1.0,18.6,17.8,0.6,1.3,1.9,0.087,-0.2,2.2,2.0,1.1
Chauncey Billups,billuch01,MIN,PG,25,82,2355,17.6,0.555,0.383,0.284,1.7,9.2,5.5,29.2,1.5,0.5,13.0,20.4,6.1,1.5,7.6,0.156,3.1,-0.6,2.5,2.7
Cherokee Parks,parksch02,SAS,C,29,42,234,7.6,0.364,0.0,0.096,12.2,16.2,14.3,7.1,1.6,2.4,13.9,20.0,-0.4,0.4,0.0,-0.005,-5.5,0.2,-5.4,-0.2
Chris Andersen,anderch01,DEN,C,23,24,262,13.8,0.417,0.054,0.378,15.8,17.4,16.5,4.2,1.4,7.9,13.1,17.0,0.0,0.3,0.3,0.058,-3.3,0.3,-3.0,-0.1
Chris Childs,childch01,TOR,PG,34,69,1576,8.8,0.435,0.405,0.24,1.3,10.2,5.6,32.9,1.9,0.2,27.3,13.0,-0.4,1.5,1.1,0.033,-3.9,-0.3,-4.2,-0.9
Chris Crawford,crawfch01,ATL,PF,26,7,131,11.5,0.514,0.022,0.333,7.8,14.0,10.9,6.7,0.8,2.8,16.2,21.3,0.0,0.1,0.1,0.035,-3.2,-0.3,-3.6,-0.1
Chris Dudley,dudlech02,POR,C,36,43,327,7.1,0.424,0.04,0.3,9.6,19.3,14.4,5.7,0.5,3.3,19.8,9.9,-0.1,0.4,0.3,0.042,-4.9,-0.1,-5.0,-0.2
Chris Gatling,gatlich01,MIA,PF,34,54,809,13.4,0.501,0.027,0.399,10.3,19.3,14.9,5.7,1.2,1.0,14.4,23.7,0.1,1.3,1.4,0.081,-2.5,-0.6,-3.1,-0.2
Chris Mihm,mihmch01,CLE,C,22,74,1659,10.0,0.47,0.013,0.34,9.5,18.2,13.9,2.4,0.6,3.9,13.8,19.4,-0.5,1.1,0.7,0.019,-5.0,-1.8,-6.9,-2.0
Chris Mills,millsch01,GSW,SF,32,66,1237,12.3,0.516,0.297,0.251,4.3,12.4,8.2,9.5,1.3,0.7,10.6,18.0,1.6,0.3,1.9,0.074,-0.3,-1.2,-1.5,0.1
Chris Webber,webbech01,SAC,PF,28,54,2071,24.4,0.54,0.018,0.314,7.9,20.1,14.1,21.9,2.2,2.4,11.4,29.0,4.8,3.9,8.6,0.2,3.8,1.6,5.4,3.9
Chris Whitney,whitnch01,WAS,PG,30,82,2171,15.6,0.568,0.492,0.267,0.6,7.6,4.1,23.4,1.8,0.2,10.4,17.4,5.4,1.1,6.5,0.143,1.8,-0.3,1.5,2.0
Christian Laettner,laettch01,WAS,PF,32,57,1441,13.7,0.511,0.028,0.21,5.9,18.5,12.1,16.7,2.3,1.3,17.7,15.4,0.9,1.6,2.6,0.086,-0.6,1.1,0.5,0.9
Chucky Atkins,atkinch01,DET,PG,27,79,2285,14.5,0.568,0.425,0.152,1.6,6.5,4.1,20.5,1.7,0.3,13.2,20.0,3.3,1.8,5.1,0.107,0.9,-0.6,0.2,1.3
Chucky Brown,brownch01,SAC,SF,33,18,92,10.1,0.377,0.0,0.074,11.8,26.2,19.2,9.1,1.1,2.9,15.2,15.6,-0.1,0.2,0.1,0.052,-3.6,0.8,-2.8,0.0
Clarence Weatherspoon,weathcl01,NYK,PF,31,56,1728,13.3,0.478,0.0,0.323,10.0,20.9,15.4,5.8,1.1,2.1,8.3,15.2,1.6,1.9,3.5,0.097,-0.8,-0.2,-1.1,0.4
Clifford Robinson,robincl02,DET,PF,35,80,2855,13.5,0.503,0.284,0.193,3.3,12.6,8.0,12.5,1.7,2.4,11.5,21.6,0.8,3.5,4.3,0.073,-0.6,0.1,-0.5,1.1
Corey Maggette,maggeco01,LAC,SG,22,63,1615,14.3,0.56,0.262,0.474,3.8,12.3,8.1,11.5,1.4,0.8,15.3,21.1,2.3,1.0,3.3,0.099,-0.2,-0.6,-0.8,0.5
Corie Blount,blounco01,PHI,PF,33,72,1426,10.2,0.478,0.004,0.179,12.0,17.2,14.6,4.9,1.9,1.4,16.1,10.4,0.7,2.4,3.1,0.104,-2.7,0.9,-1.9,0.1
Corliss Williamson,willico02,DET,SF,28,78,1701,20.0,0.567,0.006,0.37,8.2,13.9,11.1,11.5,1.5,1.1,12.8,29.8,3.2,1.9,5.1,0.144,0.6,-0.9,-0.3,0.7
Courtney Alexander,alexaco02,WAS,SG,24,56,1325,13.6,0.521,0.038,0.255,3.7,9.3,6.5,11.3,1.4,0.4,10.2,20.4,1.6,0.6,2.2,0.08,-0.9,-1.3,-2.2,-0.1
Cuttino Mobley,moblecu01,HOU,SG,26,74,3116,16.7,0.537,0.278,0.231,2.3,8.8,5.5,11.6,1.9,0.8,10.7,24.9,4.6,1.1,5.7,0.087,1.1,-0.8,0.3,1.8
Dale Davis,davisda01,POR,C,32,78,2447,16.6,0.551,0.0,0.366,12.4,20.7,16.5,6.2,1.4,2.6,8.4,13.7,5.4,3.1,8.5,0.168,1.0,0.1,1.1,1.9
Dalibor Bagarić,bagarda01,CHI,C,21,50,638,8.6,0.443,0.006,0.393,9.8,20.1,14.8,6.0,1.4,2.8,18.1,18.4,-0.7,0.6,-0.1,-0.011,-5.7,-1.5,-7.2,-0.8
Damon Jones,jonesda01,DET,PG,25,67,1083,11.2,0.548,0.655,0.208,1.4,9.7,5.6,20.9,1.1,0.1,16.4,16.1,1.1,0.8,1.9,0.084,-0.7,-1.0,-1.7,0.1
Damon Stoudamire,stoudda01,POR,PG,28,75,2796,14.7,0.506,0.321,0.214,3.2,9.1,6.1,28.0,1.3,0.2,12.9,18.8,4.9,1.7,6.6,0.113,1.2,-0.8,0.5,1.7
Damone Brown,brownda02,PHI,SF,22,17,67,1.6,0.469,0.048,0.381,3.4,3.4,3.4,5.0,0.8,1.1,26.8,22.9,-0.2,0.1,-0.1,-0.096,-8.5,-2.5,-11.1,-0.1
Dan Langhi,langhda01,HOU,SF,24,34,434,8.5,0.412,0.032,0.088,5.7,12.0,8.8,5.4,1.0,0.8,6.5,14.8,-0.1,0.1,0.0,0.001,-3.0,-1.6,-4.6,-0.3
Dan Majerle,majerda01,PHO,SG,36,65,1180,10.3,0.49,0.813,0.135,2.6,14.4,8.4,10.9,2.1,0.9,10.3,12.9,0.8,1.3,2.1,0.087,-1.0,1.5,0.5,0.8
Dana Barros,barroda01,DET,PG,34,29,582,10.5,0.473,0.37,0.141,0.2,11.3,5.8,22.5,1.3,0.2,13.9,19.2,0.0,0.5,0.5,0.04,-2.0,-0.6,-2.6,-0.1
Daniel Santiago,santida01,PHO,C,25,3,24,9.6,0.5,0.0,0.0,0.0,33.4,16.5,13.6,0.0,3.0,20.0,18.7,0.0,0.0,0.0,0.025,-4.4,2.1,-2.4,0.0
Danny Ferry,ferryda01,SAS,SF,35,50,799,11.2,0.594,0.559,0.203,2.2,10.4,6.5,9.4,1.1,0.8,10.2,12.5,1.4,0.9,2.3,0.14,-0.2,0.6,0.4,0.5
Danny Fortson,fortsda01,GSW,PF,25,77,2216,15.9,0.504,0.006,0.427,13.7,30.3,21.8,9.3,1.0,0.5,15.7,19.3,2.5,2.1,4.5,0.098,-0.2,-1.8,-2.0,0.0
Danny Manning,mannida01,DAL,PF,35,41,552,11.7,0.505,0.047,0.221,5.1,16.5,10.9,8.0,2.0,2.7,13.3,15.4,0.3,0.6,0.8,0.07,-2.5,1.2,-1.2,0.1
Darius Miles,milesda01,LAC,SF,20,82,2227,14.4,0.516,0.03,0.397,5.6,17.3,11.5,13.5,1.7,3.2,17.5,18.5,0.8,2.6,3.4,0.074,-0.7,1.3,0.6,1.5
Darrell Armstrong,armstda01,ORL,PG,33,82,2730,16.7,0.553,0.481,0.248,3.4,9.7,6.5,25.5,3.0,0.3,16.0,17.9,5.0,2.6,7.6,0.134,1.6,0.8,2.4,3.0
Darrick Martin,martida01,DAL,PG,30,3,22,-11.2,0.046,0.2,0.2,0.0,5.0,2.5,16.9,4.7,0.0,8.4,24.4,-0.2,0.0,-0.2,-0.427,-16.7,-2.5,-19.2,-0.1
Darvin Ham,hamda01,MIL,SF,28,70,1208,9.7,0.571,0.033,0.583,9.1,10.1,9.7,9.1,1.1,2.2,23.8,13.5,0.7,0.6,1.2,0.05,-3.3,-0.3,-3.6,-0.5
David Robinson,robinda01,SAS,C,36,78,2303,20.3,0.562,0.0,0.588,9.9,22.0,16.2,7.0,2.0,4.3,10.9,19.2,5.0,5.1,10.1,0.211,1.6,2.2,3.9,3.4
David Wesley,wesleda01,CHO,SG,31,67,2487,11.3,0.479,0.281,0.207,2.0,4.5,3.3,16.2,1.6,0.4,10.7,20.4,1.1,1.5,2.6,0.05,-1.1,-0.9,-2.1,0.0
DeSagana Diop,diopde01,CLE,C,20,18,109,3.2,0.401,0.0,0.172,5.4,12.8,9.2,7.3,0.5,6.7,27.8,18.2,-0.4,0.1,-0.3,-0.124,-9.4,-0.2,-9.5,-0.2
DeShawn Stevenson,stevede01,UTA,SG,20,67,1134,8.2,0.412,0.067,0.143,4.6,9.3,7.0,17.1,1.4,1.7,14.7,18.4,-0.9,0.7,-0.2,-0.01,-2.9,-0.9,-3.9,-0.5
Dean Garrett,garrede01,"MIN,GSW",C,35,34,183,6.3,0.32,0.0,0.055,10.0,25.4,17.8,3.9,2.0,4.0,15.1,16.1,-0.4,0.3,-0.1,-0.024,-7.2,-0.2,-7.4,-0.3
Dean Oliver,olivede01,GSW,PG,23,20,139,6.0,0.42,0.283,0.196,0.0,6.3,3.1,23.8,1.1,0.0,18.0,18.5,-0.1,0.0,-0.1,-0.049,-5.7,-3.6,-9.3,-0.3
Dee Brown,brownde01,ORL,PG,33,7,65,-3.2,0.175,0.6,0.0,0.0,15.6,7.7,4.2,2.4,1.1,16.7,16.5,-0.4,0.1,-0.3,-0.214,-10.7,-2.5,-13.2,-0.2
Dell Curry,curryde01,TOR,SG,37,56,886,12.0,0.495,0.378,0.107,2.9,7.8,5.2,11.9,1.3,0.5,10.1,20.8,0.6,0.6,1.2,0.063,0.0,-1.0,-1.0,0.2
DerMarr Johnson,johnsde03,ATL,SF,21,72,1727,11.3,0.513,0.457,0.194,3.9,12.5,8.2,7.7,1.9,2.4,14.8,18.0,0.2,1.5,1.7,0.048,-1.3,0.0,-1.3,0.3
Derek Anderson,anderde01,POR,SG,27,70,1860,15.5,0.538,0.373,0.34,2.9,9.1,6.0,18.6,2.0,0.3,11.0,19.4,3.8,1.5,5.3,0.137,1.4,0.2,1.6,1.7
Derek Fisher,fishede01,LAL,PG,27,70,1974,14.0,0.55,0.524,0.167,0.8,7.2,4.1,13.9,1.7,0.3,8.0,17.6,3.7,1.8,5.5,0.134,1.1,0.0,1.1,1.5
Derrick Coleman,colemde01,PHI,PF,34,58,2080,16.2,0.524,0.113,0.309,9.2,18.5,13.9,8.5,1.1,1.9,12.5,21.0,2.7,3.2,5.9,0.135,0.8,0.1,0.9,1.5
Derrick Dial,dialde01,"NJN,TOR",SG,26,32,299,11.0,0.387,0.092,0.2,5.2,16.0,10.6,18.6,1.8,1.0,10.9,22.1,-0.3,0.4,0.1,0.02,-2.6,0.5,-2.1,0.0
Derrick McKey,mckeyde01,PHI,SF,35,41,784,8.8,0.464,0.098,0.115,7.0,11.3,9.2,8.9,2.8,0.4,14.7,8.8,0.3,1.2,1.6,0.096,-3.0,2.2,-0.8,0.2
Desmond Mason,masonde01,SEA,SF,24,75,2420,13.4,0.533,0.077,0.308,4.6,12.4,8.6,6.7,1.5,0.8,10.6,18.8,3.0,1.6,4.7,0.093,-0.7,-0.9,-1.7,0.2
Devean George,georgde01,LAL,SF,24,82,1759,12.6,0.502,0.34,0.241,4.9,14.0,9.5,9.4,2.1,1.7,10.2,16.4,1.6,2.6,4.2,0.113,-0.8,1.0,0.3,1.0
Dickey Simpkins,simpkdi01,ATL,PF,29,1,3,11.6,,,,0.0,0.0,0.0,45.5,0.0,0.0,,0.0,0.0,0.0,0.0,0.116,7.1,6.9,14.0,0.0
Dikembe Mutombo,mutomdi01,PHI,C,35,80,2907,16.0,0.574,0.0,0.568,10.0,23.5,16.8,4.8,0.5,5.0,16.3,15.1,4.1,5.5,9.6,0.158,-0.5,1.2,0.7,2.0
Dion Glover,glovedi01,ATL,SG,23,55,1156,13.1,0.491,0.2,0.226,3.5,13.2,8.3,12.8,2.0,0.9,13.2,22.6,0.0,0.9,0.9,0.037,-1.2,-0.7,-1.9,0.0
Dirk Nowitzki,nowitdi01,DAL,C,23,76,2891,24.1,0.599,0.278,0.41,4.7,24.0,14.5,10.8,1.5,1.9,8.9,25.5,10.2,3.1,13.4,0.222,5.4,0.1,5.5,5.5
Don Reid,reiddo01,ORL,PF,28,68,714,10.1,0.509,0.0,0.358,10.1,17.5,13.8,5.8,1.4,4.3,19.7,17.2,0.0,0.9,0.9,0.062,-6.3,0.8,-5.5,-0.6
Donnell Harvey,harvedo01,"DAL,DEN",PF,21,47,841,14.1,0.526,0.0,0.415,10.4,20.5,15.3,7.2,1.3,2.1,11.4,15.4,1.1,0.7,1.8,0.105,-1.5,-0.4,-1.9,0.0
Donny Marshall,marshdo02,NJN,SF,29,20,118,7.7,0.406,0.138,0.621,7.6,12.4,10.0,6.1,1.3,0.0,5.1,14.8,0.0,0.1,0.2,0.076,-4.0,-1.1,-5.0,-0.1
Donyell Marshall,marshdo01,UTA,SF,28,58,1750,19.2,0.565,0.064,0.342,10.8,19.7,15.2,10.9,1.5,3.0,14.0,22.8,3.0,2.1,5.0,0.138,1.9,-0.1,1.7,1.6
Doug Christie,chrisdo01,SAC,SG,31,81,2798,15.2,0.578,0.348,0.329,2.9,11.2,7.1,17.2,2.9,0.6,16.3,15.6,4.4,4.2,8.6,0.148,0.3,2.2,2.4,3.1
Doug Overton,overtdo01,LAC,PG,32,18,130,4.8,0.414,0.614,0.159,0.9,9.5,5.2,15.6,1.2,0.5,20.3,20.5,-0.3,0.1,-0.2,-0.077,-5.2,-2.1,-7.3,-0.2
Earl Boykins,boykiea01,LAC,PG,25,68,761,13.9,0.464,0.153,0.222,4.1,4.0,4.0,31.5,1.4,0.2,12.7,20.5,0.9,0.2,1.0,0.065,0.6,-2.0,-1.3,0.1
Earl Watson,watsoea01,SEA,PG,22,64,964,11.6,0.507,0.208,0.17,3.9,6.2,5.1,18.8,3.4,0.4,18.3,13.4,0.7,0.8,1.5,0.076,-1.8,1.6,-0.2,0.4
Eddie Gill,gilled01,MEM,PG,23,23,384,9.2,0.531,0.239,0.424,2.0,6.1,4.1,20.6,1.5,0.5,23.7,16.9,0.0,0.1,0.1,0.011,-3.4,-1.3,-4.8,-0.3
Eddie Griffin,griffed01,HOU,PF,19,73,1896,13.8,0.456,0.41,0.129,7.0,18.2,12.5,4.8,0.5,4.8,6.3,18.4,1.0,1.4,2.4,0.061,-0.3,-0.6,-0.9,0.5
Eddie House,houseed01,MIA,PG,23,64,1230,11.6,0.471,0.3,0.094,1.6,8.8,5.2,18.8,1.9,0.3,12.8,24.3,-0.7,1.6,0.9,0.036,-1.5,0.1,-1.4,0.2
Eddie Jones,jonesed02,MIA,SG,30,81,3156,17.5,0.546,0.319,0.296,2.3,11.6,7.0,15.4,2.0,1.9,9.9,22.7,5.6,5.0,10.5,0.16,2.2,1.7,3.9,4.6
Eddie Robinson,robined01,CHI,SF,25,29,653,12.5,0.489,0.02,0.194,4.2,9.9,7.0,10.5,1.9,1.3,11.8,21.4,-0.1,0.3,0.2,0.015,-1.1,-1.2,-2.3,-0.1
Eddy Curry,curryed01,CHI,C,19,72,1150,14.4,0.54,0.0,0.424,11.0,16.8,13.8,4.0,0.7,3.4,13.4,20.7,1.0,0.8,1.8,0.075,-2.4,-1.9,-4.4,-0.7
Eduardo Nájera,najered01,DAL,PF,25,62,1357,14.8,0.548,0.007,0.493,12.4,15.6,14.0,4.0,2.1,1.6,9.9,13.5,2.8,1.2,4.0,0.142,0.1,0.0,0.2,0.7
Elden Campbell,campbel01,CHO,PF,33,77,2156,19.5,0.558,0.003,0.484,7.0,21.0,14.0,8.5,1.5,4.6,12.5,23.3,4.0,3.5,7.6,0.168,0.5,1.5,1.9,2.2
Eldridge Recasner,recasel01,"CHO,LAC",PG,34,6,33,5.3,0.388,0.167,0.167,0.0,0.0,0.0,22.1,1.6,0.0,13.4,10.2,0.0,0.0,0.0,0.013,-5.3,-0.3,-5.6,0.0
Elliot Perry,perryel01,MEM,PG,32,2,48,5.3,0.506,0.0,0.2,0.0,9.3,4.6,23.7,3.3,0.0,39.1,16.9,-0.1,0.0,-0.1,-0.087,-8.6,0.5,-8.1,-0.1
Elton Brand,brandel01,LAC,PF,22,80,3020,23.6,0.586,0.0,0.519,15.0,19.6,17.3,11.0,1.4,3.7,12.2,21.1,9.9,3.7,13.6,0.216,3.9,0.4,4.3,4.8
Emanual Davis,davisem01,ATL,PG,33,28,774,6.5,0.449,0.429,0.091,2.8,8.2,5.5,13.7,1.8,0.5,20.2,15.1,-0.7,0.4,-0.3,-0.019,-3.7,-0.8,-4.5,-0.5
Eric Montross,montrer01,TOR,C,30,49,655,5.8,0.398,0.008,0.235,6.1,18.8,12.3,3.7,1.0,2.6,14.7,11.9,-0.6,0.8,0.2,0.015,-5.9,0.3,-5.6,-0.6
Eric Piatkowski,piatker01,LAC,SG,31,71,1718,13.8,0.601,0.505,0.24,2.9,9.2,6.1,10.4,1.3,0.5,10.9,15.4,3.8,0.8,4.5,0.127,1.4,-0.4,1.0,1.3
Eric Snow,snower01,PHI,PG,28,61,2225,14.7,0.51,0.043,0.364,1.7,9.2,5.5,30.6,2.3,0.3,16.0,17.7,2.6,2.9,5.5,0.119,-0.6,0.9,0.3,1.3
Eric Williams,willier01,BOS,SF,29,74,1747,8.8,0.49,0.223,0.569,3.6,10.5,6.9,9.8,2.3,0.4,16.5,15.0,0.0,2.2,2.2,0.061,-4.0,1.0,-3.0,-0.4
Erick Barkley,barkler01,POR,PG,23,19,228,9.8,0.401,0.103,0.147,2.5,6.8,4.6,22.9,4.0,0.3,14.2,16.9,-0.1,0.3,0.2,0.044,-4.9,1.9,-3.0,-0.1
Erick Dampier,dampier01,GSW,C,26,73,1740,11.3,0.484,0.0,0.44,10.0,13.9,11.9,7.8,0.5,6.5,21.4,17.6,-0.8,1.1,0.3,0.009,-3.9,0.4,-3.5,-0.7
Erick Strickland,stricer01,BOS,PG,28,79,1643,12.9,0.545,0.506,0.318,1.4,13.1,7.1,18.6,1.8,0.0,14.5,18.0,1.8,2.0,3.8,0.111,-0.9,0.4,-0.5,0.6
Ernest Brown,browner01,MIA,C,22,3,21,-9.7,0.193,0.0,0.667,5.6,27.6,16.7,0.0,0.0,3.7,27.9,24.5,-0.2,0.0,-0.2,-0.349,-16.5,-1.7,-18.2,-0.1
Ervin Johnson,johnser02,MIL,C,34,81,1660,8.6,0.468,0.005,0.342,10.4,21.5,16.2,2.3,1.2,3.6,19.0,7.7,0.5,1.9,2.3,0.067,-3.4,-0.1,-3.5,-0.6
Etan Thomas,thomaet01,WAS,C,23,47,618,15.7,0.553,0.0,0.49,10.2,24.0,17.0,1.6,1.5,4.2,12.4,15.6,0.8,0.9,1.6,0.127,-1.2,0.0,-1.2,0.1
Evan Eschmeyer,eschmev01,DAL,C,26,31,299,9.9,0.48,0.0,0.66,13.2,23.1,18.2,4.1,1.7,2.2,19.9,12.2,0.2,0.4,0.5,0.083,-4.3,0.2,-4.1,-0.2
Felipe López,lopezfe01,MIN,SG,27,67,581,7.8,0.469,0.212,0.353,5.8,10.0,8.0,9.6,1.6,0.1,16.7,16.8,-0.1,0.4,0.3,0.027,-3.9,-0.7,-4.6,-0.4
Felton Spencer,spencfe01,NYK,C,34,32,248,0.8,0.358,0.0,1.269,7.5,15.9,11.7,1.8,1.5,2.4,22.8,9.9,-0.3,0.3,-0.1,-0.013,-10.5,0.6,-9.9,-0.5
Fred Hoiberg,hoibefr01,CHI,SG,29,79,1408,12.2,0.519,0.316,0.323,1.5,16.4,8.7,15.5,2.3,0.3,8.8,11.9,1.6,1.1,2.7,0.092,-1.7,0.8,-0.9,0.4
Gary Payton,paytoga01,SEA,PG,33,82,3301,22.9,0.526,0.15,0.212,2.9,11.1,7.1,39.4,2.1,0.6,10.8,27.2,10.1,2.5,12.6,0.183,5.2,-0.2,5.1,5.9
Gary Trent,trentga01,MIN,PF,27,64,1140,15.4,0.538,0.005,0.378,10.7,16.6,13.7,8.3,1.0,1.8,11.5,19.9,1.9,1.1,3.0,0.125,-0.8,-0.7,-1.6,0.1
George Lynch,lynchge01,CHO,SF,31,45,893,9.0,0.399,0.03,0.202,9.0,14.8,11.9,9.3,2.4,1.1,16.0,13.1,-0.5,1.2,0.7,0.038,-2.8,1.0,-1.8,0.0
George McCloud,mccloge01,DEN,SF,34,69,1830,9.8,0.466,0.385,0.283,4.0,12.1,7.8,17.9,1.7,0.8,18.2,19.4,-0.7,0.8,0.1,0.003,-2.5,-0.8,-3.3,-0.6
Gerald Wallace,wallage01,SAC,SF,19,54,430,13.3,0.443,0.04,0.263,12.4,9.8,11.1,9.6,2.2,0.9,10.1,22.0,0.1,0.6,0.6,0.071,-2.0,-0.4,-2.4,0.0
Gilbert Arenas,arenagi01,GSW,PG,20,47,1155,17.0,0.562,0.294,0.417,3.7,8.7,6.1,24.8,3.0,0.6,17.6,20.1,2.1,0.7,2.7,0.114,1.0,0.0,1.0,0.9
Glen Rice,ricegl01,HOU,SF,34,20,606,8.0,0.477,0.383,0.18,0.9,8.0,4.4,8.5,1.1,0.3,11.8,15.6,0.0,0.0,0.0,0.002,-3.1,-0.7,-3.8,-0.3
Glenn Robinson,robingl01,MIL,SF,29,66,2346,19.1,0.537,0.155,0.246,3.6,15.8,10.0,13.4,2.2,1.3,12.0,28.8,2.6,2.1,4.7,0.096,1.2,-0.9,0.3,1.4
Grant Hill,hillgr01,ORL,SF,29,14,512,16.7,0.51,0.01,0.41,6.3,21.1,13.6,20.3,0.8,0.5,13.8,23.4,0.7,0.5,1.2,0.108,0.8,-0.3,0.5,0.3
Grant Long,longgr01,MEM,PF,35,66,1868,7.7,0.475,0.044,0.319,1.9,11.9,6.9,11.5,1.8,0.4,19.0,13.2,-1.0,1.2,0.2,0.004,-4.8,0.2,-4.6,-1.2
Greg Anthony,anthogr01,"CHI,MIL",PG,34,60,1514,12.6,0.46,0.343,0.192,1.7,8.5,5.1,30.8,2.7,0.2,15.4,18.6,0.2,0.9,1.1,0.036,-1.4,-0.4,-1.9,0.1
Greg Buckner,buckngr01,DAL,SG,25,44,885,13.3,0.566,0.081,0.293,8.6,13.1,10.9,7.9,1.8,1.5,10.8,12.8,1.7,0.6,2.3,0.126,-0.4,0.6,0.2,0.5
Greg Foster,fostegr01,MIL,PF,33,6,24,4.8,0.325,0.444,0.444,0.0,36.8,19.3,6.1,0.0,0.0,0.0,21.0,0.0,0.0,0.0,-0.039,-7.7,-2.5,-10.2,-0.1
Greg Ostertag,ostergr01,UTA,C,28,74,1107,12.7,0.474,0.0,0.647,13.5,20.6,17.0,7.0,0.7,7.8,16.5,12.6,0.5,1.6,2.1,0.09,-2.3,1.2,-1.1,0.3
Hakeem Olajuwon,olajuha01,TOR,C,39,61,1378,14.4,0.478,0.005,0.201,7.9,23.1,15.3,8.0,2.9,4.9,17.7,18.3,-0.8,2.9,2.1,0.074,-2.7,2.4,-0.4,0.6
Hanno Möttölä,mottoha01,ATL,C,25,82,1371,8.4,0.474,0.034,0.198,6.7,15.6,11.2,6.0,0.8,1.0,14.4,16.1,-0.3,0.8,0.5,0.019,-4.1,-1.3,-5.4,-1.2
Harold Jamison,jamisha01,LAC,PF,25,25,176,13.9,0.544,0.0,0.349,15.6,9.5,12.5,5.5,1.5,0.4,10.8,14.3,0.4,0.1,0.5,0.126,-0.1,-0.9,-1.0,0.0
Hedo Türkoğlu,turkohe01,SAC,SF,22,80,1970,14.2,0.514,0.249,0.335,3.5,16.0,9.8,12.2,1.5,1.0,9.3,19.2,2.5,2.7,5.2,0.127,0.1,0.7,0.8,1.4
Horace Grant,grantho01,ORL,C,36,76,2210,13.9,0.539,0.0,0.216,8.0,16.4,12.2,7.1,1.3,1.6,8.3,12.5,3.6,2.0,5.6,0.122,0.1,-0.1,0.0,1.1
Howard Eisley,eisleho01,NYK,PG,29,39,609,8.5,0.435,0.331,0.28,1.7,7.6,4.7,26.7,2.1,0.4,21.2,19.1,-0.7,0.4,-0.3,-0.021,-3.5,-0.6,-4.2,-0.3
Hubert Davis,davishu01,WAS,SG,31,51,1231,10.7,0.544,0.387,0.064,0.7,6.7,3.6,13.9,1.2,0.2,11.6,14.2,1.3,0.4,1.7,0.065,-0.3,-0.5,-0.8,0.4
Ira Bowman,bowmair01,PHI,SG,28,3,29,16.4,0.714,0.143,0.0,0.0,3.9,2.0,6.4,3.7,0.0,0.0,11.1,0.1,0.0,0.1,0.21,1.1,5.5,6.6,0.1
Ira Newble,newblir01,ATL,SF,27,42,1273,11.5,0.56,0.027,0.335,7.1,12.8,10.0,5.6,1.6,1.2,14.0,12.5,1.5,0.9,2.3,0.089,-1.7,0.3,-1.5,0.2
Isaac Austin,austiis01,MEM,C,32,21,307,7.8,0.405,0.033,0.043,4.0,21.8,12.9,7.0,1.5,1.1,10.5,15.5,-0.3,0.3,0.0,0.003,-5.7,0.3,-5.4,-0.3
Isaac Fontaine,fontais01,MEM,SG,26,6,75,-0.9,0.331,0.357,0.429,0.0,7.4,3.7,7.8,0.0,0.0,19.4,12.5,-0.2,0.0,-0.2,-0.112,-7.3,-2.4,-9.7,-0.1
Isaiah Rider,rideris01,DEN,SG,30,10,173,16.3,0.526,0.185,0.21,6.3,15.9,10.9,13.3,0.9,0.9,13.7,26.5,0.1,0.1,0.2,0.05,1.4,-1.6,-0.2,0.1
Jabari Smith,smithja01,"SAC,PHI",C,24,23,181,13.1,0.474,0.048,0.508,5.0,11.9,8.5,9.7,1.7,2.3,6.1,20.4,0.2,0.3,0.5,0.121,-2.8,0.6,-2.3,0.0
Jacque Vaughn,vaughja01,ATL,PG,26,82,1856,13.1,0.547,0.123,0.288,1.1,9.3,5.2,30.2,1.8,0.1,18.5,14.8,2.5,1.0,3.5,0.091,-1.6,-0.6,-2.2,-0.1
Jahidi White,whiteja01,WAS,C,25,71,1346,14.9,0.552,0.0,0.552,13.6,24.9,19.2,2.0,1.0,4.1,15.8,14.1,1.5,1.8,3.3,0.118,-1.3,-0.3,-1.5,0.2
Jake Tsakalidis,tsakaja01,PHO,C,22,67,1582,11.7,0.522,0.003,0.398,9.1,17.7,13.3,2.2,0.8,3.2,14.2,15.5,1.0,1.8,2.8,0.085,-3.4,-0.2,-3.5,-0.6
Jake Voskuhl,voskuja01,PHO,C,24,59,900,13.9,0.614,0.0,0.565,12.7,18.7,15.7,3.0,0.6,1.9,16.6,14.4,1.7,0.9,2.7,0.143,-2.0,-1.0,-3.0,-0.2
Jalen Rose,roseja01,"IND,CHI",SF,29,83,3153,16.8,0.528,0.169,0.23,1.6,11.9,6.8,22.0,1.3,1.0,11.1,26.1,3.5,2.1,5.7,0.087,1.4,-1.1,0.3,1.9
Jamaal Magloire,magloja01,CHO,C,23,82,1549,18.8,0.624,0.002,0.804,11.3,22.7,17.0,3.4,0.9,4.0,17.4,20.0,3.4,2.4,5.7,0.177,-0.3,0.1,-0.1,0.7
Jamaal Tinsley,tinslja01,IND,PG,23,80,2442,13.4,0.446,0.23,0.245,3.7,9.9,6.9,42.8,3.0,1.2,24.3,20.7,-1.3,2.9,1.7,0.033,-0.6,0.2,-0.4,1.0
Jamal Crawford,crawfja01,CHI,PG,21,23,481,15.3,0.555,0.31,0.07,1.2,7.2,4.1,21.8,2.0,0.8,14.2,21.5,0.4,0.2,0.6,0.055,1.7,-1.9,-0.2,0.2
Jamal Mashburn,mashbja01,CHO,SF,29,40,1601,16.9,0.505,0.151,0.324,2.2,15.0,8.6,19.7,1.5,0.3,11.5,27.4,1.8,1.6,3.4,0.101,1.7,-0.6,1.1,1.3
James Posey,poseyja01,DEN,SF,25,73,2238,12.9,0.474,0.322,0.276,5.3,17.1,10.9,13.1,2.7,1.3,13.3,19.1,0.6,2.2,2.7,0.058,-1.5,0.7,-0.8,0.7
Jamison Brewer,breweja01,IND,SG,21,13,43,10.0,0.4,0.2,0.0,5.4,15.4,10.5,30.3,2.4,0.0,37.5,8.4,0.0,0.1,0.0,0.052,-3.2,2.2,-1.0,0.0
Jaren Jackson,jacksja01,ORL,SG,34,9,144,7.2,0.503,0.541,0.108,0.8,12.5,6.6,8.2,1.8,0.0,17.1,14.5,-0.1,0.1,0.0,0.015,-3.7,0.0,-3.7,-0.1
Jarron Collins,collija03,UTA,C,23,70,1440,11.5,0.532,0.003,0.528,11.5,13.3,12.4,6.6,1.1,1.2,11.7,15.0,2.3,1.0,3.3,0.111,-2.1,-1.2,-3.3,-0.5
Jason Caffey,caffeja01,MIL,PF,28,23,283,11.2,0.544,0.014,0.597,10.3,10.1,10.2,6.7,0.8,1.3,17.3,18.2,0.2,0.1,0.3,0.056,-3.2,-2.2,-5.5,-0.2
Jason Collier,collija02,HOU,C,24,25,365,11.1,0.486,0.011,0.337,9.6,16.2,12.8,4.1,0.9,0.7,10.6,15.5,0.3,0.1,0.4,0.057,-3.1,-2.1,-5.2,-0.3
Jason Collins,collija04,NJN,C,23,77,1407,10.7,0.5,0.007,0.59,10.5,13.6,12.0,8.4,1.1,2.4,17.1,13.5,1.0,2.0,3.0,0.104,-2.6,0.6,-2.1,0.0
Jason Hart,hartja01,SAS,PG,23,10,92,13.5,0.601,0.105,0.316,5.2,10.9,8.1,20.9,4.1,0.8,27.0,15.0,0.1,0.2,0.3,0.142,-3.7,3.6,0.0,0.0
Jason Kidd,kiddja01,NJN,PG,28,82,3056,19.1,0.484,0.32,0.217,4.7,17.2,10.9,42.5,3.0,0.5,18.7,22.5,3.1,5.8,8.9,0.14,3.0,1.5,4.5,5.0
Jason Richardson,richaja01,GSW,SG,21,80,2629,13.8,0.487,0.226,0.193,4.9,9.0,6.9,15.4,2.0,0.8,11.9,21.5,2.0,0.9,2.9,0.052,0.1,-1.0,-0.9,0.7
Jason Terry,terryja01,ATL,SG,24,78,2967,19.2,0.549,0.364,0.279,1.5,8.9,5.2,26.9,2.5,0.3,11.7,23.6,6.6,2.1,8.6,0.139,3.3,-0.1,3.2,3.9
Jason Williams,willija02,MEM,PG,26,65,2236,15.1,0.466,0.437,0.103,1.1,8.6,4.9,42.0,2.6,0.2,17.2,25.3,-0.6,1.5,0.9,0.02,1.2,-1.3,-0.1,1.1
Jeff Foster,fosteje01,IND,C,25,82,1786,12.9,0.493,0.038,0.462,13.3,21.6,17.6,6.1,2.1,1.5,14.3,14.0,1.5,2.7,4.2,0.113,-1.7,0.3,-1.4,0.3
Jeff McInnis,mcinnje01,LAC,PG,27,81,3030,13.8,0.486,0.209,0.195,1.7,6.2,4.0,27.6,1.1,0.1,10.8,20.3,4.4,0.8,5.1,0.081,0.1,-1.7,-1.6,0.3
Jeff Trepagnier,trepaje01,CLE,SG,22,12,77,8.4,0.345,0.043,0.304,4.6,13.6,9.2,23.9,5.5,3.8,29.7,22.1,-0.3,0.1,-0.2,-0.114,-5.0,4.0,-1.1,0.0
Jelani McCoy,mccoyje01,LAL,C,24,21,104,9.5,0.53,0.0,0.381,8.6,17.8,13.3,9.9,0.0,3.4,24.6,14.0,0.0,0.1,0.1,0.05,-3.7,0.7,-3.0,0.0
Jermaine Jackson,jacksje01,TOR,SG,25,24,280,12.3,0.542,0.048,0.571,1.2,10.2,5.5,30.5,1.7,0.3,21.0,10.8,0.4,0.2,0.6,0.11,-2.2,0.6,-1.6,0.0
Jermaine O'Neal,onealje01,IND,PF,23,72,2707,18.1,0.521,0.012,0.365,8.0,23.1,15.8,8.1,0.9,4.4,11.7,24.9,2.3,4.1,6.4,0.113,-0.1,0.2,0.2,1.5
Jerome James,jamesje01,SEA,C,26,56,949,11.9,0.498,0.0,0.22,11.3,17.5,14.4,3.9,1.4,6.9,19.8,18.3,-0.4,1.3,0.9,0.045,-5.2,1.0,-4.3,-0.5
Jerome Williams,willije01,TOR,PF,28,68,1641,15.7,0.542,0.0,0.526,11.2,16.0,13.5,7.3,2.6,1.1,12.5,15.2,2.7,2.3,5.0,0.147,-0.2,0.8,0.6,1.1
Jerry Stackhouse,stackje01,DET,SF,27,76,2685,19.0,0.518,0.227,0.437,3.4,10.4,6.9,28.4,1.5,1.0,14.5,32.3,3.2,2.6,5.8,0.104,2.6,-1.2,1.4,2.4
Jeryl Sasser,sasseje01,ORL,SG,22,7,36,7.0,0.309,0.0,0.357,9.2,12.5,10.9,8.0,4.3,0.0,11.0,22.6,-0.1,0.1,-0.1,-0.07,-7.7,0.1,-7.6,0.0
Jim Jackson,jacksji01,MIA,SF,31,55,1825,11.3,0.511,0.151,0.162,3.5,15.0,9.3,13.4,1.3,0.6,15.5,17.8,0.3,2.5,2.8,0.073,-1.5,0.6,-1.0,0.5
Joe Crispin,crispjo01,"LAL,PHO",PG,22,21,156,17.1,0.536,0.574,0.191,1.4,6.6,4.0,27.4,1.7,0.0,11.9,24.0,0.3,0.1,0.4,0.136,3.8,-0.2,3.6,0.2
Joe Johnson,johnsjo02,"BOS,PHO",SG,20,77,1916,11.8,0.478,0.223,0.091,4.3,10.8,7.5,15.0,1.6,0.8,10.5,16.0,1.1,1.9,3.0,0.075,-1.2,0.5,-0.7,0.6
Joe Smith,smithjo02,MIN,C,26,72,1922,16.0,0.571,0.005,0.355,9.3,17.9,13.6,6.6,1.1,2.3,11.4,17.8,4.1,2.0,6.1,0.153,-0.2,0.0,-0.2,0.9
Joel Przybilla,przybjo01,MIL,C,22,71,1128,10.2,0.523,0.007,0.634,8.4,20.1,14.5,2.7,0.9,7.6,19.1,9.3,0.3,1.5,1.9,0.079,-4.4,2.1,-2.3,-0.1
John Amaechi,amaecjo01,UTA,PF,31,54,586,5.4,0.412,0.0,0.633,10.6,11.8,11.2,7.8,0.6,1.4,20.6,20.6,-1.0,0.3,-0.7,-0.056,-5.4,-2.8,-8.2,-0.9
John Crotty,crottjo01,UTA,PG,32,41,802,14.5,0.599,0.332,0.317,2.4,8.9,5.6,29.2,1.3,0.1,17.7,16.2,1.8,0.4,2.2,0.129,1.1,-0.8,0.3,0.5
John Starks,starkjo01,UTA,SG,36,66,929,6.0,0.442,0.306,0.132,1.9,6.9,4.4,12.5,1.9,0.0,13.7,18.4,-0.6,0.5,-0.1,-0.004,-5.0,-1.2,-6.2,-1.0
John Stockton,stockjo01,UTA,PG,39,82,2566,21.9,0.601,0.101,0.414,2.8,9.6,6.2,46.3,3.2,0.7,18.5,19.8,8.0,2.6,10.7,0.2,4.1,1.3,5.3,4.8
John Wallace,wallajo01,PHO,SF,27,46,490,13.7,0.493,0.061,0.215,6.1,13.6,9.8,10.0,1.2,1.3,11.0,24.1,0.3,0.4,0.7,0.071,-1.8,-0.8,-2.6,-0.1
Johnny Newman,newmajo01,DAL,SF,38,47,724,8.3,0.571,0.385,0.392,1.4,6.0,3.8,2.7,2.1,0.4,10.8,12.1,0.6,0.3,0.9,0.061,-3.0,0.4,-2.6,-0.1
Jon Barry,barryjo01,DET,SG,32,82,1985,17.7,0.645,0.494,0.222,2.5,11.3,6.9,23.2,2.5,0.7,16.2,16.2,5.0,2.5,7.5,0.18,2.6,1.3,3.9,3.0
Jonathan Bender,bendejo01,IND,SF,21,78,1647,10.6,0.538,0.272,0.393,4.5,12.0,8.4,6.1,0.6,2.1,15.1,17.5,0.8,1.3,2.0,0.059,-1.5,-0.7,-2.2,-0.1
Joseph Forte,fortejo01,BOS,SG,20,8,39,2.8,0.218,0.25,0.333,2.7,14.4,8.4,22.2,2.7,0.0,17.9,19.6,-0.2,0.1,-0.1,-0.144,-7.2,0.5,-6.7,0.0
Jud Buechler,buechju01,"PHO,ORL",SF,33,66,684,7.8,0.463,0.508,0.034,4.7,14.3,9.5,6.5,1.6,0.8,11.1,8.8,0.2,0.6,0.8,0.059,-2.4,0.2,-2.2,0.0
Jumaine Jones,jonesju01,CLE,PF,22,81,2142,13.2,0.501,0.263,0.106,6.9,19.8,13.4,8.9,1.9,1.6,10.5,16.1,1.5,1.8,3.3,0.074,-0.4,-0.2,-0.6,0.7
Juwan Howard,howarju01,"DAL,DEN",PF,28,81,2635,15.8,0.513,0.002,0.341,9.4,16.7,13.0,10.8,0.9,1.3,11.6,22.3,3.5,1.5,4.9,0.09,0.1,-1.4,-1.3,0.5
Jérôme Moïso,moisoje01,CHO,C,23,15,76,5.9,0.4,0.0,0.0,6.0,31.5,18.8,8.4,2.1,1.9,28.6,16.8,-0.2,0.2,-0.1,-0.04,-8.2,1.1,-7.1,-0.1
Karl Malone,malonka01,UTA,PF,38,80,3040,21.1,0.532,0.018,0.457,5.6,21.7,13.6,21.8,2.7,1.5,13.5,28.8,5.5,4.3,9.8,0.155,2.9,0.8,3.7,4.4
Kedrick Brown,brownke01,BOS,SF,20,29,245,11.9,0.4,0.386,0.286,4.8,17.9,11.2,9.8,3.8,2.2,8.2,16.0,-0.1,0.5,0.4,0.075,-2.3,3.1,0.8,0.2
Keith Van Horn,vanhoke01,NJN,SF,26,81,2465,16.0,0.51,0.269,0.179,6.2,21.6,13.9,11.6,1.3,1.2,11.1,24.0,2.0,4.3,6.3,0.123,0.7,0.1,0.8,1.8
Kelvin Cato,catoke01,HOU,C,27,75,1917,15.0,0.599,0.003,0.595,10.4,21.1,15.7,2.5,1.1,3.4,11.4,11.2,3.6,1.7,5.3,0.133,-1.0,0.2,-0.7,0.6
Kendall Gill,gillke01,MIA,SG,33,65,1410,7.6,0.414,0.104,0.147,2.4,12.7,7.6,12.1,1.7,0.4,10.9,17.1,-1.3,2.0,0.7,0.023,-4.8,0.9,-3.8,-0.6
Kenny Anderson,anderke01,BOS,PG,31,76,2430,13.6,0.472,0.046,0.184,2.5,10.1,6.2,28.1,3.0,0.3,13.3,16.7,1.7,3.5,5.2,0.103,-2.3,1.9,-0.4,1.0
Kenny Satterfield,satteke01,DEN,PG,20,36,560,11.5,0.431,0.136,0.231,3.3,7.5,5.3,31.8,2.9,0.1,19.5,21.8,-0.5,0.3,-0.2,-0.014,-2.5,-1.1,-3.5,-0.2
Kenny Thomas,thomake01,HOU,PF,24,72,2484,16.4,0.52,0.019,0.405,7.2,16.7,11.9,10.0,1.9,1.8,12.8,20.9,2.6,1.9,4.4,0.085,-0.2,0.2,0.1,1.3
Kenyon Martin,martike01,NJN,PF,24,73,2504,14.5,0.503,0.07,0.278,5.0,12.4,8.7,13.0,1.9,3.5,13.7,22.4,0.6,4.2,4.9,0.093,-1.0,1.4,0.4,1.5
Keon Clark,clarkke01,TOR,C,26,81,2185,16.7,0.522,0.006,0.297,9.3,22.9,15.8,7.1,1.4,4.2,13.8,21.2,1.7,3.6,5.3,0.116,-1.3,0.6,-0.7,0.7
Kerry Kittles,kittlke01,NJN,SG,27,82,2601,16.1,0.542,0.257,0.183,2.9,9.0,5.9,13.9,2.6,0.9,9.7,19.4,3.8,3.9,7.7,0.141,1.2,1.4,2.6,3.0
Kevin Garnett,garneke01,MIN,PF,25,81,3175,23.8,0.536,0.083,0.32,9.0,26.5,17.8,22.4,1.6,2.9,12.5,26.0,7.9,4.9,12.8,0.194,5.1,1.8,6.8,7.1
Kevin Ollie,ollieke01,"CHI,IND",PG,29,81,1723,12.3,0.51,0.006,0.643,1.7,10.8,6.2,26.4,1.9,0.1,19.0,14.9,1.4,1.0,2.4,0.066,-1.7,-0.2,-1.9,0.0
Kevin Willis,willike02,HOU,PF,39,52,865,16.1,0.489,0.004,0.306,13.7,25.9,19.8,2.9,1.6,1.8,11.3,19.5,0.8,0.9,1.7,0.096,-1.6,-1.4,-3.0,-0.2
Keyon Dooling,doolike01,LAC,PG,21,14,155,7.4,0.466,0.246,0.211,0.0,2.2,1.1,12.7,1.4,1.3,13.8,21.1,-0.1,0.0,0.0,-0.01,-4.0,-1.0,-5.0,-0.1
Kirk Haston,hastoki01,CHO,PF,22,15,77,4.0,0.306,0.077,0.205,7.4,22.2,14.8,11.0,0.0,0.9,6.6,27.0,-0.3,0.1,-0.2,-0.116,-7.5,-3.8,-11.3,-0.2
Kobe Bryant,bryanko01,LAL,SG,23,80,3063,23.2,0.544,0.083,0.369,4.1,11.7,7.9,25.9,2.0,0.8,10.7,30.4,8.9,3.8,12.7,0.199,4.3,0.3,4.6,5.2
Kurt Thomas,thomaku01,NYK,C,29,82,2771,15.8,0.542,0.006,0.283,9.0,22.3,15.6,5.8,1.4,2.1,12.7,20.3,3.1,3.4,6.5,0.112,-1.0,0.0,-1.0,0.7
Kwame Brown,brownkw01,WAS,PF,19,57,817,11.2,0.45,0.004,0.407,8.9,19.4,14.1,8.4,1.1,2.4,13.0,18.6,0.0,0.8,0.8,0.048,-3.1,-0.9,-4.0,-0.4
LaPhonso Ellis,ellisla01,MIA,SF,31,66,1684,9.1,0.48,0.274,0.186,7.5,12.4,10.0,5.6,1.0,1.7,13.0,15.9,0.0,2.2,2.2,0.063,-2.8,0.4,-2.4,-0.2
Lamar Odom,odomla01,LAC,SF,22,29,999,13.7,0.473,0.233,0.258,3.6,16.2,10.0,28.6,1.2,2.5,19.5,22.5,-0.3,0.9,0.7,0.033,0.1,1.2,1.3,0.8
Lamond Murray,murrala01,CLE,SF,28,71,2312,16.7,0.534,0.241,0.267,4.2,14.7,9.5,12.2,1.6,1.3,11.3,24.7,2.9,1.3,4.1,0.086,1.8,-1.3,0.5,1.5
Larry Hughes,hughela01,GSW,SG,23,73,2049,15.4,0.484,0.115,0.32,4.2,8.7,6.4,26.1,2.8,0.8,15.6,22.5,1.4,1.1,2.4,0.057,0.4,-0.1,0.3,1.2
Larry Robinson,robinla01,NYK,SG,34,2,10,3.8,0.375,0.5,0.0,0.0,23.2,11.6,0.0,0.0,0.0,0.0,18.6,0.0,0.0,0.0,-0.038,-6.2,-1.9,-8.1,0.0
Latrell Sprewell,sprewla01,NYK,SF,31,81,3326,13.7,0.501,0.284,0.244,2.1,8.3,5.2,17.5,1.5,0.3,12.4,25.1,1.1,1.7,2.8,0.041,0.3,-1.1,-0.8,0.9
Lavor Postell,postela01,NYK,SG,23,23,179,11.0,0.456,0.31,0.488,1.3,9.1,5.2,5.0,1.8,0.0,9.7,29.4,-0.2,0.1,-0.1,-0.019,-2.0,-1.5,-3.5,-0.1
Lawrence Funderburke,fundela01,SAC,PF,31,56,722,13.8,0.49,0.012,0.229,11.5,17.7,14.6,6.6,0.8,1.7,10.9,18.2,0.6,1.0,1.6,0.105,-1.3,-0.8,-2.1,0.0
Lee Nailon,nailole01,CHO,SF,26,79,1912,14.4,0.513,0.003,0.196,6.2,11.2,8.7,9.1,1.7,0.6,10.4,22.1,1.7,1.7,3.5,0.087,-0.9,-0.6,-1.5,0.3
Leon Smith,smithle01,ATL,C,21,14,100,14.0,0.463,0.0,0.654,11.4,24.1,17.7,4.7,2.6,0.7,8.2,16.5,0.1,0.1,0.2,0.109,-1.9,-1.0,-3.0,0.0
Lindsey Hunter,hunteli01,LAL,PG,31,82,1616,9.4,0.466,0.424,0.082,1.2,7.0,4.1,11.7,2.1,0.8,9.8,15.6,0.2,1.7,2.0,0.059,-2.2,0.7,-1.5,0.2
Loren Woods,woodslo01,MIN,C,23,60,516,9.9,0.449,0.021,0.625,10.4,16.8,13.7,5.8,1.7,4.9,22.7,13.9,-0.2,0.7,0.5,0.047,-3.8,1.2,-2.5,-0.1
Lorenzen Wright,wrighlo02,MEM,C,26,43,1251,14.8,0.478,0.004,0.253,11.6,24.5,18.1,6.5,1.3,1.3,11.8,22.2,0.0,1.4,1.4,0.055,-1.5,-1.6,-3.2,-0.4
Lucious Harris,harrilu01,NJN,SG,31,74,1553,15.7,0.556,0.22,0.294,3.5,11.5,7.5,12.3,1.8,0.3,9.1,19.3,3.0,2.1,5.1,0.157,0.8,0.6,1.4,1.3
Malik Allen,allenma01,MIA,PF,23,12,161,15.0,0.469,0.02,0.196,11.0,16.6,13.8,5.5,1.0,3.8,3.5,17.0,0.2,0.3,0.5,0.141,-1.4,0.3,-1.1,0.0
Malik Rose,rosema01,SAS,PF,27,82,1725,16.4,0.517,0.019,0.406,11.9,20.6,16.4,6.3,2.2,1.7,15.8,23.9,1.0,3.4,4.4,0.123,-1.6,0.3,-1.3,0.3
Mamadou N'Diaye,ndiayma02,TOR,C,26,5,46,20.6,0.694,0.0,1.0,14.5,12.9,13.7,0.0,0.0,3.2,6.5,15.3,0.2,0.0,0.3,0.265,2.1,0.1,2.1,0.0
Marc Jackson,jacksma02,"GSW,MIN",C,27,39,495,11.1,0.467,0.006,0.488,10.9,18.2,14.6,4.3,1.2,0.9,13.1,20.3,0.2,0.4,0.6,0.059,-2.8,-1.5,-4.3,-0.3
Marcus Camby,cambyma01,NYK,C,27,29,1007,15.1,0.483,0.003,0.341,10.2,26.8,18.5,5.6,1.8,3.7,11.2,17.4,0.5,1.7,2.1,0.102,-1.0,1.3,0.4,0.6
Marcus Fizer,fizerma01,CHI,PF,23,76,1963,14.2,0.482,0.048,0.334,7.4,18.3,12.7,11.7,1.3,0.9,11.9,25.9,-0.2,1.3,1.1,0.026,-1.1,-1.8,-3.0,-0.5
Mark Blount,blounma01,BOS,C,26,44,415,9.3,0.509,0.0,0.487,6.7,16.0,11.2,3.8,2.0,3.6,20.0,12.7,0.0,0.7,0.7,0.081,-5.4,1.3,-4.1,-0.2
Mark Bryant,bryanma01,SAS,PF,36,30,206,11.5,0.478,0.0,0.145,14.4,10.3,12.3,7.9,1.8,0.7,9.3,14.6,0.3,0.3,0.6,0.133,-2.9,0.1,-2.8,0.0
Mark Jackson,jacksma01,NYK,PG,36,82,2367,16.3,0.536,0.329,0.186,2.7,12.4,7.6,42.5,1.7,0.0,19.0,15.6,4.4,1.7,6.0,0.123,1.7,-0.1,1.6,2.1
Mark Madsen,madsema01,LAL,PF,26,59,650,12.7,0.492,0.014,0.37,15.3,12.3,13.7,9.7,1.3,1.4,11.5,13.2,1.2,0.8,1.9,0.142,-1.5,-0.3,-1.9,0.0
Mark Pope,popema01,MIL,PF,29,45,426,7.3,0.434,0.275,0.231,5.7,13.7,9.9,5.9,1.4,1.9,13.0,12.7,-0.1,0.3,0.1,0.016,-3.8,-0.4,-4.2,-0.2
Mark Strickland,stricma01,ATL,SF,31,46,654,11.4,0.466,0.02,0.216,7.1,15.8,11.4,5.1,1.5,1.9,11.1,17.4,-0.1,0.5,0.5,0.034,-2.3,-1.0,-3.3,-0.2
Mateen Cleaves,cleavma01,SAC,PG,24,32,153,8.8,0.486,0.118,0.132,0.7,4.8,2.8,25.9,2.3,0.0,27.3,28.1,-0.4,0.2,-0.3,-0.082,-4.9,-2.3,-7.2,-0.2
Matt Bullard,bullama01,CHO,PF,34,31,350,6.8,0.436,0.496,0.104,3.3,12.0,7.7,7.4,0.3,0.4,9.1,17.3,-0.1,0.2,0.1,0.016,-2.8,-1.9,-4.7,-0.2
Matt Geiger,geigema01,PHI,C,32,4,36,-1.6,0.169,0.0,0.25,9.6,9.4,9.5,0.0,0.0,4.2,18.4,13.8,-0.1,0.0,-0.1,-0.145,-9.1,-2.3,-11.4,-0.1
Matt Harpring,harprma01,PHI,SF,25,81,2541,14.1,0.512,0.082,0.265,9.2,16.3,12.8,7.5,1.5,0.1,12.0,19.1,2.6,3.6,6.1,0.115,-0.5,-0.3,-0.8,0.8
Maurice Evans,evansma01,MIN,SG,23,10,45,11.5,0.506,0.158,0.211,7.8,2.5,5.1,14.8,0.0,0.0,8.8,22.9,0.1,0.0,0.1,0.079,-2.2,-2.5,-4.7,0.0
Mengke Bateer,bateeme01,DEN,C,26,27,408,8.0,0.469,0.091,0.28,8.5,18.8,13.4,8.9,1.3,0.9,17.8,19.8,-0.2,0.3,0.1,0.007,-6.3,-1.1,-7.4,-0.6
Metta World Peace,artesro01,"CHI,IND",SF,22,55,1642,15.8,0.501,0.267,0.321,5.1,13.8,9.5,14.1,4.5,1.7,14.0,23.5,0.0,2.7,2.7,0.079,-0.4,3.0,2.6,1.9
Michael Bradley,bradlmi01,TOR,PF,22,26,118,9.9,0.526,0.08,0.32,6.6,17.1,11.7,4.0,0.0,3.8,17.4,13.4,0.0,0.1,0.1,0.053,-3.7,-1.1,-4.8,-0.1
Michael Curry,currymi01,DET,SG,33,82,1912,6.2,0.521,0.094,0.33,0.9,9.4,5.2,10.1,1.3,0.4,16.0,9.3,0.7,1.6,2.3,0.057,-4.6,0.6,-4.0,-1.0
Michael Dickerson,dickemi01,MEM,SG,26,4,124,6.4,0.425,0.438,0.125,2.7,8.1,5.4,12.1,1.3,0.6,13.6,21.5,-0.2,0.0,-0.1,-0.05,-3.9,-0.9,-4.8,-0.1
Michael Doleac,doleami01,CLE,C,24,42,705,8.8,0.468,0.0,0.246,7.9,20.0,14.0,5.6,1.1,1.1,15.1,15.9,-0.1,0.4,0.3,0.022,-4.4,-1.3,-5.6,-0.6
Michael Finley,finlemi01,DAL,SF,28,69,2754,17.6,0.532,0.182,0.204,3.7,10.7,7.3,14.0,1.2,0.6,8.0,23.9,5.3,1.0,6.3,0.11,2.3,-1.2,1.1,2.1
Michael Jordan,jordami01,WAS,SF,38,60,2093,20.7,0.468,0.04,0.252,2.7,16.2,9.4,30.8,2.2,0.9,9.9,36.0,1.2,2.1,3.3,0.075,3.2,-0.1,3.1,2.7
Michael Olowokandi,olowomi01,LAC,C,26,80,2568,12.4,0.457,0.0,0.212,7.3,23.8,15.7,5.8,1.1,3.9,15.3,20.1,-1.9,3.5,1.6,0.029,-3.1,0.3,-2.8,-0.5
Michael Redd,reddmi01,MIL,SG,22,67,1417,20.0,0.581,0.325,0.189,6.6,11.4,9.1,11.5,1.6,0.4,8.0,23.7,3.9,0.7,4.6,0.155,4.1,-1.6,2.5,1.6
Michael Ruffin,ruffimi01,PHI,PF,25,15,169,5.5,0.271,0.0,0.308,15.6,18.6,17.1,4.4,1.6,3.6,27.1,11.0,-0.3,0.3,0.0,-0.005,-6.2,0.8,-5.4,-0.1
Michael Stewart,stewami01,TOR,C,26,11,93,8.6,0.395,0.0,0.478,14.4,16.6,15.4,4.9,2.3,2.4,12.6,15.6,0.0,0.1,0.1,0.058,-5.6,1.1,-4.4,-0.1
Mike Bibby,bibbymi01,SAC,PG,23,80,2659,14.9,0.513,0.14,0.196,1.5,7.3,4.5,23.0,1.6,0.4,11.1,19.7,3.7,2.6,6.3,0.113,0.3,0.0,0.4,1.6
Mike James,jamesmi01,MIA,PG,26,15,119,9.4,0.456,0.488,0.163,2.0,11.7,6.9,27.7,2.8,0.6,22.0,23.7,-0.2,0.2,0.0,0.004,-3.6,1.1,-2.6,0.0
Mike Miller,millemi01,ORL,SF,21,63,2123,15.0,0.542,0.378,0.226,2.6,11.9,7.2,15.2,1.1,0.8,10.9,20.9,3.1,1.3,4.5,0.101,1.3,-1.0,0.3,1.2
Mike Penberthy,penbemi01,LAL,PG,27,3,12,31.3,0.665,0.0,2.0,0.0,18.2,9.2,23.4,8.7,0.0,0.0,14.1,0.1,0.0,0.1,0.42,4.0,10.1,14.1,0.0
Mikki Moore,mooremi01,DET,C,26,30,217,14.9,0.545,0.033,0.426,12.0,16.7,14.4,8.6,1.7,2.9,16.2,18.8,0.3,0.3,0.6,0.133,-1.8,0.6,-1.3,0.0
Milt Palacio,palacmi01,"BOS,PHO",PG,23,69,790,9.7,0.468,0.192,0.346,1.5,8.9,5.1,16.5,2.0,0.4,14.0,16.4,0.0,0.8,0.8,0.05,-3.8,0.5,-3.2,-0.2
Mitch Richmond,richmmi01,LAL,SG,36,64,709,10.7,0.488,0.251,0.178,2.2,12.3,7.3,12.3,1.3,0.6,13.1,19.4,0.1,0.8,0.9,0.062,-2.5,-0.4,-2.9,-0.2
Mitchell Butler,butlemi02,POR,SG,31,11,90,9.4,0.513,0.13,0.522,7.7,10.6,9.1,8.6,0.0,0.8,15.0,16.9,0.1,0.0,0.1,0.057,-2.3,-2.5,-4.7,-0.1
Monty Williams,willimo01,ORL,SF,30,68,1284,14.7,0.575,0.011,0.37,6.9,13.6,10.2,12.0,2.0,0.9,17.0,17.7,1.6,1.2,2.9,0.107,-0.8,0.0,-0.9,0.4
Moochie Norris,norrimo01,HOU,PG,28,82,2249,13.1,0.471,0.212,0.268,3.7,8.9,6.3,29.9,2.0,0.1,18.1,17.8,1.2,0.7,1.8,0.039,-1.2,-1.2,-2.4,-0.2
Mookie Blaylock,blaylmo01,GSW,PG,34,35,599,9.2,0.398,0.288,0.055,1.4,8.1,4.7,28.2,2.0,0.5,19.8,13.1,-0.2,0.1,-0.1,-0.004,-2.1,-0.7,-2.8,-0.1
Morris Peterson,petermo01,TOR,SF,24,63,1988,15.3,0.524,0.301,0.22,5.1,7.9,6.4,13.5,2.0,0.4,9.3,21.3,3.2,1.7,4.9,0.119,0.9,-0.2,0.7,1.4
Nazr Mohammed,mohamna01,ATL,C,24,82,2168,14.0,0.49,0.001,0.311,12.7,21.6,17.1,2.6,1.5,2.1,12.7,19.4,0.9,2.4,3.3,0.072,-2.2,-1.6,-3.8,-1.0
Nick Anderson,anderni01,MEM,SG,34,15,219,4.9,0.375,0.632,0.118,0.5,16.3,8.4,10.2,1.4,1.9,14.9,19.5,-0.6,0.2,-0.4,-0.08,-5.2,-0.6,-5.9,-0.2
Nick Van Exel,vanexni01,"DEN,DAL",PG,30,72,2496,17.8,0.495,0.285,0.205,1.2,10.5,5.8,35.1,0.9,0.3,10.5,26.8,3.9,0.4,4.4,0.084,3.6,-1.9,1.7,2.4
Norm Richardson,richano01,"IND,CHI",SG,22,11,67,10.3,0.501,0.308,0.346,5.1,8.9,6.9,4.7,0.0,0.0,9.1,22.6,0.0,0.0,0.0,0.006,-1.2,-5.2,-6.4,-0.1
Obinna Ekezie,ekeziob01,LAC,PF,26,29,152,11.0,0.477,0.0,1.026,9.0,16.2,12.7,3.0,0.7,2.7,15.0,19.8,0.0,0.1,0.2,0.048,-3.9,-1.2,-5.1,-0.1
Olumide Oyedeji,oyedeol01,SEA,C,20,36,221,11.2,0.562,0.0,0.439,14.7,27.3,21.1,2.6,1.0,0.7,22.3,13.2,0.2,0.3,0.4,0.098,-3.3,-1.9,-5.2,-0.2
Othella Harrington,harriot01,NYK,PF,28,77,1563,13.0,0.567,0.004,0.382,9.3,16.6,12.9,4.2,1.0,1.7,15.3,18.5,1.6,1.4,3.0,0.092,-2.6,-0.4,-2.9,-0.4
P.J. Brown,brownpj01,CHO,C,32,80,2563,15.1,0.545,0.0,0.374,12.2,22.8,17.5,6.6,1.2,2.2,12.2,12.4,4.6,3.6,8.2,0.154,0.1,0.2,0.3,1.5
Pat Garrity,garripa01,ORL,PF,25,80,2406,12.3,0.553,0.516,0.095,3.6,12.2,7.8,6.4,1.3,0.8,7.8,16.1,3.4,1.7,5.1,0.101,0.3,-0.8,-0.6,0.9
Patrick Ewing,ewingpa01,ORL,C,39,65,901,14.4,0.497,0.003,0.402,7.4,25.3,16.3,6.3,1.3,3.5,14.2,22.7,0.0,1.3,1.4,0.073,-3.1,0.0,-3.1,-0.3
Pau Gasol,gasolpa01,MEM,PF,21,82,3007,19.5,0.566,0.005,0.448,8.8,18.2,13.5,13.8,0.7,3.9,15.0,22.6,4.8,2.8,7.6,0.121,1.5,0.2,1.7,2.8
Paul Pierce,piercpa01,BOS,SG,24,82,3302,22.3,0.57,0.325,0.402,2.6,16.5,9.4,15.7,2.4,2.0,11.4,29.3,7.3,5.6,12.9,0.187,4.7,1.3,5.9,6.6
Peja Stojaković,stojape01,SAC,SF,24,71,2649,19.3,0.592,0.274,0.286,3.0,11.9,7.5,10.6,1.5,0.4,9.9,23.2,6.8,3.0,9.9,0.179,3.2,-0.2,3.0,3.3
Popeye Jones,jonespo01,WAS,PF,31,79,1920,14.4,0.49,0.022,0.256,14.0,21.1,17.5,10.5,1.4,0.7,13.5,15.7,2.4,1.9,4.3,0.107,-0.4,-0.8,-1.3,0.4
Predrag Drobnjak,drobnpr01,SEA,C,26,64,1174,12.7,0.49,0.005,0.176,7.7,14.2,11.0,6.9,0.9,2.0,10.3,19.7,0.8,0.8,1.6,0.065,-2.0,-1.5,-3.4,-0.4
Primož Brezec,brezepr01,IND,C,22,22,160,9.8,0.538,0.0,0.862,11.6,8.3,9.9,5.8,0.0,3.1,13.0,13.0,0.2,0.1,0.3,0.096,-3.0,-0.9,-3.9,-0.1
Quentin Richardson,richaqu01,LAC,SG,21,81,2152,17.4,0.534,0.377,0.202,6.0,11.5,8.8,10.5,1.9,0.7,9.2,23.3,4.0,1.6,5.6,0.125,2.7,-0.5,2.2,2.3
Quincy Lewis,lewisqu01,UTA,SG,24,36,490,7.0,0.474,0.126,0.14,2.4,8.2,5.3,12.4,2.5,1.5,17.4,16.9,-0.3,0.4,0.1,0.012,-5.2,0.9,-4.4,-0.3
Raef LaFrentz,lafrera01,"DEN,DAL",C,25,78,2455,17.9,0.533,0.291,0.164,7.9,19.1,13.3,6.2,1.2,6.3,8.7,19.8,3.6,2.7,6.4,0.125,1.0,0.8,1.8,2.3
Rafer Alston,alstora01,MIL,PG,25,50,600,13.9,0.434,0.372,0.152,2.0,11.4,6.9,36.4,2.8,0.2,16.4,19.0,0.3,0.5,0.7,0.059,-0.3,-0.3,-0.7,0.2
Raja Bell,bellra01,PHI,SG,25,74,890,8.6,0.486,0.183,0.2,4.0,10.1,7.1,13.4,1.3,0.3,15.5,15.9,0.1,1.0,1.1,0.059,-3.6,0.3,-3.3,-0.3
Randy Brown,brownra02,BOS,PG,33,1,6,8.6,0.0,0.0,0.0,0.0,0.0,0.0,46.4,0.0,13.0,0.0,7.6,0.0,0.0,0.0,0.025,-1.0,5.2,4.2,0.0
Randy Livingston,livinra01,SEA,PG,26,13,176,12.0,0.348,0.148,0.204,6.2,10.5,8.4,21.0,2.8,0.9,3.3,16.1,0.1,0.2,0.2,0.065,-1.7,0.9,-0.8,0.1
Rashard Lewis,lewisra02,SEA,SF,22,71,2585,18.5,0.564,0.325,0.206,6.5,16.1,11.4,7.8,2.2,1.2,8.4,20.8,5.9,2.7,8.6,0.16,3.1,-0.1,3.0,3.2
Rasheed Wallace,wallara01,POR,PF,27,79,2963,19.3,0.54,0.246,0.213,5.3,20.4,12.8,9.3,1.8,2.6,8.5,23.7,5.6,4.1,9.7,0.158,2.4,0.5,3.0,3.7
Rasho Nesterović,nestera01,MIN,C,25,82,2218,12.9,0.499,0.002,0.108,10.6,17.2,13.9,5.2,1.1,3.7,12.0,16.0,1.6,2.5,4.1,0.089,-1.7,0.1,-1.7,0.2
Ratko Varda,vardara01,DET,C,22,1,6,15.0,0.727,0.0,0.333,0.0,19.5,9.8,0.0,0.0,0.0,22.5,34.9,0.0,0.0,0.0,0.098,-8.4,2.3,-6.1,0.0
Ray Allen,allenra02,MIL,SG,26,69,2525,21.6,0.598,0.46,0.213,3.9,10.1,7.1,19.4,1.9,0.5,11.2,26.2,7.6,1.3,8.9,0.169,6.0,-1.1,4.9,4.4
Reggie Miller,millere01,IND,SG,36,79,2889,16.5,0.617,0.485,0.356,0.9,7.5,4.3,14.7,1.6,0.2,10.2,18.5,7.7,1.9,9.5,0.159,2.7,-0.2,2.5,3.3
Reggie Slater,slatere01,"NJN,ATL",PF,31,8,47,17.9,0.541,0.0,0.667,12.1,9.7,10.9,3.6,1.1,1.6,4.9,19.6,0.1,0.0,0.1,0.15,1.4,-1.9,-0.5,0.0
Richard Hamilton,hamilri01,WAS,SG,23,63,2203,16.9,0.511,0.039,0.311,3.8,7.6,5.7,14.6,0.9,0.5,9.7,28.6,3.4,0.6,4.0,0.087,1.5,-2.4,-0.9,0.6
Richard Jefferson,jefferi01,NJN,SF,21,79,1917,13.4,0.524,0.095,0.448,4.9,12.2,8.6,11.7,1.7,1.8,13.1,19.1,1.8,2.9,4.7,0.117,-1.3,0.9,-0.4,0.8
Rick Brunson,brunsri01,POR,PG,29,59,520,12.2,0.477,0.097,0.363,5.1,10.3,7.7,32.7,2.6,0.3,26.4,15.6,0.2,0.5,0.7,0.066,-1.6,0.5,-1.1,0.1
Rick Fox,foxri01,LAL,SF,32,82,2289,11.3,0.502,0.344,0.14,4.4,14.3,9.4,18.1,1.5,0.7,17.0,15.2,1.5,2.8,4.3,0.091,-1.4,0.6,-0.7,0.7
Ricky Davis,davisri01,CLE,SF,22,82,1954,15.9,0.539,0.045,0.318,3.8,10.7,7.3,16.6,1.9,0.9,14.3,24.4,1.9,0.8,2.8,0.068,0.1,-1.1,-1.0,0.5
Robert Horry,horryro01,LAL,PF,31,81,2140,14.5,0.528,0.441,0.3,6.8,17.8,12.3,15.3,1.9,3.0,14.5,12.8,3.3,3.6,6.9,0.154,1.2,2.4,3.5,3.0
Robert Pack,packro01,MIN,PG,32,16,252,9.1,0.416,0.059,0.221,3.3,7.2,5.3,27.7,2.7,0.0,21.1,17.0,-0.1,0.2,0.1,0.016,-4.2,-0.1,-4.4,-0.2
Robert Traylor,traylro01,CHO,PF,24,61,678,13.0,0.473,0.005,0.412,11.3,20.2,15.7,9.0,1.9,4.0,15.7,19.3,0.1,1.1,1.2,0.085,-4.0,0.9,-3.0,-0.2
Rod Strickland,stricro02,MIA,PG,35,76,2294,15.6,0.495,0.036,0.282,2.5,9.2,5.9,35.7,2.0,0.4,16.5,20.0,1.9,3.0,4.9,0.103,0.5,0.2,0.7,1.6
Rodney Buford,buforro01,MEM,SG,24,63,1769,10.1,0.47,0.118,0.135,3.3,13.9,8.6,7.0,1.3,0.5,9.1,17.8,-0.2,1.0,0.8,0.022,-3.0,-1.1,-4.2,-1.0
Rodney Rogers,rogerro01,"PHO,BOS",SF,30,77,1880,17.0,0.558,0.311,0.197,7.6,13.3,10.4,10.5,1.8,1.2,11.6,22.3,3.2,2.2,5.4,0.138,1.3,-0.1,1.3,1.6
Rodney White,whitero02,DET,SF,21,16,129,11.0,0.423,0.15,0.233,1.8,14.5,8.2,16.6,3.7,1.1,17.5,29.3,-0.4,0.2,-0.2,-0.056,-4.7,0.2,-4.5,-0.1
Ron Mercer,mercero01,"CHI,IND",SG,25,53,1716,10.2,0.439,0.079,0.152,3.3,8.8,6.0,14.2,1.0,0.6,9.5,24.8,-1.5,0.4,-1.1,-0.032,-2.3,-2.3,-4.6,-1.1
Ruben Boumtje-Boumtje,boumtru01,POR,C,23,33,245,6.5,0.453,0.0,0.781,10.0,16.5,13.2,2.3,0.7,5.0,24.6,10.6,-0.1,0.3,0.2,0.03,-6.1,0.5,-5.6,-0.2
Ruben Patterson,patteru01,POR,SF,26,75,1765,18.8,0.567,0.058,0.443,10.2,9.6,9.9,10.5,2.4,1.6,13.4,22.1,3.7,1.9,5.6,0.151,2.0,0.2,2.1,1.8
Rusty LaRue,larueru01,UTA,PG,28,33,542,10.0,0.482,0.27,0.189,2.4,8.5,5.4,22.3,1.7,1.0,17.7,20.2,0.0,0.3,0.3,0.027,-2.2,-1.2,-3.4,-0.2
Ryan Bowen,bowenry01,DEN,SF,26,75,1686,11.4,0.524,0.039,0.3,8.6,11.7,10.1,4.8,2.4,1.8,10.6,10.3,1.9,1.2,3.1,0.088,-2.0,0.9,-1.1,0.4
Sam Cassell,cassesa01,MIL,PG,32,74,2605,21.3,0.545,0.17,0.274,2.5,10.9,6.9,34.3,1.8,0.3,11.7,27.3,7.2,1.4,8.6,0.158,3.5,-1.1,2.4,2.9
Sam Mack,macksa01,MIA,SF,31,12,159,3.1,0.384,0.571,0.143,1.5,8.8,5.1,4.1,1.7,0.5,11.8,17.7,-0.3,0.2,-0.1,-0.035,-6.4,0.2,-6.2,-0.2
Sam Mitchell,mitchsa01,MIN,SF,38,74,726,9.4,0.491,0.154,0.216,2.9,10.1,6.5,9.3,0.9,0.4,9.5,17.1,0.5,0.4,0.9,0.058,-2.9,-0.9,-3.8,-0.3
Samaki Walker,walkesa01,LAL,PF,25,69,1655,14.5,0.545,0.0,0.353,8.7,23.2,16.0,5.7,0.9,3.8,11.2,12.9,2.4,2.8,5.3,0.153,-0.9,1.0,0.1,0.9
Samuel Dalembert,dalemsa01,PHI,C,20,34,177,13.2,0.44,0.0,0.36,16.2,27.3,21.8,4.8,1.8,5.6,19.5,18.6,-0.2,0.4,0.3,0.072,-4.4,0.8,-3.6,-0.1
Scot Pollard,pollasc01,SAC,C,26,80,1881,15.0,0.59,0.0,0.464,10.9,21.0,16.0,3.9,1.9,2.7,13.6,11.5,3.4,3.5,6.8,0.175,-0.5,1.3,0.8,1.3
Scott Padgett,padgesc01,UTA,PF,25,75,1295,15.4,0.568,0.286,0.258,10.3,16.3,13.2,11.0,1.8,0.8,13.6,17.7,2.3,1.2,3.5,0.13,1.3,-0.7,0.6,0.8
Scott Williams,willisc01,DEN,PF,33,41,737,10.5,0.43,0.009,0.189,12.1,20.7,16.2,2.8,1.2,3.3,13.0,16.4,-0.3,0.7,0.4,0.027,-4.3,-1.2,-5.5,-0.7
Scottie Pippen,pippesc01,POR,SF,36,62,1996,14.9,0.497,0.295,0.244,4.5,14.5,9.5,28.7,2.7,1.3,20.5,19.1,1.2,2.6,3.7,0.09,0.1,1.6,1.8,1.9
Sean Marks,marksse01,MIA,C,26,21,319,9.3,0.466,0.0,0.386,7.0,20.4,13.7,4.3,0.9,2.4,15.6,18.2,-0.2,0.5,0.3,0.044,-4.7,0.8,-3.9,-0.2
Sean Rooks,rooksse01,LAC,C,32,61,728,7.5,0.443,0.0,0.149,5.0,14.1,9.6,5.4,0.9,2.0,8.8,14.1,0.0,0.5,0.6,0.038,-4.6,0.1,-4.5,-0.5
Shammond Williams,willish01,SEA,SG,26,50,603,14.3,0.526,0.389,0.202,3.2,9.0,6.2,21.0,1.9,0.3,14.3,18.9,0.8,0.3,1.2,0.095,1.3,-0.7,0.6,0.4
Shandon Anderson,andersh01,NYK,SG,28,82,1596,8.0,0.489,0.378,0.287,4.1,13.9,9.0,7.7,1.6,0.7,18.8,15.1,-0.9,1.3,0.4,0.013,-3.0,0.3,-2.8,-0.3
Shane Battier,battish01,MEM,SF,23,78,3097,13.9,0.518,0.287,0.294,6.5,8.6,7.5,11.9,2.1,1.8,12.5,18.2,2.7,2.1,4.8,0.074,0.2,0.3,0.5,1.9
Shaquille O'Neal,onealsh01,LAL,C,29,67,2422,29.7,0.59,0.001,0.583,10.8,21.6,16.3,16.4,0.9,4.1,10.0,31.8,9.2,4.0,13.2,0.262,7.1,0.9,8.0,6.1
Shareef Abdur-Rahim,abdursh01,ATL,PF,25,77,2980,19.8,0.536,0.054,0.403,7.6,19.2,13.3,15.1,1.7,2.0,14.1,27.0,4.1,3.1,7.2,0.116,1.9,-0.2,1.7,2.8
Shawn Bradley,bradlsh01,DAL,C,29,53,757,14.6,0.562,0.006,0.393,7.9,17.8,12.9,3.8,1.9,6.0,11.6,12.9,1.3,1.0,2.3,0.144,-1.8,2.1,0.3,0.4
Shawn Kemp,kempsh01,POR,PF,32,75,1232,12.1,0.489,0.01,0.322,8.5,19.1,13.7,6.9,1.9,2.0,14.8,20.2,0.3,1.6,1.9,0.074,-3.8,0.2,-3.7,-0.5
Shawn Marion,mariosh01,PHO,SF,23,81,3109,19.8,0.518,0.087,0.162,7.6,21.8,14.6,9.1,2.5,2.0,8.8,23.6,4.7,5.1,9.8,0.151,2.0,1.1,3.1,4.0
Shawnelle Scott,scottsh01,DEN,C,29,21,252,14.5,0.489,0.0,0.267,22.8,23.8,23.3,5.4,0.6,1.8,15.2,17.6,0.2,0.2,0.4,0.083,-2.2,-2.7,-4.9,-0.2
Speedy Claxton,claxtsp01,PHI,PG,23,67,1528,12.6,0.469,0.073,0.301,3.5,8.4,5.9,21.9,3.4,0.3,15.7,18.2,0.4,2.4,2.8,0.087,-2.5,2.1,-0.4,0.6
Stacey Augmon,augmost01,CHO,SG,33,77,1319,11.5,0.479,0.009,0.308,5.1,14.3,9.7,12.5,2.3,0.7,12.7,14.8,0.7,1.6,2.3,0.084,-2.3,1.2,-1.0,0.3
Stanislav Medvedenko,medvest01,LAL,C,22,71,729,15.6,0.5,0.013,0.204,13.0,10.9,12.0,9.9,2.1,1.1,11.3,23.0,0.9,0.9,1.8,0.118,-1.5,-0.7,-2.2,0.0
Stephen Jackson,jacksst02,SAS,SF,23,23,227,7.9,0.452,0.396,0.187,1.6,11.3,6.6,8.3,3.5,0.9,18.9,24.9,-0.5,0.4,-0.1,-0.024,-4.9,1.6,-3.3,-0.1
Stephon Marbury,marbust01,PHO,PG,24,82,3187,18.1,0.519,0.176,0.32,2.6,6.9,4.7,35.7,1.3,0.3,15.0,26.6,5.4,1.7,7.1,0.107,2.9,-1.6,1.2,2.6
Steve Francis,francst01,HOU,PG,24,57,2343,19.1,0.517,0.209,0.419,4.9,14.8,9.8,29.1,1.6,0.7,15.6,28.0,3.2,1.2,4.4,0.091,2.5,-0.8,1.7,2.1
Steve Goodrich,goodrst01,NJN,SF,25,9,50,-0.9,0.23,0.0,0.2,2.2,9.0,5.6,13.8,1.0,2.9,21.6,12.4,-0.1,0.1,-0.1,-0.078,-11.0,1.0,-10.0,-0.1
Steve Kerr,kerrst01,POR,PG,36,65,775,12.3,0.573,0.304,0.184,0.9,8.3,4.6,13.0,0.9,0.1,9.3,15.2,1.5,0.4,1.8,0.114,-0.6,-0.7,-1.3,0.1
Steve Nash,nashst01,DAL,PG,27,82,2837,20.7,0.602,0.315,0.269,2.0,7.9,5.0,36.1,1.0,0.1,15.8,23.0,9.5,0.3,9.9,0.167,5.1,-2.1,3.1,3.6
Steve Smith,smithst01,SAS,SG,32,77,2211,13.9,0.588,0.361,0.265,2.4,7.4,5.0,11.5,1.3,0.5,12.4,18.3,4.0,2.4,6.4,0.139,0.8,0.1,0.9,1.6
Steven Hunter,huntest01,ORL,C,20,53,516,12.9,0.502,0.0,0.639,8.6,12.4,10.5,1.5,0.5,5.8,7.8,17.7,0.5,0.5,1.0,0.094,-3.7,-0.4,-4.0,-0.3
Stromile Swift,swiftst01,MEM,PF,22,68,1805,17.2,0.539,0.005,0.499,10.0,16.6,13.3,5.0,1.5,4.3,14.1,21.8,1.7,2.0,3.7,0.099,-1.1,0.0,-1.0,0.4
Tang Hamilton,hamilta01,MIA,SF,23,9,98,10.9,0.514,0.053,0.053,7.2,14.2,10.7,8.5,2.2,0.0,9.3,10.4,0.1,0.2,0.2,0.12,-2.3,2.1,-0.2,0.0
Tariq Abdul-Wahad,abdulta01,"DEN,DAL",SG,27,24,441,9.8,0.418,0.014,0.224,10.1,11.6,10.8,8.8,2.4,1.7,14.3,19.1,-0.3,0.3,0.0,-0.003,-3.4,-0.3,-3.7,-0.2
Terence Morris,morrite01,HOU,SF,23,68,1110,9.5,0.423,0.27,0.097,7.8,14.0,10.9,9.5,1.0,1.7,13.0,14.5,-0.2,0.4,0.2,0.009,-2.2,-1.1,-3.3,-0.4
Terrell Brandon,brandte01,MIN,PG,31,32,962,21.2,0.494,0.063,0.23,2.1,9.0,5.6,42.8,2.9,0.5,9.7,20.9,2.8,0.9,3.7,0.186,4.1,1.0,5.0,1.7
Terry Porter,portete01,SAS,PG,38,72,1294,13.9,0.558,0.442,0.259,1.1,13.1,7.3,25.2,1.9,0.9,19.2,15.9,1.6,1.9,3.5,0.131,0.4,1.3,1.7,1.2
Theo Ratliff,ratlith01,ATL,C,28,3,82,11.1,0.523,0.0,0.55,6.9,15.4,11.1,2.0,0.6,7.2,22.0,17.6,-0.1,0.1,0.0,0.012,-3.4,2.2,-1.3,0.0
Tierre Brown,brownti01,HOU,SG,22,40,403,12.4,0.483,0.104,0.243,3.4,8.6,6.0,29.5,2.6,0.5,23.9,19.3,-0.1,0.2,0.1,0.006,-2.3,-1.0,-3.3,-0.1
Tim Duncan,duncati01,SAS,PF,25,82,3329,27.0,0.576,0.007,0.466,9.6,25.9,18.0,18.3,1.0,4.3,12.7,29.0,10.7,7.1,17.8,0.257,5.4,2.2,7.6,8.0
Tim Hardaway,hardati01,"DAL,DEN",PG,35,68,1601,13.6,0.492,0.571,0.156,1.0,7.7,4.3,27.0,1.9,0.4,14.3,21.8,1.2,0.6,1.8,0.053,1.0,-1.6,-0.5,0.6
Tim James,jamesti01,PHI,SF,25,9,41,4.8,0.384,0.0,0.462,14.0,5.5,9.7,4.1,0.0,1.9,16.1,20.8,-0.1,0.0,-0.1,-0.064,-5.6,-3.1,-8.7,-0.1
Tim Thomas,thomati01,MIL,SF,24,74,1987,13.1,0.522,0.386,0.238,3.9,13.1,8.7,8.7,1.7,1.2,13.2,22.6,0.8,1.3,2.2,0.052,-1.0,-1.2,-2.3,-0.1
Todd MacCulloch,maccuto01,NJN,C,26,62,1502,17.7,0.562,0.0,0.353,11.7,16.6,14.1,8.6,0.8,4.3,10.9,18.0,3.1,2.5,5.6,0.179,0.2,1.0,1.2,1.2
Tom Gugliotta,guglito01,PHO,PF,32,44,1129,9.7,0.449,0.03,0.123,5.8,16.4,11.1,10.2,1.8,1.9,16.1,15.0,-0.4,1.4,0.9,0.04,-3.3,1.1,-2.2,-0.1
Toni Kukoč,kukocto01,ATL,SF,33,59,1494,14.4,0.511,0.339,0.304,3.3,13.4,8.3,23.7,1.7,0.8,16.5,20.7,0.9,1.0,2.0,0.063,0.5,-0.5,0.0,0.8
Tony Battie,battito01,BOS,C,25,74,1819,14.5,0.57,0.005,0.333,10.8,18.4,14.5,3.2,1.7,2.9,10.2,12.5,3.2,3.0,6.2,0.164,-1.4,0.8,-0.7,0.6
Tony Delk,delkto01,"PHO,BOS",SG,28,63,1447,13.8,0.473,0.364,0.165,4.4,11.4,7.8,15.2,1.9,0.5,8.6,21.5,1.0,1.5,2.5,0.084,0.1,-0.2,0.0,0.7
Tony Massenburg,masseto01,MEM,PF,34,73,1247,11.4,0.503,0.003,0.335,9.0,20.0,14.5,3.5,1.3,1.7,14.0,17.0,0.3,1.2,1.5,0.059,-3.9,-0.7,-4.6,-0.8
Tony Parker,parketo01,SAS,PG,19,77,2267,11.7,0.497,0.296,0.25,1.7,8.0,5.0,23.9,2.1,0.2,17.5,17.7,0.8,2.9,3.8,0.08,-1.7,0.6,-1.1,0.6
Tracy McGrady,mcgratr01,ORL,SG,22,76,2912,25.1,0.532,0.178,0.35,5.7,17.3,11.5,25.8,2.1,1.8,9.4,31.1,8.1,3.4,11.5,0.189,6.4,0.4,6.8,6.4
Tracy Murray,murratr01,TOR,SF,30,40,473,13.6,0.525,0.502,0.101,4.2,8.8,6.4,7.2,1.3,1.3,10.4,23.3,0.4,0.4,0.8,0.079,1.5,-1.5,0.0,0.2
Trajan Langdon,langdtr01,CLE,SG,25,44,477,13.5,0.533,0.42,0.261,3.2,10.3,6.8,21.1,1.4,0.8,16.9,22.7,0.4,0.1,0.6,0.055,0.2,-1.5,-1.3,0.1
Travis Best,besttr01,"IND,CHI",PG,29,74,1747,14.3,0.511,0.114,0.224,1.3,8.7,5.0,31.3,2.7,0.3,14.8,17.5,1.9,1.4,3.4,0.093,-1.1,0.3,-0.8,0.6
Travis Knight,knightr01,NYK,C,27,49,429,5.3,0.401,0.0,0.186,13.0,15.1,14.1,3.0,1.4,1.7,18.1,16.2,-0.5,0.4,-0.1,-0.015,-7.6,-1.1,-8.7,-0.7
Tremaine Fowlkes,fowlktr01,LAC,SF,25,22,343,9.5,0.477,0.0,0.484,10.7,10.4,10.6,7.3,1.7,0.2,14.3,11.9,0.3,0.2,0.5,0.071,-2.5,0.0,-2.5,0.0
Trenton Hassell,hassetr01,CHI,SG,22,78,2237,10.4,0.502,0.263,0.182,3.3,10.2,6.7,13.0,1.3,1.5,13.0,16.0,0.6,0.9,1.5,0.033,-1.7,-1.0,-2.7,-0.4
Troy Hudson,hudsotr01,ORL,PG,25,81,1854,15.3,0.526,0.229,0.247,1.8,7.0,4.4,23.4,1.6,0.2,15.3,25.8,1.5,0.9,2.5,0.064,0.2,-2.0,-1.8,0.1
Troy Murphy,murphtr01,GSW,PF,21,82,1448,10.3,0.488,0.021,0.369,7.1,17.0,11.9,7.6,1.3,1.0,14.6,16.7,0.7,0.7,1.4,0.046,-3.3,-1.0,-4.3,-0.8
Tyrone Hill,hillty01,CLE,PF,33,26,810,10.1,0.46,0.005,0.566,11.6,28.0,19.9,4.3,1.1,1.2,17.4,15.6,-0.1,0.7,0.6,0.036,-3.5,-1.4,-4.9,-0.6
Tyrone Nesby,nesbyty01,WAS,SF,26,70,1498,13.1,0.48,0.112,0.221,8.1,16.7,12.3,9.8,2.2,1.1,9.6,15.7,1.4,1.6,2.9,0.094,-1.1,0.3,-0.8,0.4
Tyronn Lue,luety01,WAS,PG,24,71,1458,13.7,0.507,0.271,0.121,1.1,8.7,4.9,28.5,1.8,0.0,14.9,20.4,1.3,0.8,2.0,0.067,0.1,-1.2,-1.1,0.4
Tyson Chandler,chandty01,CHI,C,19,71,1389,13.0,0.543,0.0,0.73,9.3,19.8,14.4,6.5,1.1,5.0,19.8,16.6,0.4,1.4,1.8,0.062,-3.3,-0.2,-3.5,-0.5
Victor Alexander,alexavi01,DET,C,32,15,97,9.2,0.367,0.039,0.157,8.6,26.6,17.6,11.5,0.0,0.7,8.4,28.9,-0.3,0.1,-0.1,-0.073,-5.3,-3.5,-8.8,-0.2
Vin Baker,bakervi01,SEA,C,30,55,1710,14.1,0.517,0.012,0.348,11.8,12.3,12.1,7.0,0.7,1.6,14.5,23.8,1.3,0.9,2.2,0.061,-1.4,-2.3,-3.7,-0.7
Vince Carter,cartevi01,TOR,SG,25,60,2385,20.5,0.515,0.239,0.235,6.4,8.7,7.5,19.9,2.1,1.3,9.6,30.5,4.6,2.4,7.0,0.14,4.7,-0.3,4.4,3.9
Vinny Del Negro,delnevi01,PHO,PG,35,2,6,7.1,0.25,0.0,0.0,0.0,0.0,0.0,54.3,0.0,0.0,0.0,29.9,0.0,0.0,0.0,-0.141,-5.6,-7.5,-13.2,0.0
Vitaly Potapenko,potapvi01,BOS,C,26,79,1343,11.4,0.513,0.0,0.399,13.3,15.1,14.2,3.6,1.4,1.0,15.1,14.1,1.3,1.7,3.1,0.111,-3.0,-0.9,-3.8,-0.6
Vlade Divac,divacvl01,SAC,C,33,80,2420,17.0,0.513,0.018,0.475,9.2,20.2,14.8,17.9,1.6,2.6,15.4,18.4,3.1,4.2,7.3,0.145,0.7,2.1,2.8,2.9
Vladimir Radmanović,radmavl01,SEA,PF,21,61,1230,12.7,0.528,0.444,0.203,4.4,17.4,11.0,9.8,2.5,1.5,15.7,17.3,0.6,1.5,2.1,0.084,-0.2,0.8,0.6,0.8
Vladimir Stepania,stepavl01,MIA,C,25,67,884,13.9,0.483,0.008,0.418,13.3,22.3,17.8,3.2,1.5,3.8,15.0,18.7,-0.1,1.8,1.7,0.094,-2.7,0.4,-2.3,-0.1
Vonteego Cummings,cummivo01,PHI,PG,25,58,501,11.8,0.477,0.246,0.171,3.2,8.5,5.9,21.6,1.9,0.8,15.2,21.7,0.0,0.6,0.6,0.06,-1.8,0.3,-1.5,0.1
Voshon Lenard,lenarvo01,DEN,SG,28,71,1665,14.5,0.495,0.312,0.156,2.5,10.4,6.3,14.3,1.9,1.1,10.0,24.5,0.9,0.8,1.7,0.049,0.9,-0.8,0.1,0.9
Wally Szczerbiak,szczewa02,MIN,SF,24,82,3117,17.1,0.58,0.159,0.227,4.5,9.9,7.2,13.6,1.1,0.5,12.1,21.8,7.0,1.7,8.7,0.134,2.3,-0.9,1.4,2.7
Walt Williams,williwa02,HOU,SF,31,48,1117,13.1,0.538,0.462,0.129,3.7,12.9,8.3,11.0,0.9,0.6,11.2,19.6,1.4,0.3,1.7,0.073,0.2,-1.6,-1.3,0.2
Walter McCarty,mccarwa01,BOS,PF,27,56,718,11.5,0.563,0.55,0.106,4.8,15.0,9.8,9.4,1.3,0.8,10.5,13.3,0.9,0.9,1.8,0.122,-1.0,0.4,-0.6,0.3
Wang Zhizhi,zhizhwa01,DAL,C,24,55,600,16.1,0.564,0.468,0.23,3.6,16.8,10.3,5.9,0.9,2.1,8.4,22.4,1.1,0.4,1.5,0.121,1.8,-1.1,0.7,0.4
Wesley Person,persowe01,CLE,SG,30,78,2793,16.3,0.589,0.341,0.131,2.1,10.2,6.2,10.8,1.5,1.0,6.9,17.6,6.1,0.8,6.9,0.119,2.6,-0.8,1.8,2.7
Will Solomon,solomwi01,MEM,SG,23,62,872,8.8,0.442,0.489,0.221,1.5,7.2,4.3,17.8,2.1,0.6,14.6,22.1,-0.9,0.5,-0.5,-0.027,-3.3,-1.1,-4.4,-0.5
William Avery,averywi01,MIN,PG,22,28,258,5.4,0.361,0.389,0.211,1.8,8.8,5.4,19.9,1.4,0.0,16.2,20.6,-0.5,0.1,-0.4,-0.067,-4.8,-1.5,-6.3,-0.3
Zach Randolph,randoza01,POR,PF,20,41,238,16.9,0.479,0.0,0.252,15.1,19.0,17.0,9.8,1.6,1.3,11.2,25.7,0.2,0.3,0.5,0.098,-1.3,-1.7,-3.0,-0.1
Zendon Hamilton,hamilze01,DEN,PF,26,54,848,13.5,0.499,0.0,0.739,14.1,20.2,17.0,2.7,1.3,1.6,15.6,20.3,0.4,0.6,1.1,0.061,-2.7,-2.5,-5.2,-0.7
Zydrunas Ilgauskas,ilgauzy01,CLE,C,26,62,1329,17.4,0.501,0.009,0.487,12.1,17.3,14.8,9.4,0.7,4.6,12.0,27.0,1.5,1.0,2.5,0.089,-1.3,-1.6,-2.9,-0.3
Óscar Torres,torreos01,HOU,SG,25,65,1075,11.4,0.502,0.37,0.308,4.9,8.1,6.5,6.4,1.3,0.6,11.2,18.8,0.7,0.1,0.9,0.039,-1.1,-1.6,-2.7,-0.2
Željko Rebrača,rebraze01,DET,C,29,74,1179,16.2,0.569,0.0,0.468,8.4,20.5,14.5,5.7,1.3,4.4,15.7,21.4,1.4,1.9,3.3,0.134,-2.9,0.6,-2.3,-0.1
