Player,PlayerID,Tms,Pos,Age,G,MP,PER,TS%,3PAr,FTr,ORB%,DRB%,TRB%,AST%,STL%,BLK%,TOV%,USG%,OWS,DWS,WS,WS/48,OBPM,DBPM,BPM,VORP
A.C. Green,greenac01,LAL,PF,25,82,2510,17.8,0.594,0.022,0.474,12.3,20.0,16.4,5.5,1.8,1.2,11.5,17.0,5.8,3.5,9.4,0.179,1.8,-0.2,1.6,2.3
Adrian Branch,brancad01,POR,SF,25,67,811,15.7,0.509,0.071,0.275,8.2,9.6,8.8,10.8,2.6,0.2,11.6,26.3,0.7,0.8,1.5,0.087,-0.4,-1.0,-1.4,0.1
Adrian Dantley,dantlad01,"DET,DAL",SF,33,73,2422,17.4,0.581,0.001,0.595,5.5,9.0,7.3,10.9,0.9,0.3,11.9,24.3,5.5,1.9,7.4,0.147,1.6,-0.9,0.7,1.6
Albert King,kingal01,SAS,SF,29,46,791,9.4,0.47,0.098,0.147,4.4,15.6,9.7,14.3,1.6,0.5,17.5,20.7,-0.7,0.7,0.0,-0.003,-3.2,-0.9,-4.1,-0.4
Alex English,englial01,DEN,SF,35,82,2990,19.0,0.531,0.004,0.201,4.8,6.5,5.6,19.7,1.0,0.2,8.8,28.8,5.1,1.7,6.8,0.11,3.0,-2.1,0.9,2.1
Allen Leavell,leaveal01,HOU,SG,31,55,627,7.7,0.417,0.218,0.319,2.3,6.8,4.6,26.8,1.9,0.5,22.4,17.7,-0.8,0.7,-0.1,-0.009,-3.4,-0.4,-3.8,-0.3
Alton Lister,listeal01,SEA,C,30,82,1806,13.7,0.529,0.0,0.328,12.4,21.6,16.9,4.0,0.7,6.0,15.8,16.3,1.3,2.3,3.7,0.097,-2.7,0.6,-2.0,0.0
Alvin Robertson,roberal01,SAS,SG,26,65,2287,17.2,0.523,0.047,0.263,7.2,11.4,9.2,25.5,4.0,0.9,17.7,22.2,1.3,3.1,4.4,0.093,0.8,1.8,2.5,2.6
Andre Turner,turnean01,MIL,PG,24,4,13,3.6,0.5,0.0,0.0,0.0,27.1,13.3,0.0,7.5,0.0,40.0,31.9,-0.1,0.0,-0.1,-0.257,-14.2,3.1,-11.1,0.0
Andrew Lang,langan01,PHO,C,22,62,526,11.6,0.554,0.0,0.513,11.4,18.0,14.9,2.0,1.5,5.0,16.3,12.9,0.4,0.9,1.4,0.124,-3.3,2.2,-1.1,0.1
Anthony Bowie,bowiean01,SAS,SG,25,18,438,10.6,0.515,0.035,0.104,6.0,8.1,7.0,9.3,1.9,0.5,12.7,15.3,0.2,0.3,0.5,0.054,-2.3,-1.1,-3.3,-0.2
Anthony Frederick,fredean01,IND,SF,24,46,313,11.9,0.543,0.04,0.272,9.8,8.7,9.2,9.8,2.2,1.1,19.5,23.2,0.0,0.2,0.2,0.025,-2.4,-0.6,-3.0,-0.1
Anthony Jones,jonesan01,"CHI,DAL",SG,26,33,196,13.4,0.442,0.203,0.203,8.1,7.8,8.0,13.0,2.8,0.9,5.5,20.1,0.1,0.2,0.3,0.078,-0.2,0.9,0.7,0.1
Anthony Taylor,tayloan01,MIA,PG,23,21,368,11.1,0.436,0.013,0.212,3.2,7.3,5.2,18.0,2.9,0.8,10.8,20.4,-0.1,0.3,0.2,0.029,-2.9,0.7,-2.1,0.0
Antoine Carr,carran01,ATL,PF,27,78,1488,12.7,0.541,0.002,0.323,7.6,12.5,10.0,8.6,1.0,2.5,13.2,17.0,1.9,1.4,3.3,0.106,-1.2,0.4,-0.8,0.4
Armen Gilliam,gilliar01,PHO,PF,24,74,2120,15.7,0.548,0.0,0.347,8.7,18.1,13.6,3.4,1.2,0.7,11.6,22.7,2.3,2.7,5.1,0.115,-0.1,-1.0,-1.1,0.5
Avery Johnson,johnsav01,SEA,PG,23,43,291,10.8,0.378,0.108,0.193,4.1,5.2,4.6,31.3,3.5,0.6,16.7,14.8,0.0,0.3,0.3,0.045,-2.0,1.0,-1.0,0.1
Barry Sumpter,sumptba01,LAC,PF,23,1,1,-30.2,0.0,0.0,0.0,0.0,0.0,0.0,0.0,0.0,0.0,0.0,39.4,0.0,0.0,0.0,-0.894,-29.0,-20.2,-49.2,0.0
Bart Kofoed,kofoeba01,UTA,SG,24,19,176,3.7,0.396,0.03,0.333,2.7,4.1,3.5,15.4,2.5,0.0,25.6,12.2,-0.3,0.2,0.0,-0.006,-6.3,1.5,-4.8,-0.1
Ben Coleman,colembe01,PHI,PF,27,58,703,11.2,0.537,0.0,0.32,7.8,20.6,14.1,3.4,0.7,1.5,14.9,19.1,0.3,0.5,0.8,0.051,-3.4,-1.6,-4.9,-0.5
Ben Gillery,gillebe01,SAC,C,23,24,84,5.0,0.429,0.0,1.211,8.8,20.8,14.7,3.1,1.1,2.8,14.7,16.7,-0.1,0.1,0.0,0.014,-9.8,0.2,-9.6,-0.2
Ben McDonald,mcdonbe01,GSW,PF,26,11,103,12.0,0.684,0.0,0.789,3.9,7.7,5.8,6.0,1.7,0.0,10.5,10.5,0.2,0.1,0.3,0.131,-1.4,-0.5,-2.0,0.0
Benoit Benjamin,benjabe01,LAC,C,24,79,2585,17.4,0.593,0.002,0.47,6.8,21.9,14.4,8.7,1.0,4.7,17.8,20.3,2.3,2.9,5.1,0.095,-0.4,0.8,0.3,1.5
Bernard King,kingbe01,WSB,SF,32,81,2559,17.7,0.535,0.022,0.322,5.4,11.2,8.2,18.2,1.2,0.3,12.7,28.1,3.3,1.7,4.9,0.092,1.7,-1.3,0.5,1.6
Bernard Thompson,thompbe01,HOU,PF,26,23,222,5.5,0.44,0.034,0.441,4.4,9.2,6.8,7.6,2.8,0.3,21.2,16.2,-0.3,0.3,0.0,0.0,-5.4,1.0,-4.3,-0.1
Bill Cartwright,cartwbi01,CHI,C,31,78,2333,11.0,0.535,0.0,0.401,7.8,17.7,12.9,5.4,0.4,1.1,17.4,20.1,0.1,2.0,2.1,0.042,-3.1,-1.9,-5.0,-1.7
Bill Hanzlik,hanzlbi01,DEN,PF,31,41,701,8.6,0.531,0.033,0.576,2.5,11.7,6.8,14.2,1.6,0.4,21.9,13.2,0.0,0.6,0.7,0.047,-3.3,0.2,-3.1,-0.2
Bill Jones,jonesbi01,NJN,PF,22,37,307,13.9,0.533,0.01,0.422,7.0,10.1,8.5,9.6,2.7,1.2,13.0,18.5,0.3,0.3,0.6,0.089,-1.4,0.4,-0.9,0.1
Bill Laimbeer,laimbbi01,DET,C,31,81,2640,16.6,0.557,0.096,0.236,6.2,26.1,16.6,9.8,1.0,2.3,11.5,18.2,4.0,5.0,9.0,0.164,1.1,2.1,3.2,3.4
Bill Wennington,wennibi01,DAL,C,25,65,1074,8.8,0.482,0.033,0.298,8.5,20.7,14.7,6.0,0.7,1.9,14.8,14.7,0.0,1.2,1.3,0.056,-4.9,0.1,-4.9,-0.8
Billy Thompson,thompbi01,MIA,SF,25,79,2273,13.4,0.524,0.006,0.313,11.5,17.0,14.1,11.8,1.2,2.8,18.8,17.9,0.6,2.3,2.8,0.06,-1.4,0.2,-1.3,0.4
Blair Rasmussen,rasmubl01,DEN,C,26,77,1308,11.6,0.476,0.0,0.14,7.8,15.2,11.3,4.9,1.0,1.8,7.4,19.4,0.4,1.3,1.8,0.065,-3.0,-1.5,-4.4,-0.8
Bob Hansen,hansebo01,UTA,SG,28,46,964,9.7,0.512,0.18,0.25,3.6,10.6,7.4,7.8,1.9,0.4,11.4,16.5,0.2,1.5,1.7,0.083,-2.9,0.9,-2.1,0.0
Bob Thornton,thornbo01,PHI,PF,26,54,449,6.4,0.462,0.027,0.541,8.9,14.1,11.5,4.3,0.9,0.9,14.3,14.8,-0.1,0.2,0.1,0.01,-5.0,-1.7,-6.7,-0.5
Brad Daugherty,daughbr01,CLE,C,23,78,2821,18.5,0.594,0.003,0.518,7.1,20.9,14.4,14.8,1.1,0.8,15.6,22.2,5.0,4.6,9.6,0.164,1.6,0.5,2.0,2.9
Brad Davis,davisbr01,DAL,PG,33,78,1395,13.3,0.574,0.269,0.325,1.1,7.3,4.3,25.2,1.7,0.8,17.5,16.3,1.8,1.0,2.7,0.094,-0.7,0.0,-0.7,0.4
Brad Lohaus,lohaubr01,"BOS,SAC",PF,24,77,1214,11.6,0.472,0.023,0.212,7.7,15.8,11.8,7.7,1.2,2.7,12.7,20.7,-0.3,1.1,0.9,0.034,-3.2,-0.4,-3.7,-0.5
Brad Sellers,sellebr01,CHI,PF,26,80,1732,10.6,0.529,0.013,0.212,5.9,9.2,7.6,7.7,1.0,2.4,12.2,14.7,1.3,1.4,2.6,0.073,-1.6,-0.1,-1.7,0.1
Brian Rowsom,rowsobr01,CHO,PF,23,34,517,15.7,0.572,0.006,0.5,11.4,18.3,14.7,6.5,0.9,1.4,8.3,17.1,1.2,0.3,1.5,0.135,0.5,-1.4,-0.9,0.1
Brian Shaw,shawbr01,BOS,SG,22,82,2301,12.2,0.472,0.019,0.192,6.0,12.7,9.4,27.0,1.7,0.7,20.2,16.8,0.5,1.7,2.2,0.046,-0.6,0.0,-0.7,0.8
Brook Steppe,steppbr01,POR,PG,29,27,244,12.0,0.546,0.115,0.474,5.6,8.7,7.1,8.2,2.1,0.2,12.1,16.9,0.4,0.2,0.6,0.113,-1.6,0.0,-1.6,0.0
Buck Johnson,johnsbu01,HOU,SF,25,67,1850,11.4,0.559,0.017,0.26,6.7,10.0,8.4,9.5,1.6,1.1,16.1,14.9,1.5,2.1,3.6,0.094,-1.3,0.7,-0.6,0.7
Buck Williams,willibu01,NJN,PF,28,74,2446,14.6,0.569,0.004,0.456,11.0,21.0,15.8,4.6,1.2,0.9,14.4,16.5,3.0,2.1,5.2,0.101,-0.5,-0.8,-1.2,0.5
Byron Scott,scottby01,LAL,SG,27,74,2605,16.6,0.558,0.161,0.189,3.3,9.2,6.5,13.1,2.1,0.6,10.8,23.1,4.1,2.6,6.8,0.125,1.1,-0.1,1.0,1.9
Caldwell Jones,jonesca01,POR,PF,38,72,1279,6.8,0.481,0.005,0.333,7.2,18.6,12.7,5.3,0.9,3.9,28.3,8.8,-0.6,1.5,0.8,0.031,-4.4,1.3,-3.1,-0.3
Calvin Natt,nattca01,"DEN,SAS",SF,32,24,353,10.7,0.501,0.009,0.681,8.1,15.7,11.7,6.6,1.0,0.5,16.6,19.8,0.0,0.3,0.3,0.036,-2.4,-1.7,-4.1,-0.2
Charles Barkley,barklch01,PHI,PF,25,79,3088,27.0,0.653,0.134,0.661,14.5,21.3,17.9,16.0,2.0,1.3,14.0,24.4,13.2,2.9,16.1,0.25,7.3,0.2,7.5,7.4
Charles Davis,davisch02,CHI,SF,30,49,545,10.3,0.459,0.079,0.137,10.3,13.8,12.1,7.9,1.0,0.6,9.8,17.6,0.1,0.4,0.5,0.048,-2.4,-1.8,-4.3,-0.3
Charles Jones,jonesch02,"WSB,WSB",PF,27,43,516,10.7,0.522,0.037,0.646,11.0,19.0,14.8,4.3,1.7,1.8,17.3,9.9,0.3,0.6,0.9,0.086,-1.5,0.8,-0.7,0.2
Charles Oakley,oaklech01,NYK,PF,25,82,2604,14.8,0.56,0.057,0.305,14.3,22.7,18.4,9.3,1.8,0.3,20.7,17.8,2.5,3.3,5.7,0.106,0.1,-0.5,-0.4,1.0
Charles Shackleford,shackch01,NJN,C,22,60,484,13.9,0.501,0.006,0.25,11.1,24.4,17.6,6.5,1.5,2.2,12.6,18.1,0.2,0.6,0.8,0.076,-2.4,-0.5,-2.9,-0.1
Charles Smith,smithch01,LAC,PF,23,71,2161,15.6,0.55,0.003,0.448,8.6,14.4,11.5,6.9,1.4,2.3,12.2,21.8,2.4,1.6,4.0,0.089,-0.8,-0.9,-1.7,0.2
Chris Dudley,dudlech02,CLE,C,23,61,544,8.7,0.43,0.006,0.637,15.8,16.7,16.3,5.2,0.8,2.4,17.0,20.2,-0.7,0.8,0.1,0.011,-5.7,-1.3,-7.0,-0.7
Chris Morris,morrich01,NJN,SF,23,76,2096,15.0,0.528,0.193,0.281,9.7,11.5,10.5,8.8,2.3,1.7,15.7,23.6,0.8,2.0,2.8,0.064,0.0,-0.3,-0.3,0.9
Chris Mullin,mullich01,GSW,SF,25,82,3093,21.9,0.581,0.061,0.339,4.9,10.7,7.8,20.1,2.5,0.7,13.6,26.6,7.5,3.1,10.6,0.165,3.7,0.3,4.0,4.7
Chris Welp,welpch01,PHI,C,25,72,843,8.7,0.484,0.005,0.329,7.8,17.9,12.8,4.5,1.3,2.8,14.2,14.6,0.0,0.7,0.7,0.042,-4.8,0.1,-4.7,-0.6
Chuck Nevitt,nevitch01,HOU,C,29,43,228,8.1,0.471,0.0,0.258,8.1,22.1,15.2,1.8,1.0,7.5,24.2,16.1,-0.4,0.5,0.1,0.022,-7.0,2.4,-4.5,-0.1
Chuck Person,persoch01,IND,SF,24,80,3012,15.2,0.544,0.141,0.211,5.6,13.0,9.5,15.6,1.3,0.3,16.2,26.3,1.4,1.7,3.0,0.048,0.4,-1.5,-1.1,0.7
Cliff Levingston,levincl01,ATL,PF,28,80,2184,13.4,0.563,0.009,0.336,9.5,15.4,12.4,4.7,2.2,1.9,13.9,14.1,2.7,2.8,5.5,0.121,-0.7,0.9,0.2,1.2
Cliff Robinson,robincl01,PHI,SF,28,14,416,14.1,0.514,0.005,0.235,5.1,15.2,10.1,11.5,2.0,0.3,14.1,24.0,0.0,0.3,0.3,0.033,-1.5,-1.4,-2.9,-0.1
Clinton Wheeler,wheelcl01,"MIA,POR",PG,29,28,354,12.8,0.548,0.011,0.23,5.1,4.5,4.8,20.4,3.6,0.0,20.0,13.4,0.3,0.3,0.6,0.087,-1.1,1.7,0.6,0.2
Clyde Drexler,drexlcl01,POR,SG,26,78,3064,23.6,0.555,0.062,0.328,9.9,11.9,10.9,22.2,3.2,1.0,11.6,27.2,8.8,3.8,12.6,0.197,5.4,1.1,6.5,6.6
Corey Gaines,gaineco01,NJN,SG,23,32,337,9.1,0.472,0.078,0.25,1.0,5.5,3.1,26.1,2.1,0.2,22.0,11.1,0.1,0.2,0.2,0.035,-3.2,-0.1,-3.3,-0.1
Craig Ehlo,ehlocr01,CLE,SG,27,82,1867,13.7,0.528,0.191,0.223,6.4,11.2,8.9,19.2,2.9,0.6,16.8,15.7,1.5,3.1,4.6,0.118,-0.1,2.1,2.0,1.9
Craig Hodges,hodgecr01,"PHO,CHI",SG,28,59,1204,14.5,0.581,0.419,0.133,2.3,6.1,4.3,17.2,1.8,0.2,11.1,18.1,2.1,0.8,2.9,0.117,1.5,-0.6,0.9,0.9
Craig Neal,nealcr01,"POR,MIA",PG,24,53,500,6.7,0.428,0.276,0.187,1.5,5.1,3.2,31.6,2.3,0.5,28.9,15.0,-0.6,0.3,-0.3,-0.025,-4.3,-0.9,-5.2,-0.4
Dale Ellis,ellisda01,SEA,SG,28,82,3190,19.7,0.589,0.198,0.27,5.3,6.7,6.0,8.1,1.6,0.4,10.2,26.6,9.2,1.6,10.8,0.163,4.3,-1.6,2.7,3.8
Dallas Comegys,comegda01,SAS,PF,24,67,1119,11.9,0.532,0.006,0.472,10.5,12.5,11.5,3.7,1.7,3.4,17.1,17.3,0.3,1.1,1.4,0.06,-2.9,-0.2,-3.0,-0.3
Dan Majerle,majerda01,PHO,SG,23,54,1354,11.3,0.479,0.19,0.294,5.1,11.1,8.2,11.8,2.1,0.6,9.0,15.7,0.9,1.7,2.5,0.09,-1.0,1.3,0.3,0.8
Danny Ainge,aingeda01,"BOS,SAC",PG,29,73,2377,18.0,0.554,0.29,0.228,3.3,8.7,6.0,25.3,1.9,0.2,11.1,22.6,5.2,1.4,6.7,0.135,2.9,-0.4,2.5,2.7
Danny Manning,mannida01,LAC,PF,22,26,950,13.4,0.538,0.014,0.288,7.9,11.3,9.6,12.2,2.1,1.5,18.7,20.6,0.0,0.7,0.7,0.034,-0.8,-0.4,-1.3,0.2
Danny Schayes,schayda01,DEN,C,29,76,1918,15.4,0.618,0.015,0.662,7.2,20.3,13.4,6.9,1.0,2.4,17.0,18.8,3.2,2.4,5.6,0.141,-1.2,0.0,-1.2,0.4
Danny Young,youngda01,POR,PG,26,48,952,11.8,0.534,0.2,0.256,1.9,6.7,4.2,15.9,2.7,0.2,13.9,13.1,1.0,0.8,1.8,0.091,-1.1,1.2,0.0,0.5
Darnell Valentine,valenda01,CLE,SG,29,77,1086,11.5,0.497,0.044,0.351,2.4,8.0,5.3,21.3,2.6,0.4,18.4,17.7,0.1,1.5,1.7,0.074,-2.5,1.0,-1.5,0.1
Darrell Griffith,griffda01,UTA,SG,30,82,2382,12.3,0.504,0.188,0.174,3.9,11.0,7.7,8.9,1.8,0.6,11.1,22.5,0.2,3.7,3.9,0.078,-1.7,0.0,-1.7,0.2
Darrell Walker,walkeda01,WSB,PG,27,79,2565,13.4,0.469,0.013,0.27,5.5,16.5,10.8,25.0,2.9,0.5,19.5,14.8,0.5,3.3,3.7,0.07,-1.1,1.9,0.9,1.8
Darryl Dawkins,dawkida01,DET,C,32,14,48,8.2,0.501,0.0,0.947,7.4,9.0,8.2,3.1,0.0,1.3,12.9,27.6,0.0,0.0,0.0,0.027,-6.4,-2.2,-8.6,-0.1
Darwin Cook,cookda01,"SAS,DEN",SG,30,66,1143,11.8,0.495,0.086,0.163,3.0,7.2,5.0,15.6,2.8,0.5,14.7,20.3,-0.1,1.1,0.9,0.039,-2.5,0.1,-2.4,-0.1
Dave Corzine,corzida01,CHI,C,32,81,1483,10.8,0.497,0.018,0.218,7.4,16.8,12.3,9.5,1.0,1.8,16.2,16.6,-0.1,1.5,1.4,0.046,-2.2,-0.5,-2.7,-0.3
Dave Feitl,feitlda01,WSB,C,26,57,828,8.7,0.485,0.004,0.244,8.7,18.3,13.3,5.8,1.0,1.3,18.1,17.4,-0.4,0.8,0.4,0.022,-4.5,-0.8,-5.2,-0.7
Dave Greenwood,greenda01,"SAS,DEN",PF,31,67,1403,11.8,0.493,0.0,0.446,10.2,21.0,15.3,8.6,1.5,2.1,16.2,15.5,0.5,1.8,2.2,0.076,-2.6,0.0,-2.5,-0.2
Dave Hoppen,hoppeda01,CHO,C,24,77,1419,11.8,0.604,0.006,0.394,9.1,21.5,15.0,5.5,0.8,0.9,15.7,14.2,1.7,0.9,2.6,0.086,-2.5,-0.9,-3.4,-0.5
Dave Popson,popsoda01,"LAC,MIA",PF,24,17,106,6.4,0.407,0.0,0.1,12.2,15.5,13.9,10.6,0.4,1.6,19.3,19.5,-0.2,0.1,-0.1,-0.065,-5.2,-2.1,-7.3,-0.1
David Rivers,riverda01,LAL,PG,24,47,440,9.8,0.477,0.049,0.344,3.5,7.1,5.4,30.4,2.5,1.2,30.3,18.9,-0.5,0.5,0.0,0.002,-2.9,-0.5,-3.4,-0.2
David Wingate,wingada01,PHI,SG,25,33,372,11.5,0.527,0.052,0.296,3.6,7.6,5.6,26.5,1.2,0.3,21.2,18.4,0.2,0.1,0.2,0.032,-1.6,-1.7,-3.3,-0.1
David Wood,woodda01,CHI,PF,24,2,2,0.0,,,,0.0,0.0,0.0,0.0,0.0,0.0,,0.0,0.0,0.0,0.0,-0.002,-3.7,-2.9,-6.7,0.0
Dell Curry,curryde01,CHO,SG,24,48,813,18.3,0.527,0.106,0.088,3.4,11.2,7.1,11.2,2.5,0.3,7.5,29.5,0.4,0.5,0.9,0.052,1.5,-0.6,0.9,0.6
Dennis Hopson,hopsode01,NJN,SG,23,62,1551,13.8,0.486,0.038,0.307,6.3,8.2,7.2,10.2,2.2,1.2,11.2,24.1,0.6,1.2,1.7,0.053,-1.3,-0.5,-1.7,0.1
Dennis Johnson,johnsde01,BOS,PG,34,72,2309,11.5,0.498,0.078,0.306,1.6,7.8,4.7,26.6,2.0,0.5,19.5,16.2,1.0,1.5,2.5,0.051,-1.4,-0.3,-1.7,0.2
Dennis Rodman,rodmade01,DET,SF,27,82,2208,16.3,0.613,0.049,0.292,17.6,21.7,19.8,6.3,1.3,2.1,17.4,14.1,4.1,3.9,8.1,0.175,1.0,1.1,2.2,2.3
Derek Harper,harpede01,DAL,PG,27,81,2968,18.3,0.561,0.247,0.252,1.7,6.7,4.2,30.1,2.9,0.8,14.1,21.2,5.2,2.8,8.0,0.13,2.5,0.7,3.2,3.9
Derek Smith,smithde02,"SAC,PHI",SG,27,65,1295,11.7,0.491,0.063,0.379,5.1,9.1,7.1,14.1,1.6,1.0,13.2,21.2,0.2,0.7,0.9,0.033,-2.0,-0.8,-2.8,-0.3
Derrick Chievous,chievde01,HOU,SF,21,81,1539,11.6,0.506,0.038,0.385,8.1,9.9,9.0,7.4,1.5,0.4,15.5,22.9,0.0,1.6,1.6,0.05,-2.1,-1.1,-3.3,-0.5
Derrick McKey,mckeyde01,SEA,SF,22,82,2804,15.5,0.575,0.092,0.387,6.5,12.2,9.3,10.7,1.8,1.5,14.2,18.8,5.0,2.3,7.4,0.126,1.0,0.0,1.0,2.1
Detlef Schrempf,schrede01,"DAL,IND",PF,26,69,1850,15.3,0.566,0.061,0.606,7.8,15.5,11.8,14.0,1.4,0.6,15.4,19.9,2.9,1.5,4.4,0.113,0.3,-0.2,0.0,0.9
Doc Rivers,riverdo01,ATL,PG,27,76,2462,18.4,0.548,0.152,0.352,3.9,8.9,6.3,30.0,3.6,1.0,14.4,18.2,5.4,3.2,8.5,0.167,2.4,2.4,4.8,4.2
Dominic Pressley,pressdo01,"WSB,CHI",PG,24,13,124,5.3,0.329,0.065,0.29,2.5,11.0,6.6,25.8,1.5,0.0,23.9,15.0,-0.3,0.1,-0.2,-0.069,-5.5,-1.2,-6.7,-0.1
Dominique Wilkins,wilkido01,ATL,SF,29,80,2997,21.8,0.528,0.06,0.298,9.2,11.0,10.0,11.9,1.9,1.0,8.4,29.4,7.5,2.9,10.4,0.166,4.5,-1.1,3.4,4.1
Duane Ferrell,ferredu01,ATL,SF,23,41,231,12.0,0.488,0.0,0.53,8.8,10.5,9.7,6.1,1.5,1.6,10.5,20.1,0.2,0.2,0.4,0.082,-2.3,-1.0,-3.3,-0.1
Dudley Bradley,bradldu01,ATL,SG,31,38,267,6.1,0.387,0.36,0.186,2.8,10.4,6.5,11.9,2.9,0.4,13.1,16.3,-0.3,0.3,0.0,0.004,-5.4,0.8,-4.6,-0.2
Earl Cureton,curetea01,CHO,C,31,82,2047,10.1,0.512,0.002,0.265,9.7,17.1,13.2,8.4,1.2,1.8,18.0,12.7,0.3,1.2,1.5,0.035,-2.7,-0.2,-2.9,-0.4
Ed Nealy,nealyed01,"CHI,PHO",PF,28,43,258,6.0,0.375,0.056,0.25,9.6,22.9,16.5,6.3,1.3,0.2,14.9,7.3,0.0,0.4,0.4,0.066,-4.0,0.4,-3.6,-0.1
Ed Pinckney,pincked01,"SAC,BOS",PF,25,80,2012,17.2,0.591,0.01,0.563,9.0,15.5,12.3,8.3,2.0,1.9,13.3,18.3,4.0,2.1,6.1,0.145,0.9,0.6,1.5,1.8
Eddie Hughes,hugheed01,DEN,PG,28,26,224,11.4,0.505,0.344,0.188,2.6,6.3,4.4,18.7,3.4,0.5,13.7,13.7,0.1,0.3,0.4,0.089,-2.1,2.0,-0.1,0.1
Eddie Johnson,johnsed03,PHO,SF,29,70,2043,19.4,0.564,0.141,0.204,5.0,10.7,8.0,12.2,1.1,0.2,8.4,28.3,4.6,1.9,6.5,0.152,3.3,-1.1,2.1,2.1
Eddie Lee Wilkins,wilkied01,NYK,C,26,71,584,10.2,0.492,0.004,0.453,13.4,14.8,14.1,1.6,0.8,1.6,16.0,23.2,-0.2,0.5,0.3,0.023,-4.8,-2.7,-7.5,-0.8
Elston Turner,turneel01,DEN,SF,29,78,1746,7.8,0.446,0.02,0.159,6.1,11.1,8.5,9.5,2.3,0.3,13.7,9.6,0.2,1.9,2.1,0.056,-3.0,0.9,-2.1,0.0
Ennis Whatley,whatlen01,LAC,PG,26,8,90,12.1,0.449,0.0,0.333,2.4,16.6,9.5,32.4,3.6,0.6,22.5,21.4,-0.1,0.1,0.0,0.005,-5.6,1.2,-4.4,-0.1
Eric Leckner,leckner01,UTA,C,22,75,779,9.7,0.591,0.0,0.514,7.4,20.0,14.2,3.1,0.5,1.7,20.4,18.4,0.1,1.4,1.5,0.093,-5.2,0.2,-5.0,-0.6
Eric White,whiteer01,"UTA,LAC",SF,23,38,436,10.3,0.57,0.0,0.35,8.4,8.8,8.6,5.2,1.1,0.1,15.8,14.9,0.3,0.1,0.5,0.05,-2.3,-2.1,-4.4,-0.3
Everette Stephens,stephev01,IND,PG,22,35,209,6.4,0.398,0.139,0.306,6.2,6.0,6.1,23.8,2.1,1.1,26.2,22.2,-0.6,0.1,-0.4,-0.103,-4.1,-1.5,-5.6,-0.2
Fat Lever,leverfa01,DEN,SG,28,71,2745,20.6,0.513,0.054,0.282,6.7,18.9,12.4,26.9,3.2,0.4,10.3,21.3,5.1,4.2,9.2,0.161,3.4,1.8,5.2,5.0
Fennis Dembo,dembofe01,DET,SF,23,31,74,7.8,0.388,0.095,0.238,12.8,21.9,17.6,10.1,0.7,0.0,13.1,30.9,-0.2,0.1,-0.1,-0.037,-7.7,-3.1,-10.8,-0.2
Frank Brickowski,brickfr01,SAS,C,29,64,1822,15.0,0.563,0.003,0.43,8.5,16.3,12.2,10.4,2.6,1.1,17.5,20.1,1.4,2.2,3.6,0.094,-0.9,0.4,-0.5,0.7
Frank Johnson,johnsfr01,HOU,PG,30,67,879,10.4,0.512,0.024,0.378,2.7,7.0,4.9,28.0,2.3,0.0,26.2,17.8,-0.3,1.0,0.6,0.034,-2.7,-0.3,-3.0,-0.2
Fred Roberts,roberfr01,MIL,PF,28,71,1251,10.6,0.555,0.044,0.404,6.2,13.2,9.7,7.2,1.4,1.1,17.6,15.1,0.7,1.3,2.0,0.077,-1.7,0.1,-1.6,0.1
Gary Grant,grantga01,LAC,PG,23,71,1924,14.1,0.469,0.027,0.195,4.5,8.8,6.6,37.6,3.4,0.3,22.3,23.8,-2.0,1.6,-0.4,-0.009,-1.2,-0.7,-1.9,0.0
Gerald Henderson,hendege01,PHI,PG,33,65,986,12.1,0.526,0.307,0.365,1.9,5.8,3.9,19.2,2.1,0.2,15.3,20.1,0.8,0.3,1.1,0.055,-1.4,-0.9,-2.3,-0.1
Gerald Wilkins,wilkige01,NYK,SG,25,81,2414,13.8,0.512,0.168,0.24,4.3,7.0,5.6,15.3,2.2,0.5,13.0,20.9,2.4,1.9,4.3,0.086,0.1,-0.3,-0.2,1.1
Grant Gondrezick,gondrgr01,LAC,SG,26,27,244,11.8,0.466,0.116,0.421,6.6,9.2,7.9,19.0,2.4,0.2,13.1,20.9,0.0,0.2,0.2,0.032,-2.2,-0.2,-2.4,0.0
Grant Long,longgr01,MIA,PF,22,82,2435,13.7,0.561,0.007,0.587,10.7,14.7,12.6,9.1,2.4,1.2,18.8,17.9,2.0,2.7,4.6,0.091,-1.4,0.3,-1.1,0.5
Greg Anderson,andergr01,SAS,PF,24,82,2401,14.9,0.516,0.003,0.441,11.2,20.2,15.5,3.7,2.0,2.6,14.2,20.6,0.4,3.1,3.4,0.069,-1.1,-0.8,-2.0,0.0
Greg Ballard,ballagr01,SEA,SF,34,2,15,7.1,0.307,0.125,0.5,14.5,38.5,26.1,0.0,0.0,0.0,0.0,25.9,0.0,0.0,0.0,0.021,-6.6,-4.2,-10.8,0.0
Greg Butler,butlegr01,NYK,C,22,33,140,4.7,0.493,0.063,0.417,7.0,15.5,11.1,1.8,0.3,0.8,23.0,20.4,-0.2,0.1,-0.1,-0.034,-7.6,-2.5,-10.1,-0.3
Greg Dreiling,dreilgr01,IND,C,26,53,396,8.1,0.613,0.0,0.831,11.6,14.0,12.9,6.1,0.6,1.6,27.1,15.2,0.1,0.2,0.4,0.045,-4.9,-0.3,-5.2,-0.3
Greg Kite,kitegr01,"LAC,CHO",C,27,70,942,6.3,0.444,0.0,0.272,9.2,18.7,13.9,4.7,1.3,3.2,25.5,9.6,-0.8,0.9,0.1,0.005,-5.7,0.5,-5.2,-0.8
Hakeem Olajuwon,olajuha01,HOU,C,26,82,3024,25.2,0.552,0.006,0.419,12.2,27.2,19.8,8.2,3.3,5.5,13.0,28.2,4.6,7.8,12.4,0.197,2.7,2.9,5.5,5.7
Harold Pressley,pressha01,SAC,PF,25,80,2257,15.7,0.529,0.338,0.141,10.1,13.0,11.5,11.3,2.0,1.9,11.8,19.1,2.7,2.1,4.8,0.102,1.7,0.2,1.9,2.2
Harvey Grant,grantha01,WSB,PF,23,71,1193,10.6,0.477,0.003,0.146,6.6,8.4,7.5,9.0,1.4,1.4,6.3,14.9,0.9,0.9,1.7,0.07,-1.9,-0.1,-2.0,0.0
Herb Williams,willihe01,"IND,DAL",C,30,76,2470,10.6,0.471,0.007,0.263,6.3,19.7,13.3,7.1,0.9,3.2,15.3,16.6,-1.2,2.6,1.4,0.027,-2.7,0.4,-2.3,-0.2
Hersey Hawkins,hawkihe01,PHI,SG,22,79,2577,14.2,0.544,0.171,0.299,2.2,7.6,4.9,13.0,2.3,0.8,12.6,20.3,2.7,1.3,4.0,0.075,0.1,-0.3,-0.2,1.2
Horace Grant,grantho01,CHI,PF,23,79,2809,13.8,0.547,0.006,0.255,10.2,17.6,14.0,8.2,1.5,1.3,12.8,15.2,3.3,3.1,6.4,0.11,-0.4,-0.2,-0.5,1.0
Hot Rod Williams,williho01,CLE,PF,26,82,2125,17.6,0.566,0.006,0.449,9.7,15.3,12.7,7.2,1.8,3.6,10.8,18.8,3.8,3.8,7.7,0.173,0.7,1.5,2.2,2.3
Isiah Thomas,thomais01,DET,PG,27,80,2924,17.1,0.528,0.099,0.286,2.0,8.3,5.3,34.3,2.3,0.4,17.7,24.6,3.1,3.9,7.0,0.115,2.0,0.6,2.6,3.4
Jack Haley,haleyja01,CHI,PF,25,51,289,9.9,0.56,0.0,0.59,8.7,19.4,14.2,4.7,1.9,0.0,20.9,18.4,0.0,0.3,0.4,0.064,-5.2,-0.8,-6.0,-0.3
Jack Sikma,sikmaja01,MIL,C,33,80,2587,15.8,0.554,0.259,0.352,6.2,21.9,13.9,15.5,1.6,1.5,13.1,17.8,4.5,3.7,8.1,0.151,1.5,1.4,2.8,3.2
James Donaldson,donalja01,DAL,C,31,53,1746,14.2,0.614,0.0,0.368,10.1,25.7,18.0,3.1,0.7,2.7,17.5,11.8,2.1,2.3,4.4,0.122,-0.2,0.2,0.0,0.9
James Edwards,edwarja01,DET,C,33,76,1254,11.6,0.547,0.005,0.46,6.4,14.0,10.4,5.7,0.4,1.5,12.4,19.8,1.3,1.5,2.8,0.109,-3.0,0.3,-2.6,-0.2
James Worthy,worthja01,LAL,SF,27,81,2960,19.0,0.582,0.018,0.25,6.8,11.3,9.2,14.6,1.7,1.1,11.3,22.4,6.6,3.1,9.7,0.158,2.9,0.0,3.0,3.7
Jay Humphries,humphja01,MIL,PG,26,73,2220,14.6,0.539,0.132,0.221,3.6,6.3,4.9,25.9,3.1,0.1,17.0,17.6,2.4,2.5,4.9,0.105,0.3,1.0,1.3,1.8
Jay Vincent,vinceja01,"DEN,SAS",SF,29,29,646,7.0,0.439,0.012,0.233,6.2,12.7,9.3,5.7,0.4,0.4,12.9,19.5,-0.6,0.3,-0.3,-0.024,-4.4,-2.4,-6.8,-0.8
Jeff Grayer,grayeje01,MIL,SG,23,11,200,12.6,0.495,0.027,0.274,8.0,12.3,10.1,15.7,2.4,0.3,18.8,20.9,0.0,0.2,0.2,0.047,-1.0,-0.5,-1.5,0.0
Jeff Hornacek,hornaje01,PHO,SG,25,78,2487,16.3,0.545,0.091,0.2,3.4,7.8,5.7,24.2,2.4,0.2,10.3,17.2,4.9,2.8,7.7,0.149,1.5,1.2,2.7,3.0
Jeff Lamp,lampje01,LAL,SF,29,37,176,6.8,0.421,0.058,0.072,4.1,16.6,10.8,11.3,2.2,0.6,18.3,20.5,-0.3,0.2,-0.1,-0.026,-6.4,-0.5,-6.9,-0.2
Jeff Malone,malonje01,WSB,SG,27,76,2418,16.7,0.529,0.013,0.241,2.4,5.8,4.0,14.9,0.8,0.3,9.6,28.6,3.2,0.9,4.1,0.081,1.4,-2.1,-0.7,0.8
Jerome Kersey,kerseje01,POR,SF,26,76,2716,16.6,0.511,0.018,0.327,9.5,15.8,12.6,12.2,2.3,1.8,11.4,20.8,3.5,3.3,6.8,0.121,0.8,0.6,1.4,2.3
Jerome Lane,laneje01,DEN,PF,22,54,550,12.3,0.427,0.027,0.438,15.5,22.4,18.7,14.3,1.6,0.4,14.1,24.7,-0.6,0.7,0.1,0.013,-3.4,-1.6,-5.1,-0.4
Jerome Whitehead,whiteje01,"GSW,SAS",C,32,57,622,6.9,0.432,0.0,0.258,8.3,15.6,11.8,4.0,1.7,0.4,10.6,14.2,-0.2,0.6,0.4,0.032,-5.2,-0.7,-5.9,-0.6
Jerry Reynolds,reynoje01,SEA,SG,26,56,737,17.6,0.497,0.042,0.468,7.2,8.0,7.6,12.0,3.4,2.1,11.7,26.4,0.8,0.8,1.6,0.107,0.9,0.6,1.5,0.7
Jerry Sichting,sichtje01,POR,PG,32,25,390,8.8,0.474,0.115,0.077,2.4,5.8,4.0,18.6,1.8,0.0,18.9,13.1,0.0,0.2,0.2,0.03,-2.3,-0.8,-3.1,-0.1
Jim Farmer,farmeji01,UTA,SG,24,37,412,8.4,0.475,0.141,0.289,6.4,8.3,7.4,10.2,1.1,0.0,14.0,19.1,-0.1,0.5,0.4,0.045,-3.8,-1.3,-5.1,-0.3
Jim Les,lesji01,UTA,PG,25,82,781,7.9,0.418,0.105,0.549,3.5,8.4,6.2,36.5,1.7,0.4,34.8,13.7,-0.8,1.1,0.3,0.018,-3.4,-0.2,-3.7,-0.3
Jim Paxson,paxsoji02,BOS,PG,31,57,1138,11.5,0.502,0.054,0.231,1.8,5.6,3.7,13.2,1.6,0.4,10.4,20.0,0.7,0.5,1.3,0.053,-2.2,-1.0,-3.1,-0.3
Jim Petersen,peterji01,SAC,C,26,66,1633,11.4,0.498,0.013,0.254,7.8,19.5,13.6,7.3,1.4,2.4,17.9,20.6,-1.1,1.8,0.6,0.019,-4.1,0.0,-4.1,-0.9
Jim Rowinski,rowinji01,"DET,PHI",PF,28,9,15,17.9,0.527,0.0,1.5,7.4,29.4,18.7,0.0,0.0,0.0,0.0,18.7,0.0,0.0,0.1,0.205,1.9,-2.7,-0.7,0.0
Joe Barry Carroll,carrojo01,NJN,C,30,64,1996,14.2,0.497,0.0,0.272,6.4,20.4,13.2,8.0,1.7,2.4,13.6,21.5,0.1,2.2,2.3,0.056,-1.5,0.5,-1.0,0.5
Joe Dumars,dumarjo01,DET,SG,25,69,2408,16.8,0.571,0.032,0.339,2.8,5.2,4.0,24.3,1.3,0.1,14.6,21.6,4.8,2.2,7.0,0.14,2.2,-0.2,1.9,2.4
Joe Kleine,kleinjo01,"SAC,BOS",C,27,75,1411,10.0,0.485,0.005,0.352,9.7,19.9,14.7,6.4,1.1,0.9,17.3,17.6,-0.2,1.3,1.0,0.035,-3.7,-0.9,-4.6,-0.9
Joe Wolf,wolfjo01,LAC,C,24,66,1450,7.0,0.449,0.035,0.159,6.1,13.8,10.0,10.1,1.0,0.6,17.9,14.3,-1.1,0.7,-0.5,-0.016,-4.4,-1.1,-5.5,-1.3
John Bagley,baglejo01,NJN,PG,28,68,1642,11.3,0.467,0.112,0.256,2.4,7.6,4.9,33.1,2.1,0.2,22.9,17.3,-0.6,1.0,0.4,0.013,-1.6,-1.1,-2.7,-0.3
John Battle,battljo01,ATL,SG,26,82,1672,13.5,0.532,0.054,0.379,1.9,7.3,4.6,17.1,1.2,0.3,12.4,20.4,2.2,1.0,3.2,0.092,-0.3,-0.9,-1.1,0.4
John Long,longjo01,"IND,DET",SG,32,68,919,9.5,0.474,0.056,0.212,2.3,6.8,4.7,12.5,1.5,0.2,12.7,20.5,-0.2,0.4,0.2,0.011,-3.2,-0.8,-4.1,-0.5
John Lucas,lucasjo01,SEA,PG,35,74,842,16.6,0.466,0.227,0.258,2.8,7.8,5.2,40.7,3.4,0.1,16.5,18.9,1.1,0.8,1.9,0.109,2.2,0.3,2.4,0.9
John Paxson,paxsojo01,CHI,PG,28,78,1738,12.0,0.536,0.259,0.07,0.9,5.2,3.1,24.3,1.5,0.2,11.8,14.8,2.3,1.0,3.3,0.091,-0.8,-0.6,-1.4,0.3
John Salley,sallejo01,DET,PF,24,67,1458,12.4,0.558,0.006,0.586,10.9,14.9,13.0,6.9,1.4,3.0,19.3,15.2,1.1,2.3,3.5,0.115,-1.3,2.1,0.7,1.0
John Shasky,shaskjo01,MIA,C,24,65,944,12.7,0.555,0.008,0.673,11.0,16.8,13.8,3.4,0.7,0.8,12.5,15.8,1.2,0.7,1.9,0.097,-0.9,-1.6,-2.4,-0.1
John Starks,starkjo01,GSW,SG,23,36,316,10.3,0.494,0.208,0.416,4.8,8.2,6.5,11.0,3.3,0.5,20.9,22.4,-0.4,0.3,0.0,-0.002,-3.3,-0.2,-3.5,-0.1
John Stockton,stockjo01,UTA,PG,26,82,3171,22.9,0.624,0.072,0.49,3.1,5.4,4.3,54.3,4.1,0.3,21.5,19.1,9.8,5.8,15.6,0.236,5.1,3.2,8.3,8.3
John Stroeder,stroejo01,"SAS,GSW",PF,30,5,22,13.2,0.4,0.0,0.0,22.8,40.7,31.8,16.3,0.0,5.0,37.5,13.8,0.0,0.0,0.0,0.037,-2.7,0.2,-2.5,0.0
John Williams,willijo02,WSB,SF,22,82,2413,18.8,0.525,0.076,0.309,6.9,19.6,13.0,20.9,2.8,1.7,12.8,20.4,3.3,3.5,6.9,0.136,2.4,2.2,4.6,4.0
Johnny Dawkins,dawkijo01,SAS,PG,25,32,1083,13.4,0.505,0.01,0.28,3.1,7.3,5.1,28.9,2.3,0.0,19.8,20.1,0.2,0.8,1.0,0.044,-0.5,-0.8,-1.4,0.2
Johnny Newman,newmajo01,NYK,SF,25,81,2336,15.3,0.582,0.3,0.367,4.3,5.5,4.9,9.4,2.2,0.6,12.1,21.0,4.9,1.8,6.7,0.138,1.2,-0.1,1.1,1.8
Jon Koncak,koncajo01,ATL,C,25,74,1531,12.0,0.54,0.011,0.424,10.3,22.1,16.1,4.8,1.7,3.8,15.8,10.1,1.3,2.5,3.7,0.117,-1.6,1.9,0.4,0.9
Jon Sundvold,sundvjo01,MIA,SG,27,68,1338,12.6,0.506,0.136,0.084,1.5,6.0,3.7,17.6,1.0,0.0,11.1,23.9,0.6,0.4,1.0,0.037,-0.1,-2.2,-2.3,-0.1
José Ortiz,ortizjo01,UTA,PF,25,51,327,8.1,0.477,0.008,0.416,11.0,8.8,9.8,5.3,1.2,1.3,19.6,23.8,-0.5,0.5,-0.1,-0.01,-5.2,-1.6,-6.8,-0.4
Kareem Abdul-Jabbar,abdulka01,LAL,C,41,74,1695,12.9,0.511,0.005,0.25,7.3,14.2,11.0,6.1,1.1,2.9,11.5,20.1,0.9,2.0,2.9,0.082,-1.9,-0.2,-2.1,0.0
Karl Malone,malonka01,UTA,PF,25,80,3126,24.4,0.592,0.01,0.589,10.0,19.6,15.1,12.8,2.3,1.3,12.7,30.4,8.6,6.6,15.2,0.233,4.3,1.2,5.4,5.9
Keith Lee,leeke01,NJN,PF,26,57,840,10.8,0.468,0.008,0.275,9.4,25.4,17.1,7.0,1.1,2.3,15.5,16.7,-0.2,1.0,0.8,0.045,-4.0,-0.1,-4.1,-0.4
Keith Smart,smartke01,SAS,PG,24,2,12,0.0,0.347,0.5,1.0,0.0,9.6,4.6,19.0,0.0,0.0,41.0,15.8,0.0,0.0,0.0,-0.175,-8.5,-5.6,-14.1,0.0
Kelly Tripucka,tripuke01,CHO,SF,29,71,2302,17.7,0.558,0.069,0.418,3.6,9.5,6.4,15.7,1.8,0.4,14.1,29.8,2.4,0.9,3.3,0.069,1.5,-1.3,0.2,1.3
Kelvin Upshaw,upshake01,"MIA,BOS",SG,26,32,617,10.3,0.49,0.071,0.123,1.8,7.2,4.5,26.5,2.1,0.3,19.8,18.6,-0.1,0.4,0.3,0.021,-2.8,-0.7,-3.5,-0.2
Ken Bannister,bannike01,LAC,PF,28,9,130,17.9,0.624,0.028,1.472,4.9,22.1,13.6,3.2,2.5,0.9,11.9,20.4,0.3,0.2,0.4,0.15,0.0,0.2,0.2,0.1
Ken Norman,normake01,LAC,SF,24,80,3020,15.4,0.522,0.017,0.212,8.7,14.9,11.8,13.6,1.6,1.2,12.9,20.8,1.9,2.1,4.0,0.064,0.3,-0.8,-0.5,1.1
Kenny Gattison,gattike01,PHO,PF,24,2,9,-2.8,0.266,0.0,2.0,0.0,11.3,5.9,0.0,0.0,0.0,0.0,8.3,0.0,0.0,0.0,-0.037,-4.1,-3.0,-7.1,0.0
Kenny Smith,smithke01,SAC,PG,23,81,3145,14.3,0.523,0.108,0.302,1.6,6.1,3.9,29.2,1.5,0.1,15.7,20.7,2.8,1.3,4.1,0.062,0.1,-1.6,-1.4,0.4
Kenny Walker,walkeke01,NYK,SF,24,79,1163,11.8,0.533,0.056,0.239,9.4,12.6,11.0,3.9,1.6,2.2,10.1,14.6,1.5,1.2,2.7,0.112,-1.5,0.2,-1.2,0.2
Kevin Duckworth,duckwke01,POR,C,24,79,2662,13.9,0.531,0.002,0.369,9.7,16.4,12.9,3.1,1.0,1.1,12.9,22.4,2.5,2.3,4.8,0.086,-1.4,-2.0,-3.5,-1.0
Kevin Edwards,edwarke01,MIA,SG,23,79,2349,12.6,0.46,0.033,0.175,3.9,8.8,6.3,24.3,2.9,0.7,17.1,24.8,-2.3,2.2,-0.2,-0.003,-1.6,-0.3,-1.9,0.1
Kevin Gamble,gamblke01,BOS,SF,23,44,375,15.8,0.584,0.081,0.404,3.4,9.4,6.4,13.1,1.8,0.5,10.6,19.9,0.7,0.2,1.0,0.123,0.6,-0.1,0.4,0.2
Kevin Johnson,johnske02,PHO,PG,22,81,3179,20.5,0.597,0.02,0.511,1.6,9.4,5.7,40.4,2.0,0.4,18.9,21.2,8.6,3.5,12.2,0.184,3.9,0.3,4.2,5.0
Kevin McHale,mchalke01,BOS,PF,31,78,2876,20.3,0.608,0.003,0.44,9.0,16.3,12.7,9.1,0.4,2.0,11.9,23.7,8.1,1.9,10.1,0.168,3.2,-1.1,2.1,3.0
Kevin Williams,willike01,"NJN,LAC",SG,27,50,547,9.0,0.462,0.03,0.295,5.5,8.7,7.0,13.6,2.6,1.2,18.7,20.7,-0.6,0.5,-0.1,-0.009,-4.7,0.3,-4.4,-0.3
Kiki Vandeweghe,vandeki01,"POR,NYK",PF,30,45,934,13.7,0.536,0.113,0.209,3.0,5.4,4.2,10.3,0.9,0.7,8.1,20.9,1.6,0.4,2.0,0.105,0.1,-1.8,-1.7,0.1
Kurt Rambis,rambiku01,CHO,PF,30,75,2233,16.1,0.565,0.005,0.396,12.7,22.7,17.4,9.9,2.1,1.5,16.7,16.2,2.6,2.3,4.8,0.104,0.2,0.2,0.3,1.3
LaSalle Thompson,thompla01,"SAC,IND",C,27,76,2329,15.6,0.544,0.001,0.331,10.7,22.7,16.8,5.2,1.6,2.3,15.5,20.4,1.5,2.9,4.4,0.09,-1.1,-0.3,-1.4,0.4
Larry Bird,birdla01,BOS,SF,32,6,189,19.8,0.516,0.0,0.183,0.6,21.6,11.2,24.3,1.6,1.6,8.9,27.1,0.3,0.2,0.5,0.129,2.1,1.6,3.7,0.3
Larry Krystkowiak,krystla01,MIL,PF,24,80,2472,14.2,0.552,0.016,0.458,9.1,19.6,14.3,6.1,1.8,0.2,13.8,17.9,3.1,3.2,6.3,0.122,-0.4,-0.5,-0.9,0.7
Larry Nance,nancela01,CLE,PF,29,73,2526,19.9,0.59,0.004,0.363,7.4,18.0,13.0,9.2,1.1,4.7,9.9,19.9,5.7,4.7,10.3,0.197,1.9,2.0,3.9,3.8
Larry Smith,smithla01,GSW,PF,31,80,1897,11.9,0.54,0.0,0.146,14.4,19.9,17.2,7.6,1.4,1.6,20.7,10.6,1.4,2.3,3.7,0.094,-1.5,-0.1,-1.6,0.2
Ledell Eackles,eacklle01,WSB,SG,22,80,1459,15.2,0.519,0.055,0.473,7.2,6.2,6.7,12.6,1.3,0.2,12.6,27.8,1.4,0.8,2.1,0.07,0.3,-1.9,-1.6,0.1
Lester Conner,connele01,NJN,PG,29,82,2532,17.2,0.531,0.055,0.398,4.3,11.6,7.8,33.2,3.4,0.1,18.6,15.8,3.6,2.6,6.2,0.118,1.0,1.3,2.3,2.7
Magic Johnson,johnsma02,LAL,PG,29,77,2886,26.9,0.625,0.165,0.495,4.6,18.0,11.7,48.6,2.3,0.4,18.4,24.3,12.1,4.0,16.1,0.267,7.3,2.0,9.4,8.3
Manute Bol,bolma01,GSW,C,26,80,1769,9.8,0.421,0.265,0.192,6.6,19.5,13.1,1.8,0.3,10.8,17.5,9.7,-1.2,2.8,1.7,0.046,-4.2,3.2,-1.0,0.4
Marc Iavaroni,iavarma01,UTA,PF,32,77,796,5.3,0.494,0.006,0.27,6.2,11.8,9.2,5.6,0.7,1.0,22.2,12.4,-0.5,1.1,0.6,0.036,-5.0,0.1,-4.9,-0.6
Mark Acres,acresma01,BOS,C,26,62,632,8.2,0.507,0.009,0.421,10.9,15.6,13.3,3.7,1.5,0.6,14.5,10.4,0.4,0.5,0.9,0.066,-3.0,-0.4,-3.4,-0.2
Mark Aguirre,aguirma01,"DAL,DET",SF,29,80,2597,16.4,0.524,0.137,0.309,6.4,10.0,8.3,17.9,0.9,0.8,12.6,27.4,2.4,2.1,4.5,0.082,1.4,-1.3,0.1,1.4
Mark Alarie,alarima01,WSB,PF,25,74,1141,13.3,0.531,0.088,0.202,9.5,15.2,12.2,7.8,1.0,1.1,11.7,18.7,1.2,1.0,2.2,0.093,-1.1,-0.8,-2.0,0.0
Mark Bryant,bryanma01,POR,PF,23,56,803,9.1,0.505,0.0,0.279,8.5,15.9,12.1,5.3,1.2,0.5,12.9,15.3,0.4,0.7,1.1,0.063,-3.5,-0.7,-4.2,-0.5
Mark Davis,davisma01,"PHO,MIL",SF,25,33,258,15.0,0.543,0.098,0.333,7.1,9.6,8.3,8.1,2.5,1.2,9.3,20.7,0.4,0.3,0.7,0.134,-0.8,0.3,-0.5,0.1
Mark Eaton,eatonma01,UTA,C,32,82,2914,10.6,0.513,0.0,0.491,9.4,21.8,16.1,3.8,0.7,6.5,22.3,9.2,0.0,6.5,6.6,0.108,-2.5,3.1,0.6,1.9
Mark Jackson,jacksma01,NYK,PG,23,72,2477,18.3,0.535,0.234,0.252,4.6,10.8,7.7,33.7,2.6,0.2,16.6,21.3,4.8,2.5,7.2,0.14,3.4,0.0,3.5,3.4
Mark McNamara,mcnamma01,LAL,C,29,39,318,11.2,0.575,0.0,1.219,14.3,20.4,17.5,3.9,0.6,0.5,19.6,15.9,0.4,0.3,0.7,0.106,-3.0,-1.8,-4.8,-0.2
Mark Price,pricema01,CLE,PG,24,75,2728,20.6,0.623,0.21,0.29,2.1,7.0,4.7,33.8,2.1,0.1,15.7,21.0,8.0,3.3,11.3,0.199,4.5,0.0,4.5,4.5
Mark West,westma01,PHO,C,28,82,2019,12.9,0.644,0.0,0.543,9.2,19.4,14.5,2.3,0.8,5.1,18.3,11.1,2.2,3.3,5.5,0.131,-1.1,2.1,1.0,1.5
Maurice Cheeks,cheekma01,PHI,PG,32,71,2298,16.5,0.527,0.019,0.28,1.9,7.1,4.5,32.6,2.2,0.4,12.9,16.2,4.3,1.0,5.3,0.11,2.1,-0.3,1.8,2.2
Michael Adams,adamsmi01,DEN,PG,26,77,2787,17.5,0.567,0.431,0.363,2.5,8.3,5.2,22.2,2.7,0.2,12.5,19.7,5.4,2.9,8.3,0.143,2.7,0.2,2.9,3.4
Michael Anderson,andermi01,SAS,PG,22,36,730,10.5,0.483,0.04,0.469,6.3,7.1,6.7,26.9,2.8,0.2,28.5,15.7,-0.5,0.6,0.2,0.01,-2.2,-0.2,-2.4,-0.1
Michael Cage,cagemi01,SEA,PF,27,80,2536,14.7,0.553,0.006,0.421,11.8,22.3,16.9,6.4,1.7,1.2,14.2,13.7,3.7,2.9,6.7,0.126,0.6,-0.1,0.5,1.6
Michael Cooper,coopemi01,LAL,SG,32,80,1943,11.9,0.549,0.425,0.188,2.0,8.5,5.5,20.3,1.8,0.9,14.9,13.4,2.6,1.8,4.4,0.11,0.2,0.8,1.0,1.5
Michael Holton,holtomi01,CHO,PG,27,67,1696,12.3,0.488,0.028,0.284,1.9,5.2,3.4,33.8,1.9,0.4,17.3,16.6,0.9,0.4,1.3,0.038,-1.1,-0.8,-1.9,0.0
Michael Jackson,jacksmi02,SAC,PG,24,14,70,6.7,0.422,0.25,0.083,1.5,4.7,3.1,21.8,2.0,0.0,13.9,16.9,0.0,0.0,0.0,-0.008,-5.5,-0.4,-5.9,-0.1
Michael Jordan,jordami01,CHI,SG,25,81,3255,31.1,0.614,0.055,0.442,5.5,17.3,11.6,34.7,3.6,1.2,11.9,32.1,14.6,5.2,19.8,0.292,8.4,3.4,11.9,11.4
Micheal Williams,willimi02,DET,PG,22,49,358,7.7,0.424,0.07,0.364,3.0,5.4,4.3,27.0,1.8,0.5,21.9,22.9,-0.6,0.4,-0.2,-0.029,-4.3,-1.2,-5.4,-0.3
Mike Brown,brownmi01,UTA,C,25,66,1051,8.4,0.491,0.0,0.524,10.5,16.3,13.6,5.5,1.2,1.0,20.1,15.4,-0.4,1.8,1.4,0.064,-4.0,-0.2,-4.2,-0.6
Mike Champion,champmi01,SEA,SF,24,2,4,-43.7,0.0,0.333,0.0,0.0,0.0,0.0,0.0,0.0,0.0,25.0,39.8,-0.1,0.0,-0.1,-0.952,-49.1,-18.5,-67.6,-0.1
Mike Dunleavy,dunlemi01,MIL,PG,34,2,5,17.7,0.75,1.0,0.0,0.0,0.0,0.0,0.0,0.0,0.0,0.0,16.6,0.0,0.0,0.0,0.189,6.4,-0.6,5.9,0.0
Mike Gminski,gminsmi01,PHI,C,29,82,2739,18.5,0.535,0.005,0.292,8.7,22.9,15.7,7.4,0.8,2.3,8.9,21.9,4.8,2.2,7.0,0.122,1.7,-1.3,0.4,1.6
Mike McGee,mcgeemi01,NJN,SG,29,80,2027,13.2,0.529,0.278,0.157,3.9,6.6,5.2,9.1,1.9,0.4,11.2,22.3,1.2,1.1,2.3,0.055,-0.5,-0.8,-1.3,0.4
Mike Sanders,sandemi01,CLE,SF,28,82,2102,10.5,0.482,0.014,0.184,5.6,10.6,8.2,8.8,2.1,0.9,11.6,18.1,0.0,3.1,3.1,0.071,-3.0,0.7,-2.3,-0.2
Mike Smrek,smrekmi01,SAS,PF,26,43,623,9.0,0.518,0.0,0.497,7.1,16.1,11.4,2.5,1.0,5.6,20.5,14.6,-0.3,0.7,0.4,0.031,-5.3,0.8,-4.6,-0.4
Mike Woodson,woodsmi01,HOU,SG,30,81,2259,12.0,0.503,0.095,0.253,2.5,6.8,4.6,13.5,1.9,0.5,11.6,20.9,1.1,2.3,3.5,0.074,-1.7,0.1,-1.6,0.2
Mitch Richmond,richmmi01,GSW,SG,23,79,2717,17.2,0.541,0.065,0.365,5.8,11.4,8.6,17.6,1.4,0.3,14.3,26.2,3.6,1.9,5.6,0.098,1.3,-1.4,-0.1,1.3
Morlon Wiley,wileymo01,DAL,PG,22,51,408,10.3,0.459,0.211,0.14,3.6,9.1,6.4,26.3,3.1,0.9,21.9,16.4,-0.2,0.5,0.2,0.028,-3.8,1.3,-2.4,0.0
Moses Malone,malonmo01,ATL,C,33,81,2878,21.2,0.581,0.011,0.649,14.4,21.9,18.1,5.8,1.3,2.1,14.8,23.4,6.8,3.9,10.7,0.178,3.0,-1.2,1.8,2.7
Muggsy Bogues,boguemu01,CHO,PG,24,79,1755,15.3,0.463,0.031,0.211,3.2,7.4,5.2,46.2,3.0,0.2,21.4,13.6,1.6,1.0,2.6,0.07,0.8,0.3,1.1,1.4
Mychal Thompson,thompmy01,LAL,C,34,80,1994,13.3,0.593,0.002,0.441,9.4,16.2,13.1,3.2,1.4,1.7,13.5,14.9,2.8,2.4,5.2,0.126,-0.8,-0.1,-1.0,0.5
Nate McMillan,mcmilna01,SEA,PG,24,75,2341,14.5,0.468,0.144,0.39,6.6,12.1,9.3,36.4,3.2,1.1,27.1,13.3,1.7,2.7,4.4,0.09,0.7,1.3,2.1,2.4
Norm Nixon,nixonno01,LAC,PG,33,53,1318,9.8,0.454,0.078,0.176,1.1,5.3,3.2,33.3,1.6,0.0,22.8,15.5,-0.6,0.3,-0.4,-0.013,-2.2,-2.2,-4.4,-0.8
Olden Polynice,polynol01,SEA,C,24,80,835,10.3,0.535,0.011,0.478,12.7,14.9,13.8,3.2,2.1,2.2,17.4,12.6,0.6,0.9,1.5,0.086,-3.3,0.2,-3.2,-0.2
Orlando Graham,grahaor01,GSW,PF,23,7,22,6.7,0.34,0.0,0.4,36.5,13.6,25.0,0.0,0.0,0.0,14.5,23.7,0.0,0.0,0.0,-0.047,-5.3,-7.9,-13.2,-0.1
Orlando Woolridge,woolror01,LAL,SF,29,74,1491,14.0,0.554,0.002,0.694,6.5,13.2,10.1,5.2,1.0,2.5,13.8,20.7,1.7,1.6,3.3,0.105,-1.2,-0.6,-1.9,0.1
Otis Birdsong,birdsot01,BOS,SG,33,13,108,7.0,0.502,0.083,0.056,4.3,9.4,6.9,11.5,1.4,0.5,24.5,18.8,-0.2,0.1,-0.1,-0.051,-3.6,-1.7,-5.3,-0.1
Otis Smith,smithot01,GSW,SG,25,80,1597,14.8,0.495,0.052,0.305,8.1,12.6,10.3,11.8,2.5,1.4,13.7,22.3,0.7,1.8,2.5,0.074,-0.7,-0.1,-0.9,0.4
Otis Thorpe,thorpot01,HOU,PF,26,82,3135,15.4,0.591,0.002,0.468,9.5,17.6,13.6,9.3,1.2,0.7,16.3,17.7,4.6,4.1,8.7,0.133,0.5,0.1,0.6,2.1
Pace Mannion,mannipa01,"DET,ATL",SF,28,10,32,7.3,0.5,0.25,0.0,0.0,17.0,8.7,8.3,4.6,0.0,27.3,14.1,-0.1,0.1,0.0,0.008,-6.4,2.8,-3.6,0.0
Pat Cummings,cummipa01,MIA,PF,32,53,1096,11.0,0.534,0.005,0.246,8.3,21.0,14.4,6.8,1.3,1.0,20.3,20.3,-0.5,1.1,0.6,0.026,-3.6,-0.8,-4.5,-0.7
Patrick Ewing,ewingpa01,NYK,C,26,80,2896,22.1,0.607,0.005,0.378,8.0,20.7,14.2,9.5,1.9,5.6,15.1,23.6,6.2,4.7,10.9,0.181,2.3,2.3,4.5,4.8
Paul Mokeski,mokespa01,MIL,C,32,74,690,8.2,0.443,0.159,0.311,10.4,21.1,15.7,6.7,2.0,1.9,15.8,13.3,-0.1,1.1,1.0,0.072,-4.6,1.0,-3.6,-0.3
Paul Pressey,presspa01,MIL,SG,30,67,2170,15.0,0.539,0.085,0.372,3.8,10.2,7.0,28.1,2.7,1.3,19.6,17.9,2.1,2.7,4.8,0.105,0.6,1.5,2.2,2.3
Pearl Washington,washipe01,MIA,PG,25,54,1065,13.0,0.475,0.036,0.269,5.0,8.1,6.5,32.3,3.3,0.2,22.0,21.2,-0.6,1.0,0.5,0.021,-1.3,0.2,-1.1,0.3
Pete Myers,myerspe01,"PHI,NYK",SG,25,33,270,12.4,0.505,0.027,0.658,6.1,7.6,6.8,21.6,3.4,0.4,19.6,17.0,0.2,0.3,0.5,0.087,-2.0,1.2,-0.8,0.1
Phil Hubbard,hubbaph01,CLE,SF,32,31,191,11.7,0.493,0.0,0.397,8.7,14.6,11.8,7.9,1.5,0.0,10.8,18.5,0.1,0.3,0.4,0.096,-2.7,-0.3,-3.0,0.0
Purvis Short,shortpu01,HOU,SF,31,65,1157,11.4,0.464,0.069,0.185,6.1,10.6,8.4,13.4,1.8,0.7,11.9,20.5,0.0,1.4,1.4,0.058,-2.0,0.1,-1.9,0.0
Pétur Guðmundsson,gudmupe01,SAS,C,30,5,70,2.7,0.392,0.0,0.16,7.5,18.1,12.6,9.5,0.7,0.9,23.0,19.3,-0.2,0.1,-0.1,-0.09,-9.0,-1.8,-10.8,-0.2
Quintin Dailey,dailequ01,LAC,SG,28,69,1722,16.3,0.511,0.009,0.297,4.3,8.4,6.3,14.2,2.4,0.2,10.1,27.7,1.1,1.0,2.0,0.056,-0.3,-1.0,-1.3,0.3
Ralph Lewis,lewisra01,CHO,SF,25,42,336,10.8,0.492,0.025,0.322,11.0,9.0,10.0,6.4,1.6,0.5,14.8,19.8,-0.1,0.1,0.0,-0.005,-1.7,-1.7,-3.4,-0.1
Ralph Sampson,sampsra01,GSW,C,28,61,1086,11.4,0.483,0.022,0.26,9.7,18.5,14.1,9.0,1.3,3.3,18.1,17.3,-0.3,1.4,1.1,0.048,-3.2,0.6,-2.6,-0.2
Ramón Rivas,rivasra01,BOS,C,22,28,91,9.3,0.476,0.032,0.806,11.5,18.7,15.1,4.3,2.2,0.6,17.6,23.3,-0.1,0.1,0.0,0.019,-6.6,-1.6,-8.2,-0.1
Randolph Keys,keysra01,CLE,SF,22,42,331,11.5,0.457,0.058,0.169,8.3,10.7,9.5,8.8,1.8,1.0,10.2,26.4,-0.2,0.5,0.3,0.037,-4.7,-0.9,-5.6,-0.3
Randy Allen,allenra01,SAC,SG,24,7,43,6.9,0.428,0.053,0.105,7.4,10.2,8.7,0.0,1.1,1.3,9.1,20.9,-0.1,0.0,0.0,-0.035,-5.5,-1.7,-7.2,-0.1
Randy Breuer,breuera01,MIL,C,28,48,513,13.8,0.496,0.0,0.285,11.3,19.2,15.2,6.2,0.9,4.5,12.6,18.6,0.2,0.7,0.9,0.083,-1.4,0.3,-1.1,0.1
Randy Wittman,wittmra01,"SAC,IND",SF,29,64,1120,8.7,0.479,0.021,0.143,2.7,5.1,3.9,13.5,1.0,0.1,9.5,12.4,0.6,0.2,0.7,0.031,-1.7,-0.9,-2.6,-0.2
Ray Tolbert,tolbera01,ATL,PF,30,50,341,8.3,0.467,0.0,0.394,9.7,18.5,14.1,6.3,1.9,2.3,24.1,17.3,-0.4,0.5,0.0,0.005,-5.4,0.0,-5.4,-0.3
Reggie Lewis,lewisre01,BOS,SF,23,81,2657,17.6,0.534,0.018,0.291,5.1,11.1,8.1,12.4,2.3,1.6,9.2,24.1,4.4,2.4,6.9,0.124,1.2,0.3,1.4,2.3
Reggie Miller,millere01,IND,SG,23,74,2536,15.7,0.602,0.294,0.409,3.4,9.1,6.4,12.9,1.8,0.7,12.7,18.5,5.2,1.3,6.5,0.124,2.0,0.0,2.0,2.5
Reggie Theus,theusre01,ATL,SG,31,82,2517,16.1,0.534,0.054,0.314,3.7,6.9,5.2,23.2,2.1,0.4,13.8,22.8,3.9,2.0,5.9,0.113,0.8,-0.3,0.6,1.6
Reggie Williams,willire01,LAC,SF,24,63,1303,12.1,0.496,0.175,0.205,5.8,8.9,7.3,11.5,2.9,1.2,15.0,23.0,-0.6,1.0,0.4,0.014,-2.5,0.0,-2.5,-0.2
Rex Chapman,chapmre01,CHO,SG,21,75,2219,12.6,0.467,0.15,0.153,3.5,5.9,4.7,12.6,1.5,0.7,7.7,27.1,-0.7,0.4,-0.2,-0.005,-1.0,-2.2,-3.2,-0.7
Richard Anderson,anderri01,POR,PF,28,72,1082,12.0,0.509,0.405,0.109,6.0,17.5,11.6,11.4,1.9,0.6,12.9,14.9,0.9,1.2,2.1,0.093,-0.2,0.2,0.1,0.6
Richard Morton,mortori01,IND,PG,22,2,11,12.9,0.75,0.0,0.0,0.0,0.0,0.0,15.7,0.0,0.0,20.0,19.0,0.0,0.0,0.0,0.067,-1.4,-1.4,-2.7,0.0
Rick Mahorn,mahorri01,DET,PF,30,72,1795,12.1,0.566,0.005,0.394,9.3,21.3,15.6,4.4,1.1,2.3,17.4,13.3,1.5,3.1,4.6,0.123,-1.2,1.7,0.5,1.1
Rickey Green,greenri01,"CHO,MIL",PG,34,63,871,13.7,0.522,0.042,0.125,1.4,7.8,4.5,30.0,2.2,0.1,18.0,16.1,0.6,0.6,1.2,0.067,0.1,-0.1,0.0,0.4
Ricky Berry,berryri01,SAC,SG,24,64,1406,13.1,0.552,0.282,0.293,4.3,10.9,7.5,8.5,1.3,0.9,11.4,21.1,1.6,0.8,2.4,0.083,-0.7,-1.0,-1.7,0.1
Ricky Pierce,piercri01,MIL,SG,29,75,2078,18.6,0.573,0.035,0.292,4.5,6.5,5.5,12.4,1.8,0.6,8.9,25.2,5.0,1.7,6.7,0.155,2.3,-0.4,1.9,2.0
Rik Smits,smitsri01,IND,C,22,82,2041,15.6,0.557,0.001,0.342,10.7,16.2,13.6,5.2,0.9,4.3,13.2,20.3,2.4,1.9,4.3,0.101,-0.9,0.2,-0.8,0.6
Rob Lock,lockro01,LAC,PF,22,20,110,5.3,0.389,0.0,0.469,13.6,17.4,15.5,4.5,1.3,2.0,25.2,18.5,-0.3,0.1,-0.2,-0.083,-7.1,-2.2,-9.3,-0.2
Rob Rose,rosero01,LAC,SG,24,2,3,5.0,0.0,0.0,0.0,35.7,35.5,35.6,0.0,0.0,0.0,0.0,13.1,0.0,0.0,0.0,-0.121,-5.1,-7.2,-12.4,0.0
Robert Parish,parisro01,BOS,C,35,80,2840,21.6,0.607,0.0,0.391,14.0,26.1,20.1,9.1,1.4,2.4,14.0,20.9,6.9,3.6,10.5,0.177,3.5,-0.2,3.3,3.8
Robert Reid,reidro01,CHO,SF,33,82,2152,12.2,0.464,0.043,0.161,4.0,11.9,7.8,11.4,1.2,0.5,7.5,26.8,-0.8,0.7,-0.1,-0.002,-2.0,-2.1,-4.1,-1.1
Rod Higgins,higgiro01,GSW,PF,29,81,1887,15.5,0.583,0.265,0.362,5.9,14.0,10.0,10.9,0.9,1.2,9.4,16.2,4.4,1.5,5.9,0.15,1.6,-0.4,1.2,1.5
Rod Strickland,stricro02,NYK,PG,22,81,1358,18.0,0.539,0.104,0.407,4.1,9.1,6.5,31.8,3.3,0.1,18.1,23.3,2.2,1.5,3.7,0.131,1.7,0.4,2.2,1.4
Rodney McCray,mccraro01,SAC,SF,27,68,2435,13.1,0.513,0.03,0.321,6.2,16.6,11.3,16.9,1.1,0.9,16.8,16.8,1.1,1.8,2.9,0.057,-0.2,-0.2,-0.4,1.0
Rolando Blackman,blackro01,DAL,SG,29,78,2946,15.9,0.543,0.068,0.296,2.6,7.5,5.1,15.8,1.1,0.4,10.5,23.2,4.2,1.4,5.7,0.092,0.9,-1.4,-0.5,1.1
Rolando Ferreira,ferrero01,POR,C,24,12,34,-7.6,0.209,0.0,0.444,12.4,29.7,20.8,3.3,0.0,1.7,21.8,31.2,-0.3,0.0,-0.2,-0.352,-16.7,-6.4,-23.2,-0.2
Ron Anderson,anderro01,PHI,SF,30,82,2618,15.3,0.531,0.01,0.199,7.1,10.3,8.7,7.9,1.3,0.5,9.1,21.9,3.5,0.9,4.4,0.081,0.6,-2.0,-1.3,0.4
Ron Cavenall,cavenro01,NJN,C,29,5,16,7.4,0.577,0.0,1.667,0.0,14.4,6.9,0.0,0.0,7.4,27.8,18.4,0.0,0.0,0.0,-0.055,-8.7,0.3,-8.4,0.0
Ron Grandison,grandro01,BOS,PF,24,72,528,10.1,0.499,0.07,0.563,10.4,9.7,10.0,10.2,1.7,0.3,16.9,16.8,0.3,0.3,0.6,0.055,-2.2,-0.7,-2.9,-0.1
Ron Harper,harpero01,CLE,SG,25,82,2851,19.8,0.57,0.101,0.374,5.1,10.8,8.1,22.7,3.2,1.5,14.7,23.4,5.1,5.1,10.2,0.171,2.3,2.4,4.7,4.8
Rony Seikaly,seikaro01,MIA,C,23,78,1962,10.8,0.471,0.005,0.476,11.2,20.5,15.7,4.4,1.1,3.0,18.2,22.8,-2.7,2.2,-0.5,-0.012,-4.4,-1.3,-5.8,-1.9
Rory Sparrow,sparrro01,MIA,PG,30,80,2613,11.7,0.486,0.075,0.109,2.3,7.2,4.6,25.6,1.9,0.4,16.5,19.2,0.0,1.6,1.6,0.029,-1.5,-0.8,-2.3,-0.2
Roy Hinson,hinsoro01,NJN,SF,27,82,2542,14.7,0.54,0.002,0.409,6.4,16.7,11.4,4.3,0.6,2.8,12.0,22.2,2.4,2.0,4.4,0.084,-1.4,-0.7,-2.2,-0.1
Roy Tarpley,tarplro01,DAL,PF,24,19,591,22.2,0.577,0.004,0.397,14.5,26.0,20.3,4.8,2.4,3.0,13.7,24.1,1.0,1.1,2.0,0.166,1.9,0.3,2.2,0.6
Russ Schoene,schoeru01,SEA,PF,28,69,774,12.1,0.479,0.315,0.163,8.1,16.0,11.9,6.4,2.3,1.9,11.4,21.7,0.4,0.9,1.3,0.078,-2.2,-0.5,-2.7,-0.1
Sam Bowie,bowiesa01,POR,C,27,20,412,13.7,0.49,0.046,0.32,9.2,19.1,14.0,11.4,0.8,4.7,15.9,19.4,0.0,0.5,0.5,0.063,-0.8,1.0,0.2,0.2
Sam Perkins,perkisa01,DAL,PF,27,78,2860,15.3,0.53,0.04,0.343,9.2,17.3,13.3,6.7,1.3,1.9,11.3,18.8,3.3,3.1,6.4,0.108,-0.1,-0.4,-0.5,1.1
Sam Vincent,vincesa01,CHI,PG,25,70,1703,13.6,0.527,0.03,0.228,2.4,10.3,6.4,27.7,1.5,0.4,18.6,19.3,1.0,1.3,2.3,0.065,-0.6,-0.8,-1.4,0.3
Scott Brooks,brooksc01,PHI,PG,23,82,1372,14.0,0.533,0.412,0.186,1.5,6.2,3.8,28.9,2.4,0.1,13.9,14.1,2.3,0.6,2.9,0.103,1.2,0.0,1.2,1.1
Scott Hastings,hastisc01,MIA,C,28,75,1206,9.4,0.515,0.085,0.326,6.5,15.4,10.8,7.1,1.3,2.1,15.3,14.9,0.4,1.1,1.5,0.061,-3.7,0.4,-3.4,-0.4
Scott Roth,rothsc01,"UTA,SAS",SF,25,63,536,7.7,0.441,0.096,0.521,3.9,9.3,6.6,13.5,2.1,0.6,16.3,18.0,-0.4,0.5,0.1,0.005,-4.5,-0.3,-4.7,-0.4
Scott Skiles,skilesc01,IND,PG,24,80,1571,12.5,0.54,0.17,0.326,1.6,8.5,5.3,34.2,2.0,0.1,25.9,18.2,0.5,0.8,1.3,0.04,-0.6,-1.2,-1.7,0.1
Scottie Pippen,pippesc01,CHI,SF,23,73,2413,14.9,0.524,0.089,0.347,6.8,14.3,10.7,15.1,2.9,1.5,16.6,21.3,0.7,3.3,4.0,0.08,-0.5,1.0,0.4,1.5
Sedale Threatt,threase01,SEA,PG,27,63,1220,16.3,0.533,0.063,0.162,2.8,8.1,5.4,27.5,3.3,0.2,13.1,19.2,2.3,1.2,3.4,0.135,0.2,1.1,1.3,1.0
Sedric Toney,toneyse01,IND,PG,26,2,9,-14.9,0.184,0.6,0.2,13.1,11.7,12.3,0.0,0.0,0.0,26.9,34.6,-0.1,0.0,-0.1,-0.586,-17.1,-9.5,-26.6,-0.1
Shelton Jones,jonessh01,"SAS,GSW,PHI",SF,22,51,682,10.4,0.5,0.005,0.383,5.1,13.4,9.2,8.2,1.5,1.3,16.1,17.6,-0.1,0.4,0.3,0.022,-2.4,-0.9,-3.3,-0.2
Sidney Green,greensi02,NYK,PF,28,82,1277,12.6,0.52,0.007,0.403,13.3,21.1,17.2,7.6,1.7,0.8,20.1,18.9,0.4,1.5,2.0,0.075,-2.0,-0.8,-2.8,-0.2
Sidney Lowe,lowesi01,CHO,SG,29,14,250,13.7,0.385,0.08,0.44,2.5,13.1,7.5,44.6,2.7,0.0,23.2,6.4,0.3,0.2,0.5,0.1,-0.6,1.5,0.9,0.2
Sidney Moncrief,moncrsi01,MIL,PG,31,62,1594,16.4,0.591,0.137,0.445,3.3,9.3,6.2,16.9,2.0,0.5,12.9,19.0,3.5,1.6,5.0,0.151,1.9,0.7,2.6,1.9
Sleepy Floyd,floydsl01,HOU,PG,28,82,2788,16.4,0.565,0.327,0.346,1.9,9.9,5.9,35.5,2.1,0.2,19.7,18.5,4.4,3.3,7.7,0.133,2.1,0.1,2.2,2.9
Spud Webb,webbsp01,ATL,PG,25,81,1219,13.0,0.504,0.076,0.207,1.8,9.3,5.5,31.0,2.8,0.3,20.8,13.3,0.9,1.3,2.2,0.088,-0.7,1.1,0.4,0.7
Steve Alford,alforst01,"DAL,GSW",PG,24,66,906,11.9,0.522,0.17,0.188,1.1,6.8,4.0,13.2,2.2,0.2,11.4,16.6,0.7,0.7,1.4,0.072,-2.1,-0.5,-2.5,-0.1
Steve Colter,coltest01,WSB,PG,26,80,1425,14.1,0.503,0.055,0.365,4.6,9.6,7.0,21.2,2.3,0.6,10.8,16.7,1.8,1.3,3.1,0.105,-0.6,1.0,0.5,0.9
Steve Harris,harrist01,DET,SG,25,3,7,18.3,0.41,0.0,0.5,0.0,30.8,16.1,0.0,7.2,0.0,0.0,29.9,0.0,0.0,0.0,0.181,-6.7,6.2,-0.5,0.0
Steve Johnson,johnsst03,POR,C,31,72,1477,12.4,0.536,0.0,0.434,9.6,17.0,13.2,9.7,0.6,1.7,17.2,21.2,0.5,1.3,1.7,0.056,-2.6,-1.0,-3.6,-0.6
Steve Kerr,kerrst01,PHO,PG,23,26,157,12.7,0.54,0.37,0.196,2.1,9.1,5.8,18.6,2.0,0.0,10.7,14.1,0.2,0.2,0.4,0.123,1.0,1.7,2.7,0.2
Stuart Gray,grayst01,IND,C,25,72,783,9.1,0.519,0.007,0.418,12.6,21.6,17.3,4.9,0.7,1.6,20.9,12.2,0.2,0.7,0.9,0.054,-2.9,-0.4,-3.3,-0.2
Sylvester Gray,graysy01,MIA,SF,21,55,1220,11.2,0.471,0.01,0.392,10.4,16.2,13.2,14.2,1.4,1.3,17.9,18.9,-0.4,1.1,0.7,0.028,-2.2,-0.4,-2.6,-0.2
T.R. Dunn,dunntr01,PHO,SG,33,34,321,7.0,0.41,0.0,0.343,10.4,9.5,9.9,8.5,1.7,0.2,13.0,5.7,0.3,0.3,0.6,0.088,-1.5,1.2,-0.3,0.1
Tellis Frank,frankte01,GSW,PF,23,32,245,9.4,0.472,0.011,0.56,10.7,14.2,12.5,7.7,2.6,1.4,20.4,22.0,-0.2,0.3,0.1,0.017,-5.9,-0.5,-6.3,-0.3
Terry Catledge,catlete01,WSB,PF,25,79,2077,12.6,0.518,0.007,0.373,11.6,18.8,15.0,5.0,1.1,0.7,13.1,17.6,1.4,1.9,3.3,0.077,-1.6,-1.4,-3.0,-0.5
Terry Cummings,cummite01,MIL,SF,27,80,2824,19.7,0.518,0.01,0.294,11.3,15.3,13.3,11.7,1.8,1.6,10.2,28.9,4.2,3.5,7.7,0.131,2.0,-0.8,1.2,2.3
Terry Porter,portete01,POR,PG,25,81,3102,17.7,0.555,0.191,0.283,2.9,10.2,6.4,32.8,2.2,0.2,16.1,19.1,6.5,2.6,9.2,0.142,2.6,-0.4,2.3,3.3
Terry Teagle,teaglte01,GSW,SF,28,66,1569,16.7,0.523,0.014,0.262,7.0,9.7,8.4,9.0,2.3,0.6,10.8,25.9,1.7,1.4,3.1,0.095,-0.3,-1.0,-1.3,0.3
Terry Tyler,tylerte01,DAL,SF,32,70,1057,12.3,0.498,0.025,0.172,7.8,13.9,10.9,5.7,1.1,2.2,11.6,17.9,0.2,1.0,1.2,0.055,-1.9,-0.4,-2.3,-0.1
Thurl Bailey,baileth01,UTA,SF,27,82,2777,15.6,0.544,0.004,0.346,5.0,12.3,8.9,8.5,0.8,2.0,12.4,25.5,2.4,4.1,6.5,0.113,0.1,-0.4,-0.3,1.2
Tim Kempton,kemptti01,CHO,PF,25,79,1341,10.4,0.568,0.003,0.618,7.1,18.5,12.5,10.3,1.5,0.6,22.1,16.7,0.2,0.9,1.0,0.036,-3.6,-0.1,-3.6,-0.5
Tim McCormick,mccorti01,HOU,C,26,81,1257,9.3,0.521,0.011,0.368,7.6,14.9,11.2,5.9,0.7,1.1,14.3,15.2,0.6,1.4,2.0,0.075,-3.2,-0.1,-3.3,-0.4
Tim Perry,perryti01,PHO,C,23,62,614,14.4,0.56,0.02,0.323,11.0,11.8,11.4,3.8,1.4,2.9,13.9,17.2,0.6,0.8,1.4,0.109,0.2,0.3,0.5,0.4
Tito Horford,horfoti01,MIL,C,23,25,112,3.6,0.386,0.0,0.413,9.2,13.6,11.4,3.7,0.4,3.9,21.6,25.7,-0.4,0.1,-0.3,-0.136,-9.6,-2.5,-12.1,-0.3
Todd Mitchell,mitchto01,"MIA,SAS",SF,22,24,353,7.5,0.491,0.0,0.66,5.5,10.6,7.9,8.6,2.2,0.3,20.9,18.1,-0.4,0.3,-0.1,-0.008,-4.9,-0.7,-5.6,-0.3
Tom Chambers,chambto01,PHO,PF,29,81,3002,19.3,0.547,0.052,0.364,5.3,18.4,12.1,11.1,1.3,1.0,10.8,28.2,5.1,4.1,9.2,0.146,1.6,-0.2,1.4,2.6
Tom Garrick,garrito01,LAC,SG,22,71,1499,11.0,0.547,0.036,0.354,2.6,8.5,5.6,21.0,2.4,0.3,21.9,14.0,0.5,0.9,1.4,0.044,-2.6,0.2,-2.4,-0.2
Tom Tolbert,tolbeto01,CHO,SF,23,14,117,10.0,0.473,0.081,0.324,6.3,14.0,9.9,8.3,0.8,2.0,4.5,15.5,0.1,0.1,0.1,0.051,-3.0,-0.4,-3.4,0.0
Tony Brown,brownto01,"HOU,MIL",SF,28,43,365,10.3,0.486,0.136,0.263,6.8,6.9,6.8,9.8,2.0,0.7,11.4,16.7,0.2,0.4,0.5,0.071,-2.1,-0.3,-2.3,0.0
Tony Campbell,campbto01,LAL,SF,26,63,787,12.5,0.508,0.061,0.241,8.0,10.2,9.2,8.5,2.3,0.4,14.0,23.3,0.2,0.9,1.1,0.065,-2.7,-0.9,-3.6,-0.3
Tree Rollins,rollitr01,CLE,C,33,60,583,8.8,0.465,0.007,0.138,7.8,18.6,13.4,4.2,0.9,3.8,13.1,12.3,-0.1,1.0,1.0,0.08,-4.3,1.4,-2.9,-0.1
Trent Tucker,tucketr01,NYK,SG,29,81,1824,12.1,0.569,0.511,0.095,3.3,7.6,5.4,9.2,2.2,0.2,8.9,14.1,3.2,1.5,4.6,0.122,0.7,0.7,1.4,1.6
Tyrone Corbin,corbity01,PHO,SF,26,77,1655,14.7,0.592,0.004,0.394,11.8,13.7,12.8,8.9,2.3,0.4,14.7,15.0,3.1,2.3,5.4,0.156,0.5,1.1,1.6,1.5
Uwe Blab,blabuw01,DAL,C,26,37,208,10.8,0.54,0.0,0.481,5.9,17.3,11.7,8.2,0.7,3.6,18.2,16.0,0.1,0.2,0.3,0.069,-4.4,1.0,-3.4,-0.1
Vern Fleming,flemive01,IND,PG,26,76,2552,15.8,0.572,0.028,0.373,3.9,9.2,6.7,28.1,1.5,0.3,16.8,18.7,4.6,1.1,5.6,0.106,1.5,-0.5,1.0,1.9
Vernon Maxwell,maxweve01,SAS,SG,23,79,2065,12.1,0.496,0.156,0.294,2.5,8.5,5.4,20.7,1.9,0.2,16.0,20.9,0.1,1.4,1.5,0.035,-1.3,-1.2,-2.5,-0.3
Vinnie Johnson,johnsvi01,DET,SG,32,82,2073,17.3,0.508,0.044,0.264,6.2,7.6,7.0,18.4,1.8,0.5,8.6,25.1,3.4,2.4,5.9,0.136,1.6,0.6,2.3,2.2
Vinny Del Negro,delnevi01,SAC,SG,22,80,1556,12.7,0.52,0.04,0.199,3.3,8.6,5.9,19.0,2.0,0.5,12.3,16.4,1.5,1.0,2.5,0.077,-1.7,0.5,-1.2,0.3
Walter Berry,berrywa01,"NJN,HOU",PF,24,69,1355,13.2,0.54,0.004,0.285,6.9,14.8,10.8,8.5,1.0,2.1,13.6,19.5,1.0,1.4,2.4,0.085,-1.5,0.3,-1.2,0.3
Walter Davis,daviswa03,DEN,SG,34,81,1857,16.7,0.544,0.064,0.185,2.2,6.5,4.2,15.3,1.7,0.2,10.2,26.7,2.1,1.4,3.5,0.092,0.6,-1.2,-0.6,0.7
Wayman Tisdale,tisdawa01,"IND,SAC",PF,24,79,2434,17.5,0.568,0.004,0.396,8.6,18.6,13.7,8.3,1.1,1.2,12.4,23.7,3.9,2.0,5.9,0.117,0.6,-0.7,-0.1,1.2
Wayne Cooper,coopewa01,DEN,C,32,79,1864,13.6,0.53,0.009,0.239,11.1,23.8,17.1,5.0,0.9,6.4,13.0,11.6,1.9,3.1,5.0,0.128,-1.9,1.7,-0.2,0.9
Wayne Engelstad,englewa01,DEN,PF,23,11,50,12.4,0.419,0.0,0.345,9.8,24.0,16.5,18.9,0.9,0.0,8.2,27.9,0.0,0.1,0.0,0.031,-5.0,-1.7,-6.7,-0.1
Will Perdue,perduwi01,CHI,C,23,30,190,7.2,0.422,0.0,0.194,11.3,15.9,13.7,8.1,1.0,1.9,16.1,21.0,-0.3,0.2,-0.1,-0.021,-6.7,-1.6,-8.3,-0.3
Willie Anderson,anderwi01,SAS,SF,22,81,2738,16.6,0.534,0.016,0.225,5.8,11.1,8.4,21.1,2.5,1.4,15.6,23.8,2.1,2.8,4.9,0.085,0.8,0.4,1.3,2.3
Winston Crite,critewi01,PHO,SF,23,2,6,-20.3,0.0,0.0,0.0,18.5,0.0,8.9,0.0,0.0,0.0,25.0,26.4,-0.1,0.0,-0.1,-0.57,-18.8,-8.9,-27.7,0.0
Winston Garland,garlawi01,GSW,PG,24,79,2661,14.7,0.483,0.04,0.234,3.8,8.5,6.2,24.9,2.9,0.3,13.6,19.5,1.9,2.6,4.5,0.082,-0.7,0.6,-0.1,1.3
Xavier McDaniel,mcdanxa01,SEA,SF,25,82,2385,18.6,0.533,0.026,0.308,8.0,12.4,10.2,9.1,1.7,1.0,11.8,29.8,3.5,1.8,5.3,0.107,1.2,-1.8,-0.6,0.8
