Player,PlayerID,Tms,Pos,Age,G,MP,PER,TS%,3PAr,FTr,ORB%,DRB%,TRB%,AST%,STL%,BLK%,TOV%,USG%,OWS,DWS,WS,WS/48,OBPM,DBPM,BPM,VORP
A.J. Price,priceaj01,WAS,PG,26,57,1278,12.4,0.501,0.484,0.15,1.7,8.2,4.9,26.4,1.3,0.2,12.7,18.0,1.0,1.2,2.2,0.084,-0.2,-0.4,-0.6,0.5
Aaron Brooks,brookaa01,"SAC,HOU",PG,28,53,997,11.8,0.555,0.424,0.165,1.5,7.9,4.6,18.0,1.5,0.8,16.5,18.1,0.8,0.0,0.8,0.041,-0.8,-1.4,-2.2,0.0
Aaron Gray,grayaa01,TOR,C,28,42,513,9.0,0.544,0.0,0.489,10.9,20.0,15.4,9.9,0.7,0.8,24.8,13.1,0.2,0.4,0.5,0.05,-3.9,-0.4,-4.3,-0.3
Al Harrington,harrial01,ORL,C,32,10,119,10.3,0.434,0.526,0.07,5.7,19.9,12.8,13.7,1.8,0.6,10.6,25.1,-0.1,0.1,0.0,-0.012,-3.0,-1.5,-4.5,-0.1
Al Horford,horfoal01,ATL,C,26,74,2756,19.8,0.56,0.006,0.196,8.2,23.0,15.7,15.3,1.5,2.2,11.3,21.8,4.7,4.1,8.8,0.153,1.3,0.6,1.9,2.7
Al Jefferson,jeffeal01,UTA,C,28,78,2578,20.9,0.522,0.014,0.176,7.0,25.9,16.3,12.0,1.6,2.7,7.3,25.3,4.3,3.3,7.7,0.143,2.2,0.1,2.4,2.8
Al-Farouq Aminu,aminual01,NOH,SF,22,76,2066,13.7,0.519,0.04,0.289,7.9,26.2,16.9,7.8,2.4,2.1,17.8,14.6,0.7,2.4,3.1,0.073,-1.3,1.2,-0.1,1.0
Alan Anderson,anderal01,TOR,SF,30,65,1495,12.6,0.509,0.463,0.239,2.7,9.2,5.9,11.7,1.7,0.4,10.5,23.6,0.8,0.8,1.6,0.052,-0.5,-1.3,-1.8,0.1
Alec Burks,burksal01,UTA,SG,21,64,1137,11.5,0.507,0.237,0.332,3.8,11.2,7.5,13.0,1.6,0.9,14.3,20.7,0.3,0.7,1.0,0.044,-1.9,-0.7,-2.6,-0.2
Alexey Shved,shvedal01,MIN,SG,24,77,1840,11.0,0.474,0.454,0.236,2.5,8.6,5.4,25.2,1.5,1.1,17.3,20.6,-0.6,1.4,0.8,0.02,-1.1,-0.6,-1.7,0.1
Alonzo Gee,geeal01,CLE,SF,25,82,2541,10.5,0.505,0.294,0.276,3.3,11.7,7.3,8.2,2.2,0.9,13.7,16.9,0.5,1.5,1.9,0.036,-2.2,-0.3,-2.6,-0.4
Amar'e Stoudemire,stoudam01,NYK,PF,30,29,682,22.1,0.637,0.0,0.487,10.0,15.1,12.4,3.6,0.8,2.7,13.4,25.7,2.1,0.6,2.7,0.191,1.6,-0.9,0.7,0.5
Amir Johnson,johnsam01,TOR,PF,25,81,2325,17.3,0.591,0.021,0.309,11.4,20.0,15.6,8.7,1.8,3.8,14.5,16.1,4.4,2.9,7.3,0.151,0.0,1.0,1.0,1.8
Anderson Varejão,varejan01,CLE,C,30,25,901,21.7,0.529,0.017,0.353,16.9,30.1,23.2,15.4,2.1,1.3,11.6,18.7,2.2,1.1,3.3,0.173,3.8,-0.1,3.7,1.3
Andray Blatche,blatcan01,BRK,C,26,82,1555,21.9,0.547,0.033,0.32,12.2,19.6,15.8,10.5,3.0,2.7,13.8,26.5,2.4,2.5,4.9,0.153,1.3,0.9,2.2,1.6
Andre Drummond,drumman01,DET,C,19,60,1243,21.6,0.578,0.006,0.465,15.4,27.2,21.2,4.1,2.5,6.1,12.2,17.2,2.2,2.3,4.5,0.172,1.0,1.5,2.5,1.4
Andre Iguodala,iguodan01,DEN,SG,29,80,2779,15.2,0.52,0.327,0.307,3.4,13.5,8.5,22.4,2.5,1.5,17.1,18.8,2.4,3.2,5.6,0.097,1.2,1.4,2.6,3.3
Andre Miller,millean02,DEN,PG,36,82,2151,15.7,0.548,0.101,0.307,3.2,9.1,6.2,32.2,1.7,0.4,19.3,17.9,3.9,1.5,5.4,0.12,1.1,-0.2,0.9,1.6
Andrea Bargnani,bargnan01,TOR,PF,27,35,1003,11.2,0.482,0.289,0.181,3.0,12.3,7.6,6.6,1.1,1.8,10.5,23.8,-0.5,0.6,0.1,0.007,-1.1,-1.6,-2.7,-0.2
Andrei Kirilenko,kirilan01,MIN,SF,31,64,2034,17.6,0.59,0.214,0.446,5.6,15.1,10.2,14.4,2.4,2.4,15.1,17.4,3.4,2.6,6.0,0.142,1.8,1.8,3.5,2.9
Andrew Bogut,bogutan01,GSW,C,28,32,786,13.8,0.463,0.005,0.207,9.8,24.1,17.2,12.5,1.3,5.5,14.8,13.4,0.4,1.4,1.7,0.106,-1.4,2.8,1.4,0.7
Andrew Goudelock,goudean01,LAL,SG,24,1,6,-6.4,0.0,0.0,0.0,18.9,0.0,9.2,0.0,0.0,0.0,0.0,14.8,0.0,0.0,0.0,-0.264,-9.7,-6.2,-15.9,0.0
Andrew Nicholson,nichoan01,ORL,PF,23,75,1249,15.1,0.557,0.0,0.193,6.2,17.1,11.7,6.1,1.0,2.0,13.0,22.1,0.9,0.8,1.7,0.065,-1.8,-0.9,-2.7,-0.2
Andris Biedriņš,biedran01,GSW,C,26,53,495,7.7,0.449,0.0,0.619,7.8,25.7,17.0,3.7,1.5,6.6,34.4,3.7,0.1,1.0,1.1,0.102,-4.8,3.8,-1.0,0.1
Antawn Jamison,jamisan01,LAL,PF,36,76,1636,15.3,0.561,0.405,0.237,7.5,16.6,12.2,5.0,0.9,1.0,7.7,18.7,3.0,1.3,4.3,0.126,1.0,-1.1,-0.1,0.8
Anthony Davis,davisan02,NOH,PF,19,64,1846,21.7,0.559,0.009,0.333,10.5,23.5,16.8,6.1,2.2,5.1,10.3,21.8,3.7,2.4,6.1,0.159,1.8,0.7,2.5,2.1
Anthony Morrow,morroan01,"ATL,DAL",SG,27,41,383,12.0,0.53,0.297,0.152,3.3,5.6,4.5,5.6,1.8,0.2,4.9,19.6,0.4,0.3,0.7,0.084,-1.9,0.0,-1.8,0.0
Anthony Randolph,randoan01,DEN,PF,23,39,329,15.6,0.534,0.07,0.395,10.1,22.1,16.2,5.5,2.9,5.0,21.7,22.5,-0.1,0.6,0.5,0.073,-3.6,0.7,-2.9,-0.1
Anthony Tolliver,tollian01,ATL,SF,27,62,963,8.4,0.531,0.616,0.236,3.7,14.5,9.2,4.8,0.8,1.0,13.1,13.2,0.3,0.9,1.2,0.059,-2.5,-0.5,-3.1,-0.3
Arnett Moultrie,moultar01,PHI,PF,22,47,542,16.7,0.595,0.0,0.209,15.4,14.8,15.1,2.9,1.7,1.4,11.5,14.1,1.1,0.6,1.7,0.149,0.0,-1.2,-1.2,0.1
Aron Baynes,baynear01,SAS,C,26,16,141,8.8,0.521,0.028,0.333,10.4,15.5,13.1,5.2,0.4,3.1,21.0,17.1,0.0,0.2,0.1,0.05,-6.4,-0.6,-7.0,-0.2
Arron Afflalo,afflaar01,ORL,SF,27,64,2307,13.0,0.527,0.265,0.246,1.4,10.3,5.8,14.6,0.9,0.4,12.1,22.5,1.5,0.5,2.0,0.042,-1.1,-1.8,-2.9,-0.5
Austin Daye,dayeau01,"DET,MEM",SF,24,55,676,12.9,0.554,0.471,0.163,2.7,18.8,10.6,10.1,1.1,2.6,11.5,17.1,0.8,0.9,1.6,0.117,-0.7,1.1,0.4,0.4
Austin Rivers,riverau01,NOH,SG,20,61,1418,5.9,0.431,0.221,0.277,1.3,8.0,4.6,13.9,1.0,0.5,14.5,16.8,-1.2,0.1,-1.1,-0.038,-4.7,-1.6,-6.2,-1.5
Avery Bradley,bradlav01,BOS,PG,22,50,1435,8.8,0.461,0.264,0.103,2.5,6.5,4.6,11.6,2.3,1.0,12.6,18.8,-1.3,1.6,0.4,0.012,-4.0,0.3,-3.7,-0.6
Ben Gordon,gordobe01,CHA,SG,29,75,1560,12.7,0.515,0.384,0.167,1.3,8.5,4.8,17.6,1.2,0.8,14.3,27.8,-0.4,-0.2,-0.6,-0.018,-0.2,-3.2,-3.4,-0.6
Ben Hansbrough,hansbbe01,IND,PG,25,28,200,7.2,0.501,0.511,0.6,1.1,8.8,5.0,16.1,1.9,0.7,24.0,17.1,-0.1,0.3,0.2,0.044,-5.2,1.0,-4.2,-0.1
Beno Udrih,udrihbe01,"MIL,ORL",SG,30,66,1457,14.2,0.516,0.214,0.216,2.5,8.2,5.3,32.3,1.5,0.2,17.2,19.3,1.5,0.7,2.2,0.071,0.0,-1.4,-1.4,0.2
Bernard James,jamesbe01,DAL,C,27,46,457,14.7,0.541,0.019,0.398,12.9,18.9,16.0,1.9,1.3,6.5,12.9,13.9,0.5,0.7,1.2,0.125,-2.4,0.7,-1.6,0.0
Bismack Biyombo,biyombi01,CHA,C,20,80,2186,10.1,0.472,0.0,0.41,9.9,20.9,15.2,2.5,0.7,5.3,16.7,10.2,0.1,1.3,1.4,0.031,-3.6,-0.8,-4.4,-1.3
Blake Griffin,griffbl01,LAC,PF,23,80,2598,22.4,0.572,0.026,0.397,8.7,21.5,15.2,19.9,2.0,1.6,12.8,25.4,6.8,3.9,10.6,0.196,3.2,0.8,4.1,4.0
Boris Diaw,diawbo01,SAS,PF,30,75,1709,11.9,0.603,0.235,0.196,4.7,12.0,8.6,15.0,1.6,1.1,18.9,12.0,2.2,2.3,4.4,0.124,-0.7,1.5,0.8,1.2
Bradley Beal,bealbr01,WAS,SG,19,56,1745,13.6,0.515,0.344,0.231,2.7,10.8,6.7,13.7,1.5,1.3,10.6,22.2,1.0,2.0,3.0,0.082,0.0,0.2,0.2,1.0
Brandan Wright,wrighbr03,DAL,C,25,64,1149,21.0,0.606,0.007,0.238,8.4,16.7,12.6,5.6,1.2,5.2,7.1,19.0,2.8,1.3,4.1,0.172,2.1,0.4,2.5,1.3
Brandon Bass,bassbr01,BOS,PF,27,81,2239,12.3,0.535,0.003,0.255,7.0,15.2,11.2,6.0,1.0,2.3,10.9,15.5,2.0,2.7,4.7,0.101,-1.9,0.0,-1.9,0.1
Brandon Jennings,jennibr01,MIL,PG,23,80,2897,16.1,0.51,0.37,0.225,2.1,7.2,4.6,29.1,2.2,0.3,12.9,23.7,3.6,2.2,5.8,0.096,1.7,-0.6,1.1,2.2
Brandon Knight,knighbr03,DET,PG,21,75,2365,12.0,0.511,0.372,0.256,2.6,9.6,6.0,21.3,1.3,0.3,17.3,22.8,0.3,0.8,1.1,0.022,-0.9,-1.9,-2.8,-0.5
Brandon Roy,roybr01,MIN,SG,28,5,122,8.3,0.368,0.257,0.286,2.7,10.6,6.6,28.8,1.3,0.0,15.1,17.0,-0.1,0.1,0.0,-0.017,-3.5,-0.8,-4.2,-0.1
Brandon Rush,rushbr01,GSW,SF,27,2,25,11.9,0.678,0.222,0.333,0.0,4.3,2.2,14.5,0.0,0.0,22.5,23.9,0.0,0.0,0.0,0.051,-2.7,1.7,-1.0,0.0
Brendan Haywood,haywobr01,CHA,C,33,61,1162,8.7,0.441,0.005,0.306,12.0,16.7,14.3,3.9,0.7,3.4,16.9,11.5,-0.2,0.4,0.1,0.006,-4.2,-1.8,-6.0,-1.2
Brian Roberts,roberbr01,NOH,PG,27,78,1324,14.6,0.509,0.299,0.151,1.5,7.3,4.4,28.2,1.5,0.2,11.5,21.6,2.0,0.2,2.2,0.078,0.8,-1.4,-0.6,0.5
Brook Lopez,lopezbr01,BRK,C,24,74,2253,24.7,0.567,0.001,0.358,10.8,16.1,13.4,6.4,0.8,5.2,9.4,28.6,6.4,2.6,9.0,0.191,3.4,-0.2,3.2,3.0
Byron Mullens,mulleby01,CHA,PF,23,53,1428,12.3,0.465,0.369,0.176,5.5,22.0,13.5,10.1,1.2,1.8,10.9,21.7,-0.6,0.7,0.1,0.005,-1.4,-2.0,-3.4,-0.5
C.J. Miles,milescj01,CLE,SF,25,65,1364,15.3,0.551,0.534,0.174,1.9,13.4,7.4,8.1,1.9,1.0,9.5,23.9,1.8,0.8,2.6,0.092,2.0,-0.9,1.1,1.1
C.J. Watson,watsocj01,BRK,PG,28,80,1521,13.9,0.544,0.466,0.198,2.9,8.4,5.6,17.2,2.3,0.6,12.1,17.2,2.5,1.3,3.8,0.12,0.3,0.6,0.9,1.1
Carl Landry,landrca01,GSW,PF,29,81,1876,17.5,0.605,0.005,0.453,10.9,17.3,14.2,5.6,0.9,1.3,13.7,20.0,4.3,1.9,6.2,0.159,0.5,-0.7,-0.2,0.8
Carlos Boozer,boozeca01,CHI,PF,31,79,2546,17.1,0.51,0.002,0.232,7.8,27.2,17.4,13.4,1.4,0.8,12.3,25.8,1.4,4.3,5.7,0.108,-0.3,0.2,-0.1,1.2
Carlos Delfino,delfica01,HOU,SF,30,67,1689,13.3,0.549,0.679,0.09,1.2,13.4,7.4,12.5,2.0,0.4,10.0,18.6,2.0,1.5,3.5,0.101,1.1,0.3,1.4,1.5
Carmelo Anthony,anthoca01,NYK,PF,28,67,2482,24.8,0.56,0.278,0.344,6.1,15.9,10.8,14.1,1.1,1.1,9.3,35.6,7.5,2.0,9.5,0.184,6.0,-1.7,4.3,3.9
Caron Butler,butleca01,LAC,SF,32,78,1879,12.4,0.535,0.458,0.125,2.6,11.4,7.1,6.5,1.4,0.5,8.7,20.2,1.9,1.6,3.6,0.091,-0.1,-1.2,-1.3,0.3
Cartier Martin,martica01,WAS,SF,28,41,694,9.7,0.511,0.579,0.111,1.7,14.3,8.0,4.8,1.4,0.7,10.8,19.5,-0.2,0.9,0.7,0.047,-1.6,-0.5,-2.1,0.0
Chandler Parsons,parsoch01,HOU,SF,24,76,2758,15.3,0.584,0.421,0.165,3.3,13.2,8.3,15.6,1.4,0.9,12.7,18.3,4.9,2.1,7.0,0.121,2.0,0.0,2.0,2.8
Charles Jenkins,jenkich01,"GSW,PHI",SG,23,59,441,7.5,0.425,0.017,0.182,2.0,6.0,4.0,14.8,1.8,0.4,13.8,15.5,-0.3,0.3,0.0,-0.005,-4.6,-0.4,-4.9,-0.3
Charlie Villanueva,villach01,DET,PF,28,69,1092,14.0,0.481,0.558,0.106,5.1,20.6,12.7,8.4,1.5,2.8,7.4,21.9,0.4,1.1,1.6,0.069,0.5,-0.5,0.0,0.6
Chase Budinger,budinch01,MIN,SF,24,23,508,12.6,0.516,0.424,0.22,3.3,13.0,8.0,8.3,1.4,1.1,9.9,20.5,0.3,0.4,0.7,0.066,-0.6,-0.8,-1.4,0.1
Chauncey Billups,billuch01,LAC,SG,36,22,418,15.0,0.601,0.682,0.364,0.6,8.4,4.6,17.4,1.5,0.2,14.5,19.6,1.0,0.3,1.3,0.146,1.6,-1.1,0.5,0.3
Chris Andersen,anderch01,MIA,C,34,42,624,17.4,0.631,0.024,0.756,11.9,21.5,17.0,4.0,1.4,5.8,12.8,14.4,1.6,1.1,2.7,0.207,-1.0,0.8,-0.2,0.3
Chris Bosh,boshch01,MIA,C,28,74,2454,20.0,0.592,0.082,0.333,7.0,17.6,12.6,8.4,1.4,3.4,11.0,22.7,5.6,3.4,9.0,0.175,1.5,-0.2,1.3,2.1
Chris Copeland,copelch01,NYK,PF,28,56,862,16.8,0.583,0.368,0.218,4.5,11.9,8.1,5.7,1.0,1.2,10.7,25.3,1.5,0.6,2.1,0.117,1.1,-1.6,-0.5,0.3
Chris Douglas-Roberts,douglch01,DAL,SG,26,6,63,8.3,0.462,0.286,0.714,0.0,8.7,4.4,8.9,1.6,0.0,5.2,14.0,0.0,0.0,0.1,0.041,-3.9,0.2,-3.8,0.0
Chris Duhon,duhonch01,LAL,PG,30,46,820,8.0,0.517,0.74,0.106,1.5,7.5,4.6,22.8,1.2,0.1,23.7,9.2,0.6,0.4,1.0,0.056,-2.4,-0.5,-2.9,-0.2
Chris Johnson,johnsch03,"MIN,MEM",C,27,30,284,18.4,0.65,0.0,0.453,7.8,16.6,12.1,4.9,1.3,7.6,12.6,16.2,0.6,0.4,1.0,0.176,-1.2,2.8,1.6,0.3
Chris Kaman,kamanch01,DAL,C,30,66,1363,16.3,0.529,0.002,0.138,8.1,22.1,15.2,6.6,1.1,3.0,13.6,25.3,0.0,1.6,1.6,0.058,-1.5,-0.8,-2.4,-0.1
Chris Paul,paulch01,LAC,PG,27,70,2335,26.4,0.594,0.271,0.377,2.8,10.5,6.7,46.5,3.8,0.4,13.7,22.6,10.6,3.4,13.9,0.287,6.4,2.4,8.8,6.4
Chris Quinn,quinnch01,CLE,SG,29,7,78,1.3,0.296,0.313,0.125,1.4,1.6,1.5,16.3,2.0,0.0,26.2,13.1,-0.2,0.0,-0.2,-0.124,-7.2,-1.9,-9.2,-0.1
Chris Singleton,singlch01,WAS,PF,23,57,924,7.8,0.425,0.149,0.29,6.1,16.1,11.0,6.3,2.1,2.1,14.2,15.7,-1.0,1.5,0.5,0.028,-5.6,1.3,-4.3,-0.6
Chris Wilcox,wilcoch01,BOS,C,30,61,830,15.3,0.725,0.007,0.379,8.1,17.3,12.8,4.2,2.0,2.7,16.0,12.1,1.8,1.3,3.1,0.181,-1.5,1.5,0.0,0.4
Chris Wright,wrighch02,DAL,SG,23,3,4,-1.9,0.5,0.0,0.0,0.0,0.0,0.0,0.0,0.0,0.0,33.3,34.2,0.0,0.0,0.0,-0.375,-10.8,-8.5,-19.2,0.0
Chuck Hayes,hayesch01,SAC,C,29,74,1209,10.7,0.469,0.005,0.253,10.5,18.2,14.2,13.1,1.3,1.2,17.2,9.4,1.1,0.4,1.5,0.06,-1.2,-0.2,-1.4,0.2
Cole Aldrich,aldrico01,"HOU,SAC",C,24,45,388,11.1,0.563,0.0,0.25,8.7,26.7,17.7,3.4,0.7,4.6,20.6,12.7,0.1,0.4,0.6,0.07,-3.5,0.6,-2.9,-0.1
Corey Brewer,breweco01,DEN,SF,26,82,2003,14.7,0.506,0.348,0.245,3.1,9.9,6.6,9.5,3.0,0.9,9.4,23.4,1.7,2.2,3.9,0.093,-0.2,0.6,0.4,1.2
Corey Maggette,maggeco01,DET,SF,33,18,257,7.9,0.489,0.276,0.632,2.2,9.1,5.6,11.4,1.2,0.6,14.9,20.2,0.0,0.1,0.1,0.017,-4.9,-0.9,-5.9,-0.2
Cory Higgins,higgico01,CHA,SG,23,6,32,12.6,0.352,0.263,0.105,3.5,7.4,5.4,29.8,4.9,0.0,0.0,28.3,0.0,0.0,0.0,-0.022,-3.5,0.2,-3.3,0.0
Cory Joseph,josepco01,SAS,PG,21,28,388,13.5,0.528,0.191,0.191,3.8,11.3,7.7,20.2,2.0,0.7,15.0,16.6,0.4,0.5,0.9,0.113,-1.2,0.8,-0.4,0.2
Courtney Lee,leeco01,BOS,SG,27,78,1941,11.7,0.545,0.294,0.136,1.9,9.4,5.8,11.7,2.4,0.9,13.0,15.7,0.9,2.4,3.3,0.082,-1.8,1.2,-0.5,0.7
D.J. Augustin,augusdj01,IND,PG,25,76,1226,11.0,0.527,0.646,0.337,1.9,6.3,4.1,21.6,1.5,0.2,16.8,15.1,1.4,1.5,2.8,0.112,-0.7,0.1,-0.6,0.5
D.J. White,whitedj01,BOS,PF,26,12,86,14.7,0.538,0.0,0.391,5.7,12.0,8.9,7.5,0.6,5.5,6.9,15.9,0.1,0.1,0.2,0.117,-0.6,-0.3,-0.9,0.0
DaJuan Summers,summeda01,LAC,PF,25,2,7,4.3,0.25,0.0,0.0,0.0,33.5,17.0,21.7,0.0,0.0,0.0,26.1,0.0,0.0,0.0,-0.124,-6.3,-2.6,-8.9,0.0
Daequan Cook,cookda02,"HOU,CHI",SG,25,49,441,5.8,0.398,0.545,0.072,1.8,14.1,7.9,6.7,0.9,1.2,8.0,19.2,-0.6,0.4,-0.2,-0.019,-3.5,-1.3,-4.8,-0.3
Dahntay Jones,jonesda02,"DAL,ATL",SF,32,78,1016,6.4,0.482,0.221,0.509,2.7,8.4,5.6,6.7,1.1,0.5,12.3,14.0,0.0,0.6,0.6,0.026,-4.9,-0.6,-5.5,-0.9
Damian Lillard,lillada01,POR,PG,22,82,3167,16.4,0.546,0.391,0.249,1.5,8.0,4.7,28.8,1.2,0.5,14.5,24.2,5.1,0.7,5.8,0.088,2.1,-1.9,0.3,1.8
Damien Wilkins,wilkida02,PHI,SG,33,61,1095,12.5,0.533,0.161,0.345,3.2,7.8,5.4,12.9,1.8,1.3,11.9,17.4,1.0,0.9,1.9,0.083,-2.3,0.1,-2.2,-0.1
Damion James,jamesda01,BRK,SF,25,2,0,,,,,,,,,,,,,0.0,0.0,0.0,,-3.8,17.8,14.0,0.0
Daniel Gibson,gibsoda01,CLE,PG,26,46,919,7.7,0.475,0.66,0.15,0.6,7.3,3.8,13.4,1.7,0.4,10.5,14.3,0.3,0.2,0.5,0.026,-2.8,-0.6,-3.4,-0.3
Daniel Orton,ortonda01,OKC,C,22,13,104,14.0,0.493,0.0,0.654,15.5,13.4,14.3,5.7,2.0,2.2,10.7,16.4,0.1,0.1,0.3,0.135,-2.6,-0.4,-3.1,0.0
Danilo Gallinari,gallida01,DEN,SF,24,71,2309,16.7,0.561,0.416,0.4,3.2,14.4,8.9,11.2,1.4,1.2,9.8,21.3,5.2,2.0,7.2,0.151,2.9,-0.1,2.8,2.8
Danny Granger,grangda01,IND,SF,29,5,74,4.0,0.35,0.286,0.229,4.6,8.9,6.8,6.9,1.4,1.0,9.4,26.2,-0.2,0.1,-0.1,-0.075,-6.3,-2.4,-8.7,-0.1
Danny Green,greenda02,SAS,SG,25,80,2201,14.1,0.6,0.623,0.119,2.0,10.3,6.4,9.5,2.1,1.8,11.9,16.6,2.6,3.2,5.9,0.128,1.4,1.4,2.8,2.7
Dante Cunningham,cunnida01,MIN,PF,25,80,2010,13.3,0.485,0.009,0.154,7.8,15.6,11.6,5.7,2.2,1.5,7.3,17.2,1.1,2.4,3.5,0.084,-1.8,0.4,-1.4,0.3
Darius Johnson-Odom,johnsda03,LAL,SG,23,4,6,-6.7,0.0,0.25,0.0,18.9,53.7,36.7,21.7,0.0,0.0,0.0,29.7,-0.1,0.0,-0.1,-0.439,-15.0,-6.0,-21.0,0.0
Darius Miller,milleda01,NOH,SF,22,52,694,6.3,0.529,0.519,0.074,1.3,12.2,6.7,9.3,1.3,1.4,17.1,9.0,0.2,0.3,0.5,0.034,-3.6,0.9,-2.7,-0.1
Darius Morris,morrida01,LAL,PG,22,48,683,8.1,0.475,0.351,0.197,4.0,5.2,4.6,16.8,1.6,0.2,18.1,16.2,-0.1,0.3,0.2,0.016,-3.3,-0.9,-4.2,-0.4
Darko Miličić,milicda01,BOS,C,27,1,5,-30.2,0.0,0.0,0.0,0.0,22.9,11.8,0.0,0.0,0.0,66.7,28.4,-0.1,0.0,-0.1,-0.779,-32.8,-5.5,-38.3,0.0
Darrell Arthur,arthuda01,MEM,PF,24,59,970,11.8,0.477,0.05,0.128,8.1,12.5,10.3,5.9,1.3,2.8,10.2,20.1,0.2,1.5,1.7,0.084,-2.8,0.4,-2.4,-0.1
Darren Collison,collida01,DAL,PG,25,81,2372,16.3,0.575,0.188,0.38,1.5,8.7,5.1,26.8,2.2,0.3,17.0,19.6,4.0,1.7,5.6,0.114,0.4,-0.3,0.1,1.3
David Lee,leeda02,GSW,PF,29,79,2907,19.2,0.561,0.003,0.276,8.5,24.5,16.8,16.5,1.2,0.6,13.7,23.2,5.4,3.7,9.1,0.15,1.4,0.4,1.8,2.8
David West,westda01,IND,PF,32,73,2435,20.1,0.545,0.019,0.312,6.8,18.8,12.9,16.8,1.6,2.1,12.0,24.4,4.4,4.7,9.1,0.179,2.4,1.5,4.0,3.7
DeAndre Jordan,jordade01,LAC,C,24,82,2010,17.2,0.606,0.0,0.51,12.7,22.4,17.6,2.2,1.3,4.7,14.3,15.9,3.0,3.2,6.2,0.148,-0.1,-0.2,-0.2,0.9
DeAndre Liggins,liggide01,OKC,SG,24,39,290,9.4,0.528,0.404,0.383,5.5,14.7,10.5,7.2,3.2,0.8,20.3,10.8,0.1,0.5,0.6,0.092,-3.2,2.5,-0.7,0.1
DeJuan Blair,blairde01,SAS,PF,23,61,851,14.6,0.543,0.004,0.258,9.5,21.1,15.6,8.3,2.2,0.9,14.0,19.0,0.7,1.5,2.2,0.126,-2.4,0.8,-1.6,0.1
DeMar DeRozan,derozde01,TOR,SG,23,82,3013,14.7,0.523,0.097,0.347,1.9,10.9,6.3,12.0,1.3,0.6,9.6,24.2,3.1,1.6,4.7,0.075,-0.2,-1.2,-1.4,0.4
DeMarcus Cousins,couside01,SAC,C,22,75,2289,20.2,0.524,0.021,0.408,10.9,27.0,18.7,15.3,2.4,1.9,15.5,28.1,2.0,2.3,4.4,0.092,0.7,-0.5,0.2,1.2
DeMarre Carroll,carrode01,UTA,SF,26,66,1111,15.5,0.535,0.216,0.302,9.1,10.8,9.9,8.7,2.8,1.7,8.5,16.4,2.0,1.1,3.1,0.134,0.4,0.9,1.3,0.9
DeQuan Jones,jonesde01,ORL,SF,22,63,803,8.4,0.485,0.161,0.234,2.4,12.4,7.4,3.0,1.2,2.1,11.1,15.3,-0.3,0.4,0.1,0.007,-3.8,-0.8,-4.5,-0.5
DeSagana Diop,diopde01,CHA,C,31,22,226,6.6,0.292,0.037,0.037,4.9,21.4,12.9,8.5,1.2,5.7,22.6,7.1,-0.3,0.2,-0.1,-0.017,-5.2,0.5,-4.7,-0.2
DeShawn Stevenson,stevede01,ATL,SG,31,56,1158,8.1,0.522,0.798,0.088,1.8,10.1,6.0,6.5,1.3,0.4,7.8,11.8,0.5,0.9,1.5,0.061,-2.0,-0.4,-2.4,-0.1
Derek Fisher,fishede01,"DAL,OKC",SG,38,33,575,7.7,0.492,0.497,0.236,0.4,6.6,3.6,11.7,1.7,0.4,14.4,16.4,0.0,0.4,0.4,0.034,-3.1,-0.3,-3.4,-0.2
Deron Williams,willide01,BRK,PG,28,78,2842,20.3,0.574,0.398,0.328,1.2,8.5,4.8,37.5,1.4,0.8,14.5,24.4,9.1,1.8,10.9,0.184,4.5,-0.7,3.8,4.2
Derrick Favors,favorde01,UTA,PF,21,77,1787,17.5,0.533,0.009,0.458,11.9,24.0,17.9,6.8,2.0,5.7,15.9,20.6,1.5,2.9,4.4,0.117,-1.6,1.1,-0.5,0.7
Derrick Williams,willide02,MIN,PF,21,78,1916,14.5,0.515,0.249,0.346,5.6,20.6,12.8,4.2,1.2,1.5,10.0,23.5,1.0,2.1,3.0,0.076,-0.5,-1.0,-1.5,0.2
Devin Ebanks,ebankde01,LAL,SF,23,19,197,6.3,0.411,0.301,0.192,5.7,16.9,11.5,7.8,0.8,0.4,12.2,20.4,-0.2,0.1,-0.1,-0.025,-5.3,-2.5,-7.7,-0.3
Devin Harris,harride01,ATL,SG,29,58,1421,14.6,0.565,0.519,0.348,0.5,8.7,4.7,21.7,2.3,0.7,14.7,19.5,1.8,1.5,3.3,0.111,-0.5,0.6,0.1,0.8
Dexter Pittman,pittmde01,"MIA,MEM",C,24,11,32,1.6,0.325,0.0,0.273,27.2,18.5,22.7,0.0,0.0,0.0,19.6,22.4,-0.1,0.0,-0.1,-0.107,-12.1,-6.6,-18.8,-0.1
Diante Garrett,garredi02,PHO,PG,24,19,149,9.0,0.375,0.306,0.204,3.7,7.8,5.7,31.3,3.4,0.0,23.1,20.7,-0.3,0.1,-0.2,-0.073,-3.6,-0.9,-4.4,-0.1
Dion Waiters,waitedi01,CLE,SG,21,61,1756,13.7,0.492,0.249,0.261,1.4,8.8,4.9,18.4,1.7,0.7,11.8,26.1,0.3,0.6,0.9,0.026,-0.4,-1.8,-2.1,-0.1
Dirk Nowitzki,nowitdi01,DAL,PF,34,53,1661,19.8,0.564,0.216,0.265,2.5,21.5,12.2,13.5,1.2,1.7,7.9,24.2,3.3,1.8,5.0,0.145,3.0,0.1,3.1,2.2
Dominic McGuire,mcguido01,"TOR,NOH,IND",SF,27,26,387,7.7,0.422,0.0,0.179,5.7,18.4,12.0,7.5,1.8,2.3,16.6,8.7,-0.1,0.4,0.3,0.035,-3.7,1.3,-2.3,0.0
Dominique Jones,jonesdo02,DAL,PG,24,29,338,12.4,0.438,0.083,0.486,6.0,8.7,7.4,36.2,2.1,0.5,22.3,23.0,-0.2,0.2,0.0,0.001,-1.7,-1.8,-3.4,-0.1
Donald Sloan,sloando01,"CLE,NOH",SG,25,23,263,9.6,0.455,0.244,0.321,1.3,11.5,6.2,22.0,1.0,0.0,13.6,17.5,0.0,0.0,0.1,0.017,-1.8,-1.2,-3.0,-0.1
Donatas Motiejūnas,motiedo01,HOU,PF,22,44,538,12.2,0.531,0.39,0.239,7.7,11.9,9.8,9.5,0.6,1.4,13.6,22.1,0.4,0.3,0.7,0.061,-1.9,-1.6,-3.5,-0.2
Dorell Wright,wrighdo01,PHI,SF,27,79,1783,16.0,0.551,0.603,0.235,2.6,17.0,9.6,13.1,1.8,1.5,8.8,18.7,2.8,2.1,4.9,0.132,1.9,0.6,2.6,2.1
Doron Lamb,lambdo01,"MIL,ORL",SG,21,47,577,4.8,0.433,0.227,0.209,1.5,7.4,4.4,8.2,1.2,0.0,12.7,15.7,-0.6,0.2,-0.4,-0.032,-5.6,-1.6,-7.3,-0.8
Draymond Green,greendr01,GSW,SF,22,79,1061,7.1,0.404,0.261,0.214,6.2,20.3,13.5,7.0,2.0,1.8,15.4,14.0,-0.9,1.6,0.6,0.028,-5.0,1.4,-3.6,-0.4
Drew Gooden,goodedr01,MIL,C,31,16,151,7.7,0.382,0.082,0.262,8.9,13.3,11.0,6.1,1.7,2.9,11.7,22.2,-0.3,0.2,-0.1,-0.034,-6.1,-0.6,-6.7,-0.2
Dwight Howard,howardw01,LAL,C,27,76,2722,19.4,0.573,0.007,0.887,10.4,27.4,19.1,6.6,1.6,4.9,16.6,22.2,2.8,4.8,7.6,0.134,-0.6,1.1,0.6,1.8
Dwyane Wade,wadedw01,MIA,SG,31,69,2391,24.0,0.571,0.06,0.389,4.7,12.6,8.9,26.6,2.8,1.9,13.2,29.5,6.1,3.5,9.6,0.192,3.7,0.7,4.4,3.8
E'Twaun Moore,mooreet01,ORL,SG,23,75,1682,10.7,0.471,0.329,0.099,3.2,8.0,5.6,19.1,1.6,1.1,14.4,19.7,-0.4,0.7,0.2,0.006,-1.6,-0.7,-2.3,-0.1
Earl Barron,barroea01,"WAS,NYK",C,31,12,159,8.9,0.361,0.0,0.137,15.4,28.1,21.6,5.0,1.6,3.0,16.9,18.8,-0.3,0.3,0.0,-0.003,-6.7,-1.2,-7.9,-0.2
Earl Clark,clarkea01,LAL,PF,25,59,1363,12.4,0.51,0.269,0.197,6.8,19.1,13.1,7.4,1.3,2.3,12.9,15.7,0.7,1.5,2.3,0.08,-1.2,0.5,-0.7,0.4
Earl Watson,watsoea01,UTA,PG,33,48,829,7.7,0.366,0.233,0.208,3.2,9.1,6.1,31.8,2.5,0.8,34.5,11.0,-0.6,0.7,0.0,0.001,-3.9,0.4,-3.5,-0.3
Ed Davis,davised01,"TOR,MEM",C,23,81,1631,17.8,0.561,0.0,0.346,10.9,22.8,16.7,6.7,1.2,4.2,10.2,17.6,2.9,2.4,5.4,0.159,-0.2,0.4,0.2,0.9
Eddy Curry,curryed01,DAL,C,30,2,25,-0.2,0.461,0.0,0.5,9.1,8.7,8.9,0.0,0.0,0.0,23.5,23.3,-0.1,0.0,-0.1,-0.146,-11.2,-3.7,-14.9,-0.1
Ekpe Udoh,udohek01,MIL,C,25,76,1312,12.0,0.503,0.004,0.442,8.9,11.7,10.3,4.7,1.5,4.7,11.8,12.1,1.1,1.5,2.7,0.098,-2.8,1.1,-1.7,0.1
Elton Brand,brandel01,DAL,C,33,72,1527,15.2,0.499,0.002,0.195,9.7,21.5,15.7,7.1,1.7,4.6,9.9,17.2,1.2,2.2,3.4,0.107,-1.7,0.9,-0.9,0.4
Emeka Okafor,okafoem01,WAS,C,30,79,2052,15.8,0.496,0.0,0.278,10.7,26.8,18.7,7.9,1.1,3.0,12.2,19.5,0.7,3.7,4.5,0.104,-1.0,0.3,-0.7,0.7
Enes Freedom,kanteen01,UTA,C,20,70,1078,17.6,0.588,0.003,0.309,14.5,18.6,16.5,5.0,1.4,2.3,19.0,22.4,1.2,1.0,2.3,0.101,-0.7,-1.4,-2.1,0.0
Eric Bledsoe,bledser01,LAC,PG,23,76,1553,17.5,0.513,0.137,0.236,6.1,11.1,8.6,23.5,3.7,3.0,17.9,22.5,1.1,2.6,3.7,0.115,1.3,2.2,3.5,2.2
Eric Gordon,gordoer01,NOH,SG,24,42,1264,15.4,0.523,0.296,0.38,0.9,6.4,3.6,19.3,1.9,0.5,14.6,29.4,0.8,0.3,1.1,0.042,0.6,-1.9,-1.3,0.2
Eric Maynor,maynoer01,"OKC,POR",PG,25,64,963,9.3,0.472,0.342,0.221,1.1,4.4,2.8,28.7,1.2,0.1,20.4,18.4,-0.1,0.3,0.2,0.008,-1.9,-2.6,-4.5,-0.6
Ersan İlyasova,ilyaser01,MIL,PF,25,73,2012,18.3,0.552,0.267,0.196,7.9,20.3,13.9,9.6,1.7,1.3,7.9,20.5,4.1,2.5,6.7,0.159,2.0,0.0,2.0,2.0
Evan Fournier,fournev01,DEN,SG,20,38,428,13.8,0.597,0.355,0.257,1.6,7.4,4.6,15.5,2.2,0.2,15.9,20.4,0.7,0.3,1.0,0.115,-1.3,0.0,-1.4,0.1
Evan Turner,turneev01,PHI,SF,24,82,2892,12.1,0.478,0.151,0.198,2.1,18.5,10.1,19.7,1.3,0.5,14.0,21.2,-0.7,2.9,2.1,0.035,-2.2,-0.2,-2.3,-0.3
Fab Melo,melofa01,BOS,C,22,6,36,4.9,0.451,0.0,0.667,0.0,9.6,4.9,0.0,2.9,4.4,11.4,11.5,0.0,0.1,0.0,0.021,-8.3,0.7,-7.6,-0.1
Festus Ezeli,ezelife01,GSW,C,23,78,1120,9.3,0.467,0.0,0.479,14.3,16.4,15.4,2.7,1.0,5.2,23.5,10.7,0.0,1.5,1.5,0.066,-4.0,0.7,-3.4,-0.4
Francisco García,garcifr01,"SAC,HOU",SG,31,58,1029,11.0,0.519,0.597,0.07,0.9,9.4,5.1,9.2,2.3,2.9,9.4,14.7,0.6,0.6,1.3,0.059,-0.7,0.8,0.2,0.6
Garrett Temple,templga01,WAS,SG,26,51,1156,8.8,0.478,0.31,0.143,2.8,9.1,5.9,15.5,2.3,1.2,18.2,13.2,-0.3,1.5,1.2,0.049,-3.8,1.5,-2.3,-0.1
Gary Neal,nealga01,SAS,SG,28,68,1484,11.5,0.512,0.42,0.124,1.1,9.6,5.6,13.5,1.0,0.1,9.9,21.7,0.4,1.5,1.9,0.06,-1.2,-0.9,-2.0,0.0
George Hill,hillge01,IND,PG,26,76,2620,16.6,0.558,0.405,0.245,2.0,9.9,6.0,23.4,1.6,0.7,10.7,18.8,5.9,3.8,9.7,0.177,2.2,1.1,3.3,3.5
Gerald Green,greenge01,IND,SF,27,60,1080,9.9,0.465,0.443,0.153,3.3,11.1,7.3,7.9,0.9,1.6,10.5,21.3,-0.3,1.5,1.3,0.056,-1.6,-0.3,-1.9,0.0
Gerald Henderson,hendege02,CHA,SG,25,68,2133,16.4,0.531,0.117,0.366,2.9,10.8,6.7,15.6,1.7,1.3,9.8,23.5,2.9,0.3,3.3,0.073,0.3,-1.4,-1.1,0.5
Gerald Wallace,wallage01,BRK,SF,30,69,2076,11.6,0.49,0.356,0.415,3.9,14.3,9.1,13.3,2.5,1.7,16.9,14.5,0.6,2.5,3.1,0.072,-1.2,1.8,0.7,1.3
Glen Davis,davisgl01,ORL,PF,27,34,1064,15.0,0.483,0.004,0.245,5.8,20.3,13.1,11.3,1.6,1.5,10.8,25.4,-0.1,0.9,0.8,0.035,-1.6,-0.3,-1.9,0.0
Goran Dragić,dragigo01,PHO,PG,26,77,2581,17.5,0.54,0.305,0.36,2.6,8.0,5.2,35.7,2.5,0.8,16.8,21.7,4.1,1.6,5.7,0.106,1.7,-0.3,1.4,2.2
Gordon Hayward,haywago01,UTA,SF,22,72,2104,16.8,0.564,0.318,0.38,2.8,9.8,6.3,16.7,1.5,1.4,11.7,22.1,4.2,1.2,5.4,0.123,2.5,-0.5,2.0,2.1
Grant Hill,hillgr01,LAC,SF,40,29,437,4.8,0.428,0.112,0.245,1.7,11.5,6.7,8.3,1.3,1.3,18.7,14.0,-0.5,0.4,-0.1,-0.014,-5.3,-0.3,-5.6,-0.4
Greg Monroe,monrogr01,DET,C,22,81,2687,19.5,0.527,0.004,0.371,9.9,23.6,16.7,18.6,2.1,1.6,16.0,24.8,2.7,3.2,5.9,0.105,1.5,0.4,1.8,2.6
Greg Smith,smithgr02,HOU,C,22,70,1110,16.1,0.636,0.004,0.474,11.5,21.2,16.4,3.5,0.8,2.7,11.0,14.7,2.8,1.2,4.0,0.172,-0.6,0.0,-0.6,0.4
Greg Stiemsma,stiemgr01,MIN,C,27,76,1209,10.5,0.498,0.0,0.248,5.6,19.5,12.3,3.9,1.9,5.8,16.1,13.6,-0.3,2.0,1.7,0.069,-5.1,2.3,-2.8,-0.3
Greivis Vásquez,vasqugr01,NOH,PG,26,78,2685,16.3,0.502,0.24,0.152,1.9,13.3,7.5,44.9,1.3,0.2,18.6,23.0,3.0,0.7,3.8,0.067,1.6,-1.9,-0.4,1.1
Gustavo Ayón,ayongu01,"ORL,MIL",C,27,55,734,12.8,0.54,0.0,0.299,9.0,21.3,15.1,14.7,1.5,1.8,19.9,14.5,0.4,0.8,1.2,0.077,-3.0,1.3,-1.7,0.1
Hakim Warrick,warriha01,"NOH,CHA",PF,30,28,489,11.5,0.476,0.018,0.533,4.8,16.4,10.4,8.9,1.4,1.0,12.5,21.7,-0.1,0.1,0.0,-0.001,-2.8,-2.1,-4.8,-0.3
Hamed Haddadi,haddaha01,"MEM,PHO",C,27,30,322,10.2,0.447,0.0,0.329,15.0,24.7,19.8,5.7,1.0,6.4,24.8,17.4,-0.4,0.5,0.1,0.01,-6.5,0.4,-6.2,-0.3
Harrison Barnes,barneha02,GSW,SF,20,81,2058,11.0,0.526,0.231,0.303,2.9,14.5,8.9,7.3,1.3,0.5,12.4,17.7,0.9,1.9,2.8,0.065,-1.6,-0.1,-1.7,0.1
Hasheem Thabeet,thabeha01,OKC,C,25,66,770,11.6,0.619,0.0,0.5,11.1,17.5,14.5,2.0,2.0,5.9,24.1,10.1,0.7,1.5,2.2,0.134,-3.9,2.4,-1.5,0.1
Hedo Türkoğlu,turkohe01,ORL,SF,33,11,189,3.4,0.288,0.453,0.113,2.4,13.2,7.8,17.2,1.9,0.4,17.7,16.3,-0.6,0.1,-0.5,-0.116,-7.5,-0.7,-8.2,-0.3
Henry Sims,simshe01,NOH,C,22,2,5,29.2,0.667,0.0,0.0,46.8,0.0,23.8,0.0,0.0,0.0,25.0,37.2,0.0,0.0,0.0,0.061,5.2,-6.4,-1.2,0.0
Ian Mahinmi,mahinia01,IND,C,26,80,1322,10.6,0.497,0.006,0.52,9.9,16.2,13.1,3.3,1.6,3.7,18.5,17.1,-0.4,2.6,2.3,0.083,-4.7,1.4,-3.4,-0.5
Iman Shumpert,shumpim01,NYK,SG,22,45,996,11.7,0.516,0.462,0.171,3.5,12.8,8.0,11.6,2.3,0.6,11.1,15.6,1.0,1.0,1.9,0.094,-0.8,0.7,-0.1,0.5
Isaiah Thomas,thomais02,SAC,PG,23,79,2122,17.5,0.574,0.386,0.345,1.5,7.3,4.4,24.6,1.6,0.1,12.7,23.0,5.2,-0.1,5.0,0.114,2.5,-2.0,0.5,1.3
Ish Smith,smithis01,"ORL,MIL",PG,24,52,516,8.5,0.379,0.17,0.044,2.6,10.7,6.6,25.0,2.1,1.3,18.6,17.4,-0.8,0.4,-0.4,-0.04,-4.1,0.0,-4.1,-0.3
Ivan Johnson,johnsiv01,ATL,PF,28,69,1035,15.7,0.546,0.037,0.368,8.5,20.7,14.7,7.4,2.8,1.0,14.7,21.7,0.6,1.7,2.3,0.106,-2.3,0.7,-1.6,0.1
J.J. Barea,bareajo01,MIN,PG,28,74,1713,14.1,0.51,0.369,0.177,2.2,11.9,6.9,30.6,1.0,0.0,15.1,25.1,0.8,1.0,1.9,0.053,0.7,-1.3,-0.6,0.6
J.J. Hickson,hicksjj01,POR,C,24,80,2323,19.7,0.591,0.003,0.36,13.2,28.5,20.7,6.6,1.1,1.7,14.4,19.9,4.6,2.3,6.9,0.142,1.3,-1.1,0.2,1.3
J.J. Redick,redicjj01,"ORL,MIL",SG,28,78,2379,14.7,0.571,0.513,0.216,0.8,7.3,4.0,20.0,0.8,0.3,12.5,20.8,4.0,0.5,4.5,0.091,1.3,-1.7,-0.4,0.9
J.R. Smith,smithjr01,NYK,SG,27,80,2678,17.6,0.522,0.349,0.249,2.7,16.3,9.3,14.5,2.0,0.8,8.8,26.5,4.0,2.7,6.7,0.12,1.6,-0.4,1.3,2.2
JaVale McGee,mcgeeja01,DEN,C,25,79,1433,20.7,0.589,0.002,0.353,12.6,17.1,14.9,2.7,1.1,8.5,12.9,21.1,2.7,2.2,4.9,0.163,0.4,1.2,1.6,1.3
Jae Crowder,crowdja01,DAL,SF,22,78,1353,10.2,0.491,0.523,0.199,2.9,12.3,7.7,10.0,2.4,1.0,10.9,15.1,0.2,1.3,1.5,0.055,-1.9,0.9,-1.0,0.3
Jamaal Tinsley,tinslja01,UTA,PG,34,66,1221,10.6,0.467,0.543,0.111,1.6,9.5,5.5,34.1,2.8,0.9,30.2,13.1,-0.2,1.0,0.9,0.035,-1.8,0.3,-1.5,0.2
Jamal Crawford,crawfja01,LAC,SG,32,76,2230,16.8,0.558,0.39,0.244,1.2,5.6,3.4,14.4,1.9,0.5,11.5,26.0,3.7,1.7,5.4,0.116,2.3,-1.3,1.0,1.7
Jameer Nelson,nelsoja01,ORL,PG,30,56,1977,14.4,0.498,0.455,0.131,1.3,10.6,6.0,33.3,1.9,0.2,15.7,22.5,1.1,1.0,2.1,0.05,0.1,-1.3,-1.2,0.4
James Anderson,anderja01,"SAS,HOU",SG,23,39,401,13.9,0.539,0.476,0.222,5.2,15.0,10.2,15.8,1.9,0.9,15.3,18.0,0.4,0.4,0.9,0.106,0.5,0.5,1.0,0.3
James Harden,hardeja01,HOU,SG,23,78,2985,22.9,0.6,0.364,0.592,2.4,11.9,7.2,25.7,2.4,1.0,14.9,29.0,9.8,3.0,12.8,0.206,5.2,0.5,5.6,5.8
James Johnson,johnsja01,SAC,SF,25,54,878,10.2,0.442,0.074,0.237,6.2,12.9,9.5,10.2,2.4,4.5,17.9,19.3,-1.1,0.6,-0.5,-0.028,-3.9,0.3,-3.5,-0.3
James Jones,jonesja02,MIA,SF,32,38,221,8.1,0.478,0.869,0.066,0.0,11.6,6.1,8.4,0.5,2.2,4.6,14.2,0.1,0.2,0.2,0.054,-2.0,-1.0,-3.0,-0.1
James White,whiteja02,NYK,SF,30,57,435,9.1,0.503,0.353,0.164,1.3,12.0,6.5,10.3,1.6,0.8,12.0,15.2,0.1,0.3,0.5,0.051,-3.3,0.2,-3.1,-0.1
Jan Veselý,veselja01,WAS,PF,22,51,601,7.6,0.48,0.009,0.342,7.9,14.7,11.3,7.3,1.3,2.2,17.1,12.0,-0.1,0.8,0.7,0.059,-5.6,1.0,-4.7,-0.4
Jannero Pargo,pargoja01,"WAS,ATL,CHA",PG,33,32,507,10.3,0.475,0.547,0.061,2.2,5.7,3.9,22.8,1.9,0.5,15.8,23.3,-0.4,0.2,-0.2,-0.017,-1.6,-2.5,-4.1,-0.3
Jared Cunningham,cunnija01,DAL,SG,21,8,26,14.8,0.538,0.214,0.143,4.4,8.4,6.4,6.8,2.0,0.0,11.8,29.6,0.0,0.0,0.0,0.033,0.4,-1.9,-1.5,0.0
Jared Dudley,dudleja01,PHO,SF,27,79,2170,14.9,0.582,0.405,0.242,4.1,8.9,6.4,14.9,1.8,0.3,12.0,17.2,3.9,0.9,4.8,0.106,1.0,-0.4,0.6,1.5
Jared Jeffries,jeffrja01,POR,PF,31,38,350,2.4,0.343,0.037,0.426,8.5,11.4,10.0,5.6,0.9,1.3,21.0,10.6,-0.4,0.1,-0.3,-0.042,-6.8,-0.7,-7.4,-0.5
Jared Sullinger,sullija01,BOS,PF,20,45,892,13.5,0.534,0.022,0.28,12.6,22.1,17.5,6.2,1.3,1.9,10.3,14.9,1.3,1.4,2.7,0.146,-2.3,0.4,-1.9,0.0
Jarrett Jack,jackja01,GSW,SG,29,79,2349,15.9,0.542,0.237,0.231,1.0,10.1,5.7,29.9,1.3,0.4,14.3,21.0,3.9,1.8,5.6,0.115,1.1,-0.6,0.5,1.4
Jarvis Varnado,varnaja01,"BOS,MIA",PF,24,13,58,1.2,0.457,0.0,0.571,4.4,14.0,9.4,7.2,0.9,2.8,40.7,12.1,-0.1,0.1,-0.1,-0.059,-9.4,0.0,-9.5,-0.1
Jason Collins,collija04,"BOS,WAS",C,34,38,384,3.0,0.476,0.0,1.103,6.9,11.3,9.2,2.9,1.6,2.1,29.5,7.5,-0.1,0.5,0.4,0.045,-7.9,1.2,-6.7,-0.4
Jason Kidd,kiddja01,NYK,SG,39,76,2043,13.5,0.532,0.795,0.117,2.8,16.2,9.3,17.8,3.3,1.1,15.0,11.6,2.6,2.8,5.4,0.128,0.6,2.7,3.3,2.7
Jason Maxiell,maxieja01,DET,PF,29,72,1789,11.3,0.478,0.0,0.317,8.5,18.0,13.2,4.7,0.9,4.2,13.5,15.3,0.1,1.7,1.8,0.047,-3.3,-0.1,-3.4,-0.6
Jason Richardson,richaja01,PHI,SG,32,33,936,12.6,0.495,0.497,0.098,2.2,13.4,7.7,8.6,2.3,1.2,6.9,18.5,0.3,1.1,1.4,0.07,-0.9,0.5,-0.5,0.4
Jason Smith,smithja02,NOH,C,26,51,876,16.8,0.544,0.012,0.299,8.6,16.9,12.7,7.0,0.9,4.3,12.5,23.4,1.1,0.6,1.7,0.095,-1.4,-0.3,-1.6,0.1
Jason Terry,terryja01,BOS,SG,35,79,2124,12.8,0.566,0.511,0.202,1.1,7.6,4.4,14.9,1.6,0.4,12.6,18.0,2.1,1.9,4.0,0.091,0.0,-0.2,-0.2,1.0
Jason Thompson,thompja02,SAC,PF,26,82,2285,14.6,0.533,0.004,0.277,8.4,19.5,13.8,6.0,1.1,2.1,10.8,18.2,2.7,0.9,3.6,0.075,-1.0,-1.6,-2.6,-0.3
Jeff Adrien,adrieje01,CHA,PF,26,52,713,13.4,0.493,0.012,0.595,10.6,21.2,15.7,8.3,1.3,3.1,13.1,15.6,0.5,0.4,1.0,0.064,-2.1,-0.9,-3.0,-0.2
Jeff Ayres,pendeje02,IND,PF,25,37,369,14.5,0.533,0.032,0.183,8.9,22.2,15.7,7.2,0.9,2.4,14.5,19.7,0.3,0.7,1.0,0.129,-1.9,0.9,-1.0,0.1
Jeff Green,greenje02,BOS,PF,26,81,2252,15.0,0.561,0.226,0.329,3.0,13.4,8.3,9.6,1.3,2.4,12.5,22.2,1.9,2.8,4.7,0.099,-0.2,-0.1,-0.3,1.0
Jeff Taylor,tayloje03,CHA,SF,23,77,1507,10.3,0.531,0.386,0.258,3.8,7.7,5.7,7.0,1.6,0.8,9.7,14.9,1.2,0.0,1.2,0.039,-2.1,-1.5,-3.6,-0.6
Jeff Teague,teaguje01,ATL,PG,24,80,2628,16.8,0.543,0.255,0.232,1.1,6.7,3.9,36.1,2.3,0.8,17.6,23.0,3.5,2.6,6.1,0.111,0.9,-0.6,0.3,1.5
Jeremy Evans,evansje01,UTA,PF,25,37,215,19.9,0.641,0.023,0.75,14.0,17.6,15.8,8.0,2.0,4.8,12.0,14.1,0.7,0.3,0.9,0.208,0.9,1.3,2.2,0.2
Jeremy Lamb,lambje01,OKC,SF,20,23,147,11.2,0.479,0.441,0.206,4.2,9.4,7.0,5.4,0.7,1.0,7.5,24.8,0.1,0.1,0.2,0.058,-2.7,-2.7,-5.4,-0.1
Jeremy Lin,linje01,HOU,PG,24,82,2640,14.9,0.538,0.287,0.307,1.4,9.1,5.3,29.4,2.5,0.8,18.8,20.8,3.0,2.5,5.4,0.099,-0.1,0.4,0.3,1.5
Jeremy Pargo,pargoje01,"CLE,PHI",PG,26,39,655,10.4,0.478,0.296,0.248,1.3,7.5,4.3,23.0,1.0,0.2,15.3,22.5,-0.2,0.1,0.0,-0.002,-1.5,-1.8,-3.2,-0.2
Jeremy Tyler,tylerje01,"GSW,ATL",C,21,21,68,6.2,0.413,0.0,0.25,10.0,22.3,16.3,2.3,0.7,2.3,18.4,21.5,-0.2,0.1,-0.1,-0.049,-7.3,-1.6,-8.9,-0.1
Jermaine O'Neal,onealje01,PHO,C,34,55,1029,16.7,0.538,0.0,0.31,8.9,23.8,16.2,6.8,0.9,5.7,14.8,21.4,0.7,1.3,2.0,0.092,-1.9,0.6,-1.3,0.2
Jerry Stackhouse,stackje01,BRK,SF,38,37,544,8.5,0.5,0.517,0.134,1.1,6.1,3.6,10.4,0.7,0.6,11.6,17.5,0.2,0.2,0.4,0.037,-1.6,-1.7,-3.3,-0.2
Jerryd Bayless,bayleje01,MEM,PG,24,80,1765,13.5,0.514,0.324,0.196,1.4,10.5,5.9,24.9,1.8,0.8,15.1,20.8,1.5,2.5,4.0,0.108,-0.6,0.7,0.1,1.0
Jimmer Fredette,fredeji01,SAC,SG,23,69,967,14.6,0.546,0.381,0.242,2.2,6.4,4.2,15.9,1.6,0.2,13.1,23.9,1.1,-0.1,1.1,0.052,1.1,-2.5,-1.3,0.2
Jimmy Butler,butleji01,CHI,SF,23,82,2134,15.2,0.574,0.205,0.455,7.2,10.4,8.8,8.6,2.0,1.1,9.2,14.6,4.4,2.6,7.0,0.158,1.0,1.0,2.0,2.1
Joakim Noah,noahjo01,CHI,C,27,66,2426,18.1,0.534,0.008,0.376,12.2,22.6,17.3,17.6,1.7,4.4,19.3,17.2,2.7,4.7,7.3,0.145,0.6,2.7,3.4,3.3
Jodie Meeks,meeksjo01,LAL,SG,25,78,1663,11.4,0.54,0.645,0.181,2.5,8.7,5.7,6.4,1.8,0.2,8.3,16.7,1.9,1.1,3.0,0.085,-0.7,-0.3,-1.0,0.4
Joe Johnson,johnsjo02,BRK,SG,31,72,2642,14.1,0.521,0.375,0.153,2.4,7.4,4.9,16.7,1.0,0.4,9.9,21.7,3.9,1.2,5.1,0.092,1.4,-1.4,0.0,1.3
Joel Anthony,anthojo01,MIA,C,30,62,566,10.4,0.542,0.0,0.412,10.4,14.4,12.5,3.1,1.2,6.1,21.5,8.6,0.4,0.8,1.2,0.1,-2.3,0.9,-1.3,0.1
Joel Freeland,freeljo01,POR,PF,25,51,477,9.3,0.435,0.0,0.19,9.6,19.5,14.5,4.3,1.4,1.7,11.0,16.6,-0.2,0.4,0.2,0.022,-4.7,-0.7,-5.4,-0.4
Joel Przybilla,przybjo01,MIL,C,33,12,68,3.3,0.205,0.0,0.5,7.6,26.2,16.6,7.6,0.7,2.1,45.0,5.7,-0.1,0.1,0.0,-0.005,-7.3,0.2,-7.1,-0.1
Johan Petro,petrojo01,ATL,C,27,31,352,11.0,0.468,0.036,0.109,10.9,25.3,18.2,7.1,1.5,2.0,17.2,18.3,-0.2,0.6,0.4,0.048,-4.8,-0.3,-5.0,-0.3
John Henson,hensojo01,MIL,PF,22,63,827,18.2,0.497,0.009,0.313,14.5,24.4,19.3,6.3,1.2,3.7,11.0,22.6,0.6,1.2,1.9,0.109,-0.7,-1.0,-1.7,0.1
John Jenkins,jenkijo01,ATL,SG,21,61,902,13.0,0.576,0.469,0.238,2.2,9.6,6.0,9.8,0.7,0.8,11.0,18.7,1.1,0.6,1.7,0.091,0.4,-1.2,-0.8,0.3
John Lucas III,lucasjo02,TOR,PG,30,63,827,12.8,0.483,0.452,0.075,1.1,8.3,4.7,21.5,1.5,0.1,7.0,20.8,0.7,0.3,1.1,0.061,0.6,-1.2,-0.6,0.3
John Salmons,salmojo01,SAC,SF,33,76,2278,10.2,0.509,0.436,0.18,1.6,9.0,5.2,14.8,1.1,0.9,11.4,14.5,1.8,-0.1,1.6,0.034,-1.1,-1.5,-2.5,-0.3
John Wall,walljo01,WAS,PG,22,49,1602,20.8,0.521,0.061,0.416,2.4,11.2,6.8,43.9,2.1,1.8,15.3,29.3,2.2,2.2,4.5,0.134,2.7,1.1,3.9,2.4
Jon Leuer,leuerjo01,"CLE,MEM",PF,23,28,187,10.4,0.485,0.058,0.25,7.9,15.5,11.6,6.8,1.7,0.0,12.2,15.9,0.0,0.2,0.2,0.057,-3.3,-0.7,-4.0,-0.1
Jonas Jerebko,jerebjo01,DET,PF,25,49,892,15.7,0.531,0.263,0.278,8.6,15.4,11.9,8.1,2.3,0.7,10.6,20.2,1.2,0.8,2.0,0.107,0.3,-0.4,-0.1,0.4
Jonas Valančiūnas,valanjo01,TOR,C,20,62,1482,15.6,0.619,0.0,0.505,9.6,20.5,14.9,5.0,0.6,4.2,17.4,16.9,2.5,1.5,3.9,0.127,-1.1,0.0,-1.2,0.3
Jordan Crawford,crawfjo02,"WAS,BOS",SG,24,70,1709,13.8,0.512,0.339,0.219,2.9,10.9,6.9,23.5,1.2,0.3,15.1,25.3,0.2,1.7,1.9,0.052,0.3,-1.1,-0.9,0.5
Jordan Hamilton,hamiljo02,DEN,SF,22,40,397,16.9,0.49,0.363,0.129,9.2,17.4,13.4,9.2,1.9,1.6,8.2,25.3,0.4,0.5,0.8,0.1,2.1,-1.2,0.9,0.3
Jordan Hill,hilljo01,LAL,PF,25,29,458,18.5,0.533,0.013,0.394,20.3,19.7,20.0,4.7,0.9,3.0,12.5,20.2,0.9,0.5,1.4,0.147,-0.1,-1.6,-1.6,0.0
Josh Akognon,akognjo01,DAL,PG,26,3,9,15.3,0.625,0.5,0.0,0.0,12.1,6.2,19.4,0.0,0.0,0.0,20.3,0.0,0.0,0.0,0.196,-3.1,0.1,-3.0,0.0
Josh Childress,childjo01,BRK,SF,29,14,100,7.0,0.32,0.143,0.095,7.0,10.7,8.9,7.3,1.1,1.5,0.0,10.1,0.0,0.1,0.1,0.029,-2.7,-0.6,-3.3,0.0
Josh Harrellson,harrejo01,MIA,C,23,6,31,8.5,0.506,0.556,0.222,12.6,15.0,13.9,0.0,1.7,2.6,23.3,19.9,0.0,0.0,0.0,0.002,-4.5,-1.4,-5.9,0.0
Josh Howard,howarjo01,MIN,SF,32,11,207,9.5,0.45,0.208,0.156,4.8,15.4,9.9,3.2,2.5,1.1,10.8,20.0,-0.2,0.3,0.0,0.009,-3.9,0.1,-3.8,-0.1
Josh McRoberts,mcrobjo01,"ORL,CHA",PF,25,67,1487,12.7,0.527,0.245,0.248,7.0,18.1,12.4,14.8,1.1,1.4,14.8,13.7,1.5,0.7,2.2,0.072,-1.1,-0.2,-1.4,0.2
Josh Selby,selbyjo01,MEM,PG,21,10,59,0.1,0.373,0.273,0.5,0.0,10.2,5.0,10.5,1.8,0.0,20.7,26.4,-0.3,0.1,-0.2,-0.143,-10.1,-2.3,-12.4,-0.2
Josh Smith,smithjo03,ATL,PF,27,76,2683,17.7,0.501,0.17,0.272,5.8,21.3,13.6,20.9,1.8,3.9,14.6,26.7,-0.3,4.5,4.2,0.075,0.3,1.5,1.8,2.5
José Calderón,caldejo01,"TOR,DET",PG,31,73,2160,18.8,0.616,0.444,0.126,1.1,8.6,4.8,39.8,1.4,0.3,15.8,17.0,6.6,0.9,7.4,0.165,4.3,-1.2,3.1,2.8
Jrue Holiday,holidjr01,PHI,PG,22,78,2926,16.7,0.496,0.192,0.188,3.3,9.5,6.4,36.5,2.2,0.9,17.3,26.6,0.6,2.7,3.3,0.055,1.2,-0.7,0.5,1.9
Julyan Stone,stoneju01,DEN,PG,24,4,28,11.4,0.931,0.0,2.0,8.2,3.9,6.0,9.3,1.8,0.0,34.7,8.9,0.1,0.0,0.1,0.128,-2.0,1.9,-0.1,0.0
Justin Dentmon,dentmju01,DAL,PG,27,2,4,-19.4,0.0,0.0,0.0,0.0,0.0,0.0,0.0,0.0,0.0,0.0,22.8,0.0,0.0,0.0,-0.571,-15.7,-8.9,-24.7,0.0
Justin Holiday,holidju01,PHI,SG,23,9,142,7.6,0.408,0.333,0.167,0.0,11.5,5.6,16.0,1.1,3.3,14.9,19.6,-0.3,0.1,-0.1,-0.042,-4.4,-0.6,-5.0,-0.1
Juwan Howard,howarju01,MIA,PF,39,7,51,9.9,0.54,0.0,0.053,0.0,18.3,9.7,19.8,0.0,0.0,17.1,22.0,0.0,0.0,0.0,0.039,-7.3,-2.0,-9.3,-0.1
Kawhi Leonard,leonaka01,SAS,SF,21,58,1810,16.4,0.592,0.331,0.24,4.3,17.1,11.1,7.7,2.7,1.3,9.6,16.4,3.0,3.3,6.2,0.166,1.1,2.0,3.1,2.3
Keith Bogans,boganke01,BRK,SG,32,74,1408,6.7,0.533,0.863,0.06,1.3,8.8,5.0,8.1,1.1,0.2,14.4,11.2,0.7,0.7,1.4,0.047,-2.3,-0.3,-2.6,-0.2
Kemba Walker,walkeke02,CHA,PG,22,82,2859,18.8,0.517,0.267,0.298,2.3,9.2,5.7,31.2,2.9,0.9,12.4,25.6,3.7,1.1,4.8,0.08,2.2,-0.8,1.4,2.4
Kendall Marshall,marshke01,PHO,PG,21,48,702,7.8,0.455,0.483,0.093,0.6,6.3,3.4,29.4,1.6,0.4,26.6,13.6,-0.4,0.2,-0.2,-0.012,-3.5,-1.7,-5.2,-0.6
Kendrick Perkins,perkike01,OKC,C,28,78,1954,8.2,0.479,0.003,0.23,7.0,19.5,13.7,7.9,1.1,3.2,24.0,10.6,-0.5,3.0,2.5,0.062,-3.2,1.4,-1.8,0.1
Kenneth Faried,farieke01,DEN,PF,23,80,2248,18.5,0.573,0.0,0.386,13.2,23.2,18.3,5.1,1.8,2.9,12.3,17.7,4.5,3.4,7.8,0.167,0.9,0.2,1.1,1.7
Kent Bazemore,bazemke01,GSW,SG,23,61,267,11.3,0.454,0.293,0.379,2.1,6.8,4.5,13.1,3.2,1.2,11.7,25.7,-0.3,0.3,0.1,0.014,-3.1,0.7,-2.4,0.0
Kenyon Martin,martike01,NYK,C,35,18,431,13.9,0.583,0.0,0.43,8.9,17.1,12.9,2.9,2.0,3.4,12.6,13.7,0.6,0.6,1.2,0.128,-1.5,0.4,-1.1,0.1
Kevin Durant,duranke01,OKC,SF,24,81,3119,28.3,0.647,0.233,0.523,1.8,20.3,11.8,21.7,1.9,2.6,13.7,29.8,13.6,5.3,18.9,0.291,7.6,1.7,9.3,8.9
Kevin Garnett,garneke01,BOS,C,36,68,2022,19.2,0.535,0.019,0.236,4.5,25.8,15.5,14.4,2.0,2.4,10.5,24.5,1.8,3.8,5.6,0.133,0.9,1.7,2.6,2.3
Kevin Jones,joneske01,CLE,PF,23,32,334,11.1,0.418,0.0,0.14,12.6,14.5,13.5,4.8,1.4,1.2,6.6,16.2,0.1,0.2,0.2,0.032,-1.9,-2.2,-4.1,-0.2
Kevin Love,loveke01,MIN,PF,24,18,618,17.9,0.458,0.309,0.477,11.5,35.9,23.3,11.8,1.1,1.1,9.8,28.9,0.1,0.9,1.1,0.084,1.4,-1.0,0.4,0.4
Kevin Martin,martike02,OKC,SG,29,77,2136,16.0,0.608,0.477,0.316,1.8,7.4,4.8,7.9,1.7,0.3,10.2,21.0,5.0,2.0,7.0,0.157,1.7,-0.7,1.0,1.6
Kevin Murphy,murphke01,UTA,SG,22,17,52,-4.5,0.268,0.179,0.0,0.0,9.1,4.5,6.1,1.0,0.0,9.7,27.1,-0.3,0.0,-0.3,-0.272,-11.4,-5.4,-16.8,-0.2
Kevin Séraphin,serapke01,WAS,C,23,79,1721,10.3,0.478,0.0,0.123,6.8,15.5,11.1,6.1,0.7,2.7,14.7,23.5,-2.1,2.2,0.1,0.004,-4.9,-0.7,-5.5,-1.5
Keyon Dooling,doolike01,MEM,PG,32,7,82,11.2,0.644,0.571,0.333,0.0,1.5,0.7,15.6,0.7,0.0,17.2,16.4,0.2,0.1,0.2,0.128,-1.2,-0.2,-1.4,0.0
Khris Middleton,middlkh01,DET,SG,21,27,475,11.4,0.532,0.319,0.227,1.0,11.4,6.1,9.5,1.7,0.7,6.6,15.9,0.6,0.3,0.9,0.089,-1.9,-0.1,-1.9,0.0
Kim English,engliki01,DET,SG,24,41,407,7.9,0.477,0.446,0.259,2.2,8.4,5.2,9.8,2.1,0.6,13.2,16.1,0.0,0.2,0.2,0.021,-4.0,-0.2,-4.2,-0.2
Kirk Hinrich,hinriki01,CHI,PG,32,60,1764,10.8,0.493,0.431,0.232,1.0,9.3,5.1,27.5,1.9,1.1,17.5,14.7,1.0,2.1,3.1,0.085,-2.0,1.2,-0.9,0.5
Klay Thompson,thompkl01,GSW,SG,22,82,2936,12.7,0.533,0.437,0.13,1.2,10.0,5.7,10.1,1.5,1.2,11.0,21.8,1.7,2.6,4.3,0.07,-0.1,-0.2,-0.3,1.3
Kobe Bryant,bryanko01,LAL,SG,34,78,3013,23.0,0.57,0.255,0.392,2.5,13.1,7.9,29.7,1.8,0.6,13.3,31.9,8.4,2.6,10.9,0.174,4.7,-0.1,4.6,5.0
Kosta Koufos,koufoko01,DEN,C,23,81,1817,17.2,0.585,0.002,0.205,13.3,21.2,17.3,2.6,1.2,4.4,8.7,14.5,3.9,2.5,6.5,0.171,0.2,0.4,0.6,1.2
Kris Humphries,humphkr01,BRK,PF,27,65,1191,13.6,0.515,0.006,0.397,12.4,23.9,18.1,4.3,0.7,2.1,13.5,16.3,1.4,1.3,2.7,0.109,-1.9,-1.0,-3.0,-0.3
Kris Joseph,josepkr01,"BOS,BRK",SF,24,10,54,0.6,0.257,0.214,0.571,2.3,12.9,7.7,2.8,3.0,0.0,10.2,17.0,-0.2,0.1,-0.1,-0.127,-8.7,-1.2,-9.9,-0.1
Kurt Thomas,thomaku01,NYK,PF,40,39,392,13.3,0.547,0.012,0.157,6.9,20.1,13.3,8.3,1.4,3.5,8.3,11.5,0.6,0.5,1.1,0.135,-1.8,1.6,-0.1,0.2
Kwame Brown,brownkw01,PHI,C,30,22,269,8.8,0.452,0.0,0.514,9.4,22.1,15.5,4.7,1.2,2.9,15.0,9.1,0.0,0.4,0.4,0.071,-4.9,0.0,-4.9,-0.2
Kyle Korver,korveky01,ATL,SF,31,74,2259,13.9,0.637,0.689,0.13,1.2,13.5,7.4,9.9,1.6,1.3,9.9,14.5,4.0,2.5,6.4,0.137,1.1,0.7,1.8,2.2
Kyle Lowry,lowryky01,TOR,PG,26,68,2020,17.5,0.543,0.448,0.384,3.2,15.9,9.5,34.6,2.5,1.0,17.7,20.3,3.5,2.1,5.6,0.133,2.0,0.9,2.9,2.5
Kyle O'Quinn,oquinky01,ORL,C,22,57,638,15.8,0.535,0.005,0.228,11.5,25.5,18.5,13.1,0.9,3.1,14.6,18.1,0.7,0.7,1.4,0.107,-1.9,0.3,-1.6,0.1
Kyle Singler,singlky01,DET,SF,24,82,2293,10.0,0.517,0.312,0.193,5.4,11.3,8.3,5.3,1.3,1.3,12.3,15.8,1.1,1.2,2.3,0.048,-2.2,-0.8,-3.0,-0.6
Kyrie Irving,irvinky01,CLE,PG,20,59,2048,21.4,0.553,0.261,0.271,1.8,10.8,6.1,32.7,2.3,0.8,13.8,30.2,4.2,1.1,5.3,0.125,4.3,-0.7,3.7,3.0
LaMarcus Aldridge,aldrila01,POR,PF,27,74,2790,20.4,0.53,0.011,0.264,7.2,20.9,14.0,13.0,1.2,2.5,8.9,26.5,4.8,2.3,7.2,0.124,1.7,-0.4,1.3,2.3
Lamar Odom,odomla01,LAC,PF,33,82,1616,10.9,0.429,0.246,0.115,8.8,26.3,17.7,12.4,2.2,3.0,18.3,13.3,-0.3,3.0,2.7,0.081,-2.8,2.1,-0.7,0.6
Lance Stephenson,stephla01,IND,SG,22,78,2278,11.8,0.53,0.314,0.192,2.3,12.3,7.4,16.2,1.9,0.5,14.4,15.2,1.8,3.6,5.5,0.115,-1.7,1.7,0.0,1.2
Lance Thomas,thomala01,NOH,SF,24,59,646,10.1,0.565,0.0,0.557,8.0,13.3,10.6,4.0,0.9,0.9,9.6,10.5,1.0,0.2,1.2,0.087,-2.3,-0.7,-3.0,-0.2
Landry Fields,fieldla01,TOR,SF,24,51,1037,10.3,0.487,0.063,0.238,6.7,17.4,11.9,8.9,1.6,0.6,14.6,12.9,0.3,0.8,1.1,0.052,-1.8,0.0,-1.8,0.1
Larry Sanders,sandela01,MIL,C,24,71,1937,18.7,0.523,0.003,0.225,12.0,25.8,18.6,6.8,1.4,7.6,11.6,16.9,2.3,3.7,6.0,0.149,-1.1,2.0,1.0,1.5
Lavoy Allen,allenla01,PHI,C,23,79,1669,11.5,0.474,0.002,0.132,10.5,16.5,13.4,6.7,0.8,2.6,10.3,14.8,0.9,1.6,2.5,0.072,-3.0,-0.3,-3.3,-0.6
Lazar Hayward,haywala01,MIN,SF,26,4,31,11.2,0.396,0.4,0.6,0.0,15.2,7.4,14.2,3.3,0.0,0.0,18.3,0.0,0.0,0.1,0.087,-3.7,1.8,-1.9,0.0
LeBron James,jamesle01,MIA,PF,28,76,2877,31.6,0.64,0.188,0.395,4.4,20.8,13.1,36.4,2.4,1.9,12.4,30.2,14.6,4.7,19.3,0.322,9.3,2.4,11.7,9.9
Leandro Barbosa,barbole01,BOS,PG,30,41,513,13.5,0.509,0.244,0.212,1.9,8.5,5.3,19.0,1.7,0.9,9.1,21.4,0.4,0.5,0.9,0.086,-1.0,0.3,-0.7,0.2
Linas Kleiza,kleizli01,TOR,SF,28,20,376,8.2,0.46,0.458,0.264,3.1,13.5,8.2,6.9,0.6,0.4,8.0,21.6,-0.1,0.2,0.1,0.013,-3.0,-2.4,-5.4,-0.3
Lou Amundson,amundlo01,"MIN,CHI,NOH",PF,30,39,372,9.3,0.392,0.0,0.444,14.7,18.7,16.7,4.5,2.3,2.6,16.4,14.2,-0.3,0.4,0.1,0.019,-4.2,0.0,-4.2,-0.2
Lou Williams,willilo02,ATL,SG,26,39,1119,15.9,0.555,0.442,0.273,0.8,7.3,4.1,20.4,2.0,0.7,13.0,23.6,1.4,1.0,2.4,0.103,1.3,-0.3,1.0,0.9
Luc Mbah a Moute,mbahalu01,MIL,SF,26,58,1326,9.1,0.447,0.098,0.334,7.0,14.0,10.4,6.1,1.6,0.8,13.9,16.5,-0.8,1.2,0.5,0.017,-3.5,-0.6,-4.1,-0.7
Luis Scola,scolalu01,PHO,PF,32,82,2184,16.7,0.516,0.017,0.251,8.1,20.4,14.1,14.5,1.6,1.2,11.0,23.3,2.4,1.9,4.4,0.096,-0.3,-0.2,-0.5,0.8
Luke Babbitt,babbilu01,POR,PF,23,62,730,9.4,0.509,0.761,0.056,2.4,19.7,10.9,6.2,1.0,0.5,8.4,16.4,0.3,0.4,0.7,0.047,-1.7,-0.7,-2.4,-0.1
Luke Ridnour,ridnolu01,MIN,SG,31,82,2474,13.0,0.532,0.261,0.202,1.8,7.9,4.8,21.0,1.7,0.5,12.8,18.3,2.6,1.8,4.3,0.084,-1.0,0.2,-0.8,0.8
Luke Walton,waltolu01,CLE,PF,32,50,857,11.3,0.453,0.37,0.11,4.9,15.2,9.8,28.7,2.5,1.2,24.0,13.0,0.1,0.7,0.8,0.045,-1.9,0.9,-1.0,0.2
Luke Zeller,zellelu01,PHO,C,25,16,58,5.6,0.365,0.192,0.0,1.9,18.0,9.8,8.4,0.0,0.0,0.0,19.9,-0.1,0.0,-0.1,-0.047,-4.1,-3.0,-7.2,-0.1
Luol Deng,denglu01,CHI,SF,27,75,2903,15.1,0.508,0.213,0.258,6.3,12.6,9.4,13.2,1.5,0.8,10.6,21.5,3.0,3.3,6.3,0.105,1.0,-0.3,0.8,2.0
Maalik Wayns,waynsma01,"PHI,LAC",PG,21,27,202,5.0,0.394,0.352,0.216,0.5,3.5,2.0,20.7,1.6,0.0,13.5,25.4,-0.4,0.1,-0.3,-0.079,-7.0,-3.0,-9.9,-0.4
Malcolm Lee,leema01,MIN,SG,22,16,289,9.8,0.46,0.316,0.263,5.8,9.8,7.7,10.7,2.1,1.6,10.5,14.7,0.1,0.3,0.4,0.059,-2.4,1.1,-1.3,0.0
Malcolm Thomas,thomama01,"GSW,CHI",PF,24,12,57,13.8,0.555,0.0,0.8,10.0,21.6,15.9,10.3,1.9,2.7,18.2,13.2,0.1,0.1,0.2,0.133,-1.9,2.2,0.3,0.0
Manu Ginóbili,ginobma01,SAS,SG,35,60,1393,19.0,0.56,0.436,0.382,2.6,13.4,8.3,30.6,2.9,0.7,17.3,25.2,2.1,2.4,4.5,0.155,2.1,1.5,3.6,2.0
MarShon Brooks,brookma01,BRK,SG,24,73,912,13.5,0.523,0.164,0.281,4.1,9.4,6.7,14.6,2.0,1.3,15.5,22.5,0.5,0.8,1.3,0.068,-1.6,-0.1,-1.7,0.1
Marc Gasol,gasolma01,MEM,C,28,80,2796,19.5,0.559,0.016,0.364,7.6,18.9,13.1,19.1,1.6,4.1,13.5,19.2,6.1,5.4,11.5,0.197,2.1,3.1,5.2,5.1
Marcin Gortat,gortama01,PHO,C,28,61,1876,15.4,0.543,0.005,0.244,7.6,24.0,15.6,6.5,1.1,3.9,13.6,17.2,1.3,2.1,3.4,0.086,-0.8,0.3,-0.5,0.7
Marco Belinelli,belinma01,CHI,SG,26,73,1882,10.4,0.513,0.362,0.275,0.8,7.8,4.3,12.9,1.3,0.2,10.7,18.7,1.3,1.6,3.0,0.076,-1.9,-0.4,-2.3,-0.1
Marcus Camby,cambyma01,NYK,PF,38,24,250,8.6,0.342,0.0,0.358,10.9,27.1,18.7,8.1,1.5,4.8,19.6,14.3,-0.4,0.4,0.0,0.007,-4.8,1.2,-3.6,-0.1
Marcus Morris,morrima03,"HOU,PHO",PF,23,77,1524,11.3,0.516,0.443,0.222,6.0,14.6,10.3,6.4,1.5,1.0,11.8,18.9,0.6,1.2,1.8,0.058,-1.2,-0.8,-2.0,0.0
Marcus Thornton,thornma01,SAC,SG,25,72,1726,16.3,0.552,0.49,0.163,3.2,9.0,6.0,9.0,1.8,0.2,7.6,23.1,3.1,0.1,3.2,0.089,2.3,-2.0,0.3,1.0
Mario Chalmers,chalmma01,MIA,PG,26,77,2068,13.3,0.576,0.569,0.212,1.2,8.6,5.1,19.4,3.0,0.5,17.1,16.1,2.6,2.5,5.2,0.12,-0.5,0.9,0.4,1.3
Markieff Morris,morrima02,PHO,PF,23,82,1837,12.6,0.473,0.205,0.194,7.9,16.7,12.3,9.4,2.2,2.6,12.8,19.7,-0.2,1.9,1.7,0.044,-2.2,0.2,-1.9,0.0
Marquis Daniels,daniema01,MIL,SF,32,59,1085,9.2,0.432,0.205,0.154,4.6,10.5,7.4,9.0,2.4,0.7,10.7,16.9,-0.6,1.1,0.5,0.023,-3.5,0.6,-2.9,-0.2
Marquis Teague,teaguma01,CHI,PG,19,48,392,6.0,0.412,0.204,0.142,0.9,12.1,6.4,25.6,1.2,1.3,22.6,18.2,-0.7,0.4,-0.3,-0.031,-5.5,0.0,-5.6,-0.4
Marreese Speights,speigma01,"MEM,CLE",C,25,79,1300,17.3,0.498,0.017,0.3,12.7,22.3,17.4,6.5,1.0,3.3,10.8,25.8,1.1,1.7,2.8,0.104,-1.3,-1.4,-2.8,-0.2
Martell Webster,webstma02,WAS,SF,26,76,2200,13.9,0.601,0.517,0.311,2.7,12.2,7.4,10.7,1.2,0.6,11.1,16.9,3.9,2.4,6.3,0.138,0.5,0.3,0.8,1.6
Marvin Williams,willima02,UTA,SF,26,73,1727,10.9,0.515,0.353,0.211,3.7,14.3,8.9,6.9,1.1,1.7,10.5,15.1,1.1,1.1,2.3,0.063,-0.8,-0.4,-1.2,0.4
Matt Barnes,barnema02,LAC,SF,32,80,2058,15.5,0.566,0.481,0.173,6.5,14.5,10.6,9.2,2.1,2.6,11.0,18.1,3.5,2.8,6.3,0.146,1.1,0.7,1.8,2.0
Matt Bonner,bonnema01,SAS,PF,32,68,909,11.8,0.609,0.522,0.065,3.4,12.5,8.2,5.8,1.0,1.5,6.3,12.8,1.4,1.1,2.5,0.133,-0.2,0.4,0.2,0.5
Matt Carroll,carroma01,CHA,SG,32,1,6,2.9,,,,0.0,0.0,0.0,23.4,0.0,0.0,,0.0,0.0,0.0,0.0,0.029,-6.8,-3.2,-10.0,0.0
Maurice Harkless,harklma01,ORL,SF,19,76,1974,12.5,0.504,0.207,0.227,7.0,12.2,9.6,3.9,2.3,2.4,10.0,15.9,0.7,1.7,2.4,0.059,-1.6,0.3,-1.3,0.4
Metta World Peace,artesro01,LAL,SF,33,75,2530,12.5,0.517,0.5,0.205,4.5,11.5,8.1,6.9,2.5,1.2,9.8,17.5,1.9,2.6,4.6,0.086,-0.5,0.9,0.4,1.5
Meyers Leonard,leoname01,POR,C,20,69,1206,12.1,0.596,0.025,0.321,7.6,17.1,12.3,4.3,0.5,2.4,13.4,13.9,1.8,0.7,2.4,0.097,-2.7,-0.6,-3.3,-0.4
Michael Beasley,beaslmi01,PHO,SF,24,75,1554,10.8,0.462,0.188,0.164,3.7,17.2,10.3,12.5,1.0,1.6,14.9,27.6,-2.5,1.0,-1.5,-0.047,-2.7,-2.0,-4.7,-1.1
Michael Kidd-Gilchrist,kiddgmi01,CHA,SF,19,78,2025,14.0,0.506,0.015,0.305,7.2,18.9,12.9,10.1,1.4,2.8,12.7,17.9,1.1,1.0,2.1,0.051,-1.6,-0.9,-2.6,-0.3
Mickaël Gelabale,gelabmi01,MIN,SF,29,36,644,11.8,0.605,0.374,0.173,5.5,12.3,8.8,6.4,1.3,0.5,9.7,11.5,1.0,0.5,1.5,0.114,-0.6,0.4,-0.2,0.3
Mickaël Piétrus,pietrmi01,TOR,SF,30,19,386,6.0,0.472,0.653,0.184,1.5,9.7,5.5,3.5,1.7,1.2,13.1,14.7,-0.3,0.2,0.0,-0.004,-3.8,-0.9,-4.8,-0.3
Mike Conley,conlemi01,MEM,PG,25,80,2757,18.3,0.549,0.312,0.3,1.8,7.9,4.8,29.5,3.4,0.7,15.1,21.0,5.1,4.7,9.9,0.172,2.3,2.3,4.6,4.6
Mike Dunleavy,dunlemi02,MIL,SF,32,75,1943,13.6,0.577,0.479,0.205,1.7,14.9,8.0,11.5,1.0,1.3,11.7,17.3,2.7,1.7,4.4,0.109,0.5,-0.2,0.4,1.2
Mike James,jamesmi01,DAL,PG,37,45,862,9.5,0.481,0.461,0.107,1.2,8.0,4.7,23.7,1.5,0.3,16.2,17.9,0.0,0.5,0.4,0.024,-2.5,-1.0,-3.5,-0.3
Mike Miller,millemi01,MIA,SF,32,59,900,13.5,0.596,0.758,0.048,2.6,18.0,10.7,16.2,1.2,0.4,12.9,14.4,1.6,1.0,2.6,0.137,1.8,-0.3,1.5,0.8
Mike Scott,scottmi01,ATL,PF,24,40,376,16.3,0.533,0.007,0.381,12.1,21.3,16.7,5.4,0.6,0.4,10.9,23.7,0.5,0.4,0.9,0.11,-0.9,-2.6,-3.5,-0.1
Miles Plumlee,plumlmi01,IND,C,24,14,55,8.8,0.286,0.0,0.19,24.8,19.9,22.3,5.7,0.0,4.0,11.6,21.4,-0.1,0.1,0.0,-0.015,-5.0,-2.9,-7.8,-0.1
Mirza Teletović,teletmi01,BRK,PF,27,53,499,12.3,0.495,0.584,0.059,7.8,14.8,11.2,7.7,1.4,1.2,9.5,19.4,0.5,0.5,0.9,0.087,-0.3,-1.0,-1.3,0.1
Mo Williams,willima01,UTA,PG,30,46,1418,14.4,0.519,0.289,0.159,2.0,7.2,4.5,33.2,1.7,0.5,18.0,22.3,1.2,0.7,1.8,0.062,0.9,-1.7,-0.9,0.4
Monta Ellis,ellismo01,MIL,SG,27,82,3076,16.2,0.493,0.228,0.26,1.5,9.8,5.5,27.1,2.8,0.9,13.7,26.3,1.2,3.3,4.6,0.071,0.3,0.3,0.6,2.1
Nando De Colo,decolna01,SAS,SG,25,72,920,11.1,0.53,0.34,0.183,3.1,13.7,8.7,21.6,2.3,0.5,23.7,17.1,0.0,1.4,1.3,0.07,-2.4,1.2,-1.2,0.2
Nate Robinson,robinna01,CHI,PG,28,82,2086,17.4,0.54,0.378,0.183,1.6,8.6,5.1,31.4,2.2,0.4,12.6,25.1,3.5,2.4,5.9,0.136,2.5,0.3,2.8,2.5
Nazr Mohammed,mohamna01,CHI,C,35,63,693,10.8,0.414,0.011,0.261,12.0,20.4,16.2,5.8,1.6,3.5,10.7,14.9,0.0,1.2,1.2,0.082,-4.1,0.6,-3.6,-0.3
Nenê,hilarne01,WAS,PF,30,61,1659,17.0,0.538,0.002,0.453,6.7,20.6,13.6,19.0,1.7,1.8,16.3,23.4,1.3,2.7,4.0,0.116,-0.4,1.7,1.3,1.3
Nick Collison,collini01,OKC,C,32,81,1583,13.6,0.624,0.014,0.264,9.6,14.2,12.1,11.3,1.7,1.4,17.3,11.5,3.2,2.1,5.2,0.158,-0.2,1.1,0.9,1.2
Nick Young,youngni01,PHI,SG,27,59,1411,13.3,0.525,0.387,0.236,1.9,8.7,5.2,9.7,1.3,0.8,7.7,21.2,1.4,1.0,2.3,0.079,-0.1,-0.6,-0.7,0.5
Nicolas Batum,batumni01,POR,SF,24,73,2807,15.7,0.566,0.533,0.252,4.0,13.2,8.5,20.3,1.7,2.2,17.0,18.2,3.8,1.9,5.8,0.099,2.3,0.5,2.8,3.4
Nikola Peković,pekovni01,MIN,C,27,62,1959,20.2,0.572,0.0,0.437,13.0,19.0,15.9,4.9,1.1,2.0,10.3,22.5,4.6,2.1,6.7,0.163,1.7,-1.2,0.5,1.2
Nikola Vučević,vucevni01,ORL,C,22,77,2559,17.8,0.534,0.003,0.142,12.0,28.4,20.2,9.3,1.2,2.4,13.0,19.3,2.8,2.9,5.7,0.106,0.0,-0.5,-0.5,0.9
Nolan Smith,smithno01,POR,PG,24,40,288,7.1,0.435,0.246,0.246,2.8,8.2,5.5,19.9,1.3,0.3,18.7,24.7,-0.6,0.1,-0.5,-0.082,-4.7,-2.3,-6.9,-0.4
Norris Cole,coleno01,MIA,PG,24,80,1590,7.9,0.483,0.231,0.188,1.5,8.2,5.0,15.2,1.9,0.4,18.4,17.0,-0.8,1.4,0.6,0.019,-4.3,-0.6,-4.9,-1.2
O.J. Mayo,mayooj01,DAL,SG,25,82,2913,13.9,0.556,0.34,0.227,1.4,9.6,5.6,19.4,1.6,0.6,15.7,20.9,2.3,1.8,4.2,0.069,0.1,-0.6,-0.5,1.1
Omri Casspi,casspom01,CLE,SF,24,43,503,12.9,0.486,0.475,0.256,4.4,22.7,13.1,8.8,2.6,1.9,11.0,17.7,0.1,0.6,0.7,0.064,-0.8,0.7,-0.1,0.2
Orlando Johnson,johnsor01,IND,SG,23,51,619,11.4,0.523,0.522,0.178,3.7,15.9,9.9,12.5,0.9,1.1,13.0,16.4,0.5,1.0,1.5,0.115,-0.5,0.7,0.2,0.3
P.J. Tucker,tuckepj01,PHO,SG,27,79,1910,11.6,0.525,0.158,0.194,7.7,13.3,10.4,8.6,1.7,0.7,12.2,12.8,1.8,1.2,2.9,0.074,-1.3,-0.1,-1.5,0.2
Pablo Prigioni,prigipa01,NYK,PG,35,78,1263,13.0,0.595,0.609,0.114,3.7,9.8,6.6,27.5,2.9,0.1,27.1,11.7,2.0,1.3,3.2,0.123,-0.8,0.9,0.1,0.7
Patrick Beverley,beverpa01,HOU,PG,24,41,713,15.4,0.551,0.508,0.217,7.2,10.1,8.7,24.2,2.6,2.2,17.5,15.4,1.4,0.8,2.2,0.148,1.7,2.1,3.8,1.0
Patrick Patterson,pattepa01,"HOU,SAC",PF,23,71,1775,15.2,0.566,0.212,0.101,7.2,14.4,10.8,7.5,0.9,1.7,8.6,17.6,3.1,1.0,4.1,0.111,0.9,-0.9,-0.1,0.9
Patty Mills,millspa02,SAS,PG,24,58,656,14.1,0.59,0.539,0.079,1.7,6.8,4.4,14.9,2.0,0.4,13.5,20.2,0.7,0.8,1.5,0.109,0.0,0.2,0.2,0.4
Pau Gasol,gasolpa01,LAL,PF,32,49,1655,16.7,0.512,0.048,0.307,7.6,20.1,14.0,19.9,0.7,2.7,13.7,20.5,2.0,1.7,3.7,0.107,1.1,0.9,2.0,1.7
Paul George,georgpa01,IND,SF,22,79,2972,16.8,0.531,0.399,0.233,3.4,19.0,11.3,19.6,2.6,1.3,15.2,23.5,2.7,6.3,9.0,0.145,1.5,2.3,3.8,4.4
Paul Millsap,millspa01,UTA,PF,27,78,2375,19.8,0.55,0.045,0.407,8.6,18.8,13.7,14.5,2.3,2.7,11.8,22.4,4.8,2.9,7.6,0.154,1.7,1.0,2.7,2.8
Paul Pierce,piercpa01,BOS,SF,35,77,2575,19.1,0.559,0.35,0.387,2.1,19.7,11.2,25.1,1.7,0.9,14.3,27.4,3.5,3.7,7.2,0.135,3.0,0.7,3.6,3.6
Perry Jones,jonespe01,OKC,SF,21,38,280,7.8,0.417,0.02,0.152,5.3,19.1,12.7,5.5,0.9,1.6,12.4,19.6,-0.4,0.4,0.0,-0.003,-5.8,-1.5,-7.3,-0.4
Quentin Richardson,richaqu01,NYK,SF,32,1,29,0.7,0.21,0.364,0.182,19.5,20.9,20.2,4.8,0.0,0.0,14.4,22.4,-0.1,0.0,-0.1,-0.181,-7.9,-7.1,-14.9,-0.1
Quincy Acy,acyqu01,TOR,PF,22,29,342,15.9,0.632,0.027,0.507,10.3,16.6,13.4,5.2,2.0,3.5,15.6,14.7,0.7,0.4,1.1,0.157,-1.0,1.0,0.1,0.2
Quincy Miller,millequ01,DEN,PF,20,7,26,5.9,0.349,0.083,0.167,4.4,4.2,4.3,16.8,1.9,0.0,7.2,23.1,0.0,0.0,0.0,-0.051,-6.6,-2.5,-9.2,0.0
Quincy Pondexter,pondequ01,MEM,SF,24,59,1243,11.0,0.565,0.508,0.251,4.0,8.6,6.3,7.6,1.5,0.4,11.2,13.9,1.7,1.5,3.2,0.125,-0.8,0.6,-0.1,0.6
Rajon Rondo,rondora01,BOS,PG,26,38,1423,18.1,0.516,0.108,0.2,3.7,13.6,8.8,49.3,2.6,0.5,22.6,21.7,1.2,2.0,3.2,0.108,1.6,0.6,2.2,1.5
Ramon Sessions,sessira01,CHA,SG,26,61,1652,17.7,0.529,0.158,0.513,1.8,10.1,5.9,25.5,1.5,0.3,11.2,25.7,2.9,0.0,2.9,0.084,1.6,-2.0,-0.4,0.7
Randy Foye,foyera01,UTA,SG,29,82,2249,11.7,0.55,0.588,0.195,0.9,5.8,3.3,11.7,1.5,0.9,10.3,18.1,2.8,0.9,3.7,0.08,0.1,-0.7,-0.6,0.8
Rashard Lewis,lewisra02,MIA,PF,33,55,792,11.1,0.53,0.526,0.181,3.1,15.0,9.4,5.7,1.4,1.4,10.9,18.2,0.3,0.9,1.2,0.071,-1.5,-1.0,-2.5,-0.1
Rasheed Wallace,wallara01,NYK,C,38,21,296,16.7,0.484,0.486,0.141,4.2,29.4,16.4,3.5,2.3,4.4,6.2,25.4,0.1,0.6,0.6,0.101,-1.0,0.0,-1.0,0.1
Ray Allen,allenra02,MIA,SG,37,79,2035,14.7,0.599,0.51,0.243,2.6,10.1,6.6,10.2,1.7,0.6,12.5,19.3,3.4,1.9,5.4,0.126,1.1,-0.8,0.3,1.2
Raymond Felton,feltora01,NYK,PG,28,68,2313,15.2,0.505,0.293,0.145,2.5,7.5,4.9,27.0,2.2,0.5,14.2,22.1,2.5,1.7,4.2,0.087,0.9,-0.8,0.1,1.2
Reggie Evans,evansre01,BRK,PF,32,80,1967,12.8,0.506,0.0,0.851,15.5,38.0,26.7,3.2,2.0,0.5,23.6,11.0,0.8,3.5,4.3,0.105,-1.7,0.0,-1.7,0.1
Reggie Jackson,jacksre01,OKC,PG,22,70,993,14.2,0.531,0.32,0.191,2.6,15.6,9.6,19.3,1.5,1.0,13.1,18.6,1.2,1.3,2.5,0.121,-0.4,0.5,0.1,0.5
Reggie Williams,willire02,CHA,SF,26,40,380,13.2,0.517,0.545,0.159,2.3,13.3,7.7,18.2,1.7,0.2,11.9,19.2,0.2,0.1,0.3,0.035,0.2,-1.6,-1.4,0.1
Richard Hamilton,hamilri01,CHI,SG,34,50,1088,10.6,0.481,0.109,0.162,1.7,7.2,4.4,19.9,1.2,0.3,14.2,25.0,-0.6,0.9,0.4,0.016,-2.8,-1.2,-4.0,-0.6
Richard Jefferson,jefferi01,GSW,SF,32,56,568,10.3,0.552,0.331,0.39,1.0,14.9,8.1,8.0,1.3,1.0,12.6,14.4,0.4,0.6,1.0,0.081,-1.8,0.6,-1.3,0.1
Ricky Rubio,rubiori01,MIN,PG,22,57,1691,16.2,0.482,0.179,0.514,2.9,12.9,7.7,38.8,4.2,0.2,21.4,21.2,0.4,2.6,3.0,0.085,-0.8,1.9,1.1,1.3
Robert Sacre,sacrero01,LAL,C,23,32,203,3.4,0.407,0.0,0.229,5.0,13.2,9.2,4.3,0.0,3.6,15.9,13.8,-0.2,0.1,-0.1,-0.024,-8.0,-0.7,-8.8,-0.4
Robin Lopez,lopezro01,NOH,C,24,82,2136,18.9,0.573,0.0,0.288,12.4,13.4,12.9,5.3,0.8,5.0,12.0,20.0,4.4,1.2,5.6,0.126,1.3,-0.7,0.6,1.4
Rodney Stuckey,stuckro01,DET,SG,26,76,2171,13.0,0.505,0.243,0.364,2.2,9.1,5.6,20.3,1.2,0.6,13.4,21.0,1.7,0.8,2.5,0.055,-0.6,-1.3,-1.8,0.1
Rodrigue Beaubois,beaubro01,DAL,PG,24,45,549,10.6,0.47,0.409,0.216,1.9,9.6,5.8,22.6,1.8,0.6,14.6,18.7,0.0,0.4,0.4,0.032,-2.3,-0.3,-2.6,-0.1
Roger Mason,masonro01,NOH,SG,32,69,1219,10.0,0.57,0.521,0.141,1.1,12.0,6.5,9.5,1.2,0.8,13.6,14.3,1.1,0.3,1.4,0.057,-1.3,-0.5,-1.9,0.1
Ronnie Brewer,brewero02,"NYK,OKC",SF,27,60,853,10.0,0.416,0.384,0.197,5.7,13.5,9.6,8.6,2.7,0.6,7.7,12.7,0.1,1.0,1.1,0.06,-1.7,0.9,-0.7,0.3
Ronnie Price,pricero01,POR,PG,29,39,510,6.8,0.402,0.325,0.2,2.9,7.2,5.0,21.0,2.7,0.4,20.7,14.8,-0.5,0.3,-0.2,-0.017,-5.4,0.5,-4.9,-0.4
Ronny Turiaf,turiaro01,LAC,C,30,65,701,9.4,0.485,0.0,0.649,7.8,17.9,12.9,6.8,1.4,4.2,18.9,10.0,0.1,1.0,1.1,0.075,-3.2,1.5,-1.7,0.1
Roy Hibbert,hibbero01,IND,C,26,79,2269,17.3,0.489,0.005,0.261,14.8,17.4,16.1,8.9,0.9,6.7,14.5,22.5,1.3,4.9,6.1,0.129,-1.7,1.4,-0.3,0.9
Royal Ivey,iveyro01,PHI,SG,31,53,698,8.1,0.563,0.611,0.111,2.5,6.8,4.6,6.7,1.7,0.3,11.7,11.3,0.5,0.5,1.0,0.066,-3.4,0.6,-2.8,-0.1
Rudy Gay,gayru01,"MEM,TOR",SF,26,75,2687,15.6,0.494,0.208,0.235,4.3,16.3,10.2,13.6,2.3,1.6,12.5,27.2,0.1,3.9,4.0,0.072,0.5,0.5,1.1,2.1
Russell Westbrook,westbru01,OKC,PG,24,82,2861,23.9,0.532,0.195,0.375,4.8,11.8,8.6,38.4,2.6,0.6,13.2,32.8,7.7,3.9,11.6,0.195,4.6,-0.2,4.4,4.6
Ryan Anderson,anderry01,NOH,PF,24,81,2503,18.1,0.548,0.5,0.161,8.9,15.9,12.4,6.9,0.9,1.0,7.5,24.0,5.7,0.8,6.5,0.125,4.1,-2.1,2.0,2.5
Ryan Hollins,holliry01,LAC,C,28,60,663,11.3,0.674,0.0,0.772,9.1,15.7,12.5,2.4,0.5,4.3,22.4,13.6,1.0,0.8,1.7,0.125,-4.0,0.2,-3.9,-0.3
Sam Young,youngsa01,IND,SG,27,56,693,7.5,0.464,0.351,0.291,4.3,15.3,9.9,9.4,1.2,0.9,16.5,13.2,-0.2,1.1,0.9,0.062,-3.5,0.8,-2.7,-0.1
Samardo Samuels,samuesa01,CLE,C,24,18,196,6.2,0.411,0.017,0.4,5.6,11.2,8.3,6.3,0.8,1.2,7.8,17.4,-0.1,0.0,-0.1,-0.016,-4.6,-1.6,-6.2,-0.2
Samuel Dalembert,dalemsa01,MIL,C,31,47,765,18.6,0.565,0.004,0.217,14.2,24.9,19.4,4.5,1.1,5.1,15.5,18.7,0.9,1.2,2.2,0.137,-0.8,0.2,-0.6,0.3
Sasha Pavlović,pavloal01,POR,SG,29,39,528,6.2,0.423,0.504,0.05,1.5,10.9,6.2,8.9,2.4,0.7,10.3,11.8,-0.3,0.4,0.1,0.009,-4.9,1.6,-3.3,-0.2
Scott Machado,machasc01,HOU,PG,22,6,21,6.0,0.581,0.167,0.333,0.0,5.3,2.7,44.2,4.8,0.0,53.8,31.0,-0.1,0.0,-0.1,-0.23,-5.9,-2.9,-8.8,0.0
Sebastian Telfair,telfase01,"PHO,TOR",PG,27,59,980,10.9,0.488,0.485,0.223,1.5,8.5,4.9,23.9,2.0,0.8,15.9,18.5,0.3,0.5,0.8,0.039,-1.5,-0.2,-1.7,0.1
Serge Ibaka,ibakase01,OKC,PF,23,80,2486,19.4,0.612,0.073,0.246,11.1,17.0,14.2,2.8,0.6,7.4,12.7,18.1,5.3,4.1,9.4,0.181,0.9,0.7,1.5,2.2
Shane Battier,battish01,MIA,SF,34,72,1786,10.7,0.623,0.873,0.105,2.7,8.4,5.7,5.7,1.2,2.5,8.2,11.0,2.8,1.6,4.4,0.119,0.9,0.1,1.0,1.4
Shannon Brown,brownsh01,PHO,SG,27,59,1402,13.1,0.493,0.247,0.219,3.5,8.7,6.0,12.8,2.2,0.8,10.6,22.2,0.4,0.8,1.2,0.041,-1.1,-0.5,-1.6,0.2
Shaun Livingston,livinsh01,"WAS,CLE",PG,27,66,1455,13.0,0.536,0.012,0.283,2.4,10.4,6.2,23.2,1.7,1.7,16.3,14.3,1.7,0.9,2.6,0.086,-1.5,0.4,-1.0,0.4
Shavlik Randolph,randosh01,BOS,PF,29,16,198,15.9,0.559,0.0,0.563,17.2,24.3,20.9,3.3,2.1,2.8,14.3,16.7,0.3,0.4,0.7,0.159,-2.7,-0.8,-3.5,-0.1
Shawn Marion,mariosh01,DAL,PF,34,67,2010,18.0,0.553,0.106,0.146,8.2,20.6,14.5,13.1,1.9,1.8,12.3,19.0,2.9,2.5,5.3,0.127,1.6,0.6,2.2,2.1
Shelvin Mack,macksh01,"WAS,PHI,ATL",PG,22,31,416,11.3,0.537,0.389,0.127,0.8,10.0,5.4,26.3,1.9,0.0,20.4,18.5,0.1,0.4,0.5,0.056,-2.6,-0.1,-2.7,-0.1
Solomon Jones,jonesso01,NYK,PF,28,2,26,-5.7,0.0,0.0,0.0,4.4,9.3,6.8,0.0,0.0,3.3,75.0,7.2,-0.1,0.0,-0.1,-0.172,-9.7,-1.2,-10.9,-0.1
Spencer Hawes,hawessp01,PHI,C,24,82,2233,16.0,0.514,0.107,0.194,8.5,21.7,14.9,13.5,0.6,3.9,13.0,20.9,1.7,2.8,4.5,0.096,-1.1,0.6,-0.5,0.9
Stephen Curry,curryst01,GSW,PG,24,78,2983,21.3,0.589,0.432,0.21,2.3,9.1,5.8,31.1,2.1,0.3,13.7,26.4,8.4,2.8,11.2,0.18,5.3,0.1,5.4,5.6
Stephen Jackson,jacksst02,SAS,SF,34,55,1075,8.0,0.473,0.515,0.212,2.5,13.5,8.3,10.7,1.8,0.9,17.6,18.7,-1.2,1.5,0.3,0.013,-3.6,0.1,-3.5,-0.4
Steve Blake,blakest01,LAL,PG,32,45,1175,11.7,0.573,0.633,0.13,2.0,10.1,6.2,21.9,1.5,0.4,17.8,13.2,1.6,0.8,2.4,0.097,0.1,0.4,0.5,0.7
Steve Nash,nashst01,LAL,PG,38,50,1627,16.0,0.605,0.274,0.244,1.8,7.7,4.8,32.8,0.9,0.2,19.3,17.8,3.7,0.6,4.3,0.127,1.8,-1.4,0.4,1.0
Steve Novak,novakst01,NYK,SF,29,81,1641,11.3,0.602,0.816,0.077,1.2,10.0,5.4,3.3,0.9,0.4,2.6,13.0,3.2,0.8,4.0,0.116,1.0,-1.0,0.1,0.9
Taj Gibson,gibsota01,CHI,PF,27,65,1459,14.4,0.518,0.009,0.297,9.7,17.5,13.6,7.1,1.0,4.7,13.2,18.1,1.0,2.3,3.3,0.109,-2.1,1.0,-1.1,0.3
Tayshaun Prince,princta01,"DET,MEM",SF,32,82,2631,11.5,0.486,0.115,0.159,3.1,13.2,8.1,12.1,1.0,0.8,9.2,16.8,1.5,2.1,3.6,0.065,-0.9,-0.2,-1.2,0.5
Terrel Harris,harrite01,"MIA,NOH",SG,25,20,137,-3.8,0.239,0.296,0.37,3.8,19.3,11.4,9.0,0.8,1.8,35.1,16.6,-0.7,0.1,-0.6,-0.219,-11.1,-1.5,-12.6,-0.4
Terrence Jones,joneste01,HOU,PF,21,19,276,17.1,0.512,0.202,0.181,11.6,15.0,13.4,8.6,2.2,5.2,11.4,18.1,0.3,0.4,0.7,0.128,0.3,1.4,1.7,0.3
Terrence Ross,rosste01,TOR,SG,21,73,1239,10.4,0.491,0.429,0.092,3.3,10.6,6.9,7.2,1.8,0.9,9.2,19.6,0.0,0.8,0.9,0.034,-1.7,-0.7,-2.5,-0.1
Terrence Williams,willite01,BOS,SF,25,24,318,12.3,0.518,0.155,0.216,1.5,14.4,8.2,19.7,1.8,0.5,17.2,19.1,-0.1,0.4,0.3,0.046,-1.9,-0.5,-2.4,0.0
Thabo Sefolosha,sefolth01,OKC,SG,28,81,2229,12.8,0.617,0.554,0.148,3.2,12.4,8.2,8.2,2.4,1.5,11.4,11.4,3.6,3.1,6.8,0.146,0.6,1.8,2.4,2.5
Thaddeus Young,youngth01,PHI,PF,24,76,2629,18.2,0.541,0.008,0.196,7.6,17.2,12.3,8.2,2.7,1.6,8.0,19.8,3.7,3.7,7.4,0.136,0.2,1.0,1.2,2.1
Thomas Robinson,robinth01,"SAC,HOU",PF,21,70,1056,10.9,0.451,0.003,0.34,13.0,21.3,17.1,6.7,2.0,1.9,19.3,19.1,-0.9,0.9,-0.1,-0.002,-3.8,-1.5,-5.3,-0.9
Tiago Splitter,splitti01,SAS,PF,28,81,1997,18.7,0.609,0.004,0.506,8.8,20.3,14.9,10.0,1.6,2.3,12.7,18.2,4.7,3.5,8.2,0.197,0.8,1.3,2.2,2.1
Tim Duncan,duncati01,SAS,C,36,69,2078,24.4,0.554,0.007,0.307,7.3,29.6,19.1,15.5,1.2,6.4,11.7,27.8,3.4,4.9,8.3,0.191,2.4,2.9,5.3,3.8
Tim Ohlbrecht,ohlbrti01,HOU,C,24,3,12,-6.1,0.436,0.0,0.333,0.0,9.3,4.7,11.8,4.2,0.0,53.8,27.1,-0.1,0.0,-0.1,-0.369,-17.2,0.0,-17.2,0.0
Timofey Mozgov,mozgoti01,DEN,C,26,41,366,12.3,0.549,0.023,0.299,15.6,17.1,16.4,3.4,0.8,3.8,20.3,14.6,0.3,0.4,0.7,0.096,-2.8,-1.0,-3.7,-0.2
Tobias Harris,harrito02,"MIL,ORL",SF,20,55,1299,16.0,0.527,0.211,0.268,6.2,18.6,12.4,8.8,1.3,2.6,10.3,22.1,1.2,1.2,2.4,0.089,0.0,-0.5,-0.5,0.5
Toney Douglas,douglto01,"HOU,SAC",PG,26,71,1289,13.4,0.531,0.464,0.18,3.0,9.2,6.1,18.3,2.8,0.2,13.9,19.9,1.4,1.0,2.4,0.089,-0.9,0.3,-0.5,0.5
Tony Allen,allento01,MEM,SG,31,79,2109,13.2,0.489,0.038,0.293,6.6,13.8,10.2,7.6,3.1,1.7,11.5,17.8,1.0,4.1,5.1,0.115,-2.0,2.4,0.4,1.2
Tony Parker,parketo01,SAS,PG,30,66,2174,23.0,0.588,0.068,0.332,1.0,9.1,5.3,40.4,1.3,0.2,13.0,27.7,7.1,2.3,9.3,0.206,4.1,-0.5,3.6,3.1
Tony Wroten,wroteto01,MEM,SG,19,35,272,9.3,0.461,0.186,0.337,5.5,6.6,6.1,25.2,1.6,1.2,22.7,21.7,-0.2,0.3,0.1,0.017,-3.5,-0.2,-3.8,-0.1
Tornike Shengelia,shengto01,BRK,SF,21,19,93,8.5,0.499,0.087,0.696,11.4,17.9,14.6,5.1,1.7,0.8,26.8,20.3,-0.1,0.1,0.0,-0.017,-5.2,-1.3,-6.5,-0.1
Travis Outlaw,outlatr01,SAC,SF,28,38,444,13.0,0.5,0.282,0.294,4.3,11.7,7.9,7.7,1.3,1.4,8.7,21.9,0.3,0.1,0.3,0.037,-0.5,-1.9,-2.4,0.0
Trevor Ariza,arizatr01,WAS,SF,27,56,1471,14.0,0.538,0.463,0.211,3.3,16.9,10.0,12.7,2.5,1.1,14.6,17.9,0.7,2.4,3.1,0.102,0.1,2.0,2.1,1.6
Trevor Booker,booketr01,WAS,PF,25,48,887,13.9,0.509,0.023,0.327,12.2,17.8,14.9,7.4,1.9,1.4,11.0,14.5,0.9,1.4,2.3,0.126,-1.5,0.6,-1.0,0.2
Tristan Thompson,thomptr01,CLE,PF,21,82,2564,16.1,0.516,0.004,0.364,13.2,22.1,17.5,6.9,1.2,2.2,11.7,18.3,3.2,2.0,5.2,0.098,-0.2,-1.6,-1.8,0.1
Troy Murphy,murphtr01,DAL,PF,32,14,256,9.1,0.494,0.574,0.18,3.1,17.9,10.7,3.8,2.0,1.8,9.6,13.0,0.0,0.3,0.3,0.062,-2.7,0.8,-1.9,0.0
Ty Lawson,lawsoty01,DEN,PG,25,73,2513,17.9,0.549,0.239,0.32,1.6,7.1,4.4,30.2,2.1,0.2,14.1,22.3,5.6,1.8,7.4,0.141,2.5,-0.5,2.0,2.5
Tyler Hansbrough,hansbty01,IND,PF,27,81,1366,15.3,0.527,0.007,0.737,13.4,17.0,15.2,4.4,1.1,1.0,12.6,20.6,2.1,2.2,4.4,0.154,-1.3,-0.7,-1.9,0.0
Tyler Honeycutt,honeyty01,SAC,SF,22,9,32,1.9,0.337,0.182,0.182,10.5,25.8,18.0,9.1,0.0,2.4,29.6,23.4,-0.2,0.0,-0.1,-0.22,-8.4,-4.8,-13.2,-0.1
Tyler Zeller,zellety01,CLE,C,23,77,2033,11.0,0.486,0.007,0.281,8.7,16.7,12.5,7.4,0.9,2.8,13.1,15.9,0.8,1.2,2.0,0.048,-3.1,-0.9,-4.0,-1.0
Tyreke Evans,evansty01,SAC,SG,23,65,2016,18.1,0.558,0.174,0.354,3.1,13.5,8.2,19.0,2.3,1.0,12.6,22.3,3.6,0.8,4.4,0.105,2.0,-0.2,1.8,1.9
Tyrus Thomas,thomaty01,CHA,PF,26,26,360,9.6,0.418,0.059,0.228,4.9,14.4,9.5,9.1,2.0,3.4,10.2,21.1,-0.4,0.2,-0.2,-0.025,-5.1,-1.0,-6.1,-0.4
Tyshawn Taylor,tayloty01,BRK,PG,22,38,221,6.2,0.43,0.149,0.31,1.1,8.6,4.8,15.9,3.2,0.0,20.2,25.8,-0.6,0.2,-0.4,-0.077,-6.9,-0.5,-7.4,-0.3
Tyson Chandler,chandty01,NYK,C,30,66,2164,18.9,0.671,0.0,0.645,14.1,24.3,19.0,4.5,1.0,3.0,14.5,13.0,6.7,2.6,9.3,0.207,1.5,-0.3,1.3,1.8
Udonis Haslem,hasleud01,MIA,PF,32,75,1414,9.9,0.535,0.0,0.179,9.0,25.3,17.6,3.8,1.1,0.9,14.2,10.7,1.2,2.0,3.2,0.108,-2.6,-0.5,-3.2,-0.4
Viacheslav Kravtsov,kravtvi01,DET,C,25,25,224,14.4,0.618,0.0,0.804,12.1,11.0,11.6,6.6,1.2,3.2,18.4,15.5,0.3,0.1,0.4,0.086,-1.4,-0.6,-2.0,0.0
Victor Claver,clavevi01,POR,SF,24,49,812,7.0,0.462,0.46,0.159,4.4,12.8,8.5,7.9,1.7,1.1,17.5,13.9,-0.6,0.5,-0.1,-0.005,-3.6,0.0,-3.7,-0.3
Vince Carter,cartevi01,DAL,SF,36,81,2093,17.8,0.571,0.467,0.261,3.1,14.4,8.9,15.0,1.8,1.6,10.0,23.1,3.9,2.0,6.0,0.137,2.7,0.3,3.1,2.6
Vladimir Radmanović,radmavl01,CHI,PF,32,25,144,6.3,0.372,0.628,0.07,7.9,14.5,11.2,8.6,3.0,2.1,13.6,16.4,-0.2,0.3,0.1,0.02,-6.6,1.2,-5.4,-0.1
Wayne Ellington,ellinwa01,"MEM,CLE",SG,25,78,1661,12.2,0.546,0.454,0.142,1.7,10.3,5.8,10.1,1.4,0.1,9.2,16.8,2.1,1.1,3.2,0.093,0.0,-0.5,-0.5,0.6
Wesley Johnson,johnswe01,PHO,SF,25,50,953,10.3,0.485,0.391,0.088,2.5,12.4,7.3,5.9,1.2,1.4,10.4,21.4,-0.5,0.5,0.0,0.0,-1.6,-1.7,-3.3,-0.3
Wesley Matthews,matthwe02,POR,SG,26,69,2403,14.1,0.574,0.526,0.231,1.7,7.6,4.6,11.8,2.0,0.6,10.9,19.1,3.6,1.0,4.7,0.093,0.7,-0.2,0.5,1.5
Will Barton,bartowi01,POR,SG,22,73,894,9.1,0.437,0.21,0.21,4.6,14.3,9.4,10.4,2.0,0.8,15.1,20.4,-1.1,0.6,-0.5,-0.028,-4.0,-0.6,-4.6,-0.6
Will Bynum,bynumwi01,DET,PG,30,65,1219,16.6,0.532,0.141,0.243,2.6,6.6,4.6,34.8,2.0,0.3,17.3,27.0,1.2,0.5,1.7,0.067,0.6,-1.6,-1.0,0.3
Will Conroy,conrowi01,MIN,PG,30,4,20,-15.2,0.051,0.333,0.222,5.5,0.0,2.9,0.0,0.0,0.0,0.0,22.1,-0.2,0.0,-0.2,-0.433,-16.4,-8.5,-24.9,-0.1
Willie Green,greenwi01,LAC,SG,31,72,1188,11.8,0.562,0.43,0.083,1.7,7.9,4.9,7.1,1.3,0.8,7.2,16.6,1.7,0.9,2.5,0.103,-0.2,-0.7,-0.8,0.3
Wilson Chandler,chandwi01,DEN,PF,25,43,1079,16.6,0.556,0.277,0.244,4.8,17.6,11.3,8.3,2.1,0.9,10.6,22.7,1.8,1.3,3.1,0.137,0.7,-0.1,0.5,0.7
Xavier Henry,henryxa01,NOH,SF,21,50,625,7.6,0.481,0.068,0.571,3.9,13.4,8.6,3.2,1.4,0.7,13.3,17.3,-0.2,0.2,0.0,0.002,-4.6,-1.2,-5.7,-0.6
Zach Randolph,randoza01,MEM,PF,31,76,2607,17.9,0.506,0.022,0.293,13.8,25.1,19.3,7.3,1.3,1.0,11.5,23.1,3.2,4.7,7.9,0.145,1.0,-0.7,0.2,1.5
Zaza Pachulia,pachuza01,ATL,C,28,52,1134,13.1,0.534,0.012,0.427,13.5,20.3,17.0,10.3,1.6,0.8,19.6,14.6,1.2,1.5,2.7,0.116,-2.0,0.2,-1.7,0.1
Ömer Aşık,asikom01,HOU,C,26,82,2464,14.9,0.558,0.002,0.487,12.8,31.0,22.0,4.6,0.9,2.7,18.8,16.3,2.0,3.5,5.5,0.108,-1.3,-0.3,-1.6,0.3
