Player,PlayerID,Tms,Pos,Age,G,MP,PER,TS%,3PAr,FTr,ORB%,DRB%,TRB%,AST%,STL%,BLK%,TOV%,USG%,OWS,DWS,WS,WS/48,OBPM,DBPM,BPM,VORP
Aaron Gordon,gordoaa01,ORL,PF,23,78,2633,15.1,0.538,0.332,0.242,5.2,18.4,11.7,16.6,1.1,1.8,12.3,21.8,1.8,3.3,5.1,0.093,0.3,0.3,0.6,1.7
Aaron Holiday,holidaa01,IND,PG,22,50,646,11.9,0.518,0.485,0.191,0.9,10.4,5.8,19.3,1.6,1.8,12.3,21.9,0.1,0.8,0.9,0.065,-1.7,0.1,-1.6,0.1
Abdel Nader,naderab01,OKC,SF,25,61,694,8.8,0.522,0.465,0.167,2.0,15.7,8.6,3.8,1.3,1.5,10.1,15.1,0.0,0.9,0.9,0.062,-3.6,0.3,-3.2,-0.2
Al Horford,horfoal01,BOS,C,32,68,1973,20.2,0.605,0.281,0.131,6.5,18.3,12.4,21.2,1.4,3.9,11.8,18.9,4.5,2.9,7.5,0.181,3.3,1.9,5.1,3.6
Al-Farouq Aminu,aminual01,POR,PF,28,81,2292,13.2,0.568,0.472,0.292,5.3,22.6,14.2,6.0,1.4,1.2,9.7,13.7,3.0,2.8,5.8,0.121,0.1,0.6,0.7,1.5
Alan Williams,willial03,BRK,PF,26,5,26,32.9,0.61,0.077,0.308,16.2,60.3,38.4,22.3,1.8,0.0,6.3,25.5,0.1,0.1,0.2,0.312,7.6,4.2,11.8,0.1
Alec Burks,burksal01,"UTA,CLE,SAC",SG,27,64,1375,12.7,0.523,0.354,0.297,2.3,17.0,9.4,13.7,1.4,1.3,10.8,19.0,0.7,0.8,1.5,0.052,-0.6,-0.7,-1.2,0.3
Alex Caruso,carusal01,LAL,PG,24,25,531,13.9,0.569,0.289,0.37,4.0,9.0,6.5,19.7,2.1,1.4,17.3,19.0,0.5,0.6,1.0,0.093,-1.0,0.7,-0.2,0.2
Alex Len,lenal01,ATL,C,25,77,1544,17.2,0.575,0.315,0.333,10.5,18.5,14.4,8.6,0.8,3.9,11.5,22.1,2.2,1.0,3.2,0.1,0.0,-1.3,-1.2,0.3
Alex Poythress,poythal01,ATL,PF,25,21,305,12.2,0.571,0.284,0.358,9.8,16.6,13.1,7.7,0.6,2.8,12.2,14.2,0.4,0.2,0.5,0.086,-2.5,-1.0,-3.5,-0.1
Alfonzo McKinnie,mckinal01,GSW,SF,26,72,1003,11.2,0.569,0.429,0.175,9.0,16.9,13.1,4.0,0.9,1.3,9.2,13.9,1.2,0.9,2.1,0.1,-2.2,-1.3,-3.5,-0.4
Alize Johnson,johnsal02,IND,PF,22,14,64,6.3,0.333,0.125,0.5,7.1,25.5,16.5,2.0,0.8,4.2,0.0,13.3,-0.1,0.1,0.0,0.027,-5.7,-2.0,-7.7,-0.1
Allen Crabbe,crabbal01,BRK,SG,26,43,1133,7.7,0.519,0.694,0.15,1.5,12.2,6.9,5.8,1.0,0.9,10.4,16.4,-0.2,1.0,0.8,0.035,-2.4,-0.4,-2.8,-0.2
Allonzo Trier,trieral01,NYK,SG,23,64,1459,12.2,0.564,0.255,0.431,2.2,12.2,7.1,12.9,0.9,0.8,15.8,21.5,0.4,0.5,0.9,0.03,-1.6,-1.5,-3.1,-0.4
Amile Jefferson,jeffeam01,ORL,PF,25,12,68,21.1,0.692,0.0,0.5,9.3,24.0,16.5,6.4,2.2,3.7,4.9,13.1,0.2,0.1,0.4,0.258,0.5,2.0,2.5,0.1
Amir Johnson,johnsam01,PHI,C,31,51,529,13.1,0.574,0.255,0.261,9.7,19.5,14.7,16.0,1.4,1.9,20.5,17.4,0.4,0.7,1.1,0.098,-2.9,0.6,-2.3,0.0
Andre Drummond,drumman01,DET,C,25,79,2647,23.4,0.555,0.036,0.392,16.8,34.7,25.4,7.2,2.5,4.4,12.4,22.9,4.1,5.9,10.0,0.181,1.3,0.8,2.1,2.7
Andre Iguodala,iguodan01,GSW,SF,35,68,1578,13.1,0.587,0.477,0.222,3.4,13.2,8.5,16.8,1.8,2.7,13.6,10.4,2.4,1.8,4.2,0.129,0.1,1.7,1.8,1.5
Andre Ingram,ingraan01,LAL,SG,33,4,15,-11.9,0.0,0.5,0.0,7.0,6.7,6.9,0.0,3.1,0.0,14.3,19.3,-0.1,0.0,-0.1,-0.408,-14.8,-4.8,-19.6,-0.1
Andrew Bogut,bogutan01,GSW,C,34,11,134,13.4,0.523,0.0,0.083,10.0,32.8,21.9,10.6,1.1,5.0,17.7,14.5,0.1,0.2,0.3,0.111,-3.7,0.8,-2.9,0.0
Andrew Harrison,harrian01,"MEM,CLE,NOP",PG,24,17,187,5.8,0.443,0.472,0.34,3.4,8.5,5.8,17.1,1.1,0.9,16.5,16.8,-0.1,0.0,-0.1,-0.027,-5.8,-1.2,-7.1,-0.2
Andrew Wiggins,wiggian01,MIN,SF,23,73,2543,12.4,0.493,0.288,0.245,3.5,11.4,7.4,10.9,1.3,1.6,9.3,24.4,-0.6,1.3,0.6,0.012,-1.2,-1.8,-3.0,-0.6
Anfernee Simons,simonan01,POR,SG,19,20,141,11.1,0.535,0.46,0.254,2.3,7.4,4.9,13.7,0.3,0.0,13.6,24.3,0.0,0.0,0.1,0.02,-1.5,-3.7,-5.3,-0.1
Ante Žižić,zizican01,CLE,C,22,59,1082,16.2,0.59,0.0,0.399,10.6,22.8,16.4,7.7,0.6,1.8,13.6,18.2,1.7,0.3,2.0,0.087,-1.1,-2.1,-3.2,-0.3
Anthony Davis,davisan02,NOP,C,25,56,1850,30.3,0.597,0.141,0.422,9.9,27.5,18.8,19.0,2.2,6.0,8.4,29.5,6.4,3.1,9.5,0.247,7.1,2.3,9.4,5.3
Anthony Tolliver,tollian01,MIN,PF,33,65,1079,8.6,0.571,0.83,0.232,1.5,16.2,8.8,5.5,0.8,1.7,11.2,12.5,0.6,0.5,1.2,0.052,-1.7,-0.7,-2.4,-0.1
Antonio Blakeney,blakean01,CHI,SG,22,57,829,10.6,0.487,0.23,0.192,0.9,13.1,6.9,8.2,0.7,0.9,7.5,24.5,-0.8,0.3,-0.5,-0.03,-2.4,-2.7,-5.2,-0.7
Aron Baynes,baynear01,BOS,C,32,51,821,14.0,0.567,0.274,0.278,11.4,19.8,15.6,9.3,0.7,3.7,13.8,15.2,1.3,1.1,2.4,0.139,-1.8,0.3,-1.5,0.1
Austin Rivers,riverau01,"WAS,HOU",SG,26,76,2028,7.7,0.503,0.572,0.166,1.3,7.5,4.4,11.5,1.1,1.0,10.0,14.5,0.4,0.8,1.2,0.028,-3.3,-1.0,-4.3,-1.1
Avery Bradley,bradlav01,"LAC,MEM",SG,28,63,1905,7.6,0.496,0.403,0.082,2.5,7.3,4.9,11.8,1.0,0.7,12.4,16.2,-0.6,1.0,0.3,0.009,-2.8,-0.9,-3.7,-0.8
B.J. Johnson,johnsbj01,"ATL,SAC",SF,23,7,49,12.8,0.609,0.389,0.111,4.2,13.2,8.6,0.0,1.9,0.0,9.6,17.4,0.0,0.0,0.1,0.066,-2.3,-2.0,-4.3,0.0
Bam Adebayo,adebaba01,MIA,C,21,82,1913,17.9,0.623,0.031,0.465,9.2,24.0,16.6,14.2,1.8,3.0,17.1,15.8,3.4,3.4,6.8,0.171,-0.4,2.2,1.8,1.8
Ben McLemore,mclembe01,SAC,SG,25,19,158,10.5,0.541,0.641,0.188,1.9,9.4,5.5,3.4,1.8,1.6,6.7,19.4,0.1,0.1,0.2,0.055,-2.1,-1.4,-3.5,-0.1
Ben Simmons,simmobe01,PHI,PG,22,79,2700,20.0,0.582,0.006,0.446,6.9,20.0,13.7,34.2,2.0,1.8,19.3,22.1,4.6,3.6,8.2,0.146,2.2,1.3,3.6,3.8
Billy Garrett,garrebi01,NYK,SG,24,4,63,9.8,0.452,0.296,0.148,0.0,5.1,2.5,18.0,0.8,1.3,6.5,20.9,0.0,0.0,0.0,-0.019,-3.9,-1.7,-5.5,-0.1
Bismack Biyombo,biyombi01,CHO,C,26,54,783,14.4,0.602,0.0,0.583,11.0,23.3,17.0,5.9,0.7,4.6,14.8,12.7,1.2,0.8,2.0,0.125,-2.4,0.0,-2.5,-0.1
Blake Griffin,griffbl01,DET,PF,29,75,2622,21.0,0.581,0.389,0.41,4.0,20.1,11.8,27.1,1.0,0.9,13.8,30.2,5.1,2.9,8.0,0.147,4.9,0.2,5.1,4.7
Boban Marjanović,marjabo01,"LAC,PHI",C,30,58,681,24.2,0.664,0.038,0.504,14.0,26.9,20.6,12.8,1.1,3.1,15.7,23.3,2.1,0.9,3.0,0.212,2.8,0.3,3.2,0.9
Bobby Portis,portibo01,"CHI,WAS",PF,23,50,1299,16.1,0.529,0.304,0.154,9.0,24.9,16.8,8.8,1.3,1.3,9.9,24.6,0.5,1.1,1.6,0.06,-0.2,-2.3,-2.4,-0.1
Bogdan Bogdanović,bogdabo01,SAC,SG,26,70,1947,14.1,0.53,0.431,0.188,2.1,11.0,6.4,19.3,1.7,0.7,11.1,22.3,1.3,1.4,2.7,0.067,-0.1,-0.6,-0.6,0.7
Bojan Bogdanović,bogdabo02,IND,SF,29,81,2573,16.1,0.613,0.367,0.29,1.5,12.7,7.2,9.5,1.3,0.0,10.2,22.4,3.9,2.8,6.8,0.126,1.3,-0.6,0.7,1.7
Bonzie Colson,colsobo01,MIL,SF,23,8,98,12.9,0.454,0.538,0.231,8.8,21.5,15.5,4.0,2.4,0.9,6.5,19.6,0.0,0.2,0.2,0.085,-2.6,-0.8,-3.5,0.0
Brad Wanamaker,wanambr01,BOS,PG,29,36,343,14.3,0.597,0.371,0.267,0.9,11.8,6.4,22.5,1.7,0.5,13.9,17.1,0.6,0.4,1.0,0.134,-1.3,0.7,-0.7,0.1
Bradley Beal,bealbr01,WAS,SG,25,82,3028,20.8,0.581,0.37,0.278,3.1,11.7,7.4,24.1,1.9,1.6,11.0,28.4,5.9,1.7,7.6,0.12,3.8,-0.8,2.9,3.7
Brandon Goodwin,goodwbr01,DEN,PG,23,16,57,8.3,0.413,0.261,0.478,1.9,3.8,2.8,32.1,0.0,0.0,9.7,23.1,0.0,0.0,0.0,0.021,-4.7,-4.8,-9.5,-0.1
Brandon Ingram,ingrabr01,LAL,SF,21,52,1760,13.4,0.555,0.129,0.396,2.5,13.0,7.8,12.9,0.7,1.4,13.1,23.2,0.6,1.4,2.0,0.055,-1.3,-0.7,-2.0,0.0
Brandon Knight,knighbr03,"HOU,CLE",PG,27,39,736,8.9,0.484,0.496,0.131,1.4,7.7,4.4,14.4,1.4,0.2,9.8,18.1,-0.1,0.0,0.0,-0.002,-3.5,-2.0,-5.4,-0.6
Brandon Sampson,sampsbr01,CHI,SG,21,14,214,8.5,0.567,0.483,0.1,1.5,6.7,4.1,6.8,1.8,1.2,16.1,15.2,-0.1,0.1,0.0,0.01,-3.9,-0.9,-4.7,-0.1
Brook Lopez,lopezbr01,MIL,C,30,81,2322,14.6,0.597,0.651,0.169,1.5,15.0,8.7,5.7,1.0,6.5,8.9,16.7,2.3,4.3,6.7,0.138,0.4,1.8,2.2,2.4
Bruce Brown,brownbr01,DET,SG,22,74,1449,6.9,0.469,0.296,0.191,3.5,10.7,7.0,8.8,1.4,2.1,11.9,11.5,-0.1,1.6,1.5,0.048,-4.4,1.0,-3.3,-0.5
Bruno Caboclo,cabocbr01,MEM,PF,23,34,800,12.4,0.571,0.578,0.222,5.8,16.5,11.1,9.4,0.9,3.9,13.3,15.9,0.6,0.9,1.5,0.09,-1.1,0.1,-1.1,0.2
Bryn Forbes,forbebr01,SAS,SG,25,82,2293,12.0,0.586,0.522,0.099,0.9,10.4,5.7,10.6,1.0,0.1,8.8,17.4,2.5,1.3,3.8,0.079,-0.3,-0.9,-1.2,0.5
Buddy Hield,hieldbu01,SAC,SG,26,82,2615,17.5,0.587,0.479,0.142,4.1,12.4,8.1,11.9,1.0,1.1,9.2,25.1,4.3,1.6,5.9,0.108,3.5,-1.4,2.1,2.7
C.J. Miles,milescj01,"TOR,MEM",SF,31,53,856,9.0,0.504,0.653,0.186,1.7,10.3,6.1,6.0,1.5,1.5,8.2,18.6,-0.2,0.9,0.7,0.041,-2.4,-0.5,-2.9,-0.2
C.J. Williams,willicj01,MIN,SG,28,15,128,8.8,0.55,0.457,0.029,0.8,5.9,3.3,12.9,2.2,0.0,12.4,13.3,0.1,0.1,0.1,0.042,-3.8,0.2,-3.7,-0.1
CJ McCollum,mccolcj01,POR,SG,27,70,2375,17.0,0.553,0.358,0.154,2.9,9.7,6.3,13.8,1.1,0.9,7.4,25.5,4.0,1.7,5.6,0.114,2.1,-1.0,1.0,1.8
Caleb Swanigan,swanica01,"POR,SAC",PF,21,21,178,4.7,0.377,0.132,0.17,10.2,27.6,19.1,8.0,1.6,0.5,24.0,17.7,-0.5,0.2,-0.2,-0.06,-7.1,0.0,-7.2,-0.2
Cameron Payne,payneca01,"CHI,CLE",PG,24,40,712,11.5,0.519,0.377,0.184,2.0,9.2,5.5,21.8,1.9,1.1,15.7,17.6,0.1,0.3,0.5,0.031,-2.3,-0.7,-3.0,-0.2
Cameron Reynolds,reynoca01,MIN,SG,23,19,259,10.4,0.58,0.654,0.115,1.6,11.3,6.4,6.8,1.1,0.7,5.7,14.1,0.3,0.1,0.4,0.078,-1.3,-1.2,-2.5,0.0
Caris LeVert,leverca01,BRK,SF,24,40,1063,14.9,0.509,0.319,0.255,3.5,11.4,7.5,23.2,1.9,1.0,11.4,24.0,0.5,1.2,1.7,0.077,-0.3,0.5,0.2,0.6
Carmelo Anthony,anthoca01,HOU,PF,34,10,294,10.9,0.513,0.529,0.182,3.3,17.3,10.2,2.6,0.7,2.0,5.8,20.5,0.1,0.2,0.3,0.048,-1.3,-1.4,-2.7,-0.1
Cedi Osman,osmande01,CLE,SF,23,76,2444,11.5,0.536,0.443,0.214,2.0,14.8,8.1,12.1,1.2,0.4,11.0,18.6,1.2,0.2,1.5,0.029,-1.4,-1.8,-3.2,-0.8
Chandler Hutchison,hutchch01,CHI,SF,22,44,895,8.8,0.507,0.239,0.182,3.7,18.9,11.2,5.3,1.2,0.6,10.0,12.2,0.0,0.6,0.6,0.03,-3.4,-0.5,-3.9,-0.4
Chandler Parsons,parsoch01,MEM,SF,30,25,496,8.5,0.484,0.516,0.137,0.9,15.2,7.9,13.4,1.9,1.0,14.2,20.3,-0.6,0.6,0.0,-0.004,-3.9,-0.5,-4.4,-0.3
Channing Frye,fryech01,CLE,C,35,36,341,8.9,0.524,0.675,0.12,1.2,16.4,8.5,8.6,0.9,1.3,9.5,17.5,0.1,0.0,0.1,0.016,-1.7,-1.8,-3.5,-0.1
Chasson Randle,randlch01,WAS,PG,25,49,743,9.9,0.555,0.53,0.286,1.4,6.8,4.1,17.5,1.6,0.3,15.0,16.4,0.4,0.2,0.6,0.041,-2.7,-1.3,-4.0,-0.4
Cheick Diallo,diallch01,NOP,PF,22,64,896,17.5,0.644,0.015,0.247,8.8,29.3,19.2,5.1,1.5,3.0,14.0,16.0,1.4,1.2,2.6,0.14,-1.1,0.1,-0.9,0.2
Chimezie Metu,metuch01,SAS,PF,21,29,145,6.4,0.389,0.034,0.293,6.8,20.1,13.5,12.0,2.0,1.2,18.6,24.4,-0.5,0.2,-0.3,-0.099,-7.3,-1.4,-8.7,-0.2
Chris Boucher,bouchch01,TOR,PF,26,28,163,22.2,0.563,0.487,0.197,10.9,25.8,18.5,1.9,1.8,12.2,7.8,23.6,0.2,0.4,0.7,0.194,-0.2,2.8,2.6,0.2
Chris Chiozza,chiozch01,HOU,PG,23,7,33,7.0,0.375,0.625,0.0,3.3,10.3,6.7,16.1,1.5,2.6,11.1,11.8,0.0,0.0,0.0,0.023,-2.7,1.4,-1.3,0.0
Chris Paul,paulch01,HOU,PG,33,58,1857,19.7,0.56,0.493,0.282,2.1,13.9,7.9,39.3,3.0,0.8,15.8,22.5,4.4,2.2,6.6,0.172,2.7,1.1,3.9,2.8
Christian Wood,woodch01,"MIL,NOP",PF,23,21,251,21.9,0.607,0.222,0.479,7.2,26.5,17.0,4.8,1.3,3.2,10.7,26.1,0.4,0.3,0.8,0.151,1.4,-1.0,0.4,0.1
Clint Capela,capelca01,HOU,C,24,67,2249,23.8,0.658,0.0,0.357,14.4,27.6,20.8,7.1,1.0,3.9,10.0,18.2,7.8,3.0,10.8,0.23,3.3,-0.3,3.0,2.8
Cody Zeller,zelleco01,CHO,C,26,49,1243,17.2,0.611,0.064,0.409,9.4,19.7,14.5,12.1,1.5,2.9,13.2,16.3,2.6,1.2,3.9,0.15,-0.6,0.7,0.1,0.7
Collin Sexton,sextoco01,CLE,PG,20,82,2605,12.0,0.52,0.245,0.211,2.3,8.0,5.0,15.3,0.8,0.2,12.3,25.2,-0.1,-0.5,-0.6,-0.011,-1.4,-3.3,-4.7,-1.8
Corey Brewer,breweco01,"PHI,SAC",SF,32,31,492,11.6,0.532,0.358,0.35,5.4,10.7,8.0,10.2,3.0,1.2,11.8,13.6,0.4,0.6,1.0,0.095,-2.9,1.6,-1.3,0.1
Cory Joseph,josepco01,IND,PG,27,82,2063,11.0,0.474,0.312,0.078,2.1,12.6,7.5,20.7,2.2,0.9,12.4,13.7,0.5,2.9,3.5,0.081,-2.1,1.7,-0.4,0.9
Courtney Lee,leeco01,"NYK,DAL",SG,33,34,428,10.3,0.492,0.426,0.163,2.2,11.2,6.7,12.8,2.4,0.6,9.2,15.3,0.1,0.4,0.4,0.05,-3.4,0.8,-2.5,-0.1
Cristiano Felício,feliccr01,CHI,C,26,60,746,13.4,0.568,0.022,0.408,11.4,20.5,15.9,7.2,0.7,0.8,13.5,14.3,0.9,0.4,1.4,0.088,-2.0,-2.1,-4.1,-0.4
D'Angelo Russell,russeda01,BRK,PG,22,81,2448,19.4,0.533,0.419,0.135,2.3,11.2,6.8,41.3,1.9,0.6,13.6,31.9,2.4,2.6,5.0,0.097,4.0,-0.6,3.4,3.4
D.J. Augustin,augusdj01,ORL,PG,31,81,2269,15.7,0.616,0.459,0.309,1.9,7.8,4.8,26.9,1.1,0.1,14.3,17.2,5.0,1.9,6.9,0.146,1.1,-0.7,0.5,1.4
D.J. Stephens,stephdj01,MEM,SG,28,1,7,5.5,0.5,0.0,0.0,0.0,0.0,0.0,0.0,7.1,0.0,33.3,19.1,0.0,0.0,0.0,-0.119,-7.1,1.6,-5.5,0.0
D.J. Wilson,wilsodj01,MIL,PF,22,48,882,10.3,0.515,0.506,0.187,5.5,19.2,12.8,7.6,0.9,1.9,10.5,14.4,0.3,1.4,1.7,0.093,-2.4,0.2,-2.2,0.0
Dairis Bertāns,bertada02,NOP,SG,29,12,167,2.0,0.362,0.723,0.0,1.3,4.3,2.8,7.2,0.3,0.0,4.1,12.0,-0.2,0.0,-0.2,-0.054,-5.6,-3.2,-8.8,-0.3
Damian Jones,jonesda03,GSW,C,23,24,410,15.3,0.72,0.0,0.5,8.4,11.0,9.8,8.7,1.4,5.1,15.1,11.1,1.0,0.5,1.5,0.173,-0.6,1.7,1.1,0.3
Damian Lillard,lillada01,POR,PG,28,80,2838,23.7,0.588,0.419,0.335,2.6,11.1,7.0,30.6,1.5,1.0,10.8,29.3,9.7,2.4,12.1,0.205,6.6,-0.3,6.4,6.0
Damion Lee,leeda03,GSW,SG,26,32,375,11.9,0.578,0.535,0.173,2.4,15.3,9.1,4.5,1.6,0.0,7.4,16.8,0.3,0.4,0.7,0.09,-1.2,-1.1,-2.2,0.0
Damyean Dotson,dotsoda01,NYK,SG,24,73,2004,10.8,0.526,0.49,0.14,1.7,12.2,6.8,10.4,1.4,0.4,8.7,17.3,0.7,0.9,1.5,0.037,-1.7,-0.9,-2.6,-0.3
Daniel Hamilton,hamilda02,ATL,SG,23,19,204,7.1,0.455,0.383,0.1,5.0,19.5,12.1,14.5,1.4,0.4,20.3,15.7,-0.2,0.1,-0.1,-0.024,-3.6,-0.5,-4.1,-0.1
Daniel Theis,theisda01,BOS,C,26,66,908,17.0,0.624,0.252,0.286,10.2,16.2,13.2,10.5,1.1,4.1,9.9,15.8,2.3,1.3,3.5,0.188,-0.8,0.9,0.0,0.5
Danilo Gallinari,gallida01,LAC,SF,30,68,2059,21.0,0.633,0.421,0.459,2.9,18.1,10.7,13.2,1.1,0.9,8.5,23.8,6.4,1.8,8.2,0.191,4.9,-0.5,4.3,3.3
Danny Green,greenda02,TOR,SG,31,80,2216,13.0,0.632,0.69,0.07,3.0,12.2,7.7,7.7,1.6,2.0,10.4,14.1,3.0,2.9,5.9,0.128,1.1,0.8,2.0,2.2
Dante Cunningham,cunnida01,SAS,PF,31,64,928,10.2,0.585,0.411,0.114,5.7,16.3,11.0,6.8,1.4,1.2,11.7,8.9,1.0,0.9,1.9,0.097,-1.3,0.6,-0.6,0.3
Dante Exum,exumda01,UTA,PG,23,42,664,11.2,0.516,0.257,0.357,2.7,8.3,5.5,24.1,1.0,0.6,15.7,21.3,0.2,0.7,1.0,0.069,-2.0,-0.1,-2.1,0.0
Danuel House Jr.,houseda01,HOU,SF,25,39,979,12.2,0.646,0.706,0.282,2.8,13.3,7.9,5.9,1.1,1.0,11.0,14.1,1.6,0.7,2.3,0.113,0.1,-0.5,-0.5,0.4
Dario Šarić,saricda01,"PHI,MIN",PF,24,81,2023,13.1,0.563,0.464,0.216,6.6,17.5,12.1,8.8,1.1,0.4,11.3,17.8,2.3,1.2,3.5,0.084,-0.3,-1.3,-1.6,0.2
Darius Miller,milleda01,NOP,SF,28,69,1757,8.4,0.55,0.752,0.147,0.8,6.6,3.8,10.4,1.1,1.1,10.3,13.4,1.1,0.6,1.6,0.045,-2.1,-0.8,-2.9,-0.4
Darren Collison,collida01,IND,PG,31,76,2143,16.7,0.574,0.294,0.288,1.9,9.9,6.0,29.9,2.5,0.4,14.4,17.7,3.9,2.9,6.8,0.153,0.8,1.0,1.8,2.1
Daryl Macon,maconda01,DAL,SG,23,8,90,5.5,0.482,0.407,0.259,2.4,11.8,7.1,11.2,0.5,0.0,16.6,17.2,-0.1,0.0,0.0,-0.022,-5.3,-2.6,-7.9,-0.1
David Nwaba,nwabada01,CLE,SF,26,51,984,12.5,0.558,0.286,0.324,4.4,14.4,9.2,8.1,1.8,1.5,8.8,14.6,1.1,0.3,1.4,0.069,-1.8,-0.3,-2.1,0.0
Davon Reed,reedda01,IND,SG,23,10,47,8.1,0.5,0.333,0.0,4.8,9.2,7.1,8.5,1.0,0.0,7.7,12.1,0.0,0.0,0.1,0.064,-3.3,-2.2,-5.5,0.0
De'Aaron Fox,foxde01,SAC,PG,21,81,2546,18.1,0.544,0.211,0.378,1.7,10.8,6.2,33.2,2.4,1.5,15.0,24.5,3.2,2.5,5.6,0.106,1.3,0.2,1.5,2.3
De'Anthony Melton,meltode01,PHO,PG,20,50,984,9.9,0.466,0.371,0.109,2.8,12.5,7.5,22.3,3.3,1.9,21.8,15.0,-0.8,0.8,0.0,0.002,-3.8,1.1,-2.7,-0.2
DeAndre Jordan,jordade01,"DAL,NYK",C,30,69,2047,19.0,0.674,0.0,0.592,11.7,35.2,23.5,11.6,1.0,3.0,21.4,15.0,4.0,3.1,7.1,0.167,0.8,1.3,2.1,2.1
DeAndre' Bembry,bembrde01,ATL,SG,24,82,1931,10.8,0.508,0.281,0.221,2.9,16.9,9.7,14.7,2.5,1.8,17.4,17.2,-0.9,1.7,0.9,0.022,-3.3,0.8,-2.4,-0.2
DeMar DeRozan,derozde01,SAS,SG,29,77,2688,19.6,0.542,0.034,0.336,2.2,16.4,9.4,27.6,1.6,1.1,11.7,27.9,3.6,2.6,6.3,0.112,1.0,0.1,1.1,2.2
DeMarcus Cousins,couside01,GSW,C,28,30,771,21.4,0.562,0.256,0.388,6.2,27.0,17.1,20.4,2.5,4.8,14.2,28.1,0.9,1.5,2.4,0.151,0.4,2.6,3.0,1.0
DeMarre Carroll,carrode01,BRK,PF,32,67,1703,12.1,0.546,0.539,0.421,4.2,17.3,10.8,7.2,0.9,0.5,9.7,18.6,1.5,1.6,3.1,0.088,-0.9,-0.6,-1.5,0.2
DeVaughn Akoon-Purcell,akoonde01,DEN,SG,25,7,22,8.2,0.322,0.4,0.2,4.9,14.8,9.8,37.1,4.5,0.0,15.5,25.0,-0.1,0.0,0.0,-0.051,-7.9,2.1,-5.8,0.0
Deandre Ayton,aytonde01,PHO,C,20,71,2183,20.5,0.608,0.005,0.217,11.1,26.1,18.5,9.6,1.3,2.6,11.7,21.2,4.1,1.7,5.8,0.128,1.3,-1.1,0.2,1.2
Delon Wright,wrighde01,"TOR,MEM",PG,26,75,1699,15.5,0.523,0.301,0.269,4.4,12.8,8.6,21.6,2.5,1.6,11.0,18.1,1.9,2.4,4.3,0.121,0.1,1.4,1.5,1.5
Demetrius Jackson,jacksde01,PHI,PG,24,6,39,21.0,0.656,0.4,0.267,5.6,2.6,4.1,19.6,2.4,0.0,5.6,19.1,0.2,0.0,0.2,0.231,3.6,0.9,4.5,0.1
Deng Adel,adelde01,CLE,SF,21,19,194,2.7,0.424,0.639,0.111,1.6,9.6,5.4,3.4,0.3,1.8,13.7,9.9,-0.2,0.0,-0.2,-0.054,-5.9,-1.6,-7.5,-0.3
Dennis Schröder,schrode01,OKC,PG,25,79,2314,12.7,0.508,0.33,0.206,1.6,11.3,6.3,20.4,1.3,0.4,12.5,24.2,0.4,2.4,2.9,0.06,-1.3,-0.7,-2.0,0.0
Dennis Smith Jr.,smithde03,"DAL,NYK",PG,21,53,1508,12.3,0.502,0.32,0.24,2.2,8.7,5.5,27.3,2.1,1.1,17.6,24.8,-1.2,1.2,0.0,0.001,-1.6,-0.4,-1.9,0.0
Deonte Burton,burtode02,OKC,SG,25,32,240,7.0,0.47,0.329,0.146,1.7,10.7,6.0,5.0,1.2,2.8,9.3,16.3,-0.2,0.3,0.1,0.027,-4.9,0.6,-4.3,-0.1
Derrick Favors,favorde01,UTA,C,27,76,1766,21.8,0.624,0.126,0.368,12.9,21.3,17.2,8.0,1.5,4.8,10.5,19.4,4.4,3.5,7.9,0.215,1.8,1.5,3.3,2.4
Derrick Jones Jr.,jonesde02,MIA,SF,21,60,1153,14.0,0.559,0.281,0.377,8.8,13.3,11.1,4.7,1.9,3.3,10.2,15.6,1.2,1.7,2.9,0.121,-1.5,1.0,-0.5,0.4
Derrick Rose,rosede01,MIN,PG,30,51,1392,19.5,0.557,0.194,0.212,2.5,8.3,5.4,26.4,1.1,0.7,9.1,27.3,2.6,0.3,3.0,0.102,3.2,-1.7,1.4,1.2
Derrick White,whitede01,SAS,PG,24,67,1728,14.8,0.555,0.262,0.227,2.2,13.3,7.8,21.0,1.9,2.3,14.0,17.7,1.7,1.9,3.6,0.101,-0.4,1.3,0.9,1.3
Devin Booker,bookede01,PHO,SG,22,64,2242,20.2,0.584,0.33,0.362,1.9,11.3,6.5,34.1,1.2,0.5,15.4,32.9,3.3,0.3,3.5,0.076,3.3,-2.3,1.0,1.7
Devin Harris,harride01,DAL,PG,35,68,1071,10.7,0.527,0.576,0.386,1.2,9.9,5.6,16.7,1.6,1.3,12.1,18.5,0.6,0.9,1.5,0.068,-2.6,0.4,-2.2,-0.1
Devin Robinson,robinde01,WAS,SF,23,7,95,20.6,0.616,0.063,0.438,6.7,16.2,11.4,9.5,2.0,5.3,5.0,17.9,0.2,0.1,0.3,0.175,0.8,1.1,1.9,0.1
Devonte' Graham,grahade01,CHO,PG,23,46,676,10.3,0.459,0.56,0.213,1.6,8.6,5.0,24.8,1.7,0.3,11.3,17.0,0.2,0.3,0.5,0.035,-2.6,-1.3,-4.0,-0.3
Dewayne Dedmon,dedmode01,ATL,C,29,64,1609,16.0,0.602,0.413,0.215,6.7,25.0,15.7,8.1,2.0,3.8,12.7,16.7,2.1,1.9,4.0,0.119,-0.3,0.8,0.5,1.0
Deyonta Davis,davisde01,ATL,C,22,9,118,15.6,0.682,0.045,0.455,8.7,23.7,16.0,5.8,1.2,3.7,10.2,10.1,0.3,0.1,0.4,0.145,-1.5,-0.6,-2.0,0.0
Dillon Brooks,brookdi01,MEM,SF,23,18,330,7.6,0.499,0.328,0.246,3.0,7.6,5.3,7.6,1.5,1.1,12.3,20.9,-0.3,0.3,0.0,-0.004,-5.0,-1.2,-6.3,-0.4
Dion Waiters,waitedi01,MIA,SG,27,44,1138,11.4,0.53,0.605,0.092,0.7,10.2,5.4,16.4,1.2,0.7,11.4,21.1,0.1,1.1,1.2,0.052,-0.5,-0.6,-1.1,0.3
Dirk Nowitzki,nowitdi01,DAL,PF,40,51,795,9.6,0.469,0.545,0.133,0.7,20.5,10.6,6.9,0.5,1.9,4.3,22.5,-0.5,0.8,0.3,0.016,-2.7,-1.2,-3.9,-0.4
Domantas Sabonis,sabondo01,IND,C,22,74,1838,21.9,0.63,0.024,0.416,11.5,29.8,20.8,18.2,1.3,1.5,16.2,23.5,4.3,3.3,7.6,0.197,1.9,1.3,3.1,2.4
Donatas Motiejūnas,motiedo01,SAS,PF,28,3,13,-0.5,0.436,0.0,0.333,16.9,8.3,12.6,11.9,0.0,6.5,30.4,33.5,-0.1,0.0,-0.1,-0.246,-19.4,-2.3,-21.7,-0.1
Donovan Mitchell,mitchdo01,UTA,SG,22,77,2598,17.2,0.537,0.339,0.259,2.5,10.5,6.6,21.2,2.0,0.9,11.3,31.6,1.3,3.7,5.0,0.092,1.2,0.1,1.3,2.2
Donte DiVincenzo,divindo01,MIL,SG,22,27,411,9.1,0.507,0.669,0.097,4.2,11.4,8.0,9.7,1.5,1.2,12.8,15.1,0.0,0.6,0.6,0.069,-2.8,0.6,-2.2,0.0
Donte Grantham,grantdo01,OKC,SF,23,3,2,-38.1,0.0,1.0,0.0,0.0,0.0,0.0,0.0,0.0,0.0,0.0,40.7,0.0,0.0,0.0,-0.946,-23.6,-14.0,-37.6,0.0
Dorian Finney-Smith,finnedo01,DAL,SF,25,81,1985,11.0,0.53,0.481,0.195,7.5,13.4,10.5,6.9,1.7,1.5,11.4,14.0,1.2,2.0,3.3,0.079,-1.8,0.4,-1.4,0.3
Doug McDermott,mcderdo01,IND,SF,27,77,1340,11.6,0.617,0.488,0.187,1.4,7.5,4.5,7.1,0.7,0.5,8.4,16.3,1.8,1.1,2.9,0.103,-0.5,-0.9,-1.4,0.2
Dragan Bender,bendedr01,PHO,PF,21,46,826,9.5,0.521,0.513,0.274,4.5,20.3,12.3,9.4,1.0,2.2,14.4,13.4,0.0,0.4,0.5,0.027,-3.4,-0.8,-4.1,-0.5
Draymond Green,greendr01,GSW,PF,28,66,2065,12.9,0.526,0.391,0.216,3.2,20.8,12.4,26.8,2.2,2.8,26.8,13.1,1.1,3.2,4.3,0.1,-1.3,2.7,1.4,1.8
Drew Eubanks,eubandr01,SAS,PF,21,23,113,15.1,0.646,0.0,0.5,5.8,26.8,16.4,8.3,0.9,3.7,20.1,15.5,0.1,0.2,0.3,0.12,-1.9,0.7,-1.3,0.0
Duncan Robinson,robindu01,MIA,SF,24,15,161,7.6,0.514,0.761,0.13,1.3,11.2,6.3,4.4,1.5,0.0,7.6,14.0,0.0,0.2,0.2,0.051,-3.6,0.1,-3.5,-0.1
Dusty Hannahs,hannadu01,MEM,SG,25,2,26,4.5,0.311,0.417,0.167,0.0,4.4,2.2,28.8,1.9,0.0,7.2,23.9,-0.1,0.0,-0.1,-0.125,-6.5,-3.2,-9.7,-0.1
Dwayne Bacon,bacondw01,CHO,SG,23,43,759,11.7,0.57,0.339,0.179,1.1,11.7,6.3,9.2,0.8,0.6,6.1,16.8,0.9,0.3,1.2,0.073,-2.1,-1.6,-3.7,-0.3
Dwight Howard,howardw01,WAS,C,33,9,230,17.4,0.638,0.0,0.696,11.1,28.3,19.6,2.6,1.4,1.5,15.1,19.6,0.4,0.2,0.6,0.124,-1.3,-1.7,-3.0,-0.1
Dwight Powell,poweldw01,DAL,C,27,77,1662,20.4,0.682,0.261,0.523,9.1,17.3,13.2,10.7,1.3,2.6,10.1,17.2,5.6,1.9,7.5,0.215,2.0,0.9,2.9,2.1
Dwyane Wade,wadedw01,MIA,SG,37,72,1885,15.8,0.51,0.272,0.243,3.9,12.2,8.0,26.5,1.5,1.8,13.5,27.9,0.1,2.3,2.4,0.061,0.8,-0.2,0.6,1.2
Dāvis Bertāns,bertada01,SAS,PF,26,76,1632,13.0,0.632,0.746,0.132,1.6,16.0,8.8,8.2,1.0,1.7,8.2,14.1,2.6,1.5,4.0,0.118,1.1,0.2,1.3,1.4
Džanan Musa,musadz01,BRK,SG,19,9,39,5.8,0.415,0.455,0.091,2.7,10.7,6.7,8.6,2.4,0.0,14.9,29.0,-0.2,0.0,-0.1,-0.152,-6.3,-0.9,-7.2,-0.1
E'Twaun Moore,mooreet01,NOP,SG,29,53,1463,11.5,0.567,0.331,0.111,2.5,6.4,4.5,9.5,1.3,0.4,9.6,17.3,1.2,0.5,1.7,0.055,-1.2,-1.1,-2.3,-0.1
Ed Davis,davised01,BRK,C,29,81,1446,17.3,0.632,0.007,0.536,15.8,34.6,25.2,6.0,1.2,1.8,14.6,12.7,3.3,2.5,5.7,0.191,-0.6,0.7,0.0,0.7
Edmond Sumner,sumneed01,IND,PG,23,23,210,7.6,0.443,0.422,0.375,4.9,7.8,6.3,6.3,2.8,2.1,11.8,17.6,-0.2,0.3,0.1,0.02,-5.8,0.5,-5.3,-0.2
Ekpe Udoh,udohek01,UTA,C,31,51,320,20.9,0.698,0.0,0.417,9.3,20.9,15.2,12.8,1.5,7.7,13.2,13.1,0.9,0.7,1.6,0.238,0.8,3.9,4.7,0.5
Elfrid Payton,paytoel01,NOP,PG,24,42,1250,14.0,0.502,0.255,0.18,4.1,14.0,9.1,33.5,1.6,1.1,20.1,18.3,0.6,0.9,1.5,0.058,-0.7,-0.7,-1.4,0.2
Elie Okobo,okoboel01,PHO,PG,21,53,958,7.6,0.489,0.455,0.162,1.4,10.1,5.7,18.7,1.6,0.6,18.2,17.0,-0.7,0.2,-0.5,-0.027,-4.2,-1.5,-5.7,-0.9
Emanuel Terry,terryem01,"PHO,MIA",PF,22,3,23,19.7,0.571,0.0,0.571,14.1,19.6,16.8,12.2,6.2,0.0,18.6,20.1,0.0,0.0,0.1,0.117,-0.2,2.4,2.3,0.0
Emmanuel Mudiay,mudiaem01,NYK,PG,22,59,1607,14.6,0.531,0.284,0.251,2.1,10.9,6.4,24.2,1.3,1.0,14.6,25.6,0.1,0.7,0.8,0.023,-0.2,-1.8,-2.0,0.0
Enes Freedom,kanteen01,"NYK,POR",C,26,67,1640,22.3,0.594,0.05,0.288,16.4,26.1,21.1,12.1,0.9,1.3,13.3,23.1,3.9,1.6,5.4,0.159,2.5,-1.5,1.0,1.2
Eric Bledsoe,bledser01,MIL,PG,29,78,2272,19.3,0.577,0.388,0.243,3.9,11.8,8.1,27.4,2.4,1.1,13.3,22.9,4.4,3.7,8.2,0.173,1.9,1.2,3.1,2.9
Eric Gordon,gordoer01,HOU,SG,30,68,2158,12.2,0.549,0.64,0.162,0.9,6.9,3.8,9.4,0.9,1.1,8.2,22.0,1.7,1.0,2.6,0.059,0.5,-1.8,-1.3,0.4
Eric Moreland,moreler01,"PHO,TOR",PF,27,5,43,6.7,0.5,0.143,0.0,10.3,39.6,25.2,11.8,1.1,1.9,41.7,12.0,-0.1,0.1,0.0,0.032,-6.7,2.0,-4.7,0.0
Ersan İlyasova,ilyaser01,MIL,PF,31,67,1231,11.6,0.548,0.42,0.194,8.2,16.2,12.5,5.5,1.2,1.4,10.4,15.7,1.2,1.9,3.0,0.119,-2.4,0.1,-2.3,-0.1
Evan Fournier,fournev01,ORL,SG,26,81,2553,12.3,0.536,0.421,0.159,1.6,9.4,5.4,17.6,1.4,0.4,11.9,22.1,0.8,2.5,3.2,0.061,-1.8,-0.6,-2.4,-0.3
Evan Turner,turneev01,POR,PG,30,73,1605,11.6,0.504,0.117,0.239,2.5,18.9,10.9,23.6,1.0,0.9,18.9,15.9,0.5,1.5,2.0,0.06,-1.8,0.5,-1.3,0.3
Frank Jackson,jacksfr01,NOP,PG,20,61,1169,9.4,0.517,0.378,0.163,2.2,9.5,5.9,8.0,1.0,0.1,9.1,18.5,0.1,0.4,0.4,0.018,-2.9,-1.7,-4.6,-0.8
Frank Kaminsky,kaminfr01,CHO,C,25,47,755,16.8,0.587,0.466,0.359,5.5,18.1,11.7,12.9,0.8,1.4,10.6,22.1,1.3,0.5,1.8,0.114,1.4,-1.1,0.3,0.4
Frank Mason III,masonfr01,SAC,PG,24,38,435,12.4,0.502,0.379,0.337,1.4,9.0,5.1,26.3,1.7,0.8,15.6,21.8,0.0,0.3,0.3,0.033,-1.9,-1.3,-3.1,-0.1
Frank Ntilikina,ntilila01,NYK,PG,20,43,904,6.0,0.417,0.408,0.106,1.4,8.9,5.0,19.5,1.6,1.3,15.9,16.6,-1.3,0.4,-0.8,-0.045,-5.2,-0.8,-6.0,-0.9
Fred VanVleet,vanvlfr01,TOR,PG,24,64,1760,13.7,0.539,0.493,0.192,1.3,8.7,5.1,23.9,1.6,0.9,11.2,17.9,2.4,1.9,4.3,0.117,0.4,0.1,0.5,1.1
Furkan Korkmaz,korkmfu01,PHI,SG,21,48,679,11.5,0.528,0.588,0.18,2.6,13.8,8.3,10.7,2.0,0.2,8.6,17.9,0.4,0.7,1.1,0.079,-1.6,-0.2,-1.8,0.0
Garrett Temple,templga01,"MEM,LAC",SG,32,75,2040,8.5,0.543,0.535,0.217,1.5,10.2,5.8,7.4,1.8,1.4,11.5,13.2,0.3,2.0,2.2,0.052,-3.3,0.5,-2.8,-0.4
Gary Clark,clarkga01,HOU,PF,24,51,641,9.2,0.48,0.914,0.046,4.1,16.2,10.0,3.8,1.5,3.5,4.3,10.9,0.3,0.7,1.0,0.071,-1.1,0.4,-0.7,0.2
Gary Harris,harriga01,DEN,SG,24,57,1639,12.2,0.526,0.38,0.226,2.7,7.9,5.3,11.0,1.6,1.0,8.9,20.0,1.1,1.5,2.6,0.076,-1.2,-0.4,-1.6,0.2
Gary Payton II,paytoga02,WAS,PG,26,3,16,36.9,0.688,0.25,0.0,6.7,6.9,6.8,45.1,8.9,5.3,11.1,23.8,0.1,0.0,0.1,0.358,8.3,10.6,18.9,0.1
Gary Trent Jr.,trentga02,POR,SG,20,15,111,3.6,0.377,0.42,0.14,1.0,9.4,5.3,6.2,0.4,1.4,7.0,21.7,-0.3,0.1,-0.2,-0.092,-6.6,-4.2,-10.8,-0.2
George Hill,hillge01,"CLE,MIL",PG,32,60,1302,12.1,0.554,0.407,0.226,3.2,8.3,5.9,14.0,1.9,0.5,11.0,15.1,1.5,1.3,2.8,0.103,-1.9,0.5,-1.4,0.2
George King,kingge03,PHO,SF,25,1,6,1.9,,,,0.0,18.8,9.2,0.0,0.0,0.0,,0.0,0.0,0.0,0.0,-0.001,-5.8,-2.1,-7.9,0.0
Georges Niang,niangge01,UTA,PF,25,59,516,13.0,0.613,0.58,0.133,2.4,15.7,9.1,10.1,0.9,0.9,10.7,17.8,0.7,0.7,1.3,0.123,-0.2,0.2,0.0,0.3
Gerald Green,greenge01,HOU,SG,33,73,1473,11.4,0.555,0.763,0.118,2.2,11.7,6.8,4.1,1.1,1.6,8.3,19.5,0.9,1.0,1.9,0.061,-0.2,-1.5,-1.7,0.1
Giannis Antetokounmpo,antetgi01,MIL,PF,24,72,2358,30.9,0.644,0.163,0.55,7.3,30.0,19.3,30.3,1.8,3.9,14.8,32.3,8.9,5.5,14.4,0.292,6.3,4.1,10.4,7.4
Glenn Robinson III,robingl02,DET,SF,25,47,610,8.7,0.511,0.352,0.227,2.9,10.0,6.4,5.1,1.1,1.1,8.5,15.0,0.1,0.6,0.7,0.054,-2.8,-0.1,-3.0,-0.2
Goran Dragić,dragigo01,MIA,PG,32,36,991,13.9,0.517,0.379,0.233,2.1,9.8,6.0,27.3,1.5,0.5,12.9,23.7,0.6,1.0,1.6,0.079,-0.5,-0.6,-1.1,0.2
Gordon Hayward,haywago01,BOS,PF,28,72,1863,15.6,0.575,0.364,0.294,2.9,15.5,9.2,18.4,1.6,1.1,12.8,19.0,2.6,2.3,4.9,0.126,0.4,0.4,0.8,1.3
Gorgui Dieng,dienggo01,MIN,C,29,76,1031,18.1,0.572,0.149,0.281,8.3,24.1,16.1,10.3,2.2,3.4,11.9,19.6,1.5,1.3,2.8,0.132,-0.3,0.9,0.6,0.7
Grayson Allen,allengr01,UTA,SG,23,38,416,7.5,0.516,0.556,0.337,0.8,5.1,3.0,8.9,0.7,1.1,13.9,24.4,-0.4,0.4,0.0,0.002,-4.2,-2.1,-6.3,-0.5
Greg Monroe,monrogr01,"TOR,BOS,PHI",C,28,43,480,16.0,0.521,0.026,0.381,15.4,22.9,19.3,8.1,1.4,1.4,12.7,22.6,0.4,0.7,1.1,0.108,-2.0,-1.3,-3.2,-0.1
Guerschon Yabusele,yabusgu01,BOS,PF,23,41,251,12.4,0.542,0.364,0.286,9.8,12.8,11.3,8.2,1.5,2.5,14.8,17.5,0.2,0.3,0.5,0.09,-2.5,-0.2,-2.7,0.0
Hamidou Diallo,diallha01,OKC,SG,20,51,526,10.1,0.497,0.145,0.358,7.2,12.0,9.5,4.4,1.9,1.6,10.7,16.6,0.1,0.7,0.8,0.069,-4.4,0.2,-4.2,-0.3
Harrison Barnes,barneha02,"DAL,SAC",PF,26,77,2533,12.8,0.55,0.429,0.271,2.4,12.7,7.5,6.7,0.9,0.4,7.9,20.9,2.0,1.6,3.6,0.068,-0.2,-1.2,-1.4,0.4
Harry Giles,gilesha01,SAC,PF,20,58,820,14.4,0.526,0.017,0.261,8.1,20.1,14.0,15.2,1.8,2.3,15.8,23.2,0.0,1.0,1.0,0.056,-3.4,0.4,-3.0,-0.2
Hassan Whiteside,whiteha01,MIA,C,29,72,1674,23.5,0.564,0.024,0.357,16.3,35.6,25.9,5.6,1.3,7.3,11.0,22.6,2.3,4.0,6.3,0.18,1.1,1.2,2.3,1.8
Haywood Highsmith,highsha01,PHI,SF,22,5,40,4.5,0.414,0.5,0.2,0.0,12.9,6.6,6.6,1.2,0.0,8.4,12.4,0.0,0.0,0.0,-0.023,-5.8,-2.4,-8.2,-0.1
Henry Ellenson,ellenhe01,"DET,NYK",PF,22,19,259,13.1,0.538,0.4,0.263,2.0,25.5,13.4,9.6,1.3,0.7,7.8,19.0,0.2,0.2,0.4,0.077,-1.0,-0.5,-1.5,0.0
Ian Clark,clarkia01,NOP,SG,27,60,973,8.3,0.502,0.527,0.097,1.4,8.0,4.7,12.9,1.1,0.7,12.7,19.3,-0.4,0.3,-0.1,-0.003,-3.3,-1.8,-5.1,-0.8
Ian Mahinmi,mahinia01,WAS,C,32,34,498,12.0,0.531,0.154,0.587,10.3,17.7,13.9,6.5,2.4,2.7,13.8,12.9,0.5,0.5,1.0,0.092,-3.5,0.6,-3.0,-0.1
Ike Anigbogu,anigbik01,IND,C,20,3,6,-6.0,0.0,0.0,0.0,18.9,36.2,27.7,19.4,0.0,14.8,25.0,29.1,-0.1,0.0,-0.1,-0.48,-14.0,-2.3,-16.2,0.0
Iman Shumpert,shumpim01,"SAC,HOU",SG,28,62,1481,9.1,0.499,0.612,0.101,1.9,11.4,6.5,9.9,1.9,1.4,9.7,14.5,0.1,1.2,1.4,0.045,-2.4,0.5,-1.9,0.0
Isaac Bonga,bongais01,LAL,PG,19,22,120,6.0,0.24,0.242,0.455,7.9,13.5,10.8,14.9,3.5,2.7,13.2,15.7,-0.3,0.2,-0.1,-0.059,-7.0,2.2,-4.8,-0.1
Isaac Humphries,humphis01,ATL,C,21,5,56,3.4,0.357,0.524,0.0,7.4,13.4,10.3,0.0,0.8,0.0,0.0,15.2,-0.1,0.0,-0.1,-0.047,-6.2,-4.7,-11.0,-0.1
Isaiah Briscoe,briscis01,ORL,PG,22,39,559,6.7,0.455,0.246,0.188,0.9,13.4,7.1,21.0,1.0,0.3,17.2,14.1,-0.3,0.5,0.3,0.023,-5.4,0.4,-5.0,-0.4
Isaiah Canaan,canaais01,"PHO,MIN,MIL",PG,27,30,629,8.0,0.518,0.585,0.146,1.0,9.2,5.1,18.2,1.1,0.3,16.7,14.2,0.0,0.1,0.1,0.008,-2.7,-1.4,-4.1,-0.3
Isaiah Hartenstein,harteis01,HOU,PF,20,28,221,10.0,0.562,0.146,0.341,10.3,13.3,11.8,9.4,1.6,4.6,21.6,11.8,0.2,0.3,0.5,0.101,-5.1,1.2,-3.9,-0.1
Isaiah Hicks,hicksis01,NYK,PF,24,3,32,17.4,0.588,0.0,0.625,6.4,16.7,11.4,9.4,1.5,7.9,8.9,15.0,0.1,0.0,0.1,0.153,-2.1,2.2,0.1,0.0
Isaiah Thomas,thomais02,DEN,SG,29,12,181,7.0,0.437,0.434,0.273,3.0,4.8,3.9,18.6,1.4,0.5,14.0,30.4,-0.4,0.1,-0.3,-0.077,-4.0,-2.5,-6.5,-0.2
Ish Smith,smithis01,DET,PG,30,56,1251,11.8,0.485,0.276,0.127,1.9,11.1,6.3,25.4,1.1,0.7,10.6,19.9,0.5,1.1,1.7,0.064,-1.6,-0.3,-2.0,0.0
Ivan Rabb,rabbiv01,MEM,PF,21,49,721,16.1,0.586,0.071,0.325,10.7,21.5,16.0,12.0,1.2,1.8,12.6,17.2,1.2,0.9,2.1,0.137,-1.1,-0.3,-1.4,0.1
Ivica Zubac,zubaciv01,"LAL,LAC",C,21,59,1040,18.9,0.604,0.0,0.332,11.9,24.2,18.2,9.1,0.6,4.0,13.9,20.3,1.9,1.3,3.2,0.148,-0.2,-0.2,-0.5,0.4
J.J. Barea,bareajo01,DAL,PG,34,38,752,16.3,0.495,0.332,0.203,1.9,11.6,6.8,47.5,1.4,0.1,14.7,28.1,0.4,0.6,1.0,0.064,1.2,-1.8,-0.6,0.3
J.J. Redick,redicjj01,PHI,SG,34,76,2379,15.1,0.602,0.589,0.248,0.9,7.2,4.1,12.9,0.6,0.6,8.1,21.9,4.6,1.2,5.9,0.118,2.2,-2.0,0.2,1.3
J.P. Macura,macurjp01,CHO,SG,23,2,17,5.7,0.333,0.444,0.0,0.0,19.4,9.5,18.0,0.0,0.0,0.0,22.8,0.0,0.0,0.0,-0.11,-4.7,-2.9,-7.7,0.0
J.R. Smith,smithjr01,CLE,SG,33,11,222,7.8,0.444,0.494,0.127,0.0,9.4,4.5,13.8,2.5,1.2,11.7,18.6,-0.3,0.1,-0.2,-0.038,-3.7,0.5,-3.2,-0.1
JaKarr Sampson,sampsja02,CHI,SF,25,4,127,22.5,0.633,0.259,0.389,4.2,23.4,13.7,5.3,1.5,2.0,5.9,23.1,0.3,0.1,0.5,0.173,3.6,0.2,3.7,0.2
JaMychal Green,greenja01,"MEM,LAC",PF,28,65,1371,14.7,0.587,0.37,0.212,8.3,24.3,16.4,5.8,1.6,2.3,14.3,19.4,0.9,1.9,2.9,0.101,-1.3,-0.4,-1.7,0.1
JaVale McGee,mcgeeja01,LAL,C,31,75,1671,21.8,0.634,0.019,0.237,12.3,22.5,17.5,4.8,1.3,7.3,13.2,20.2,3.0,2.9,5.9,0.171,0.3,1.2,1.4,1.4
Jabari Parker,parkeja01,"CHI,WAS",PF,23,64,1724,15.5,0.56,0.26,0.246,4.9,21.8,13.3,14.1,1.3,1.5,15.4,24.6,0.1,1.3,1.4,0.039,-0.7,-0.9,-1.5,0.2
Jacob Evans,evansja02,GSW,SG,21,30,204,3.5,0.374,0.283,0.019,3.3,9.5,6.5,13.7,1.2,1.2,17.1,13.5,-0.3,0.2,-0.1,-0.03,-6.9,-1.2,-8.2,-0.3
Jae Crowder,crowdja01,UTA,SF,28,80,2166,12.1,0.538,0.655,0.247,3.1,15.9,9.6,8.9,1.4,1.1,8.8,19.1,1.3,3.1,4.4,0.097,-0.3,0.6,0.3,1.2
Jahlil Okafor,okafoja01,NOP,C,23,59,935,17.9,0.603,0.014,0.246,9.2,21.4,15.4,6.3,0.7,3.5,11.5,19.9,1.4,0.8,2.2,0.115,-0.6,-0.9,-1.5,0.1
Jake Layman,laymaja01,POR,SF,24,71,1327,13.5,0.594,0.427,0.167,4.6,12.6,8.7,5.6,1.1,1.8,9.2,15.9,1.9,1.2,3.1,0.111,-0.1,-0.3,-0.5,0.5
Jakob Poeltl,poeltja01,SAS,C,23,77,1273,19.4,0.64,0.0,0.317,15.4,19.7,17.6,10.0,1.1,4.5,12.7,13.1,3.5,1.6,5.1,0.193,1.3,0.7,2.0,1.3
Jalen Brunson,brunsja01,DAL,PG,22,73,1591,12.8,0.549,0.32,0.212,1.7,9.6,5.7,22.6,1.1,0.2,12.5,19.1,1.5,1.0,2.6,0.077,-1.2,-0.5,-1.7,0.1
Jalen Jones,jonesja04,CLE,SF,25,16,214,11.7,0.548,0.452,0.435,5.5,12.5,8.8,4.8,2.1,0.8,9.8,16.7,0.2,0.1,0.3,0.056,-2.3,-1.9,-4.2,-0.1
Jamal Crawford,crawfja01,PHO,SG,38,64,1211,11.7,0.522,0.461,0.251,0.7,7.2,3.9,27.7,1.3,0.8,16.9,20.8,0.1,0.0,0.2,0.006,-1.1,-2.8,-3.9,-0.6
Jamal Murray,murraja01,DEN,PG,21,75,2447,16.0,0.538,0.353,0.19,2.9,11.2,7.0,22.4,1.3,1.0,11.1,24.9,2.8,2.3,5.1,0.1,1.4,-0.8,0.6,1.6
James Ennis III,ennisja01,"HOU,PHI",SF,28,58,1230,11.0,0.59,0.531,0.276,5.3,10.9,8.1,4.7,1.6,1.6,9.3,12.7,1.6,1.0,2.6,0.103,-1.4,-0.2,-1.5,0.1
James Harden,hardeja01,HOU,PG,29,78,2867,30.6,0.616,0.539,0.449,2.5,17.8,10.0,39.5,2.7,1.7,14.5,40.5,11.4,3.8,15.2,0.254,9.4,1.6,11.0,9.3
James Johnson,johnsja01,MIA,PF,31,55,1164,10.9,0.522,0.393,0.185,2.0,14.1,8.0,17.0,1.5,2.1,15.3,17.8,0.0,1.5,1.5,0.062,-2.4,1.1,-1.2,0.2
James Nunnally,nunnaja01,"MIN,HOU",SF,28,15,102,7.3,0.503,0.735,0.118,0.0,5.3,2.6,9.5,0.5,0.0,2.7,15.3,0.1,0.0,0.1,0.035,-1.9,-2.9,-4.8,-0.1
Jared Dudley,dudleja01,BRK,PF,33,59,1220,7.8,0.554,0.632,0.192,2.9,10.4,6.7,9.2,1.4,1.0,14.2,10.4,0.6,1.2,1.8,0.07,-2.9,1.1,-1.8,0.1
Jared Terrell,terreja01,MIN,SG,23,14,111,0.7,0.372,0.436,0.154,1.0,4.9,2.9,14.4,1.3,1.5,19.4,19.6,-0.4,0.0,-0.3,-0.14,-8.5,-2.3,-10.9,-0.2
Jarell Martin,martija01,ORL,PF,24,42,328,9.4,0.528,0.548,0.106,3.5,20.5,11.9,7.8,0.4,2.0,9.2,15.9,0.1,0.4,0.5,0.073,-3.7,-0.2,-3.9,-0.2
Jaren Jackson Jr.,jacksja02,MEM,PF,19,58,1515,16.4,0.591,0.241,0.334,5.3,15.0,10.1,7.2,1.7,5.1,12.7,22.8,1.2,2.2,3.3,0.105,-1.2,1.0,-0.3,0.7
Jaron Blossomgame,blossja01,CLE,SF,25,27,439,10.2,0.51,0.368,0.123,6.3,19.1,12.4,4.2,0.8,1.6,9.0,12.2,0.2,0.1,0.3,0.03,-1.9,-1.8,-3.8,-0.2
Jarred Vanderbilt,vandeja01,DEN,PF,19,17,69,12.4,0.513,0.053,0.526,10.9,25.2,18.0,5.9,4.3,1.3,25.5,19.4,-0.1,0.1,0.1,0.037,-5.2,1.0,-4.2,0.0
Jarrett Allen,allenja01,BRK,C,20,80,2096,18.5,0.632,0.079,0.489,9.6,24.0,16.8,7.9,1.0,4.5,13.0,15.9,4.4,3.3,7.6,0.175,0.2,1.4,1.6,1.9
Jason Smith,smithja02,"WAS,MIL,NOP",PF,32,20,190,9.8,0.492,0.441,0.271,9.0,20.2,14.6,9.7,0.7,3.1,16.4,17.5,0.0,0.2,0.2,0.038,-3.7,-1.0,-4.7,-0.1
Jawun Evans,evansja01,"PHO,OKC",PG,22,8,65,0.1,0.214,0.214,0.0,1.7,19.0,10.2,19.7,2.2,0.0,30.0,13.2,-0.2,0.0,-0.2,-0.151,-10.4,0.1,-10.3,-0.1
Jaylen Adams,adamsja01,ATL,PG,22,34,428,7.6,0.474,0.673,0.082,2.6,12.3,7.4,19.8,1.5,1.0,19.7,13.5,-0.1,0.2,0.1,0.011,-3.8,-0.5,-4.3,-0.2
Jaylen Brown,brownja02,BOS,SG,22,74,1913,13.5,0.547,0.348,0.255,3.6,13.9,8.7,7.7,1.7,1.5,10.1,22.1,0.7,2.4,3.0,0.076,-1.6,-0.4,-2.1,0.0
Jaylen Morris,morrija01,MIL,SG,23,4,29,12.2,0.46,0.3,0.2,0.0,16.5,8.8,18.1,3.2,0.0,8.4,17.2,0.0,0.1,0.1,0.084,-3.7,3.3,-0.4,0.0
Jayson Tatum,tatumja01,BOS,SF,20,79,2455,15.1,0.547,0.3,0.22,3.0,17.7,10.4,10.0,1.6,2.1,9.7,22.1,1.6,3.4,5.0,0.097,-0.4,0.2,-0.2,1.1
Jeff Green,greenje02,WAS,PF,32,77,2097,13.6,0.608,0.466,0.3,2.9,13.3,8.0,9.2,1.0,1.6,11.5,17.8,2.8,0.8,3.6,0.083,0.0,-1.4,-1.4,0.3
Jeff Teague,teaguje01,MIN,PG,30,42,1264,15.4,0.528,0.252,0.368,1.3,7.7,4.5,37.6,1.6,1.2,16.7,19.3,1.7,0.5,2.2,0.085,0.8,-1.2,-0.4,0.5
Jemerrio Jones,jonesje01,LAL,SF,23,6,143,12.1,0.398,0.303,0.061,11.8,23.4,17.7,11.4,2.3,2.9,12.9,11.3,0.0,0.2,0.2,0.084,-2.2,2.4,0.2,0.1
Jerami Grant,grantje01,OKC,PF,24,80,2612,13.8,0.592,0.356,0.269,3.7,13.1,8.2,4.2,1.1,3.2,6.8,15.4,4.0,3.3,7.3,0.134,-0.4,0.6,0.2,1.5
Jeremy Lamb,lambje01,CHO,SG,26,79,2250,17.3,0.552,0.337,0.266,3.1,18.1,10.4,11.9,1.9,1.2,6.8,22.5,3.3,2.0,5.3,0.113,1.2,0.0,1.2,1.8
Jeremy Lin,linje01,"ATL,TOR",PG,30,74,1436,13.5,0.558,0.346,0.388,1.6,11.7,6.6,23.4,1.5,0.8,16.4,21.8,1.2,0.9,2.1,0.07,-1.4,-0.9,-2.2,-0.1
Jerian Grant,grantje02,ORL,PG,26,60,939,10.8,0.526,0.5,0.182,2.1,9.1,5.6,22.4,2.3,0.5,17.7,13.4,0.5,1.1,1.7,0.085,-2.9,1.3,-1.6,0.1
Jerome Robinson,robinje01,LAC,SG,21,33,320,7.2,0.491,0.518,0.082,1.0,12.2,6.8,8.3,1.6,0.7,10.2,16.7,-0.2,0.3,0.1,0.012,-4.2,-0.5,-4.7,-0.2
Jerryd Bayless,bayleje01,MIN,PG,30,34,657,8.5,0.431,0.426,0.122,1.8,8.4,5.0,24.6,1.3,0.3,11.7,17.6,-0.2,0.2,0.0,-0.003,-2.9,-1.7,-4.6,-0.4
Jevon Carter,carteje01,MEM,PG,23,39,577,7.8,0.432,0.551,0.173,2.7,10.3,6.4,17.4,2.2,1.8,14.2,18.0,-0.7,0.7,0.0,-0.003,-4.1,0.1,-4.0,-0.3
Jimmer Fredette,fredeji01,PHO,SG,29,6,65,3.6,0.348,0.448,0.207,1.7,10.4,6.0,17.5,2.2,0.0,13.6,24.2,-0.2,0.0,-0.2,-0.166,-8.4,-2.9,-11.3,-0.2
Jimmy Butler,butleji01,"MIN,PHI",SF,29,65,2185,20.2,0.571,0.213,0.404,6.0,10.5,8.3,18.0,2.7,1.4,8.2,22.3,5.4,2.5,7.9,0.173,2.8,0.9,3.7,3.2
Joakim Noah,noahjo01,MEM,C,33,42,693,18.6,0.571,0.005,0.512,9.2,29.6,19.3,20.6,1.4,4.2,16.1,20.0,1.0,1.2,2.2,0.15,-0.3,2.4,2.1,0.7
Jodie Meeks,meeksjo01,TOR,SG,31,8,104,16.0,0.647,0.462,0.026,1.1,11.1,6.2,11.5,0.5,0.8,4.8,17.1,0.2,0.1,0.3,0.153,1.4,-0.8,0.5,0.1
Joe Chealey,chealjo01,CHO,PG,23,1,8,2.0,0.333,0.0,0.0,0.0,0.0,0.0,17.7,0.0,0.0,0.0,16.2,0.0,0.0,0.0,-0.08,-8.5,-6.0,-14.6,0.0
Joe Harris,harrijo01,BRK,SG,27,76,2293,13.5,0.645,0.516,0.178,2.4,10.9,6.7,11.9,0.8,0.6,13.0,17.0,3.8,1.7,5.5,0.116,0.8,-0.3,0.5,1.4
Joe Ingles,inglejo01,UTA,PF,31,82,2568,13.4,0.581,0.602,0.153,1.5,12.2,7.0,26.1,1.8,0.6,18.4,17.5,2.5,3.6,6.0,0.113,0.3,1.1,1.4,2.2
Joel Embiid,embiijo01,PHI,C,24,64,2154,26.1,0.593,0.219,0.541,8.1,34.0,21.4,18.4,1.0,4.4,13.2,33.3,4.9,3.8,8.7,0.194,4.0,0.9,4.9,3.8
John Collins,collijo01,ATL,PF,21,61,1829,21.8,0.627,0.19,0.32,12.3,22.1,17.1,11.0,0.6,1.8,11.2,23.7,5.0,1.0,6.0,0.158,2.8,-1.9,0.9,1.3
John Henson,hensojo01,MIL,C,28,14,188,17.1,0.553,0.463,0.149,9.2,28.0,19.2,10.1,1.7,4.9,14.4,18.6,0.1,0.4,0.6,0.146,0.4,2.1,2.5,0.2
John Holland,hollajo02,CLE,SF,30,1,1,0.0,,,,0.0,0.0,0.0,0.0,0.0,0.0,,0.0,0.0,0.0,0.0,-0.032,-3.4,-1.6,-5.0,0.0
John Jenkins,jenkijo01,"WAS,NYK",SG,27,26,333,9.7,0.536,0.552,0.171,1.8,10.0,5.8,9.9,0.0,0.5,7.4,15.7,0.2,0.0,0.2,0.031,-1.0,-2.4,-3.4,-0.1
John Wall,walljo01,WAS,PG,28,32,1104,18.0,0.527,0.306,0.317,1.5,10.1,5.7,39.2,2.1,2.2,16.1,28.8,0.5,0.7,1.2,0.051,2.2,-1.4,0.9,0.8
Johnathan Motley,motlejo01,LAC,PF,23,22,156,18.9,0.563,0.041,0.548,12.6,21.7,17.3,11.7,1.5,1.5,15.0,28.8,0.1,0.2,0.3,0.092,-1.2,-0.7,-1.9,0.0
Johnathan Williams,willijo04,LAL,C,23,24,372,15.1,0.599,0.018,0.436,13.6,13.9,13.7,4.9,1.0,1.5,10.9,16.4,0.7,0.3,1.0,0.135,-2.0,-1.1,-3.2,-0.1
Jon Leuer,leuerjo01,DET,PF,29,41,402,13.2,0.616,0.097,0.274,7.1,19.8,13.2,5.5,1.5,0.8,15.4,16.1,0.4,0.5,0.9,0.11,-2.8,0.4,-2.5,0.0
Jonah Bolden,boldejo01,PHI,PF,23,44,639,12.7,0.595,0.593,0.167,8.0,19.0,13.7,8.5,1.3,4.8,17.2,13.8,0.5,0.9,1.4,0.106,-1.8,1.1,-0.7,0.2
Jonas Jerebko,jerebjo01,GSW,PF,31,73,1218,13.5,0.588,0.53,0.225,6.6,18.1,12.6,10.1,1.1,1.2,9.9,15.2,2.1,1.2,3.3,0.13,-0.3,-0.4,-0.7,0.4
Jonas Valančiūnas,valanjo01,"TOR,MEM",C,26,49,1091,24.4,0.616,0.089,0.344,10.7,31.4,21.1,12.0,0.8,4.4,12.7,28.5,2.2,1.9,4.2,0.183,2.2,0.4,2.7,1.3
Jonathan Isaac,isaacjo01,ORL,PF,21,75,1996,13.0,0.537,0.435,0.221,5.2,17.0,11.0,5.7,1.4,4.1,10.1,16.3,0.9,3.1,4.0,0.096,-1.4,1.0,-0.4,0.8
Jonathon Simmons,simmojo02,"ORL,PHI",SG,29,56,1064,8.5,0.466,0.297,0.277,2.7,10.0,6.3,16.7,1.3,1.2,14.8,18.7,-0.8,1.1,0.3,0.013,-3.9,-0.3,-4.2,-0.6
Jordan Bell,belljo01,GSW,C,24,68,788,12.9,0.531,0.01,0.214,7.8,16.7,12.5,12.3,1.2,5.4,16.7,13.7,0.5,1.1,1.6,0.096,-2.2,1.3,-0.9,0.2
Jordan Clarkson,clarkjo01,CLE,SG,26,81,2214,16.8,0.539,0.377,0.163,3.9,9.9,6.8,15.6,1.3,0.5,9.6,27.6,1.9,-0.1,1.8,0.039,2.1,-2.6,-0.5,0.8
Jordan Loyd,loydjo01,TOR,PG,25,12,55,16.3,0.635,0.444,0.611,2.0,15.3,8.8,15.1,0.0,0.0,8.1,19.4,0.2,0.0,0.2,0.19,0.0,-0.9,-1.0,0.0
Jordan McRae,mcraejo01,WAS,SG,27,27,333,14.3,0.55,0.269,0.269,1.9,11.3,6.5,13.2,1.8,1.8,9.4,20.4,0.3,0.2,0.5,0.066,-0.9,-0.8,-1.7,0.0
Jordan Sibert,siberjo01,ATL,SG,26,1,4,29.7,1.5,1.0,0.0,0.0,0.0,0.0,0.0,0.0,0.0,0.0,10.2,0.0,0.0,0.0,0.183,13.7,2.2,16.0,0.0
Josh Hart,hartjo01,LAL,SG,23,67,1715,9.3,0.526,0.591,0.172,2.2,12.6,7.5,7.0,1.7,1.9,10.4,13.5,0.2,1.9,2.1,0.059,-2.3,1.0,-1.3,0.3
Josh Jackson,jacksjo02,PHO,SG,21,79,1988,10.6,0.487,0.268,0.253,3.6,15.9,9.7,14.1,1.8,2.3,15.6,23.9,-2.8,1.1,-1.7,-0.04,-3.3,-1.2,-4.6,-1.3
Josh Okogie,okogijo01,MIN,SG,20,74,1757,9.4,0.492,0.423,0.319,2.5,10.9,6.6,6.9,2.4,1.6,9.8,15.4,-0.1,1.4,1.2,0.034,-3.5,0.4,-3.1,-0.5
Josh Richardson,richajo01,MIA,SG,25,73,2539,14.0,0.536,0.448,0.225,2.3,8.8,5.5,17.9,1.5,1.2,9.1,20.9,3.0,2.6,5.6,0.106,0.1,0.2,0.3,1.5
José Calderón,caldejo01,DET,PG,37,49,632,7.1,0.453,0.475,0.092,1.8,8.8,5.2,24.9,1.2,0.4,21.9,10.9,0.0,0.5,0.6,0.043,-4.2,0.3,-3.9,-0.3
Jrue Holiday,holidjr01,NOP,SG,28,67,2402,19.4,0.555,0.313,0.234,3.3,11.0,7.2,31.8,2.1,1.8,14.1,25.4,3.5,1.9,5.4,0.108,3.1,-0.1,3.0,3.1
Juancho Hernangómez,hernaju01,DEN,PF,23,70,1358,11.0,0.58,0.576,0.274,5.1,16.1,10.6,5.3,1.0,1.6,9.5,12.2,1.6,1.4,3.0,0.105,-0.9,-0.2,-1.1,0.3
Julian Washburn,washbju01,MEM,SF,27,18,254,6.5,0.402,0.5,0.083,3.5,14.8,9.1,7.7,2.5,0.7,12.3,10.0,-0.2,0.3,0.1,0.023,-5.1,0.5,-4.6,-0.2
Julius Randle,randlju01,NOP,PF,24,73,2232,20.9,0.6,0.179,0.447,7.6,21.6,14.7,15.8,1.1,1.6,13.8,27.8,4.2,1.9,6.1,0.131,2.1,-0.6,1.5,2.0
Justin Anderson,anderju01,ATL,SF,25,48,463,11.2,0.516,0.49,0.223,5.3,13.9,9.5,6.9,2.2,2.4,11.8,17.2,0.1,0.4,0.4,0.043,-2.4,-0.3,-2.7,-0.1
Justin Holiday,holidju01,"CHI,MEM",SG,29,82,2607,10.0,0.52,0.598,0.136,1.9,11.9,6.8,8.1,2.3,1.2,11.2,15.7,-0.4,2.5,2.1,0.038,-2.3,0.5,-1.8,0.1
Justin Jackson,jacksju01,"SAC,DAL",SF,23,81,1614,11.3,0.561,0.505,0.163,2.8,11.0,6.9,8.1,0.9,0.7,5.3,14.3,2.0,0.9,2.9,0.086,-0.8,-0.8,-1.6,0.2
Justin Patton,pattoju01,PHI,C,21,3,21,10.5,0.317,0.286,0.286,10.4,19.6,15.1,18.7,4.5,0.0,0.0,15.7,0.0,0.0,0.0,0.079,-5.2,3.2,-2.0,0.0
Justise Winslow,winslju01,MIA,SF,22,66,1959,12.8,0.513,0.342,0.183,3.4,15.9,9.6,21.9,1.8,0.9,14.9,20.8,0.2,2.6,2.8,0.067,-1.3,0.6,-0.6,0.7
Jusuf Nurkić,nurkiju01,POR,C,24,72,1974,23.4,0.57,0.035,0.442,13.4,26.7,20.2,17.9,1.7,4.2,14.6,24.7,4.4,3.3,7.8,0.189,2.1,1.7,3.7,2.8
Kadeem Allen,allenka01,NYK,PG,26,19,416,16.2,0.574,0.255,0.383,2.0,11.1,6.4,28.7,1.9,0.8,13.6,19.6,0.7,0.2,1.0,0.111,0.2,0.3,0.5,0.3
Kalin Lucas,lucaska01,DET,PG,29,1,6,16.6,0.532,1.0,2.0,0.0,56.7,27.3,20.8,0.0,0.0,0.0,13.5,0.0,0.0,0.0,0.238,-5.6,6.4,0.8,0.0
Karl-Anthony Towns,townska01,MIN,C,23,77,2545,26.3,0.622,0.27,0.342,10.9,29.3,20.0,17.2,1.3,4.2,13.7,28.9,7.2,3.2,10.4,0.197,5.4,0.6,6.0,5.1
Kawhi Leonard,leonaka01,TOR,SF,27,60,2040,25.8,0.606,0.267,0.377,4.2,18.6,11.6,16.4,2.5,1.0,8.4,30.3,6.1,3.4,9.5,0.224,6.1,1.1,7.2,4.7
Keita Bates-Diop,bateske01,MIN,SF,23,30,503,9.6,0.489,0.366,0.197,3.4,14.4,8.8,4.6,1.7,2.4,8.3,14.1,0.0,0.4,0.3,0.032,-2.8,-0.6,-3.4,-0.2
Kelly Olynyk,olynyke01,MIA,PF,27,79,1812,14.4,0.61,0.566,0.328,4.2,17.8,11.0,11.4,1.4,1.8,15.0,18.0,2.3,2.5,4.7,0.126,-0.2,0.9,0.7,1.2
Kelly Oubre Jr.,oubreke01,"WAS,PHO",SF,23,69,1935,15.2,0.551,0.401,0.29,4.0,14.6,9.2,6.8,2.1,2.5,9.8,23.2,0.9,1.3,2.2,0.054,-0.3,-0.9,-1.2,0.4
Kemba Walker,walkeke02,CHO,PG,28,82,2863,21.7,0.558,0.434,0.267,1.9,11.9,6.8,29.4,1.7,1.0,10.1,31.5,5.5,1.9,7.4,0.123,5.2,-1.0,4.2,4.4
Kenneth Faried,farieke01,"BRK,HOU",C,29,37,728,21.6,0.622,0.094,0.374,14.4,23.4,18.8,4.6,1.1,2.7,9.7,20.3,2.1,0.9,2.9,0.193,1.3,-1.5,-0.2,0.3
Kenrich Williams,willike04,NOP,SF,24,46,1079,9.7,0.485,0.559,0.068,5.4,15.5,10.5,9.5,1.9,1.4,11.1,12.3,0.3,0.9,1.2,0.053,-2.3,0.4,-1.9,0.0
Kent Bazemore,bazemke01,ATL,SG,29,67,1643,11.9,0.507,0.434,0.253,2.3,14.6,8.3,13.5,2.5,2.2,13.6,22.0,-0.7,1.4,0.7,0.021,-2.5,0.2,-2.3,-0.1
Kentavious Caldwell-Pope,caldwke01,LAL,SG,25,82,2035,12.9,0.568,0.575,0.209,2.5,9.4,6.0,7.5,1.7,0.5,7.3,18.1,2.3,1.8,4.0,0.095,-0.3,-0.1,-0.5,0.8
Kevin Durant,duranke01,GSW,SF,30,78,2702,24.2,0.631,0.281,0.366,1.4,17.5,9.8,26.2,1.0,2.6,12.3,29.0,8.6,2.9,11.5,0.204,5.4,0.1,5.5,5.1
Kevin Huerter,huertke01,ATL,SG,20,75,2048,10.1,0.533,0.537,0.085,3.0,9.7,6.3,14.5,1.5,1.1,13.8,15.7,0.7,0.7,1.5,0.034,-1.6,-0.8,-2.4,-0.2
Kevin Knox,knoxke01,NYK,PF,19,75,2158,8.7,0.475,0.398,0.247,2.9,13.6,8.1,6.0,1.0,0.9,10.1,22.3,-2.2,0.9,-1.3,-0.03,-3.4,-2.3,-5.7,-2.0
Kevin Love,loveke01,CLE,PF,30,22,598,19.5,0.561,0.519,0.403,5.9,40.0,22.2,12.8,0.5,0.7,11.2,27.4,1.0,0.4,1.3,0.106,3.3,-1.6,1.6,0.6
Kevon Looney,looneke01,GSW,C,22,80,1481,17.3,0.636,0.029,0.303,14.6,15.4,15.0,10.9,1.5,3.0,11.5,12.8,4.2,1.8,6.0,0.194,0.1,0.4,0.5,0.9
Khem Birch,birchkh01,ORL,C,26,50,643,19.2,0.64,0.007,0.55,13.0,18.8,15.8,8.5,1.4,3.8,9.6,14.1,1.8,1.0,2.8,0.212,0.1,1.0,1.2,0.5
Khris Middleton,middlkh01,MIL,SF,27,77,2393,16.5,0.558,0.413,0.225,2.3,16.5,9.8,20.1,1.6,0.2,12.1,25.1,2.5,3.6,6.1,0.123,0.7,0.1,0.8,1.7
Khyri Thomas,thomakh01,DET,SG,22,26,195,6.2,0.413,0.507,0.159,2.2,9.3,5.6,6.0,1.8,2.2,5.1,17.2,-0.2,0.2,0.0,0.005,-4.9,-0.1,-5.0,-0.2
Klay Thompson,thompkl01,GSW,SG,28,78,2652,16.6,0.571,0.427,0.113,1.6,10.1,6.0,10.5,1.5,1.5,7.2,25.6,2.9,2.3,5.3,0.095,1.1,-1.4,-0.3,1.2
Kobi Simmons,simmoko01,CLE,PG,21,1,2,0.0,,,,0.0,0.0,0.0,0.0,0.0,0.0,,0.0,0.0,0.0,0.0,-0.033,-7.4,-3.2,-10.6,0.0
Kosta Koufos,koufoko01,SAC,C,29,42,502,12.3,0.477,0.0,0.157,10.4,26.3,18.2,9.5,1.4,3.1,14.2,15.7,0.0,0.7,0.7,0.063,-3.6,0.2,-3.4,-0.2
Kostas Antetokounmpo,antetko01,DAL,PF,21,2,11,-0.9,0.21,0.0,1.333,0.0,9.7,4.9,0.0,8.8,0.0,17.4,22.5,-0.1,0.0,-0.1,-0.247,-12.6,-0.1,-12.7,0.0
Kris Dunn,dunnkr01,CHI,PG,24,46,1389,12.4,0.484,0.19,0.136,1.5,13.3,7.3,30.0,2.4,1.3,16.2,20.1,-0.5,1.2,0.6,0.022,-2.8,0.2,-2.7,-0.2
Kyle Anderson,anderky01,MEM,SF,25,43,1281,12.8,0.569,0.123,0.232,4.1,18.1,11.0,15.0,2.1,2.7,16.0,12.6,0.8,1.8,2.7,0.1,-1.6,2.4,0.8,0.9
Kyle Korver,korveky01,"CLE,UTA",SG,37,70,1334,11.2,0.582,0.72,0.151,0.7,12.4,6.6,8.9,0.9,0.7,10.3,18.5,1.0,1.3,2.3,0.082,-0.2,-0.3,-0.5,0.5
Kyle Kuzma,kuzmaky01,LAL,PF,23,70,2314,14.0,0.546,0.388,0.23,2.7,14.1,8.5,11.5,0.8,0.9,10.0,23.8,1.2,1.9,3.1,0.065,-0.2,-1.2,-1.4,0.4
Kyle Lowry,lowryky01,TOR,PG,32,65,2213,16.5,0.562,0.613,0.263,2.1,12.9,7.6,34.8,2.0,1.2,18.1,19.6,3.6,3.0,6.6,0.144,1.7,0.6,2.3,2.4
Kyle O'Quinn,oquinky01,IND,C,28,45,371,16.8,0.537,0.088,0.154,8.9,26.4,17.8,22.4,1.2,6.0,17.6,20.8,0.2,0.8,1.0,0.125,-2.5,3.0,0.4,0.2
Kyrie Irving,irvinky01,BOS,PG,26,67,2214,24.3,0.592,0.35,0.197,3.4,12.7,8.1,35.0,2.2,1.4,11.3,29.6,6.2,2.9,9.1,0.197,6.0,1.1,7.2,5.1
LaMarcus Aldridge,aldrila01,SAS,C,33,81,2687,22.9,0.576,0.032,0.312,10.3,19.8,15.1,11.6,0.8,3.4,8.8,26.9,6.4,2.9,9.3,0.167,2.4,-0.6,1.8,2.6
Lance Stephenson,stephla01,LAL,SG,28,68,1123,11.8,0.529,0.456,0.169,3.0,16.5,9.9,17.3,1.7,0.5,15.6,20.3,-0.1,1.2,1.1,0.049,-1.6,0.1,-1.5,0.1
Lance Thomas,thomala01,NYK,PF,30,46,783,6.4,0.482,0.401,0.183,2.7,13.1,7.8,5.0,1.0,0.8,10.1,12.9,-0.3,0.3,0.1,0.004,-4.8,-0.9,-5.7,-0.7
Landry Shamet,shamela01,"PHI,LAC",SG,21,79,1802,11.0,0.604,0.711,0.167,1.3,6.4,3.9,9.0,1.0,0.4,7.0,15.0,2.7,0.9,3.6,0.095,-0.3,-1.3,-1.6,0.2
Langston Galloway,gallola01,DET,SG,27,80,1745,10.7,0.534,0.647,0.164,3.0,7.9,5.4,7.3,1.0,0.4,3.7,16.1,2.1,1.3,3.4,0.094,-0.9,-0.6,-1.5,0.2
Larry Nance Jr.,nancela02,CLE,C,26,67,1795,18.6,0.583,0.205,0.28,10.0,24.9,17.1,17.8,2.8,1.9,15.3,15.5,3.3,1.6,4.9,0.131,1.0,1.4,2.4,2.0
Lauri Markkanen,markkla01,CHI,PF,21,52,1682,17.1,0.553,0.418,0.245,4.7,25.9,15.2,7.2,1.1,1.7,8.8,25.1,1.3,1.5,2.7,0.078,1.4,-1.5,-0.2,0.7
LeBron James,jamesle01,LAL,SF,34,55,1937,25.6,0.588,0.299,0.382,3.1,21.3,12.4,39.4,1.7,1.4,13.3,31.6,4.7,2.6,7.2,0.179,6.4,1.7,8.0,4.9
Lonnie Walker IV,walkelo01,SAS,SG,20,17,118,10.8,0.446,0.283,0.217,0.0,15.6,7.9,10.3,2.9,2.2,7.4,20.3,-0.1,0.2,0.0,0.019,-3.4,1.0,-2.4,0.0
Lonzo Ball,balllo01,LAL,PG,21,47,1423,11.7,0.487,0.5,0.105,4.0,14.0,9.1,23.8,2.3,1.1,17.8,16.9,-0.2,1.7,1.6,0.052,-1.6,1.3,-0.3,0.6
Lorenzo Brown,brownlo01,TOR,PG,28,26,212,6.3,0.38,0.394,0.042,2.6,12.9,7.9,17.3,2.7,2.0,18.1,17.9,-0.5,0.3,-0.1,-0.027,-5.4,1.9,-3.5,-0.1
Lou Williams,willilo02,LAC,SG,32,75,1993,21.2,0.554,0.256,0.426,2.2,9.4,5.9,33.0,1.3,0.4,11.8,32.4,3.9,1.2,5.1,0.123,4.3,-2.1,2.2,2.1
Luc Mbah a Moute,mbahalu01,LAC,PF,32,4,61,6.7,0.495,0.333,0.278,3.6,8.4,6.1,4.5,0.8,1.3,9.0,15.4,0.0,0.0,0.0,0.009,-2.9,0.0,-3.0,0.0
Luka Dončić,doncilu01,DAL,SG,19,72,2318,19.6,0.545,0.433,0.409,4.0,21.9,13.0,31.6,1.6,0.9,15.0,30.5,2.1,2.8,4.9,0.101,3.6,0.3,3.9,3.4
Luke Kennard,kennalu01,DET,SG,22,63,1437,11.9,0.56,0.517,0.117,0.9,13.5,7.0,12.3,0.9,0.6,9.4,18.1,1.3,1.3,2.5,0.085,-0.4,-0.6,-1.1,0.3
Luke Kornet,kornelu01,NYK,PF,23,46,784,14.8,0.531,0.682,0.163,3.6,14.6,9.0,10.5,1.7,4.5,7.6,17.9,0.6,0.7,1.4,0.083,1.4,0.7,2.1,0.8
Luol Deng,denglu01,MIN,SF,33,22,392,14.6,0.588,0.373,0.297,5.4,14.6,10.0,6.5,1.8,1.7,9.5,15.8,0.5,0.3,0.8,0.101,0.2,-0.3,0.0,0.2
Malachi Richardson,richama01,TOR,SG,23,22,103,0.9,0.481,0.862,0.172,2.2,11.2,6.8,0.0,0.5,0.0,20.4,16.4,-0.2,0.1,-0.1,-0.06,-6.6,-2.1,-8.8,-0.2
Malcolm Brogdon,brogdma01,MIL,SG,26,64,1832,17.8,0.614,0.326,0.203,3.8,11.7,8.0,16.2,1.2,0.6,10.0,20.7,4.2,2.3,6.5,0.171,2.0,0.1,2.2,1.9
Malcolm Miller,millema01,TOR,SF,25,10,67,13.7,0.63,0.808,0.154,1.7,6.3,4.0,2.1,0.7,1.2,3.5,18.5,0.1,0.1,0.2,0.13,1.2,-1.6,-0.5,0.0
Malik Beasley,beaslma01,DEN,SG,22,81,1879,14.2,0.599,0.55,0.09,2.0,9.5,5.8,7.5,1.4,0.5,6.7,18.7,2.9,1.6,4.5,0.115,0.8,-0.7,0.1,1.0
Malik Monk,monkma01,CHO,SG,20,73,1258,11.8,0.518,0.563,0.174,1.3,10.6,5.9,14.3,1.4,1.3,12.0,24.6,-0.4,0.7,0.3,0.012,-1.3,-1.7,-3.0,-0.3
MarShon Brooks,brookma01,MEM,SG,30,29,387,11.6,0.518,0.32,0.195,3.4,9.7,6.5,11.0,1.2,1.0,10.3,23.6,-0.2,0.3,0.1,0.018,-1.9,-1.1,-3.0,-0.1
Marc Gasol,gasolma01,"MEM,TOR",C,34,79,2436,16.7,0.546,0.314,0.291,3.6,25.1,14.3,22.2,1.7,3.2,13.6,20.7,2.0,4.0,6.0,0.118,0.8,2.3,3.1,3.1
Marcin Gortat,gortama01,LAC,C,34,47,751,12.8,0.562,0.0,0.258,9.8,26.5,18.4,12.0,0.4,2.5,19.4,14.4,0.6,0.8,1.4,0.089,-1.7,0.4,-1.3,0.1
Marco Belinelli,belinma01,SAS,SG,32,79,1815,11.9,0.557,0.572,0.18,1.0,10.8,5.9,10.1,0.9,0.4,8.8,19.8,1.4,1.1,2.5,0.065,-0.5,-1.2,-1.7,0.1
Marcus Derrickson,derrima01,GSW,PF,22,11,67,19.4,0.653,0.606,0.152,13.3,7.6,10.4,2.2,0.0,1.3,7.9,24.4,0.2,0.0,0.2,0.155,2.6,-5.3,-2.7,0.0
Marcus Morris,morrima03,BOS,PF,29,75,2091,14.2,0.568,0.461,0.205,3.9,19.5,11.7,7.5,1.0,1.1,9.1,20.9,2.1,2.5,4.5,0.104,-0.2,-0.7,-0.9,0.6
Marcus Smart,smartma01,BOS,SG,24,80,2200,13.1,0.568,0.61,0.228,2.8,8.6,5.7,19.1,3.1,1.1,16.5,14.6,2.2,3.1,5.3,0.116,-1.2,2.0,0.8,1.5
Mario Hezonja,hezonma01,NYK,SF,23,58,1206,10.8,0.497,0.328,0.246,2.4,18.7,10.4,11.5,2.3,0.6,14.6,21.3,-1.1,1.1,-0.1,-0.003,-3.5,-0.3,-3.8,-0.5
Markelle Fultz,fultzma01,PHI,SG,20,19,427,10.5,0.452,0.09,0.239,6.6,10.6,8.7,19.5,1.9,0.9,12.7,19.3,-0.1,0.4,0.3,0.035,-3.3,0.2,-3.1,-0.1
Markieff Morris,morrima02,"WAS,OKC",PF,29,58,1270,11.7,0.521,0.419,0.19,5.0,17.5,11.1,8.8,1.3,1.5,9.3,19.1,0.6,1.1,1.6,0.061,-2.1,-0.6,-2.7,-0.2
Marquese Chriss,chrisma01,"HOU,CLE",PF,21,43,499,9.2,0.455,0.4,0.25,8.6,23.6,15.8,6.5,1.7,1.9,15.3,20.6,-0.6,0.4,-0.2,-0.023,-5.7,-1.9,-7.5,-0.7
Marvin Bagley III,baglema01,SAC,PF,19,62,1567,18.9,0.562,0.136,0.371,10.4,20.8,15.5,5.9,1.0,3.2,10.7,24.2,2.0,1.6,3.6,0.11,0.5,-1.5,-1.0,0.4
Marvin Williams,willima02,CHO,PF,32,75,2133,12.6,0.548,0.586,0.132,3.8,17.1,10.3,6.1,1.6,2.5,6.4,14.9,1.9,1.9,3.8,0.086,-0.4,0.2,-0.3,0.9
Mason Plumlee,plumlma01,DEN,C,28,82,1731,17.8,0.602,0.023,0.448,10.3,22.5,16.4,19.5,1.9,3.9,19.2,16.2,2.9,2.9,5.8,0.16,-0.5,2.6,2.1,1.8
Matthew Dellavedova,dellama01,"MIL,CLE",PG,28,48,812,11.1,0.532,0.537,0.215,0.8,9.9,5.2,31.9,0.8,0.2,20.4,17.9,0.5,0.0,0.5,0.028,-1.7,-2.8,-4.4,-0.5
Maurice Harkless,harklma01,POR,SF,25,60,1415,13.2,0.547,0.309,0.188,5.9,14.1,10.1,7.1,2.3,3.0,9.7,13.9,1.5,1.9,3.4,0.114,-1.0,1.7,0.7,1.0
Maxi Kleber,klebima01,DAL,PF,27,71,1502,13.1,0.579,0.565,0.192,6.5,16.9,11.7,6.8,1.2,4.4,11.4,13.5,1.6,1.8,3.5,0.111,-0.8,1.2,0.4,0.9
Melvin Frazier,frazime01,ORL,SG,22,10,44,1.2,0.33,0.286,0.19,7.2,4.9,6.1,3.3,1.1,0.0,4.2,23.5,-0.2,0.0,-0.1,-0.133,-11.3,-3.2,-14.5,-0.1
Meyers Leonard,leoname01,POR,C,26,61,878,15.8,0.675,0.459,0.211,6.1,21.8,14.2,11.8,0.7,0.8,14.0,14.8,2.1,0.9,3.0,0.164,1.5,0.3,1.8,0.8
Michael Beasley,beaslmi01,LAL,PF,30,26,277,15.9,0.532,0.111,0.255,4.9,17.2,11.2,14.8,1.5,3.0,13.7,29.5,-0.1,0.4,0.2,0.039,-1.9,0.5,-1.5,0.0
Michael Carter-Williams,cartemi01,"HOU,ORL",PG,27,28,372,14.7,0.458,0.309,0.431,5.4,15.0,10.1,26.5,2.6,3.4,12.0,19.4,0.2,0.6,0.8,0.099,-1.4,2.2,0.8,0.3
Michael Kidd-Gilchrist,kiddgmi01,CHO,PF,25,64,1179,13.3,0.553,0.142,0.37,7.9,14.8,11.3,7.4,1.3,2.9,10.0,15.7,1.5,1.0,2.5,0.1,-2.3,-0.1,-2.4,-0.1
Mikal Bridges,bridgmi01,PHO,SF,22,82,2417,10.8,0.556,0.556,0.21,2.5,9.7,6.0,9.8,2.5,1.3,10.2,12.2,1.7,1.2,2.9,0.058,-2.0,0.4,-1.6,0.3
Mike Conley,conlemi01,MEM,PG,31,70,2342,21.4,0.569,0.38,0.363,1.9,9.7,5.7,33.4,2.0,0.9,9.1,27.3,5.7,2.3,8.0,0.164,4.6,0.1,4.7,3.9
Mike Muscala,muscami01,"PHI,LAL",PF,27,64,1306,10.8,0.564,0.709,0.235,4.7,14.7,9.8,7.7,0.8,2.3,10.8,14.3,1.2,1.2,2.5,0.091,-0.8,-0.3,-1.1,0.3
Mike Scott,scottmi01,"LAC,PHI",PF,30,79,1395,8.6,0.528,0.6,0.079,3.4,17.2,10.5,6.4,0.9,0.7,9.2,14.4,0.4,1.2,1.6,0.053,-1.9,-0.7,-2.5,-0.2
Miles Bridges,bridgmi02,CHO,SF,20,80,1696,13.1,0.548,0.391,0.151,4.2,16.6,10.3,8.1,1.6,2.5,8.4,15.1,1.4,1.5,2.9,0.083,-0.9,0.1,-0.8,0.5
Miles Plumlee,plumlmi01,ATL,C,30,18,173,18.9,0.654,0.0,0.625,9.5,14.3,11.8,14.7,1.6,2.0,14.0,16.7,0.4,0.1,0.5,0.145,1.6,0.0,1.6,0.2
Miloš Teodosić,teodomi01,LAC,PG,31,15,150,6.5,0.557,0.675,0.175,2.2,8.9,5.7,28.8,0.9,0.5,32.8,18.0,-0.1,0.1,-0.1,-0.019,-3.8,-1.7,-5.4,-0.1
Mitch Creek,creekmi01,"BRK,MIN",SF,26,5,48,20.2,0.55,0.125,0.438,13.2,13.1,13.2,18.6,2.0,0.0,5.0,17.6,0.1,0.0,0.2,0.196,2.4,1.1,3.5,0.1
Mitchell Robinson,robinmi01,NYK,C,20,66,1360,22.0,0.692,0.0,0.464,13.3,19.4,16.3,4.2,1.8,10.0,9.1,12.1,4.0,2.2,6.1,0.217,0.1,2.4,2.5,1.6
Mo Bamba,bambamo01,ORL,C,20,47,766,14.9,0.539,0.288,0.259,8.8,24.0,16.3,7.4,0.8,7.0,13.7,17.8,0.3,1.4,1.7,0.106,-2.8,1.4,-1.4,0.1
Monte Morris,morrimo01,DEN,PG,23,82,1970,16.2,0.577,0.323,0.115,1.9,8.8,5.3,21.7,1.8,0.2,6.6,17.1,4.4,1.8,6.2,0.151,1.1,0.3,1.5,1.7
Montrezl Harrell,harremo01,LAC,C,25,82,2158,23.4,0.636,0.019,0.466,9.3,16.7,13.1,12.5,1.6,4.0,11.0,23.5,6.1,2.6,8.7,0.193,2.6,0.7,3.3,2.9
Moritz Wagner,wagnemo01,LAL,C,21,43,446,10.1,0.533,0.45,0.31,4.0,15.4,9.8,7.4,1.1,2.4,16.7,21.7,-0.3,0.5,0.2,0.02,-3.9,-0.4,-4.3,-0.3
Myles Turner,turnemy01,IND,C,22,74,2119,18.0,0.567,0.251,0.258,5.4,22.0,13.9,8.0,1.4,8.4,10.3,20.0,1.9,4.4,6.3,0.144,0.0,2.4,2.5,2.4
Naz Mitrou-Long,mitrona01,UTA,SG,25,14,84,2.2,0.383,0.55,0.1,1.3,6.3,3.9,23.3,0.6,0.9,27.7,14.7,-0.2,0.1,-0.1,-0.046,-7.1,-1.6,-8.7,-0.1
Nemanja Bjelica,bjeline01,SAC,PF,30,77,1788,15.4,0.585,0.433,0.155,7.0,18.8,12.8,11.1,1.4,2.7,11.5,16.5,2.7,1.9,4.5,0.122,0.4,0.5,0.9,1.3
Nenê,hilarne01,HOU,C,36,42,546,11.9,0.552,0.026,0.405,6.7,18.4,12.5,6.8,1.6,2.3,7.4,11.7,0.8,0.6,1.4,0.123,-3.1,0.9,-2.2,0.0
Nerlens Noel,noelne01,OKC,C,24,77,1055,19.3,0.608,0.0,0.286,12.1,20.0,15.9,5.9,2.9,7.7,13.4,13.8,1.9,2.5,4.3,0.198,-1.2,3.3,2.1,1.1
Nick Young,youngni01,DEN,SG,33,4,37,2.3,0.5,0.889,0.0,0.0,2.9,1.5,6.8,0.0,2.4,18.2,12.7,0.0,0.0,0.0,-0.021,-4.3,-2.5,-6.9,0.0
Nicolas Batum,batumni01,CHO,SF,30,75,2354,11.9,0.581,0.53,0.158,3.2,14.9,8.9,14.5,1.5,1.6,16.3,13.2,2.0,1.7,3.7,0.076,-0.7,0.4,-0.3,1.0
Nik Stauskas,stausni01,"POR,CLE",SG,25,68,1015,10.9,0.545,0.556,0.189,1.9,11.7,6.8,11.1,1.0,0.6,12.2,17.6,0.6,0.5,1.1,0.052,-0.7,-1.2,-1.9,0.0
Nikola Jokić,jokicni01,DEN,C,23,80,2504,26.3,0.589,0.224,0.292,9.8,27.6,18.7,37.0,2.1,1.9,15.4,27.4,7.5,4.3,11.8,0.226,6.2,2.9,9.1,7.0
Nikola Mirotić,mirotni01,"NOP,MIL",PF,27,46,1245,17.2,0.584,0.587,0.229,5.1,22.6,14.0,6.2,1.2,2.2,7.4,21.4,2.0,1.4,3.5,0.133,2.1,-0.6,1.5,1.1
Nikola Vučević,vucevni01,ORL,C,28,80,2510,25.5,0.573,0.171,0.168,9.4,31.9,20.5,21.9,1.6,3.0,9.9,28.0,5.4,4.7,10.1,0.193,5.0,1.7,6.6,5.5
Noah Vonleh,vonleno01,NYK,PF,23,68,1722,13.9,0.561,0.311,0.355,6.7,25.8,16.0,11.1,1.3,2.5,14.7,14.8,1.5,1.7,3.2,0.09,-1.2,0.5,-0.7,0.6
Norman Powell,powelno01,TOR,SG,25,60,1126,13.3,0.596,0.425,0.188,1.6,11.5,6.7,11.6,1.7,1.0,13.1,19.0,1.0,1.4,2.4,0.102,-0.9,0.2,-0.7,0.4
OG Anunoby,anunoog01,TOR,SF,21,67,1352,9.8,0.544,0.5,0.153,4.8,10.8,7.9,4.7,1.6,1.3,11.3,15.5,0.3,1.7,2.0,0.07,-2.4,0.1,-2.4,-0.1
Okaro White,whiteok01,WAS,PF,26,3,6,-4.5,0.0,1.0,0.0,17.8,18.4,18.1,0.0,0.0,0.0,0.0,14.1,0.0,0.0,0.0,-0.251,-9.0,-7.8,-16.8,0.0
Omari Spellman,spellom01,ATL,PF,21,46,805,12.4,0.516,0.525,0.184,9.2,16.3,12.7,8.0,1.5,2.7,10.5,14.9,0.6,0.5,1.2,0.07,-0.5,-0.7,-1.2,0.2
Omri Casspi,casspom01,MEM,SF,30,36,520,15.7,0.606,0.267,0.36,3.6,21.5,12.4,8.1,1.9,1.6,11.0,18.0,0.6,0.7,1.3,0.119,-0.3,0.7,0.4,0.3
Otto Porter Jr.,porteot01,"WAS,CHI",SF,25,56,1683,15.9,0.569,0.398,0.149,3.4,17.0,10.1,10.6,2.3,1.6,8.7,19.1,1.8,1.5,3.2,0.093,0.8,0.1,0.9,1.2
P.J. Tucker,tuckepj01,HOU,PF,33,82,2802,9.2,0.547,0.74,0.113,4.7,14.4,9.5,4.6,2.3,1.2,10.3,9.5,2.0,3.0,5.0,0.086,-1.6,1.0,-0.6,1.0
PJ Dozier,doziepj01,BOS,SG,22,6,51,16.0,0.434,0.381,0.095,12.5,23.1,17.8,13.7,1.9,0.0,0.0,18.5,0.1,0.1,0.1,0.125,-1.3,-0.6,-2.0,0.0
Pascal Siakam,siakapa01,TOR,PF,24,80,2548,18.7,0.628,0.226,0.32,5.4,17.5,11.6,14.6,1.4,1.7,12.5,20.8,5.7,3.6,9.3,0.175,1.6,0.8,2.4,2.8
Pat Connaughton,connapa01,MIL,SG,26,61,1261,13.6,0.573,0.571,0.114,5.2,15.0,10.4,12.6,1.2,1.7,8.2,13.3,2.0,1.9,3.9,0.149,0.3,0.8,1.2,1.0
Patrick Beverley,beverpa01,LAC,PG,30,78,2137,11.8,0.561,0.591,0.258,3.9,15.0,9.6,18.4,1.5,1.6,13.8,12.2,2.8,2.0,4.8,0.108,-0.3,1.2,0.9,1.5
Patrick McCaw,mccawpa01,"CLE,TOR",SG,23,29,397,7.5,0.532,0.444,0.238,2.0,10.9,6.5,9.2,2.8,0.4,19.6,9.4,0.0,0.5,0.5,0.065,-4.8,1.9,-3.0,-0.1
Patrick Patterson,pattepa01,OKC,PF,29,63,861,8.1,0.493,0.626,0.137,4.9,13.0,8.8,4.6,0.9,1.3,8.7,12.0,0.2,0.9,1.1,0.064,-2.0,-0.4,-2.5,-0.1
Patty Mills,millspa02,SAS,PG,30,82,1908,13.2,0.572,0.609,0.155,1.4,8.9,5.2,17.6,1.3,0.4,11.6,18.5,2.2,1.2,3.5,0.087,0.4,-0.8,-0.3,0.8
Pau Gasol,gasolpa01,"SAS,MIL",C,38,30,360,16.7,0.529,0.138,0.426,6.7,34.2,20.6,19.1,0.7,3.5,12.5,15.6,0.5,0.5,1.1,0.142,1.0,2.1,3.1,0.5
Paul George,georgpa01,OKC,SF,28,77,2841,23.3,0.583,0.469,0.335,3.7,19.6,11.4,17.7,2.8,1.0,10.0,29.5,7.0,4.9,11.9,0.201,5.6,1.6,7.2,6.6
Paul Millsap,millspa01,DEN,PF,33,70,1895,17.9,0.57,0.239,0.374,8.7,20.2,14.4,10.6,2.2,2.5,10.9,19.6,3.2,2.9,6.1,0.155,0.7,1.0,1.7,1.8
Quincy Acy,acyqu01,PHO,PF,28,10,123,2.9,0.379,0.833,0.556,2.7,20.1,11.3,8.2,0.4,2.7,15.2,9.2,-0.1,0.0,-0.1,-0.022,-7.6,-0.5,-8.1,-0.2
Quincy Pondexter,pondequ01,SAS,SF,30,53,292,13.2,0.641,0.31,0.724,3.0,14.1,8.6,10.6,1.8,0.3,14.5,13.5,0.5,0.3,0.8,0.128,-1.6,0.7,-0.9,0.1
Quinn Cook,cookqu01,GSW,PG,25,74,1059,13.1,0.565,0.456,0.059,2.3,13.0,7.9,15.2,0.9,0.2,10.0,20.2,1.0,0.8,1.8,0.082,-0.5,-1.6,-2.1,0.0
R.J. Hunter,hunterj01,BOS,SG,25,1,26,21.5,0.612,0.769,0.154,4.1,8.2,6.2,18.0,1.9,0.0,0.0,23.0,0.1,0.0,0.1,0.226,3.2,0.4,3.6,0.0
Rajon Rondo,rondora01,LAL,PG,32,46,1369,12.1,0.473,0.329,0.083,2.6,15.5,9.2,35.5,1.9,0.4,22.1,17.4,-0.2,1.5,1.3,0.047,-1.7,0.2,-1.5,0.2
Raul Neto,netora01,UTA,PG,26,37,474,13.5,0.558,0.373,0.205,1.4,12.6,7.1,28.7,1.4,0.7,16.6,19.0,0.5,0.6,1.1,0.116,-1.1,0.8,-0.3,0.2
Rawle Alkins,alkinra01,CHI,SG,21,10,120,8.1,0.418,0.308,0.308,9.9,13.7,11.8,15.2,0.4,0.0,15.3,19.0,-0.1,0.0,-0.1,-0.042,-3.8,-3.5,-7.3,-0.2
Ray Spalding,spaldra01,"DAL,PHO",PF,21,14,148,14.6,0.516,0.064,0.255,11.1,25.1,18.0,5.1,2.9,4.5,14.7,17.8,0.0,0.2,0.2,0.051,-4.3,-0.8,-5.1,-0.1
Raymond Felton,feltora01,OKC,PG,34,33,379,11.2,0.505,0.452,0.096,1.1,8.4,4.6,18.7,1.2,1.3,9.0,16.6,0.3,0.4,0.7,0.087,-1.7,0.4,-1.3,0.1
Reggie Bullock,bullore01,"DET,LAL",SG,27,63,1879,10.5,0.563,0.662,0.143,1.2,8.8,4.9,10.1,1.0,0.5,9.3,15.8,1.6,1.4,3.1,0.078,-0.7,-0.4,-1.1,0.4
Reggie Jackson,jacksre01,DET,PG,28,82,2289,15.2,0.547,0.45,0.225,2.1,8.5,5.2,24.7,1.2,0.3,11.4,24.5,3.1,1.9,5.0,0.105,1.3,-0.9,0.4,1.4
Richaun Holmes,holmeri01,PHO,C,25,70,1184,20.7,0.647,0.0,0.479,10.6,20.5,15.5,7.9,1.7,5.6,10.5,17.9,3.1,1.1,4.3,0.173,0.1,0.5,0.6,0.8
Ricky Rubio,rubiori01,UTA,PG,28,68,1899,14.0,0.52,0.348,0.312,1.9,11.8,6.9,32.1,2.3,0.4,17.8,22.7,0.9,2.8,3.7,0.095,-1.0,0.8,-0.2,0.9
Robert Covington,covinro01,"PHI,MIN",SF,28,35,1203,13.3,0.58,0.622,0.246,2.5,14.6,8.5,5.2,2.9,3.2,10.5,15.6,0.9,1.6,2.5,0.1,-0.5,2.1,1.6,1.1
Robert Williams,williro04,BOS,C,21,32,283,18.8,0.703,0.0,0.294,10.2,20.4,15.3,3.3,1.5,12.5,14.8,10.3,0.5,0.6,1.2,0.201,-1.7,3.4,1.8,0.3
Robin Lopez,lopezro01,CHI,C,30,74,1606,15.9,0.598,0.058,0.23,9.4,10.0,9.7,8.8,0.3,4.2,14.0,18.6,2.0,0.7,2.7,0.081,-0.6,-1.4,-1.9,0.0
Rodions Kurucs,kurucro01,BRK,SF,20,63,1294,11.0,0.545,0.41,0.205,4.6,15.4,10.0,6.0,1.5,1.5,13.6,18.4,0.1,1.5,1.6,0.059,-2.9,0.3,-2.6,-0.2
Rodney Hood,hoodro01,"CLE,POR",SG,26,72,1893,12.3,0.545,0.352,0.231,1.4,7.9,4.6,10.0,1.5,0.5,6.9,18.1,2.1,0.5,2.6,0.065,-1.2,-0.8,-2.0,0.0
Rodney McGruder,mcgruro01,MIA,SG,27,66,1550,9.4,0.51,0.488,0.156,4.1,12.2,8.2,10.3,1.1,0.7,11.5,15.4,0.4,1.6,1.9,0.059,-2.2,-0.1,-2.3,-0.1
Ron Baker,bakerro01,"NYK,WAS",SG,25,15,152,2.5,0.309,0.65,0.3,0.7,7.1,3.8,12.8,1.9,0.6,18.1,7.8,-0.2,0.1,-0.1,-0.034,-7.7,0.7,-7.0,-0.2
Rondae Hollis-Jefferson,holliro01,BRK,SF,24,59,1234,12.5,0.464,0.101,0.376,7.1,19.2,13.2,11.7,1.7,1.7,10.7,21.6,-0.5,1.7,1.2,0.047,-3.0,0.4,-2.6,-0.2
Royce O'Neale,onealro01,UTA,SF,25,82,1671,9.0,0.589,0.513,0.122,1.5,16.7,9.2,10.0,1.5,1.1,16.2,11.0,0.7,2.5,3.3,0.094,-2.6,2.1,-0.5,0.6
Rudy Gay,gayru01,SAS,PF,32,69,1842,17.5,0.583,0.247,0.197,3.8,23.9,13.9,14.7,1.4,1.6,12.3,22.1,2.2,2.2,4.4,0.115,0.8,0.6,1.4,1.6
Rudy Gobert,goberru01,UTA,C,26,81,2577,24.6,0.682,0.0,0.733,13.2,30.2,21.9,9.6,1.2,5.8,12.1,17.8,8.7,5.7,14.4,0.268,3.0,2.5,5.4,4.8
Russell Westbrook,westbru01,OKC,PG,30,73,2630,21.1,0.501,0.279,0.306,4.1,28.3,15.8,46.5,2.5,1.1,16.3,30.9,1.8,5.0,6.8,0.124,2.8,2.4,5.2,4.7
Ryan Anderson,anderry01,"PHO,MIA",PF,30,25,322,4.6,0.414,0.58,0.232,6.1,12.5,9.2,7.8,0.6,0.3,15.5,12.0,-0.3,0.0,-0.2,-0.035,-4.5,-1.9,-6.4,-0.4
Ryan Arcidiacono,arcidry01,CHI,PG,24,81,1961,11.6,0.588,0.519,0.244,1.5,10.8,6.1,18.9,1.6,0.2,12.0,11.7,2.8,0.9,3.7,0.09,-2.0,0.1,-1.9,0.1
Ryan Broekhoff,broekry01,DAL,SG,28,42,453,10.7,0.621,0.738,0.151,1.9,12.9,7.4,7.2,0.6,0.8,10.6,14.3,0.5,0.3,0.8,0.086,-0.5,-0.5,-1.0,0.1
Salah Mejri,mejrisa01,DAL,C,32,36,399,16.1,0.559,0.304,0.286,9.7,25.3,17.6,13.2,1.2,5.5,14.3,15.8,0.5,0.6,1.1,0.136,-1.1,1.9,0.8,0.3
Sam Dekker,dekkesa01,"CLE,WAS",PF,24,47,788,13.3,0.519,0.242,0.18,7.2,13.5,10.2,8.3,2.3,0.7,8.0,16.2,0.6,0.5,1.0,0.064,-1.0,-0.7,-1.8,0.1
Scott Machado,machasc01,LAL,PG,28,4,19,22.2,0.776,0.167,0.167,0.0,0.0,0.0,23.5,2.4,0.0,0.0,14.0,0.1,0.0,0.1,0.281,2.9,2.7,5.5,0.0
Semi Ojeleye,ojelese01,BOS,PF,24,56,594,8.5,0.531,0.563,0.247,4.3,11.2,7.7,5.1,0.8,0.6,9.8,14.1,0.2,0.5,0.7,0.057,-2.8,-1.2,-4.0,-0.3
Serge Ibaka,ibakase01,TOR,C,29,74,2010,18.7,0.582,0.193,0.202,8.6,23.2,16.1,7.7,0.7,4.3,10.7,22.9,2.8,3.3,6.1,0.146,0.2,0.1,0.2,1.2
Seth Curry,curryse01,POR,SG,28,74,1399,11.4,0.595,0.54,0.112,2.1,6.9,4.6,6.5,1.2,0.7,11.1,16.6,1.5,0.9,2.4,0.082,-0.4,-0.7,-1.0,0.3
Shabazz Napier,napiesh01,BRK,PG,27,56,983,15.3,0.534,0.524,0.317,1.9,8.7,5.3,22.2,2.0,1.3,11.7,24.0,1.0,1.0,2.0,0.098,0.9,0.6,1.5,0.9
Shai Gilgeous-Alexander,gilgesh01,LAC,PG,20,82,2174,13.4,0.554,0.194,0.272,2.9,8.3,5.7,17.8,2.1,1.6,15.0,18.3,1.5,1.9,3.3,0.074,-0.9,0.4,-0.5,0.8
Shake Milton,miltosh01,PHI,SG,22,20,268,9.3,0.483,0.506,0.08,3.7,10.0,6.9,9.2,1.4,2.3,6.2,15.0,0.1,0.3,0.3,0.059,-2.6,-0.6,-3.2,-0.1
Shaquille Harrison,harrish01,CHI,SG,25,73,1430,12.4,0.494,0.209,0.289,2.5,14.5,8.4,14.1,3.0,1.8,11.1,16.5,-0.1,1.6,1.4,0.048,-2.8,1.5,-1.3,0.2
Shaun Livingston,livinsh01,GSW,PG,33,64,967,11.7,0.555,0.01,0.243,4.9,7.9,6.5,14.8,1.5,2.3,14.1,12.0,1.2,0.9,2.0,0.101,-1.7,0.7,-1.0,0.2
Shelvin Mack,macksh01,"MEM,CHO",PG,28,57,1246,10.4,0.489,0.323,0.208,1.6,7.9,4.7,22.6,1.9,0.3,13.0,18.1,-0.2,1.1,0.9,0.034,-2.7,-0.4,-3.0,-0.3
Sindarius Thornwell,thornsi01,LAC,SG,24,64,313,5.2,0.485,0.306,0.694,1.7,12.8,7.5,7.2,2.1,1.8,23.8,11.3,-0.3,0.3,0.0,0.004,-5.8,1.0,-4.7,-0.2
Skal Labissière,labissk01,"SAC,POR",PF,22,22,176,12.6,0.593,0.265,0.347,5.4,20.3,12.8,8.6,1.4,2.8,16.3,16.0,0.1,0.2,0.3,0.089,-2.9,-0.1,-3.0,0.0
Solomon Hill,hillso01,NOP,SF,27,44,878,6.8,0.497,0.567,0.18,4.1,11.5,7.8,7.6,1.2,0.9,13.9,10.4,0.1,0.4,0.5,0.029,-3.1,-0.4,-3.6,-0.3
Spencer Dinwiddie,dinwisp01,BRK,PG,25,68,1914,16.3,0.58,0.447,0.43,1.4,7.6,4.6,25.6,1.0,0.7,13.4,24.9,3.5,1.4,4.8,0.121,1.4,-0.8,0.6,1.3
Stanley Johnson,johnsst04,"DET,NOP",SF,22,66,1208,9.6,0.485,0.489,0.145,3.0,16.9,9.7,10.6,2.4,1.0,14.7,19.4,-1.1,1.6,0.5,0.021,-3.1,0.9,-2.2,0.0
Stephen Curry,curryst01,GSW,PG,30,69,2331,24.4,0.641,0.604,0.214,2.2,14.2,8.4,24.2,1.9,0.9,11.6,30.4,7.2,2.5,9.7,0.199,7.1,-0.5,6.6,5.1
Sterling Brown,brownst02,MIL,SG,23,58,1034,10.9,0.563,0.471,0.135,3.0,14.4,9.0,10.7,1.1,0.7,12.2,15.2,0.7,1.4,2.1,0.098,-1.8,0.3,-1.5,0.1
Steven Adams,adamsst01,OKC,C,25,80,2669,18.5,0.591,0.002,0.361,14.7,14.8,14.7,6.6,2.0,2.4,12.6,16.4,5.1,4.0,9.1,0.163,0.7,0.4,1.1,2.1
Svi Mykhailiuk,mykhasv01,"LAL,DET",SF,21,42,440,6.0,0.447,0.636,0.143,2.2,6.2,4.2,10.9,1.5,0.2,12.4,16.0,-0.4,0.3,-0.1,-0.012,-3.9,-1.1,-5.0,-0.3
T.J. Leaf,leaftj01,IND,PF,21,58,522,16.9,0.572,0.169,0.169,9.3,17.1,13.3,6.9,0.8,3.2,5.8,17.5,0.9,0.7,1.6,0.148,0.3,-0.6,-0.3,0.2
T.J. McConnell,mccontj01,PHI,PG,26,76,1470,13.4,0.555,0.1,0.088,2.1,10.2,6.3,24.7,2.5,0.9,17.3,15.0,1.2,1.7,2.9,0.094,-1.8,0.9,-0.9,0.4
T.J. Warren,warretj01,PHO,SF,25,43,1360,16.3,0.58,0.295,0.203,2.5,11.8,7.1,7.7,1.8,1.8,7.2,22.7,1.6,0.5,2.1,0.074,0.9,-1.1,-0.2,0.6
Tahjere McCall,mccalta01,BRK,SG,24,1,8,9.6,0.581,0.333,0.333,0.0,13.1,6.6,0.0,0.0,0.0,0.0,18.1,0.0,0.0,0.0,0.055,-6.0,-0.6,-6.6,0.0
Taj Gibson,gibsota01,MIN,PF,33,70,1686,17.8,0.612,0.063,0.33,10.8,18.3,14.5,7.3,1.5,2.0,10.6,17.2,3.7,1.4,5.1,0.144,0.3,-0.4,-0.1,0.8
Taurean Prince,princta02,ATL,SF,24,55,1552,11.9,0.575,0.53,0.195,1.5,12.3,6.7,11.1,1.6,1.1,13.4,19.5,0.8,0.7,1.5,0.047,-1.0,-1.0,-2.0,0.0
Terrance Ferguson,fergute01,OKC,SG,20,74,1931,6.4,0.566,0.673,0.118,1.7,6.0,3.8,4.8,1.0,0.7,9.4,10.6,1.2,1.6,2.8,0.07,-3.9,0.1,-3.8,-0.9
Terrence Jones,joneste01,HOU,PF,27,2,5,-15.8,0.225,0.5,0.25,0.0,90.3,44.2,0.0,0.0,0.0,18.4,47.2,-0.1,0.0,-0.1,-0.661,-24.7,-6.4,-31.1,0.0
Terrence Ross,rosste01,ORL,SG,27,81,2150,15.4,0.561,0.551,0.14,1.3,12.8,7.0,9.9,1.6,1.1,7.6,23.9,1.7,2.6,4.3,0.095,1.1,-0.3,0.8,1.5
Terry Rozier,roziete01,BOS,PG,24,79,1791,12.9,0.501,0.506,0.14,1.9,16.4,9.1,17.7,1.8,1.0,8.8,18.6,0.9,2.3,3.2,0.086,-0.7,0.5,-0.2,0.8
Thabo Sefolosha,sefolth01,UTA,SF,34,50,609,12.1,0.599,0.523,0.148,1.4,20.1,10.9,6.1,3.4,0.7,13.6,12.9,0.2,1.2,1.5,0.115,-1.6,3.1,1.5,0.5
Thaddeus Young,youngth01,IND,PF,30,81,2489,16.2,0.569,0.174,0.161,8.7,14.4,11.7,12.0,2.4,1.3,12.0,18.0,3.0,3.9,6.9,0.133,0.4,1.1,1.5,2.2
Theo Pinson,pinsoth01,BRK,SG,23,18,211,8.1,0.49,0.63,0.301,2.0,15.9,9.0,14.1,1.4,0.0,17.9,20.0,-0.2,0.2,0.0,0.004,-3.6,0.4,-3.2,-0.1
Thomas Bryant,bryanth01,WAS,C,21,72,1496,21.0,0.674,0.197,0.273,8.1,25.1,16.5,9.3,0.8,3.8,9.6,17.6,4.3,1.3,5.6,0.178,2.3,-0.3,2.0,1.5
Thomas Welsh,welshth01,DEN,C,22,11,36,16.1,0.648,0.538,0.154,0.0,12.1,6.0,20.5,0.0,0.0,6.7,17.7,0.1,0.0,0.1,0.162,2.2,-1.1,1.2,0.0
Thon Maker,makerth01,"MIL,DET",C,21,64,972,11.3,0.53,0.571,0.313,4.5,17.4,11.0,6.3,1.0,4.4,9.8,14.8,0.5,1.5,2.0,0.099,-2.2,1.0,-1.2,0.2
Tim Frazier,fraziti01,"NOP,MIL",PG,28,59,1120,11.7,0.544,0.387,0.207,3.9,11.5,7.7,27.6,1.2,0.4,21.1,13.3,1.3,0.7,2.0,0.084,-1.4,-0.4,-1.8,0.1
Tim Hardaway Jr.,hardati02,"NYK,DAL",SG,26,65,2057,13.6,0.527,0.48,0.278,1.7,9.8,5.7,12.8,1.3,0.3,8.6,25.4,1.0,0.9,1.8,0.043,-0.1,-2.0,-2.0,0.0
Timothé Luwawu-Cabarrot,luwawti01,"OKC,CHI",SF,23,50,669,8.0,0.489,0.532,0.188,1.7,14.1,7.8,5.5,1.4,1.0,8.2,16.6,-0.3,0.5,0.2,0.015,-4.1,-1.1,-5.2,-0.5
Tobias Harris,harrito02,"LAC,PHI",PF,26,82,2847,17.2,0.592,0.313,0.245,2.6,20.8,12.0,12.5,0.8,1.0,9.8,22.8,4.5,2.6,7.1,0.12,2.1,-0.5,1.6,2.6
Tomáš Satoranský,satorto01,WAS,PG,27,80,2164,14.1,0.59,0.306,0.302,4.0,10.0,7.0,24.6,1.8,0.5,16.7,14.1,3.8,0.9,4.7,0.104,-0.4,-0.3,-0.7,0.7
Tony Bradley,bradlto01,UTA,C,21,3,36,19.6,0.504,0.0,0.125,27.6,17.7,22.6,4.5,2.7,4.4,15.1,23.6,0.0,0.1,0.1,0.13,-3.6,-2.4,-6.0,0.0
Tony Parker,parketo01,CHO,PG,36,56,1003,15.3,0.512,0.11,0.268,1.5,7.6,4.5,33.3,1.0,0.6,12.7,25.5,0.6,0.3,0.9,0.044,-0.3,-2.3,-2.6,-0.1
Tony Snell,snellto01,MIL,SF,27,74,1304,10.7,0.585,0.565,0.116,2.4,9.4,6.1,6.7,0.9,1.2,5.7,12.9,1.6,1.6,3.2,0.117,-1.0,0.3,-0.7,0.4
Torrey Craig,craigto01,DEN,SF,28,75,1503,10.4,0.547,0.519,0.193,6.4,12.6,9.5,6.3,1.2,2.7,10.1,12.4,1.4,1.7,3.0,0.096,-2.0,0.2,-1.9,0.0
Trae Young,youngtr01,ATL,PG,20,81,2503,17.0,0.539,0.384,0.33,2.6,10.2,6.3,40.5,1.3,0.5,17.6,28.4,2.5,0.7,3.3,0.062,2.3,-2.8,-0.6,0.9
Treveon Graham,grahatr01,BRK,SG,25,35,715,6.1,0.458,0.67,0.115,3.4,12.3,7.9,6.5,0.9,0.8,7.8,12.8,-0.1,0.6,0.5,0.033,-3.7,0.0,-3.7,-0.3
Trevon Duval,duvaltr01,MIL,PG,20,3,6,38.3,0.833,0.333,0.0,0.0,16.0,8.5,59.0,0.0,0.0,0.0,20.9,0.1,0.0,0.1,0.537,19.1,5.3,24.4,0.0
Trevor Ariza,arizatr01,"PHO,WAS",SF,33,69,2349,12.1,0.534,0.59,0.223,2.3,15.2,8.6,14.8,1.8,0.7,11.6,16.6,1.3,1.2,2.5,0.052,-0.7,-0.6,-1.3,0.4
Trey Burke,burketr01,"NYK,DAL",PG,26,58,1125,16.5,0.524,0.29,0.226,2.6,6.7,4.6,24.1,1.4,0.5,7.5,24.8,1.4,0.5,1.9,0.081,1.5,-1.4,0.1,0.6
Trey Lyles,lylestr01,DEN,PF,23,64,1120,12.7,0.5,0.404,0.234,4.2,19.6,11.9,11.3,1.3,1.8,11.1,23.4,-0.2,1.4,1.2,0.05,-1.8,-0.7,-2.4,-0.1
Tristan Thompson,thomptr01,CLE,C,27,43,1198,18.4,0.551,0.0,0.279,15.4,25.7,20.3,11.2,1.2,1.2,12.1,17.7,2.1,0.5,2.6,0.105,1.4,-1.9,-0.5,0.4
Troy Brown Jr.,browntr01,WAS,SF,19,52,730,11.1,0.487,0.295,0.201,5.1,16.6,10.8,14.9,1.4,0.6,10.5,16.5,0.2,0.4,0.6,0.039,-1.7,-1.0,-2.7,-0.1
Troy Caupain,caupatr01,ORL,PG,23,4,16,30.7,0.625,0.375,0.0,6.6,13.6,10.0,42.5,3.1,0.0,0.0,21.8,0.1,0.0,0.1,0.347,9.6,3.7,13.3,0.1
Troy Daniels,danietr01,PHO,SG,27,51,760,9.8,0.558,0.705,0.084,1.9,8.9,5.3,5.0,1.6,0.5,8.7,17.6,0.2,0.1,0.3,0.02,-1.7,-2.0,-3.7,-0.3
Troy Williams,willitr02,SAC,SF,24,21,312,10.5,0.531,0.449,0.153,3.9,15.9,9.7,4.7,1.5,2.2,7.9,15.0,0.1,0.3,0.4,0.064,-2.4,0.0,-2.4,0.0
Tyler Cavanaugh,cavanty01,UTA,PF,24,11,39,5.0,0.414,0.5,0.2,8.5,13.6,11.1,3.4,0.0,0.0,8.4,13.0,0.0,0.0,0.0,0.026,-5.3,-3.1,-8.4,-0.1
Tyler Davis,davisty01,OKC,C,21,1,1,0.0,0.0,0.0,0.0,100.0,0.0,51.6,0.0,0.0,0.0,0.0,40.7,0.0,0.0,0.0,-0.471,-9.6,-31.1,-40.7,0.0
Tyler Dorsey,dorsety01,"ATL,MEM",SG,22,48,698,11.2,0.509,0.5,0.231,4.2,13.7,8.9,12.4,1.0,0.3,8.5,19.7,0.2,0.4,0.6,0.043,-1.4,-2.1,-3.5,-0.3
Tyler Johnson,johnsty01,"MIA,PHO",PG,26,57,1529,12.4,0.532,0.494,0.241,2.4,9.8,6.1,15.9,1.7,1.6,11.7,18.5,0.9,1.4,2.3,0.071,-0.7,0.3,-0.4,0.6
Tyler Lydon,lydonty01,DEN,PF,22,25,94,9.3,0.595,0.556,0.167,8.0,12.7,10.4,8.2,1.0,0.0,17.2,10.6,0.1,0.1,0.2,0.086,-2.8,-1.4,-4.2,-0.1
Tyler Ulis,ulisty01,CHI,PG,23,1,1,0.0,,,,0.0,0.0,0.0,0.0,0.0,0.0,,0.0,0.0,0.0,0.0,-0.015,-7.7,-2.7,-10.4,0.0
Tyler Zeller,zellety01,"ATL,MEM",C,29,6,93,17.3,0.607,0.033,0.6,12.9,15.7,14.2,6.7,0.5,3.1,9.5,20.1,0.2,0.1,0.3,0.167,-3.1,-1.9,-5.0,-0.1
Tyreke Evans,evansty01,IND,SG,29,69,1402,11.5,0.483,0.327,0.242,2.7,13.0,7.9,17.5,2.0,1.1,13.9,26.4,-1.7,2.0,0.3,0.01,-2.4,-0.3,-2.7,-0.2
Tyrone Wallace,wallaty01,LAC,PG,24,62,628,7.0,0.45,0.088,0.263,3.5,13.2,8.5,9.5,1.6,0.9,12.9,18.7,-0.8,0.5,-0.3,-0.023,-5.6,-0.8,-6.4,-0.7
Tyson Chandler,chandty01,"PHO,LAL",C,36,55,875,11.2,0.63,0.01,0.879,11.1,25.3,18.3,5.3,1.1,2.2,23.4,8.5,0.9,1.2,2.1,0.114,-2.9,0.8,-2.1,0.0
Tyus Jones,jonesty01,MIN,PG,22,68,1560,13.7,0.491,0.283,0.155,1.6,7.7,4.6,28.3,2.5,0.3,9.0,14.1,2.1,0.9,3.0,0.091,-0.9,0.3,-0.6,0.6
Udonis Haslem,hasleud01,MIA,C,38,10,74,3.6,0.36,0.364,0.121,4.3,34.5,19.4,4.0,0.0,0.0,7.9,21.9,-0.2,0.1,-0.1,-0.075,-8.4,-2.4,-10.9,-0.2
Victor Oladipo,oladivi01,IND,SG,26,36,1147,17.6,0.519,0.367,0.24,2.1,17.1,9.8,25.2,2.6,0.9,11.2,27.9,0.4,1.9,2.3,0.097,1.8,1.2,2.9,1.4
Vince Carter,cartevi01,ATL,PF,42,76,1330,11.8,0.565,0.675,0.141,2.4,13.2,7.7,9.3,1.5,1.8,8.8,16.7,1.2,0.7,1.9,0.07,-0.4,-0.3,-0.7,0.5
Vince Edwards,edwarvi01,HOU,SF,22,2,16,3.8,0.375,1.0,0.0,6.8,7.1,6.9,0.0,0.0,0.0,0.0,10.9,0.0,0.0,0.0,-0.014,-1.6,-4.8,-6.4,0.0
Wade Baldwin,baldwwa01,POR,PG,22,16,94,1.3,0.396,0.273,0.333,2.3,14.4,8.5,16.6,0.5,1.7,27.0,23.3,-0.4,0.1,-0.3,-0.153,-8.4,-1.9,-10.3,-0.2
Walt Lemon Jr.,lemonwa01,CHI,PG,26,6,167,16.3,0.468,0.057,0.126,2.6,15.1,8.8,30.3,3.2,0.5,9.8,26.6,-0.1,0.2,0.1,0.026,-2.4,0.2,-2.2,0.0
Wayne Ellington,ellinwa01,"MIA,DET",SG,31,53,1297,11.8,0.569,0.814,0.107,1.1,7.9,4.5,8.3,2.0,0.4,7.7,17.2,1.3,1.4,2.6,0.097,-0.3,0.3,0.0,0.7
Wayne Selden,seldewa01,"MEM,CHI",SG,24,75,1439,8.3,0.491,0.36,0.19,2.8,11.0,6.9,11.3,1.1,0.8,13.1,18.4,-1.0,0.8,-0.3,-0.009,-3.8,-1.6,-5.4,-1.2
Wendell Carter Jr.,cartewe01,CHI,C,19,44,1110,15.2,0.541,0.086,0.302,8.4,21.8,15.0,10.7,1.1,4.5,13.4,19.1,0.7,1.2,1.9,0.08,-2.2,0.6,-1.6,0.1
Wes Iwundu,iwundwe01,ORL,SF,24,68,1233,8.7,0.531,0.288,0.376,3.2,13.0,8.0,7.9,1.1,1.5,12.1,12.8,0.5,1.4,1.9,0.073,-3.8,0.6,-3.2,-0.4
Wesley Johnson,johnswe01,"NOP,WAS",SF,31,38,534,5.5,0.469,0.594,0.148,2.4,11.7,7.1,5.3,1.2,1.9,11.7,12.0,-0.3,0.3,0.0,0.001,-4.3,-0.5,-4.8,-0.4
Wesley Matthews,matthwe02,"DAL,NYK,IND",SF,32,69,2091,10.3,0.546,0.577,0.234,1.7,7.1,4.4,11.1,1.3,0.7,10.6,17.8,1.1,1.5,2.7,0.062,-1.4,-0.5,-1.8,0.1
Will Barton,bartowi01,DEN,SF,28,43,1189,11.0,0.501,0.426,0.161,2.9,15.3,9.1,14.6,0.7,1.6,11.7,20.0,0.1,1.1,1.2,0.049,-1.1,-0.8,-1.8,0.0
Willie Cauley-Stein,caulewi01,SAC,C,25,81,2213,18.0,0.566,0.003,0.343,8.2,23.7,15.8,12.3,2.0,2.0,9.0,17.5,3.8,2.9,6.7,0.146,0.2,1.1,1.2,1.8
Willy Hernangómez,hernawi01,CHO,C,24,58,812,20.4,0.587,0.132,0.488,15.3,26.3,20.7,11.5,1.0,2.1,13.9,22.1,1.8,0.8,2.6,0.153,1.1,-1.1,-0.1,0.4
Wilson Chandler,chandwi01,"PHI,LAC",PF,31,51,1177,8.5,0.537,0.579,0.092,4.4,14.6,9.7,9.1,1.0,1.4,13.9,11.8,0.5,1.0,1.5,0.062,-2.3,-0.5,-2.8,-0.2
Yante Maten,matenya01,MIA,PF,22,2,13,5.7,0.25,0.25,0.0,8.2,16.4,12.3,0.0,3.8,0.0,0.0,13.2,0.0,0.0,0.0,-0.026,-7.5,-1.6,-9.1,0.0
Yogi Ferrell,ferreyo01,SAC,PG,25,71,1067,12.7,0.55,0.423,0.19,1.2,9.5,5.3,17.0,1.6,0.3,9.5,16.3,1.3,0.6,1.9,0.087,-1.0,-0.4,-1.4,0.2
Yuta Watanabe,watanyu01,MEM,SF,24,15,174,3.3,0.352,0.314,0.196,2.5,17.7,10.0,6.6,1.1,0.5,9.8,15.8,-0.4,0.2,-0.2,-0.065,-7.0,-2.1,-9.1,-0.3
Zach Collins,colliza01,POR,C,21,77,1356,13.5,0.562,0.303,0.315,8.8,16.5,12.7,7.1,0.9,3.9,14.5,16.6,1.4,1.5,2.9,0.104,-1.5,0.3,-1.2,0.3
Zach LaVine,lavinza01,CHI,SG,23,63,2171,18.7,0.574,0.283,0.33,2.0,12.9,7.4,22.6,1.3,1.0,14.2,30.5,1.7,1.1,2.8,0.062,2.4,-1.6,0.8,1.5
Zach Lofton,loftoza01,DET,SG,26,1,4,-10.0,0.0,1.0,0.0,0.0,0.0,0.0,0.0,12.3,0.0,50.0,21.6,-0.1,0.0,0.0,-0.447,-17.4,6.0,-11.5,0.0
Zaza Pachulia,pachuza01,DET,C,34,68,878,13.7,0.539,0.021,0.642,11.9,21.5,16.5,14.7,1.7,1.6,18.7,15.0,1.1,1.3,2.3,0.128,-2.8,1.6,-1.2,0.2
Zhaire Smith,smithzh01,PHI,SG,19,6,111,9.5,0.533,0.471,0.235,2.9,9.3,6.2,12.3,0.9,1.4,13.8,16.4,0.0,0.1,0.1,0.048,-2.8,-2.2,-5.0,-0.1
Zhou Qi,qizh01,HOU,PF,23,1,1,80.4,1.0,0.0,0.0,0.0,0.0,0.0,0.0,0.0,0.0,0.0,43.4,0.0,0.0,0.0,1.261,40.1,11.9,52.0,0.0
Álex Abrines,abrinal01,OKC,SG,25,31,588,6.3,0.507,0.809,0.083,0.9,7.8,4.2,4.3,1.3,0.9,7.9,12.2,0.1,0.6,0.6,0.053,-3.7,0.4,-3.3,-0.2
Ángel Delgado,delgaan01,LAC,C,24,2,15,4.3,0.255,0.0,0.4,14.6,13.7,14.1,0.0,3.1,0.0,0.0,16.5,0.0,0.0,0.0,-0.055,-7.0,-5.0,-12.0,0.0
