Player,PlayerID,Tms,Pos,Age,G,MP,PER,TS%,3PAr,FTr,ORB%,DRB%,TRB%,AST%,STL%,BLK%,TOV%,USG%,OWS,DWS,WS,WS/48,OBPM,DBPM,BPM,VORP
A.C. Green,greenac01,MIA,PF,37,82,1411,11.2,0.492,0.019,0.343,9.0,17.3,13.2,4.8,1.2,0.4,10.8,14.4,1.1,2.1,3.2,0.11,-2.2,0.0,-2.2,-0.1
A.J. Guyton,guytoaj01,CHI,PG,22,33,630,10.3,0.495,0.359,0.094,1.8,5.1,3.4,18.1,0.8,0.6,10.7,16.5,0.4,-0.1,0.3,0.02,-0.8,-3.2,-4.0,-0.3
Aaron McKie,mckieaa01,PHI,SG,28,76,2394,15.1,0.549,0.238,0.272,1.6,12.9,7.3,26.7,2.3,0.2,20.3,18.9,2.3,3.5,5.9,0.118,0.1,1.3,1.4,2.1
Aaron Williams,williaa01,NJN,PF,29,82,2336,15.1,0.533,0.003,0.477,10.1,19.2,14.5,6.5,1.3,3.6,14.4,17.8,2.9,2.3,5.2,0.107,-1.3,-0.3,-1.6,0.2
Adam Keefe,keefead01,GSW,PF,30,67,836,9.7,0.45,0.019,0.396,10.5,16.4,13.3,6.5,1.7,1.7,17.6,11.5,0.1,0.5,0.6,0.032,-3.5,-0.7,-4.3,-0.5
Adonal Foyle,foylead01,GSW,C,25,58,1457,12.4,0.422,0.0,0.181,10.5,19.7,14.7,5.2,1.1,7.6,16.3,14.0,-0.8,1.5,0.7,0.022,-3.6,0.8,-2.8,-0.3
Adrian Griffin,griffad01,BOS,SF,26,44,377,10.5,0.432,0.268,0.247,8.0,19.4,13.5,11.7,2.5,1.0,14.3,15.1,0.0,0.5,0.4,0.056,-2.5,0.1,-2.4,0.0
Al Harrington,harrial01,IND,PF,20,78,1892,10.2,0.479,0.013,0.289,7.4,15.2,11.4,11.8,1.8,0.7,19.5,18.8,-1.0,2.2,1.2,0.031,-3.3,-0.1,-3.4,-0.7
Alan Henderson,hendeal01,ATL,PF,28,73,1810,14.0,0.487,0.001,0.404,11.0,14.0,12.5,4.9,1.5,1.1,13.8,22.6,0.5,1.4,1.9,0.05,-1.2,-1.9,-3.0,-0.5
Allan Houston,houstal01,NYK,SG,29,78,2858,16.1,0.543,0.209,0.254,0.9,10.8,6.0,12.0,1.0,0.3,10.7,25.7,4.1,3.5,7.5,0.126,1.3,-0.1,1.1,2.2
Allen Iverson,iversal01,PHI,SG,25,71,2979,24.0,0.518,0.169,0.397,1.9,8.3,5.2,23.0,3.2,0.5,10.0,35.9,7.3,4.5,11.8,0.19,5.0,1.1,6.1,6.1
Alonzo Mourning,mournal01,MIA,C,30,13,306,24.6,0.536,0.007,0.39,13.6,25.6,19.6,8.9,0.7,7.8,14.5,30.6,0.2,0.7,0.9,0.148,1.7,1.2,2.9,0.4
Alvin Williams,willial02,TOR,SG,26,82,2394,15.2,0.483,0.141,0.189,2.3,7.8,5.0,27.2,2.7,0.8,11.0,17.4,3.3,2.1,5.4,0.109,-0.1,0.9,0.8,1.7
Andre Miller,millean02,CLE,PG,24,82,2848,20.1,0.541,0.064,0.45,3.8,10.8,7.3,40.5,2.2,0.7,18.1,23.2,6.1,1.9,8.0,0.136,3.0,-0.2,2.8,3.4
Andrew DeClercq,declean01,ORL,C,27,67,903,12.8,0.57,0.0,0.425,10.9,18.3,14.5,5.6,2.3,2.7,18.2,13.7,1.0,1.4,2.5,0.132,-3.4,1.2,-2.2,0.0
Andy Panko,pankoan01,ATL,SF,23,1,1,0.0,,,,0.0,0.0,0.0,0.0,0.0,0.0,,0.0,0.0,0.0,0.0,-0.017,-3.2,-2.9,-6.2,0.0
Anfernee Hardaway,hardaan01,PHO,SG,29,4,112,16.6,0.477,0.222,0.306,5.0,13.4,9.1,22.0,2.8,0.6,6.8,17.5,0.2,0.2,0.4,0.155,0.7,2.4,3.0,0.1
Antawn Jamison,jamisan01,GSW,SF,24,82,3394,19.0,0.499,0.113,0.295,8.1,14.8,11.2,9.5,1.7,0.6,8.9,27.9,5.4,1.3,6.7,0.094,2.8,-2.0,0.8,2.3
Anthony Carter,cartean01,MIA,PG,25,72,1630,11.3,0.439,0.083,0.215,3.4,9.8,6.6,29.5,2.5,0.5,18.5,19.2,-0.8,2.5,1.7,0.05,-3.0,1.1,-1.9,0.0
Anthony Goldwire,goldwan01,DEN,PG,29,20,201,12.6,0.469,0.425,0.213,0.5,6.0,3.2,28.0,2.3,0.0,14.6,22.7,0.0,0.1,0.1,0.023,-0.9,-1.3,-2.2,0.0
Anthony Johnson,johnsan02,"ATL,CLE",PG,26,53,511,8.1,0.39,0.033,0.217,2.2,7.6,4.9,24.5,2.4,0.8,17.0,17.6,-0.5,0.3,-0.2,-0.019,-4.4,0.1,-4.3,-0.3
Anthony Mason,masonan01,MIA,PF,34,80,3254,17.4,0.555,0.0,0.497,6.2,21.9,14.1,14.2,1.4,0.6,13.3,20.0,6.0,5.6,11.6,0.171,0.8,1.1,1.9,3.2
Anthony Miller,millean01,"ATL,HOU,PHI",PF,29,4,11,0.9,0.5,0.0,0.0,0.0,20.4,10.1,0.0,0.0,0.0,33.3,12.2,0.0,0.0,0.0,-0.082,-7.5,-2.4,-9.9,0.0
Anthony Peeler,peelean01,MIN,SG,31,75,2126,12.6,0.513,0.35,0.119,2.3,8.0,5.2,13.9,2.2,0.6,12.0,18.6,1.6,1.5,3.2,0.071,-0.4,-0.3,-0.6,0.7
Antoine Walker,walkean02,BOS,PF,24,81,3396,18.9,0.505,0.351,0.202,5.0,20.4,12.3,26.8,2.1,1.1,13.8,29.1,2.7,3.8,6.6,0.093,3.5,-0.5,3.0,4.3
Antonio Daniels,daniean01,SAS,PG,25,79,2060,15.5,0.567,0.311,0.265,1.5,7.2,4.5,24.9,1.6,0.5,14.2,17.5,4.1,2.4,6.6,0.153,1.3,0.4,1.7,1.9
Antonio Davis,davisan01,TOR,C,32,78,2729,16.5,0.508,0.001,0.488,11.0,21.7,16.2,6.2,0.4,3.9,11.4,19.5,4.2,3.1,7.2,0.127,-0.3,-0.8,-1.1,0.6
Antonio Harvey,harvean01,POR,PF,30,12,72,17.0,0.506,0.0,0.214,8.6,14.4,11.6,9.6,0.7,6.2,8.9,21.7,0.1,0.1,0.2,0.135,-1.2,0.0,-1.2,0.0
Antonio McDyess,mcdyean01,DEN,PF,26,70,2555,22.0,0.538,0.0,0.373,10.1,26.1,18.0,10.8,0.9,2.7,10.7,26.5,5.2,2.6,7.8,0.146,2.5,-0.8,1.7,2.4
Art Long,longar01,SAC,PF,28,9,20,-3.6,0.0,0.0,0.5,11.1,31.5,21.5,6.4,0.0,10.0,29.1,15.2,-0.1,0.1,-0.1,-0.214,-15.4,1.6,-13.8,-0.1
Arvydas Sabonis,sabonar01,POR,C,36,61,1299,18.4,0.527,0.029,0.302,4.9,24.9,15.2,12.3,1.7,3.5,12.7,24.0,1.5,2.3,3.7,0.138,-0.2,1.4,1.2,1.1
Austin Croshere,croshau01,IND,PF,25,81,1874,14.3,0.512,0.295,0.33,7.7,15.5,11.7,8.8,1.0,1.9,14.5,23.4,1.2,2.0,3.2,0.082,-0.1,-1.0,-1.2,0.4
Avery Johnson,johnsav01,SAS,PG,35,55,1290,11.5,0.475,0.02,0.2,1.9,5.3,3.7,29.5,1.4,0.2,15.5,14.1,1.3,1.3,2.6,0.098,-1.3,0.1,-1.2,0.3
Baron Davis,davisba01,CHO,PG,21,82,3192,16.6,0.512,0.286,0.352,4.6,9.9,7.3,32.5,2.9,0.8,17.0,19.2,4.2,4.7,8.9,0.134,1.0,1.4,2.4,3.6
Ben Wallace,wallabe01,DET,C,26,80,2760,14.8,0.47,0.009,0.542,11.5,29.6,20.4,6.8,2.0,4.8,17.7,10.4,1.0,6.0,7.0,0.121,-0.6,2.5,1.9,2.7
Bill Curley,curlebi01,"DAL,GSW",PF,28,20,192,10.5,0.569,0.043,0.404,10.7,9.6,10.2,2.6,1.9,3.3,22.4,15.8,0.0,0.1,0.2,0.038,-5.0,-0.2,-5.2,-0.2
Billy Owens,owensbi01,DET,PF,31,45,793,10.5,0.4,0.087,0.174,11.1,16.7,13.8,11.1,2.0,1.1,13.6,15.7,-0.3,1.1,0.8,0.048,-2.6,0.7,-1.9,0.0
Bimbo Coles,colesbi01,CLE,PG,32,47,804,9.3,0.44,0.067,0.234,1.3,5.6,3.5,27.9,1.8,0.5,18.3,18.1,-0.3,0.3,0.0,0.0,-3.3,-1.5,-4.8,-0.6
Bo Outlaw,outlabo01,ORL,PF,29,80,2534,15.7,0.623,0.005,0.611,9.0,18.3,13.6,13.3,2.1,4.0,23.2,10.6,3.9,4.0,7.9,0.15,0.4,2.6,3.1,3.2
Bob Sura,surabo01,GSW,SG,27,53,1684,11.2,0.487,0.332,0.365,3.1,11.9,7.1,23.1,1.6,0.3,21.0,19.1,-0.3,0.4,0.1,0.003,-2.0,-1.3,-3.3,-0.6
Bobby Jackson,jacksbo01,SAC,PG,27,79,1648,13.1,0.501,0.198,0.167,5.0,11.0,8.0,15.3,2.7,0.3,15.4,17.9,0.9,2.3,3.1,0.091,-1.2,1.3,0.1,0.9
Bonzi Wells,wellsbo01,POR,SF,24,75,1995,18.8,0.571,0.069,0.331,7.4,14.3,11.0,18.4,2.5,0.7,16.9,23.3,3.4,2.6,5.9,0.143,1.5,0.7,2.3,2.1
Brad Miller,millebr01,CHI,C,24,57,1434,16.4,0.52,0.013,0.585,11.5,23.7,17.3,13.1,1.2,2.0,13.1,18.1,2.3,1.1,3.4,0.114,-0.2,-1.0,-1.2,0.3
Brent Barry,barrybr01,SEA,SG,29,67,1778,16.6,0.66,0.571,0.257,2.1,11.4,6.8,19.4,2.4,0.6,16.2,13.5,4.6,1.2,5.8,0.157,2.3,0.9,3.3,2.4
Brent Price,pricebr01,VAN,PG,32,6,30,9.4,0.462,0.364,0.636,3.8,11.4,7.6,26.6,3.5,0.0,22.1,27.5,0.0,0.0,0.0,-0.003,-5.8,0.3,-5.5,0.0
Brevin Knight,knighbr01,"CLE,ATL",PG,25,53,1457,12.5,0.416,0.027,0.178,1.8,11.2,6.4,33.7,3.6,0.2,18.5,15.1,0.0,1.6,1.6,0.054,-3.0,1.6,-1.4,0.2
Brian Cardinal,cardibr01,DET,PF,23,15,126,4.7,0.398,0.161,0.581,6.7,13.0,9.8,3.6,2.8,1.1,18.8,16.5,-0.2,0.2,0.0,-0.009,-7.7,1.4,-6.3,-0.1
Brian Grant,grantbr01,MIA,C,28,82,2771,17.5,0.536,0.001,0.35,9.3,21.5,15.4,7.2,1.2,2.0,12.7,23.4,3.7,5.0,8.7,0.151,-0.3,0.2,-0.1,1.3
Brian Shaw,shawbr01,LAL,SG,34,80,1833,10.9,0.479,0.328,0.156,3.0,15.6,9.4,20.4,1.4,1.0,18.1,13.1,1.2,1.4,2.5,0.067,-1.1,0.2,-0.9,0.5
Brian Skinner,skinnbr01,LAC,PF,24,39,584,10.4,0.428,0.0,0.366,11.1,21.5,16.5,5.0,1.3,1.3,14.6,17.3,-0.3,0.6,0.3,0.028,-3.3,-1.0,-4.2,-0.3
Bruce Bowen,bowenbr01,MIA,SF,29,82,2685,8.1,0.478,0.528,0.277,2.0,8.8,5.4,8.2,1.7,1.5,10.2,13.1,0.5,3.7,4.2,0.075,-2.6,1.5,-1.1,0.6
Bruno Šundov,sundobr01,IND,C,20,11,120,11.0,0.498,0.098,0.122,3.9,17.4,10.9,3.1,0.9,2.4,6.5,18.0,0.1,0.1,0.2,0.079,-4.0,-0.3,-4.3,-0.1
Bryant Reeves,reevebr01,VAN,C,27,75,1832,12.8,0.506,0.007,0.257,8.3,19.8,14.1,7.4,1.2,2.0,12.8,17.6,1.2,1.7,2.9,0.075,-2.6,-0.2,-2.8,-0.4
Bryant Stith,stithbr01,BOS,SG,30,78,2504,11.7,0.538,0.396,0.339,2.9,10.7,6.6,11.2,1.9,0.4,11.4,14.4,3.1,1.7,4.8,0.093,-0.9,-0.2,-1.1,0.6
Bryce Drew,drewbr01,CHI,PG,26,48,1305,7.9,0.45,0.321,0.058,1.1,5.4,3.1,24.0,1.3,0.2,16.9,14.4,-0.3,-0.1,-0.4,-0.015,-2.9,-2.1,-4.9,-1.0
Bryon Russell,russebr01,UTA,SF,30,78,2473,14.1,0.565,0.329,0.407,4.8,11.6,8.3,10.4,2.1,0.7,12.0,17.5,4.5,2.3,6.8,0.133,1.1,0.2,1.3,2.0
Cal Bowdler,bowdlca01,ATL,SF,23,44,375,15.8,0.532,0.044,0.351,8.9,14.1,11.4,1.8,1.4,4.0,7.7,17.0,0.7,0.4,1.0,0.134,-0.6,-0.3,-0.9,0.1
Calbert Cheaney,cheanca01,DEN,SG,29,9,153,4.1,0.34,0.0,0.067,3.5,10.8,7.1,8.6,1.4,0.9,13.9,10.5,-0.2,0.1,-0.1,-0.035,-5.6,0.0,-5.6,-0.1
Calvin Booth,boothca01,"WAS,DAL",C,24,55,933,16.1,0.512,0.0,0.31,9.5,21.1,15.2,7.4,1.6,8.5,15.6,16.3,0.6,1.4,2.1,0.106,-1.9,2.7,0.7,0.6
Carlos Rogers,rogerca01,HOU,C,29,39,544,18.1,0.674,0.009,0.473,10.5,18.9,14.8,2.7,1.0,2.3,11.3,12.7,1.5,0.5,2.0,0.18,2.4,-0.4,2.0,0.6
Cedric Ceballos,cebalce01,"DET,MIA",SF,31,40,559,15.4,0.526,0.319,0.188,7.1,15.0,11.0,6.9,1.5,0.9,11.4,23.5,0.5,0.8,1.3,0.114,0.0,-0.5,-0.5,0.2
Cedric Henderson,hendece02,CLE,SF,25,55,961,6.2,0.416,0.031,0.176,2.3,8.5,5.4,13.2,1.6,1.7,18.2,16.2,-1.3,0.5,-0.7,-0.037,-4.5,-0.3,-4.8,-0.7
Charles Oakley,oaklech01,TOR,PF,37,78,2767,11.6,0.439,0.062,0.193,5.6,25.0,15.1,14.6,1.4,1.2,14.0,16.0,0.2,3.5,3.7,0.065,-2.2,0.8,-1.4,0.4
Charlie Ward,wardch01,NYK,PG,30,61,1492,14.5,0.536,0.469,0.188,2.7,10.0,6.4,31.1,2.6,0.5,21.7,16.9,1.5,2.4,3.9,0.127,0.6,1.5,2.1,1.5
Chauncey Billups,billuch01,MIN,SG,24,77,1790,14.1,0.538,0.33,0.291,2.0,8.1,5.0,22.2,1.5,0.4,14.4,19.5,2.7,0.9,3.7,0.098,0.4,-0.9,-0.5,0.7
Cherokee Parks,parksch02,"WAS,LAC",C,28,65,1054,12.6,0.51,0.022,0.161,7.9,16.9,12.5,7.3,1.3,2.4,12.3,14.6,0.9,1.0,1.9,0.086,-1.7,0.3,-1.4,0.2
Chris Carr,carrch01,BOS,SG,26,35,309,16.3,0.611,0.33,0.536,4.0,13.0,8.3,6.7,0.7,0.7,12.1,23.1,0.8,0.2,0.9,0.142,0.6,-1.9,-1.3,0.1
Chris Childs,childch01,"NYK,TOR",PG,33,77,1859,9.0,0.494,0.316,0.212,1.5,11.2,6.4,29.8,1.7,0.6,29.9,13.3,-0.2,2.3,2.2,0.057,-3.4,0.8,-2.6,-0.3
Chris Crawford,crawfch01,ATL,PF,25,47,901,9.5,0.519,0.081,0.307,3.4,10.2,6.8,6.9,1.2,1.3,16.8,18.3,0.1,0.5,0.6,0.031,-3.5,-0.9,-4.5,-0.6
Chris Dudley,dudlech02,PHO,C,35,53,613,7.2,0.405,0.0,0.493,11.6,22.4,16.9,4.2,1.2,3.4,22.6,8.4,-0.2,1.2,1.0,0.079,-5.4,1.2,-4.2,-0.3
Chris Garner,garnech01,GSW,PG,25,8,149,1.0,0.24,0.189,0.162,1.3,7.8,4.3,17.4,2.4,0.5,18.5,13.8,-0.4,0.0,-0.4,-0.123,-9.8,-2.1,-12.0,-0.4
Chris Gatling,gatlich01,CLE,PF,33,74,1670,15.6,0.505,0.126,0.311,6.9,20.2,13.6,6.9,1.6,1.2,12.5,25.8,0.8,1.6,2.4,0.068,-0.7,-1.2,-1.9,0.0
Chris Herren,herrech01,BOS,PG,25,25,408,6.1,0.41,0.573,0.125,1.1,5.1,3.0,21.9,1.8,0.0,16.5,13.5,-0.2,0.2,0.0,0.001,-4.0,-1.2,-5.2,-0.3
Chris Mihm,mihmch01,CLE,C,21,59,1166,12.6,0.5,0.003,0.322,10.6,17.3,13.9,2.4,0.9,3.3,15.2,20.4,0.3,1.0,1.3,0.053,-2.9,-1.3,-4.2,-0.7
Chris Mills,millsch01,GSW,SF,31,15,493,9.6,0.435,0.131,0.188,4.8,16.2,10.0,6.1,0.9,0.7,8.8,19.4,0.0,0.1,0.1,0.007,-2.8,-1.6,-4.4,-0.3
Chris Mullin,mullich01,GSW,SF,37,20,374,10.0,0.486,0.491,0.264,2.6,9.6,5.8,7.9,2.2,1.9,13.8,15.5,0.1,0.2,0.3,0.034,-1.9,-0.1,-2.0,0.0
Chris Porter,portech01,GSW,SF,22,51,1147,11.1,0.434,0.011,0.317,7.6,10.1,8.7,9.0,2.0,0.4,10.4,20.8,-0.1,0.3,0.2,0.008,-2.7,-1.8,-4.5,-0.7
Chris Webber,webbech01,SAC,PF,27,70,2836,24.7,0.516,0.017,0.282,7.0,22.1,14.8,20.6,1.7,2.8,9.6,31.6,5.8,5.2,11.0,0.186,4.0,1.4,5.5,5.3
Chris Whitney,whitnch01,WAS,PG,29,59,1532,13.2,0.537,0.528,0.24,0.9,7.3,4.0,26.9,1.9,0.1,16.5,18.1,2.1,0.2,2.3,0.072,0.4,-1.5,-1.1,0.4
Christian Laettner,laettch01,"DAL,WAS",C,31,78,1663,17.0,0.568,0.024,0.37,8.1,16.9,12.5,12.7,2.2,2.0,17.6,21.1,2.5,1.8,4.3,0.124,0.0,0.7,0.6,1.1
Chucky Atkins,atkinch01,DET,PG,26,81,2363,12.2,0.481,0.356,0.137,1.2,6.7,3.9,24.3,1.4,0.1,12.9,21.2,1.2,1.6,2.8,0.057,-0.6,-1.0,-1.6,0.3
Chucky Brown,brownch01,"GSW,CLE",SF,32,26,339,9.7,0.464,0.032,0.358,2.6,15.7,9.0,5.3,1.4,1.5,6.8,15.5,0.1,0.2,0.4,0.05,-2.9,-0.5,-3.5,-0.1
Clarence Weatherspoon,weathcl01,CLE,PF,30,82,2774,17.4,0.563,0.0,0.421,9.3,23.9,16.6,6.2,1.6,2.8,12.0,15.2,5.2,3.4,8.6,0.148,1.3,0.2,1.4,2.4
Clifford Robinson,robincl02,PHO,PF,34,82,2751,14.8,0.501,0.21,0.301,4.2,9.6,6.9,15.4,1.6,2.2,12.2,24.8,1.6,3.9,5.4,0.095,0.5,0.4,0.9,2.0
Corey Benjamin,benjaco01,CHI,PG,22,65,857,8.8,0.453,0.268,0.275,5.1,8.9,6.9,14.6,1.8,1.4,15.7,21.8,-0.8,0.3,-0.5,-0.028,-3.5,-1.6,-5.1,-0.7
Corey Maggette,maggeco01,LAC,SF,21,69,1359,18.2,0.562,0.115,0.591,7.6,16.6,12.3,10.8,1.4,0.5,14.7,24.5,2.7,1.1,3.9,0.137,1.2,-1.0,0.2,0.7
Corie Blount,blounco01,"PHO,GSW",PF,32,68,1305,11.8,0.473,0.027,0.282,13.9,19.4,16.5,7.1,1.6,1.2,18.1,13.2,0.5,1.2,1.8,0.065,-2.6,-0.9,-3.5,-0.5
Corliss Williamson,willico02,"TOR,DET",SF,27,69,1686,15.1,0.533,0.003,0.366,7.0,14.0,10.4,6.5,1.5,0.9,12.8,22.5,1.6,1.6,3.2,0.092,-0.9,-0.3,-1.1,0.4
Cory Alexander,alexaco01,ORL,PG,27,26,227,6.3,0.407,0.286,0.321,0.0,12.5,6.1,23.5,3.6,0.0,28.1,17.3,-0.5,0.3,-0.1,-0.031,-7.2,1.2,-6.0,-0.2
Courtney Alexander,alexaco02,"DAL,WAS",PG,23,65,1382,11.6,0.484,0.08,0.262,3.5,8.4,5.9,8.0,1.7,0.3,10.5,23.2,0.3,0.5,0.8,0.027,-2.4,-1.9,-4.3,-0.8
Cuttino Mobley,moblecu01,HOU,SG,25,79,3002,17.7,0.541,0.208,0.39,3.3,11.8,7.7,11.5,1.5,0.6,10.4,24.3,6.2,2.0,8.2,0.13,1.7,-0.8,0.9,2.2
Dale Davis,davisda01,POR,C,31,81,2162,15.1,0.524,0.008,0.312,13.3,19.9,16.7,7.4,1.1,2.6,10.8,13.4,3.8,2.8,6.6,0.147,0.3,-0.1,0.2,1.2
Dalibor Bagarić,bagarda01,CHI,C,20,35,259,3.3,0.304,0.015,0.431,9.7,16.2,12.8,6.2,1.9,4.6,21.4,17.6,-0.9,0.2,-0.7,-0.121,-8.9,-1.2,-10.0,-0.5
Damon Jones,jonesda01,VAN,PG,24,71,1415,13.0,0.525,0.555,0.125,1.3,8.7,5.0,26.2,1.3,0.0,14.8,16.6,1.4,0.4,1.8,0.062,0.7,-1.1,-0.3,0.6
Damon Stoudamire,stoudda01,POR,PG,27,82,2655,16.3,0.519,0.234,0.221,3.2,10.2,6.8,29.1,2.1,0.2,15.7,21.3,4.1,2.5,6.7,0.121,1.1,-0.1,1.0,2.0
Dan Langhi,langhda01,HOU,SF,23,33,241,9.4,0.403,0.01,0.293,6.4,13.1,9.8,2.8,1.5,0.3,6.7,22.9,-0.2,0.2,-0.1,-0.014,-4.0,-2.3,-6.3,-0.3
Dan Majerle,majerda01,MIA,SG,35,53,1306,9.4,0.48,0.699,0.17,1.8,13.3,7.6,11.0,2.2,0.9,11.2,11.6,0.5,2.1,2.6,0.097,-1.9,2.3,0.4,0.8
Dan McClintock,mcclida01,DEN,C,23,6,58,9.9,0.446,0.0,0.278,18.5,13.3,15.9,2.9,0.0,2.4,12.9,17.8,0.0,0.0,0.0,0.007,-4.6,-3.3,-7.9,-0.1
Dana Barros,barroda01,DET,PG,33,60,1079,14.3,0.534,0.255,0.194,0.6,8.9,4.7,18.0,1.4,0.1,11.8,20.4,1.4,0.8,2.3,0.101,0.1,-0.4,-0.3,0.5
Daniel Santiago,santida01,PHO,C,24,54,581,7.9,0.528,0.0,0.455,6.7,13.3,9.9,3.0,1.5,2.6,22.6,16.0,-0.3,0.9,0.6,0.052,-5.8,1.1,-4.8,-0.4
Danny Ferry,ferryda01,SAS,SF,34,80,1688,10.1,0.577,0.416,0.08,3.9,10.7,7.5,6.8,0.9,0.9,11.4,12.2,2.1,2.0,4.1,0.117,-0.6,0.6,0.0,0.8
Danny Fortson,fortsda01,GSW,PF,24,6,203,24.4,0.678,0.0,1.08,14.0,39.3,25.6,4.1,0.5,0.0,11.9,17.4,0.9,0.2,1.1,0.258,4.4,-1.4,3.0,0.2
Danny Manning,mannida01,UTA,PF,34,82,1305,14.3,0.537,0.056,0.28,6.4,13.8,10.2,12.6,1.9,1.8,14.6,23.2,1.2,1.4,2.6,0.097,-1.2,0.1,-1.1,0.3
Darius Miles,milesda01,LAC,SF,19,81,2133,14.7,0.518,0.03,0.378,7.0,18.3,12.8,8.1,1.3,4.1,16.7,19.1,0.5,2.6,3.0,0.068,-1.3,0.8,-0.5,0.8
Darrell Armstrong,armstda01,ORL,PG,32,75,2767,18.6,0.535,0.402,0.249,3.7,10.2,6.9,31.3,2.5,0.3,15.2,21.0,5.8,2.9,8.7,0.151,3.2,0.1,3.3,3.6
Darrick Martin,martida01,SAC,PG,29,31,176,17.0,0.563,0.355,0.461,1.3,8.3,4.9,12.9,2.0,0.0,9.9,25.4,0.5,0.2,0.7,0.182,-0.4,-0.4,-0.8,0.0
Darvin Ham,hamda01,MIL,SF,27,29,540,10.1,0.537,0.038,0.613,11.8,13.6,12.7,6.5,1.6,2.9,24.5,11.3,0.4,0.5,0.9,0.079,-2.7,0.2,-2.5,-0.1
David Benoit,benoida01,UTA,SF,32,49,446,11.1,0.542,0.088,0.265,5.7,16.6,11.3,8.4,0.7,1.1,14.6,19.8,0.4,0.4,0.7,0.08,-2.8,-1.2,-4.0,-0.2
David Robinson,robinda01,SAS,C,35,80,2371,23.7,0.559,0.001,0.571,10.4,22.0,16.5,8.8,1.8,5.8,10.6,22.8,6.4,5.7,12.1,0.246,2.5,2.7,5.2,4.3
David Vanterpool,vanteda01,WAS,PG,27,22,411,10.9,0.462,0.055,0.455,4.2,6.4,5.3,26.4,2.9,0.5,21.9,18.3,-0.2,0.2,0.0,0.0,-2.7,-0.9,-3.7,-0.2
David Wesley,wesleda01,CHO,SG,30,82,3106,15.3,0.509,0.208,0.274,2.4,5.9,4.1,21.7,2.2,0.4,11.0,23.1,4.2,3.4,7.6,0.117,0.4,0.0,0.4,1.9
David Wingate,wingada01,SEA,SG,37,1,9,35.8,1.0,0.0,0.0,0.0,0.0,0.0,51.5,0.0,0.0,0.0,15.0,0.1,0.0,0.1,0.448,10.7,4.6,15.3,0.0
DeShawn Stevenson,stevede01,UTA,SG,19,40,293,4.3,0.413,0.132,0.418,3.9,7.9,5.9,9.6,1.8,0.6,20.6,21.3,-0.6,0.2,-0.4,-0.071,-6.0,-1.7,-7.7,-0.4
Dean Garrett,garrede01,MIN,C,34,70,831,12.5,0.511,0.0,0.25,8.8,21.1,14.9,4.1,1.6,4.2,12.6,10.8,0.7,1.2,1.9,0.109,-1.6,1.0,-0.6,0.3
Dee Brown,brownde01,ORL,PG,32,7,155,9.0,0.519,0.727,0.114,0.0,8.1,3.9,11.9,1.3,0.0,13.2,15.2,0.1,0.1,0.2,0.059,-1.4,-1.0,-2.4,0.0
Dell Curry,curryde01,TOR,SG,36,71,956,14.4,0.53,0.38,0.134,1.8,8.3,5.0,13.2,1.5,0.6,8.8,20.7,1.5,0.5,2.0,0.101,1.2,-0.8,0.3,0.6
DerMarr Johnson,johnsde03,ATL,SF,20,78,1313,8.4,0.463,0.326,0.223,4.7,10.4,7.6,7.9,1.7,1.6,17.8,17.7,-0.9,0.9,0.0,0.0,-2.8,-0.8,-3.5,-0.5
Derek Anderson,anderde01,SAS,SG,26,82,2859,17.1,0.542,0.255,0.405,3.1,10.9,7.2,18.1,2.2,0.3,12.4,21.9,5.6,4.3,9.9,0.166,1.2,1.2,2.4,3.2
Derek Fisher,fishede01,LAL,PG,26,20,709,14.0,0.534,0.337,0.332,0.8,8.5,4.7,18.3,2.9,0.2,11.9,15.4,1.2,0.5,1.8,0.119,-0.6,0.8,0.2,0.4
Derek Strong,stronde01,LAC,PF,32,28,491,8.8,0.443,0.009,0.316,8.2,16.8,12.6,2.3,1.5,0.1,14.2,14.6,-0.1,0.4,0.3,0.026,-2.5,-0.1,-2.6,-0.1
Derrick Coleman,colemde01,CHO,PF,33,34,683,13.8,0.469,0.2,0.361,7.7,23.0,15.4,10.2,0.8,2.3,12.4,22.8,0.1,1.1,1.2,0.082,-0.5,-0.5,-0.9,0.2
Derrick Dial,dialde01,SAS,SG,25,33,207,14.3,0.466,0.12,0.253,6.9,13.5,10.4,18.3,1.0,2.0,11.5,23.7,0.1,0.3,0.4,0.091,-1.5,0.0,-1.5,0.0
Derrick McKey,mckeyde01,IND,SF,34,66,987,8.3,0.49,0.147,0.199,5.8,14.1,10.1,11.6,2.6,0.9,24.1,9.2,0.1,1.3,1.4,0.07,-3.5,2.5,-0.9,0.3
Desmond Mason,masonde01,SEA,SF,23,78,1522,10.5,0.483,0.153,0.207,5.5,13.3,9.4,6.5,1.3,1.0,10.0,15.8,1.0,0.8,1.7,0.055,-1.8,-1.0,-2.8,-0.3
Detlef Schrempf,schrede01,POR,SF,38,26,397,9.8,0.487,0.084,0.284,5.3,17.7,11.7,16.8,0.9,0.6,20.8,15.8,0.1,0.4,0.5,0.057,-2.8,-0.3,-3.1,-0.1
Devean George,georgde01,LAL,SF,23,59,593,6.2,0.394,0.329,0.266,6.7,14.1,10.5,4.8,1.3,1.8,12.8,20.0,-0.7,0.4,-0.3,-0.023,-5.6,-2.0,-7.6,-0.8
Dikembe Mutombo,mutomdi01,"ATL,PHI",C,34,75,2591,17.5,0.547,0.0,0.523,13.3,30.5,21.9,4.7,0.6,5.6,17.4,14.3,3.4,4.7,8.1,0.151,0.4,1.3,1.7,2.4
Dion Glover,glovedi01,ATL,SG,22,57,929,12.3,0.461,0.137,0.205,4.7,11.1,7.9,12.9,2.8,0.8,12.8,20.2,-0.1,0.9,0.8,0.04,-2.3,0.4,-1.9,0.0
Dirk Nowitzki,nowitdi01,DAL,PF,22,82,3125,22.8,0.601,0.313,0.431,4.4,22.1,13.5,9.4,1.3,2.3,9.5,23.8,10.3,4.3,14.6,0.224,4.9,0.5,5.4,5.9
Don MacLean,macledo01,MIA,SF,31,8,76,16.3,0.613,0.1,0.6,11.0,17.2,14.1,9.6,3.6,1.0,28.3,22.5,0.0,0.2,0.2,0.12,-1.4,2.2,0.9,0.1
Don Reid,reiddo01,ORL,PF,27,65,764,13.1,0.59,0.0,0.517,11.9,23.5,17.6,4.2,1.6,5.2,21.2,13.1,0.8,1.4,2.3,0.141,-4.3,1.6,-2.8,-0.2
Donnell Harvey,harvedo01,DAL,PF,20,18,65,9.8,0.523,0.0,1.143,10.6,23.4,17.2,4.7,2.4,1.1,25.0,19.6,-0.1,0.1,0.1,0.039,-6.6,0.1,-6.5,-0.1
Donyell Marshall,marshdo01,UTA,SF,27,81,2326,19.9,0.568,0.151,0.322,9.4,20.6,15.1,10.1,2.0,2.7,11.7,21.7,5.1,3.3,8.5,0.174,3.2,0.6,3.7,3.4
Doug Christie,chrisdo01,SAC,SG,30,81,2939,14.8,0.538,0.317,0.396,3.6,9.3,6.5,14.6,3.2,1.0,14.3,16.2,4.3,4.4,8.7,0.141,0.0,2.3,2.3,3.2
Doug Overton,overtdo01,"BOS,CHO,NJN",PG,31,21,475,7.5,0.428,0.259,0.115,0.9,8.8,4.7,25.5,0.9,0.0,17.5,16.9,-0.4,0.1,-0.3,-0.026,-3.3,-2.3,-5.6,-0.4
Doug West,westdo01,VAN,SG,33,15,171,4.2,0.341,0.053,0.184,2.7,7.3,5.0,12.4,0.9,1.6,8.9,12.0,-0.1,0.0,-0.1,-0.028,-5.1,0.2,-4.8,-0.1
Dragan Tarlać,tarladr01,CHI,C,27,43,598,5.6,0.454,0.0,0.333,7.1,17.5,12.1,8.4,0.6,2.4,25.1,11.8,-0.4,0.2,-0.2,-0.016,-6.2,-1.1,-7.3,-0.8
Duane Causwell,causwdu01,MIA,C,32,31,384,4.8,0.396,0.0,0.294,7.1,18.6,12.8,2.2,1.1,3.6,19.3,15.0,-0.7,0.7,0.0,0.002,-7.5,0.8,-6.7,-0.5
Earl Boykins,boykiea01,LAC,PG,24,10,149,17.2,0.461,0.127,0.27,3.2,5.2,4.2,38.7,1.8,0.0,11.3,24.7,0.2,0.1,0.3,0.089,1.3,-1.1,0.2,0.1
Eddie Gill,gilled01,NJN,PG,22,8,152,8.9,0.451,0.22,0.122,0.0,7.0,3.4,26.3,1.4,0.5,18.8,15.9,-0.1,0.0,0.0,-0.01,-2.8,-1.9,-4.7,-0.1
Eddie House,houseed01,MIA,PG,22,50,550,11.6,0.478,0.223,0.142,1.1,8.0,4.5,19.4,1.3,0.0,11.8,26.2,-0.2,0.6,0.4,0.035,-2.4,-0.9,-3.3,-0.2
Eddie Jones,jonesed02,MIA,SG,29,63,2282,18.8,0.553,0.273,0.31,3.9,11.3,7.6,14.8,2.7,2.0,12.0,23.9,3.9,4.0,7.9,0.166,2.5,2.1,4.6,3.8
Eddie Robinson,robined01,CHO,SF,24,67,1201,17.9,0.559,0.01,0.216,5.7,13.1,9.4,9.4,2.2,2.0,8.8,18.8,2.1,1.8,4.0,0.159,1.4,1.2,2.6,1.4
Eduardo Nájera,najered01,DAL,PF,24,40,431,14.0,0.522,0.027,0.297,10.9,13.6,12.3,9.7,1.6,1.3,11.9,15.0,0.6,0.4,1.1,0.12,0.1,-0.2,-0.1,0.2
Elden Campbell,campbel01,CHO,PF,32,78,2337,16.4,0.505,0.007,0.487,7.7,21.9,14.8,8.1,1.4,4.4,12.4,22.8,1.9,4.5,6.4,0.131,-1.5,1.1,-0.4,1.0
Eldridge Recasner,recasel01,CHO,PG,33,43,403,6.2,0.422,0.342,0.158,3.7,10.4,7.1,15.9,0.8,0.2,18.1,17.0,-0.4,0.4,0.0,-0.004,-3.7,-1.1,-4.9,-0.3
Elliot Perry,perryel01,"ORL,PHO",PG,31,49,499,11.6,0.491,0.036,0.157,2.0,8.5,5.2,25.8,2.3,0.1,20.2,16.8,0.0,0.7,0.6,0.061,-2.2,0.8,-1.4,0.1
Elton Brand,brandel01,CHI,PF,21,74,2906,20.4,0.524,0.002,0.388,11.2,19.6,15.2,17.0,1.3,3.0,13.3,26.3,4.1,2.0,6.1,0.101,2.2,-1.2,1.1,2.2
Emanual Davis,davisem01,SEA,SG,32,62,1290,11.8,0.527,0.399,0.173,2.5,11.2,6.9,16.1,2.6,0.7,18.4,14.7,0.9,0.9,1.8,0.067,-1.0,0.7,-0.4,0.5
Eric Montross,montrer01,"DET,TOR",C,29,54,649,5.4,0.396,0.0,0.225,8.5,20.5,14.4,4.5,0.9,2.8,21.3,12.9,-0.9,0.9,0.0,-0.001,-6.6,-0.1,-6.7,-0.8
Eric Piatkowski,piatker01,LAC,SG,30,81,2144,14.6,0.572,0.442,0.269,3.0,9.7,6.4,7.6,1.1,0.6,9.2,17.8,4.5,1.0,5.5,0.123,1.5,-0.8,0.7,1.4
Eric Snow,snower01,PHI,PG,27,50,1740,13.9,0.488,0.044,0.354,1.8,8.8,5.4,33.9,2.3,0.3,19.8,16.3,1.5,2.3,3.8,0.105,-0.6,0.9,0.3,1.0
Eric Williams,willier01,BOS,SF,28,81,1745,10.0,0.487,0.31,0.516,4.1,10.0,6.9,10.6,1.9,0.6,12.1,16.3,1.0,1.2,2.2,0.06,-2.3,-0.6,-2.9,-0.4
Erick Barkley,barkler01,POR,PG,22,8,38,10.3,0.432,0.364,0.0,0.0,9.1,4.7,28.8,2.8,0.0,18.5,33.0,-0.1,0.0,-0.1,-0.075,-4.6,-3.2,-7.7,-0.1
Erick Dampier,dampier01,GSW,C,25,43,1038,10.0,0.432,0.006,0.401,9.2,17.0,12.8,9.2,0.8,4.0,18.2,18.4,-1.0,0.6,-0.5,-0.021,-4.4,-0.8,-5.2,-0.8
Erick Strickland,stricer01,"NYK,VAN",PG,27,50,830,10.7,0.431,0.356,0.296,2.6,15.2,9.0,18.6,2.9,0.2,13.7,19.9,-0.4,1.2,0.8,0.046,-3.0,1.7,-1.3,0.1
Ervin Johnson,johnser02,MIL,C,33,82,1981,11.2,0.557,0.0,0.47,11.8,23.2,17.5,2.8,1.2,3.6,16.4,6.5,2.6,2.5,5.1,0.123,-1.3,0.5,-0.8,0.6
Etdrick Bohannon,bohanet01,CLE,PF,27,6,19,22.4,0.694,0.0,1.0,18.3,24.3,21.3,0.0,0.0,7.7,14.8,16.1,0.1,0.0,0.1,0.276,1.0,0.7,1.7,0.0
Evan Eschmeyer,eschmev01,NJN,C,25,74,1331,10.8,0.512,0.0,0.51,11.3,20.5,15.8,4.7,1.6,3.3,17.8,10.1,1.1,1.5,2.5,0.091,-3.0,0.4,-2.6,-0.2
Felipe López,lopezfe01,"WAS,MIN",SG,26,70,1565,12.5,0.503,0.109,0.326,4.0,13.5,8.7,11.3,2.1,1.4,13.2,18.0,0.9,1.0,1.9,0.057,-1.2,0.2,-1.0,0.4
Felton Spencer,spencfe01,NYK,C,33,18,113,13.5,0.629,0.0,1.25,17.7,19.7,18.7,3.0,1.0,1.4,26.2,18.2,0.2,0.2,0.4,0.152,-4.4,-0.2,-4.6,-0.1
Fred Hoiberg,hoibefr01,CHI,SG,28,74,2247,15.3,0.597,0.505,0.317,1.1,15.8,8.1,19.9,2.3,0.4,11.6,13.2,4.6,1.3,5.9,0.126,0.8,0.4,1.2,1.8
Garth Joseph,josepga01,"TOR,DEN",C,27,4,16,-5.0,0.17,0.0,0.4,13.7,0.0,7.0,9.8,0.0,4.3,25.4,22.0,-0.1,0.0,-0.1,-0.345,-13.6,-6.3,-19.9,-0.1
Gary Grant,grantga01,POR,PG,35,4,17,22.8,0.714,0.0,0.0,0.0,0.0,0.0,12.6,0.0,0.0,0.0,19.1,0.1,0.0,0.1,0.209,2.8,0.2,3.0,0.0
Gary Payton,paytoga01,SEA,PG,32,79,3244,22.1,0.522,0.171,0.223,2.6,10.1,6.4,36.6,2.1,0.6,10.7,27.2,9.1,1.7,10.8,0.16,4.7,-0.7,4.0,4.9
Gary Trent,trentga01,DAL,PF,26,33,319,13.8,0.456,0.008,0.277,14.0,18.1,16.1,5.2,2.1,1.8,13.1,23.9,-0.1,0.5,0.4,0.057,-3.2,-1.2,-4.3,-0.2
George Lynch,lynchge01,PHI,SF,30,82,2649,12.4,0.496,0.093,0.278,8.7,16.3,12.6,8.4,2.0,0.8,13.6,13.7,2.3,4.2,6.5,0.118,-0.8,1.3,0.5,1.7
George McCloud,mccloge01,DEN,SF,33,76,2007,12.9,0.496,0.357,0.276,2.9,9.3,6.1,22.1,1.4,0.9,13.7,18.9,2.0,0.6,2.6,0.062,-0.2,-0.8,-1.0,0.5
Gerard King,kingge02,WAS,SF,28,45,706,10.1,0.552,0.0,0.256,6.3,15.2,10.7,7.4,1.0,1.1,19.4,15.3,0.3,0.2,0.5,0.035,-2.7,-0.6,-3.3,-0.2
Glen Rice,ricegl01,NYK,SF,33,75,2212,13.7,0.54,0.281,0.242,3.4,13.0,8.4,7.4,1.0,0.5,10.3,20.5,2.7,2.9,5.7,0.123,0.5,0.1,0.5,1.4
Glenn Robinson,robingl01,MIL,SF,28,76,2813,20.1,0.525,0.126,0.21,5.0,16.1,10.6,16.5,1.6,1.6,12.1,29.2,4.2,2.5,6.7,0.114,2.3,-1.0,1.3,2.4
Grant Hill,hillgr01,ORL,SF,28,4,133,18.1,0.505,0.023,0.605,6.5,14.5,10.4,30.7,1.9,1.1,16.8,21.8,0.2,0.2,0.3,0.126,3.3,2.0,5.2,0.2
Grant Long,longgr01,VAN,PF,34,66,1507,11.4,0.51,0.047,0.492,5.8,14.9,10.4,8.7,2.5,0.7,13.8,13.6,1.0,1.4,2.4,0.078,-2.3,1.2,-1.1,0.3
Greg Anthony,anthogr01,POR,PG,33,58,856,12.0,0.525,0.628,0.138,3.0,5.4,4.3,14.8,2.5,0.3,13.8,16.9,0.9,0.7,1.6,0.09,0.0,0.1,0.1,0.5
Greg Buckner,buckngr01,DAL,SG,24,37,820,12.1,0.503,0.036,0.422,8.4,12.9,10.7,8.8,2.1,0.8,10.6,14.1,1.1,0.9,2.0,0.118,-1.2,0.7,-0.5,0.3
Greg Foster,fostegr01,LAL,C,32,62,451,9.5,0.449,0.068,0.105,7.3,20.6,14.0,10.8,1.0,1.9,15.2,16.3,0.0,0.4,0.4,0.044,-4.1,-0.2,-4.4,-0.3
Greg Ostertag,ostergr01,UTA,C,27,81,1491,13.3,0.522,0.007,0.537,13.9,20.4,17.3,2.3,0.8,7.7,15.3,12.7,1.5,2.3,3.8,0.121,-1.8,1.0,-0.8,0.4
Hakeem Olajuwon,olajuha01,HOU,C,38,58,1545,20.7,0.526,0.002,0.349,9.5,22.4,16.1,8.3,2.4,4.0,11.0,21.9,2.4,2.6,5.0,0.155,1.3,1.5,2.8,1.9
Hanno Möttölä,mottoha01,ATL,SF,24,73,989,7.5,0.504,0.011,0.325,5.5,14.2,9.8,4.2,0.6,0.6,17.5,17.3,-0.1,0.5,0.4,0.018,-5.1,-1.5,-6.6,-1.1
Hedo Türkoğlu,turkohe01,SAC,SF,21,74,1245,11.7,0.509,0.257,0.334,4.4,13.6,9.1,8.3,2.1,1.3,12.5,15.6,1.0,1.8,2.8,0.106,-2.0,1.1,-0.9,0.4
Hersey Hawkins,hawkihe01,CHO,SG,34,59,681,14.3,0.555,0.336,0.46,2.9,10.5,6.7,17.0,2.6,1.0,10.3,12.4,1.4,1.0,2.3,0.165,0.2,2.6,2.8,0.8
Horace Grant,grantho01,LAL,PF,35,77,2390,14.3,0.511,0.005,0.297,10.5,15.2,12.9,7.5,1.1,1.8,6.9,12.9,4.8,1.7,6.5,0.13,0.6,-0.6,0.0,1.2
Howard Eisley,eisleho01,DAL,SG,28,82,2426,11.7,0.507,0.399,0.187,1.1,7.8,4.5,18.2,2.1,0.4,12.3,15.6,2.4,2.0,4.4,0.087,-0.5,0.6,0.0,1.2
Hubert Davis,davishu01,"DAL,WAS",PG,30,66,1692,10.0,0.569,0.395,0.143,1.9,7.3,4.6,10.3,1.1,0.0,15.0,14.5,1.6,0.6,2.2,0.062,-0.6,-1.1,-1.7,0.1
Ira Bowman,bowmair01,ATL,PG,27,3,19,9.2,0.0,0.0,0.0,5.8,5.9,5.9,50.5,0.0,0.0,33.3,7.1,0.0,0.0,0.0,-0.024,0.0,-1.7,-1.7,0.0
Ira Newble,newblir01,SAS,SF,26,27,184,8.9,0.435,0.164,0.291,8.4,12.9,10.8,5.3,0.6,1.5,10.1,17.6,0.0,0.2,0.2,0.055,-2.8,-1.2,-4.0,-0.1
Isaac Austin,austiis01,VAN,C,31,52,845,8.3,0.393,0.089,0.148,6.8,23.1,15.0,11.2,1.2,1.9,15.8,18.5,-1.3,0.9,-0.5,-0.026,-4.4,0.1,-4.3,-0.5
Isaiah Rider,rideris01,LAL,SG,29,67,1206,11.8,0.499,0.195,0.176,4.2,10.4,7.3,15.0,1.2,0.4,16.2,22.5,0.3,0.5,0.8,0.033,-1.4,-2.0,-3.4,-0.4
J.R. Reid,reidjr01,CLE,PF,32,6,39,15.7,0.587,0.0,1.6,14.9,8.9,11.9,3.8,2.7,1.9,10.5,11.0,0.1,0.0,0.1,0.174,1.1,0.4,1.5,0.0
Jabari Smith,smithja01,SAC,C,23,9,66,14.7,0.528,0.0,0.273,1.7,11.1,6.5,14.8,3.1,0.0,10.9,18.5,0.1,0.1,0.2,0.126,-2.3,0.4,-1.9,0.0
Jacque Vaughn,vaughja01,UTA,PG,25,82,1620,12.8,0.535,0.198,0.417,1.4,9.9,5.7,31.0,1.6,0.2,21.7,16.9,1.8,1.1,3.0,0.088,-0.2,-0.7,-1.0,0.4
Jahidi White,whiteja01,WAS,C,24,68,1609,14.7,0.535,0.002,0.765,12.7,25.4,18.9,2.1,1.0,4.9,20.0,18.9,0.5,1.6,2.1,0.061,-2.4,-0.9,-3.3,-0.5
Jake Tsakalidis,tsakaja01,PHO,C,21,57,947,9.6,0.502,0.0,0.423,9.8,19.4,14.5,3.2,0.5,4.2,20.6,15.1,-0.3,1.6,1.3,0.067,-4.7,0.8,-4.0,-0.5
Jake Voskuhl,voskuja01,CHI,C,23,16,143,5.8,0.481,0.0,0.56,9.6,19.0,14.1,5.7,1.9,3.1,27.8,14.0,-0.2,0.1,0.0,-0.007,-8.7,-1.2,-9.9,-0.3
Jalen Rose,roseja01,IND,SF,28,72,2943,17.8,0.53,0.14,0.277,1.5,12.0,6.9,28.7,1.2,1.0,13.2,25.5,4.8,2.5,7.3,0.119,2.1,-0.4,1.8,2.7
Jamaal Magloire,magloja01,CHO,C,22,74,1095,13.4,0.506,0.007,0.535,10.8,19.9,15.4,4.2,0.9,5.2,15.4,16.7,0.6,2.0,2.6,0.114,-3.0,0.8,-2.2,-0.1
Jamal Crawford,crawfja01,CHI,PG,20,61,1050,8.5,0.442,0.385,0.112,1.0,9.4,5.0,23.0,2.2,1.0,21.0,17.9,-1.3,0.4,-0.9,-0.043,-2.9,-1.5,-4.4,-0.6
Jamal Mashburn,mashbja01,CHO,SF,28,76,2989,17.5,0.493,0.208,0.262,3.5,18.4,11.0,26.8,1.5,0.3,12.0,27.1,3.1,4.2,7.3,0.118,2.1,0.0,2.1,3.1
Jamal Robinson,robinja03,MIA,SF,27,6,72,-1.9,0.136,0.091,0.0,5.0,13.2,9.1,4.4,4.6,0.0,12.0,16.8,-0.4,0.2,-0.2,-0.166,-10.7,0.8,-9.9,-0.1
Jamel Thomas,thomaja01,NJN,SF,27,5,56,0.8,0.342,0.158,0.0,8.0,10.6,9.2,0.0,2.8,0.0,24.0,20.2,-0.2,0.0,-0.2,-0.171,-7.7,-2.1,-9.8,-0.1
James Posey,poseyja01,DEN,SF,24,82,2255,12.5,0.511,0.368,0.239,5.9,14.9,10.4,11.2,2.1,1.2,13.5,14.9,2.1,1.7,3.8,0.08,-1.0,0.6,-0.4,0.9
James Robinson,robinja02,ORL,PG,30,6,50,5.1,0.455,0.455,0.0,0.0,18.2,8.9,0.0,4.1,1.5,26.7,13.3,-0.1,0.1,0.0,-0.017,-7.9,2.0,-5.9,-0.1
Jamie Feick,feickja01,NJN,C,26,6,149,10.2,0.389,0.0,0.522,9.0,34.9,21.6,5.2,2.8,1.5,19.8,10.7,-0.1,0.3,0.2,0.05,-2.3,0.5,-1.8,0.0
Jaren Jackson,jacksja01,SAS,SG,33,16,114,10.4,0.477,0.45,0.05,1.0,10.4,6.0,10.5,2.4,0.0,6.8,18.1,0.0,0.2,0.2,0.087,-2.8,1.1,-1.7,0.0
Jason Caffey,caffeja01,MIL,PF,27,70,1460,13.7,0.544,0.0,0.575,10.6,16.8,13.7,5.5,1.4,1.3,14.3,16.6,2.3,1.2,3.5,0.114,-1.2,-1.0,-2.2,-0.1
Jason Collier,collija02,HOU,C,23,23,222,7.4,0.435,0.014,0.338,6.4,12.7,9.6,4.4,0.5,0.9,11.9,19.2,-0.1,0.1,0.0,-0.001,-4.5,-2.0,-6.5,-0.2
Jason Hart,hartja01,MIL,PG,22,1,10,1.7,1.0,0.0,0.0,0.0,0.0,0.0,14.6,0.0,0.0,66.7,13.6,0.0,0.0,0.0,-0.159,-5.7,-4.4,-10.2,0.0
Jason Kidd,kiddja01,PHO,PG,27,77,3065,19.4,0.51,0.211,0.367,3.3,15.2,9.1,41.2,2.8,0.5,18.3,22.7,4.2,5.4,9.6,0.15,2.4,1.7,4.2,4.8
Jason Terry,terryja01,ATL,SG,23,82,3089,17.3,0.531,0.23,0.262,1.5,8.2,4.9,24.3,1.8,0.3,13.6,25.5,4.9,1.6,6.5,0.1,2.3,-1.0,1.3,2.6
Jason Williams,willija02,SAC,PG,25,77,2290,12.8,0.498,0.451,0.11,0.9,7.6,4.4,27.6,2.1,0.3,18.1,17.0,1.3,2.4,3.8,0.079,-0.4,-0.2,-0.6,0.8
Jeff Foster,fosteje01,IND,C,24,71,1152,12.5,0.492,0.033,0.427,14.6,23.4,19.1,4.6,1.8,1.7,17.0,12.4,0.8,1.9,2.7,0.113,-1.9,-0.2,-2.1,0.0
Jeff McInnis,mcinnje01,LAC,PG,26,81,2831,15.6,0.521,0.154,0.173,1.7,7.0,4.4,27.7,1.4,0.2,10.1,18.2,5.8,1.1,6.9,0.117,0.6,-0.9,-0.3,1.2
Jelani McCoy,mccoyje01,SEA,C,23,70,1143,11.1,0.52,0.0,0.352,9.3,15.9,12.6,7.7,0.8,3.1,19.7,15.0,0.3,0.8,1.1,0.045,-2.7,-0.4,-3.1,-0.3
Jermaine O'Neal,onealje01,IND,C,22,81,2641,17.5,0.501,0.006,0.447,11.0,22.7,17.0,6.7,1.0,6.2,13.4,21.2,1.7,4.7,6.4,0.116,-0.8,1.0,0.3,1.5
Jerome Kersey,kerseje01,MIL,SF,38,22,243,12.9,0.473,0.014,0.232,3.8,17.1,10.5,9.4,3.0,2.4,7.3,15.3,0.2,0.3,0.5,0.101,-2.5,2.2,-0.3,0.1
Jerome Williams,willije01,"DET,TOR",PF,27,59,1182,15.7,0.526,0.01,0.459,12.0,23.4,17.5,6.1,2.5,1.2,15.1,15.4,1.5,2.0,3.5,0.141,-0.7,0.5,-0.2,0.6
Jerry Stackhouse,stackje01,DET,SG,26,80,3215,21.8,0.521,0.245,0.42,3.2,7.3,5.2,25.8,1.5,1.2,12.5,35.2,6.6,2.6,9.2,0.137,5.8,-0.7,5.1,5.8
Jim Jackson,jacksji01,"ATL,CLE",SF,30,56,1690,10.7,0.455,0.127,0.267,3.6,11.6,7.6,16.4,1.6,0.4,15.5,22.3,-0.8,1.0,0.1,0.003,-2.2,-1.3,-3.4,-0.6
Jim McIlvaine,mcilvji01,NJN,C,28,18,193,6.2,0.421,0.0,0.429,4.6,16.5,10.4,3.2,1.9,5.8,21.3,9.9,-0.2,0.2,0.1,0.015,-6.9,2.0,-4.9,-0.1
Joe Smith,smithjo02,DET,PF,25,69,1941,14.6,0.475,0.007,0.375,8.7,18.6,13.5,7.1,1.2,1.8,9.0,21.9,1.9,2.5,4.4,0.11,-1.6,-0.2,-1.9,0.1
Joel Przybilla,przybjo01,MIL,C,21,33,270,5.9,0.339,0.0,0.314,12.3,17.5,14.9,1.0,0.6,8.2,24.6,8.9,-0.2,0.3,0.1,0.018,-6.8,0.6,-6.3,-0.3
John Amaechi,amaecjo01,ORL,C,30,82,1710,8.7,0.455,0.012,0.471,4.9,12.7,8.7,7.0,0.8,1.2,14.8,21.7,-1.3,1.4,0.0,0.001,-4.3,-1.8,-6.1,-1.7
John Coker,cokerjo01,GSW,C,29,6,32,-2.8,0.125,0.0,0.0,9.2,7.2,8.3,8.8,1.6,0.0,20.0,13.2,-0.1,0.0,-0.1,-0.192,-8.8,-4.0,-12.9,-0.1
John Crotty,crottjo01,UTA,PG,31,31,264,7.2,0.443,0.108,0.292,6.2,6.9,6.6,19.4,1.2,0.0,20.6,16.1,0.0,0.1,0.1,0.019,-3.3,-1.8,-5.2,-0.2
John Starks,starkjo01,UTA,SG,35,75,2122,9.3,0.476,0.265,0.162,1.7,7.2,4.5,13.5,1.8,0.4,11.3,18.0,0.6,1.5,2.1,0.048,-2.2,-0.4,-2.5,-0.3
John Stockton,stockjo01,UTA,PG,38,82,2397,22.3,0.61,0.203,0.427,2.9,8.8,5.9,48.7,2.9,0.7,20.8,18.8,8.2,2.6,10.8,0.216,5.5,1.2,6.7,5.3
John Wallace,wallajo01,DET,SF,26,40,527,11.2,0.463,0.064,0.191,5.0,12.0,8.4,8.0,1.2,2.1,12.3,24.0,-0.3,0.6,0.3,0.027,-3.2,-0.4,-3.6,-0.2
Johnny Newman,newmajo01,NJN,SG,37,82,2049,13.0,0.542,0.253,0.427,1.9,8.2,4.9,10.0,1.6,0.4,11.4,20.6,2.7,0.7,3.4,0.081,-1.0,-1.1,-2.1,0.0
Jon Barry,barryjo01,SAC,SG,31,62,1010,12.4,0.55,0.518,0.286,1.8,8.1,5.0,19.0,1.4,0.4,15.6,14.9,1.5,0.9,2.4,0.114,-0.1,0.1,0.1,0.5
Jonathan Bender,bendejo01,IND,SF,20,59,574,7.6,0.447,0.22,0.366,2.9,11.5,7.3,9.4,0.7,3.5,16.3,21.0,-0.7,0.5,-0.1,-0.012,-4.4,-0.3,-4.7,-0.4
Jud Buechler,buechju01,DET,SF,32,57,737,9.9,0.57,0.47,0.073,2.9,11.0,6.8,8.4,1.4,1.0,12.9,11.4,0.8,0.7,1.5,0.098,-1.8,0.9,-0.9,0.2
Jumaine Jones,jonesju01,PHI,SF,21,65,866,14.2,0.51,0.218,0.193,8.4,16.1,12.3,6.3,1.8,1.3,11.6,17.6,0.9,1.4,2.3,0.125,0.0,0.4,0.4,0.5
Juwan Howard,howarju01,"WAS,DAL",PF,27,81,2974,16.0,0.527,0.002,0.314,6.6,15.6,11.1,13.9,1.3,0.9,14.9,24.6,2.8,1.6,4.4,0.071,0.0,-1.2,-1.2,0.6
Jérôme Moïso,moisoje01,BOS,C,22,24,135,3.2,0.422,0.033,0.867,9.9,27.1,18.1,3.6,1.2,2.3,30.3,20.0,-0.4,0.2,-0.3,-0.096,-9.5,-0.8,-10.3,-0.3
Karl Malone,malonka01,UTA,PF,37,81,2895,24.7,0.572,0.004,0.503,5.0,23.3,14.3,24.1,1.7,1.7,12.9,30.0,9.1,4.0,13.1,0.217,5.5,1.1,6.6,6.3
Keith Van Horn,vanhoke01,NJN,SF,25,49,1733,15.5,0.526,0.24,0.263,5.0,18.3,11.5,9.0,1.2,0.9,11.5,23.4,1.7,1.2,2.8,0.079,0.8,-1.9,-1.1,0.4
Kelvin Cato,catoke01,HOU,C,26,35,624,13.0,0.606,0.0,0.514,8.9,17.0,13.1,2.8,1.1,3.4,15.5,11.9,1.0,0.7,1.7,0.128,-2.0,0.8,-1.2,0.1
Kendall Gill,gillke01,NJN,SG,32,31,892,10.1,0.39,0.043,0.279,4.0,13.1,8.4,16.7,2.8,0.6,11.7,20.9,-1.1,0.8,-0.4,-0.021,-3.0,0.3,-2.7,-0.2
Kenny Anderson,anderke01,BOS,PG,30,33,849,12.2,0.476,0.145,0.313,2.1,8.2,5.0,26.5,2.7,0.2,16.8,16.6,0.4,0.7,1.1,0.063,-1.9,-0.1,-2.0,0.0
Kenny Thomas,thomake01,HOU,PF,23,74,1820,11.2,0.507,0.198,0.271,8.0,18.3,13.3,6.7,1.2,1.6,18.2,16.1,0.5,1.7,2.2,0.058,-2.0,-0.3,-2.3,-0.1
Kenyon Martin,martike01,NJN,PF,23,68,2272,13.4,0.472,0.014,0.247,6.7,19.0,12.7,10.4,1.8,3.7,13.8,19.9,-0.4,2.5,2.1,0.044,-2.1,0.4,-1.7,0.2
Keon Clark,clarkke01,"DEN,TOR",PF,25,81,1720,15.6,0.512,0.002,0.462,8.6,19.6,14.0,6.8,1.0,6.3,12.6,18.6,1.5,2.2,3.7,0.104,-2.1,1.0,-1.1,0.4
Kevin Edwards,edwarke01,VAN,SG,35,46,634,8.3,0.414,0.112,0.312,4.2,10.6,7.4,12.9,2.4,0.9,16.1,16.6,-0.6,0.5,-0.1,-0.011,-3.7,0.5,-3.2,-0.2
Kevin Garnett,garneke01,MIN,PF,24,81,3202,23.9,0.531,0.045,0.317,7.7,25.3,16.4,21.8,1.8,3.2,12.0,27.0,7.0,4.8,11.8,0.176,4.5,1.4,6.0,6.4
Kevin Ollie,ollieke01,"NJN,PHI",PG,28,70,925,10.3,0.467,0.016,0.464,2.0,9.6,5.8,24.5,1.7,0.1,17.5,13.7,0.5,0.9,1.4,0.075,-2.8,0.6,-2.2,0.0
Kevin Willis,willike02,"TOR,DEN",C,38,78,1830,14.6,0.478,0.009,0.213,10.5,21.8,16.0,4.6,1.6,2.0,10.3,20.5,1.1,2.0,3.1,0.081,-1.8,-1.0,-2.8,-0.4
Keyon Dooling,doolike01,LAC,PG,20,76,1237,12.6,0.509,0.221,0.494,0.8,7.3,4.1,23.7,1.8,0.6,17.6,20.0,0.8,0.7,1.4,0.056,-1.5,-0.9,-2.5,-0.2
Khalid El-Amin,elamikh01,CHI,PG,21,50,936,12.2,0.458,0.27,0.232,2.6,7.9,5.1,27.5,2.8,0.2,13.6,19.7,0.2,0.4,0.6,0.03,-1.7,-0.7,-2.4,-0.1
Kobe Bryant,bryanko01,LAL,SG,22,68,2783,24.5,0.552,0.132,0.369,4.3,11.8,8.1,23.0,2.1,1.1,11.1,31.8,9.2,2.2,11.3,0.196,5.1,-0.3,4.8,4.7
Kornél Dávid,davidko01,"TOR,DET",SF,29,27,209,12.0,0.547,0.0,0.255,7.8,20.1,13.8,5.3,1.5,1.3,16.2,14.3,0.2,0.2,0.4,0.102,-2.5,0.5,-2.0,0.0
Kurt Thomas,thomaku01,NYK,PF,28,77,2125,16.9,0.566,0.005,0.342,10.1,18.9,14.6,5.4,1.6,2.6,12.3,18.5,4.1,4.1,8.2,0.185,-0.3,1.4,1.2,1.7
LaPhonso Ellis,ellisla01,MIN,PF,30,82,1948,16.0,0.524,0.034,0.333,11.6,17.5,14.5,7.5,1.8,2.7,12.8,19.6,2.9,2.3,5.2,0.127,-0.9,-0.3,-1.2,0.4
Lamar Odom,odomla01,LAC,PF,21,76,2836,18.9,0.536,0.242,0.369,4.6,18.9,11.9,25.0,1.4,3.0,17.8,24.1,3.2,3.3,6.5,0.111,2.9,1.1,4.0,4.3
Lamond Murray,murrala01,CLE,SF,27,78,2225,13.9,0.49,0.178,0.228,5.4,12.3,8.9,10.1,2.0,0.9,12.2,23.5,0.8,1.5,2.3,0.05,-0.1,-1.0,-1.1,0.5
Lari Ketner,ketnela01,IND,PF,23,3,7,-10.6,,,,0.0,0.0,0.0,20.2,0.0,0.0,100.0,13.3,-0.1,0.0,-0.1,-0.383,-13.9,-1.5,-15.4,0.0
Laron Profit,profila01,WAS,PG,23,35,605,11.7,0.47,0.183,0.317,3.4,9.1,6.2,23.5,3.1,1.3,22.1,15.3,-0.1,0.4,0.3,0.023,-1.4,0.4,-1.0,0.2
Larry Hughes,hughela01,GSW,SG,22,50,1846,13.9,0.449,0.093,0.313,4.0,12.5,7.9,21.0,2.7,1.1,14.2,24.4,-0.4,1.1,0.6,0.017,-1.2,-0.2,-1.4,0.3
Larry Johnson,johnsla02,NYK,PF,31,65,2105,11.2,0.493,0.273,0.214,5.3,15.2,10.4,10.5,1.0,1.1,12.9,17.4,1.0,3.1,4.1,0.093,-1.0,0.9,-0.1,1.0
Larry Robinson,robinla01,"CLE,ATL",PG,33,34,632,11.8,0.511,0.63,0.13,4.0,11.4,7.7,9.1,2.3,0.2,11.4,15.5,0.6,0.5,1.1,0.083,0.3,0.5,0.9,0.5
Latrell Sprewell,sprewla01,NYK,SF,30,77,3017,15.1,0.497,0.111,0.288,2.0,11.6,7.0,17.2,1.9,0.8,13.7,25.8,0.5,4.6,5.1,0.082,0.0,0.8,0.7,2.1
Lavor Postell,postela01,NYK,SG,22,26,169,7.2,0.448,0.204,0.5,5.9,11.8,8.9,5.0,1.3,1.0,20.5,24.0,-0.3,0.2,-0.1,-0.027,-4.2,-0.9,-5.1,-0.1
Lawrence Funderburke,fundela01,SAC,PF,30,59,698,16.1,0.522,0.0,0.318,11.7,18.3,15.1,4.0,0.7,1.2,10.4,19.5,1.0,0.9,1.9,0.129,0.0,-1.7,-1.8,0.0
Lee Nailon,nailole01,CHO,SF,25,42,469,11.7,0.529,0.007,0.316,7.1,15.3,11.2,9.1,1.0,0.8,14.8,17.9,0.4,0.6,0.9,0.096,-2.5,-0.1,-2.6,-0.1
Lindsey Hunter,hunteli01,MIL,PG,30,82,2002,14.8,0.5,0.52,0.123,1.8,7.7,4.8,17.4,2.7,0.4,7.6,20.2,3.1,1.4,4.6,0.109,1.1,0.1,1.2,1.6
Lorenzen Wright,wrighlo02,ATL,C,25,71,1988,15.7,0.486,0.002,0.266,10.0,20.0,15.0,8.0,1.1,2.3,12.1,23.2,1.1,2.0,3.2,0.077,-1.0,-0.8,-1.8,0.1
Loy Vaught,vaughlo01,"DAL,WAS",PF,32,51,549,13.3,0.484,0.0,0.059,10.7,24.8,17.8,6.8,2.0,0.9,13.0,16.4,0.3,0.8,1.0,0.091,-1.5,-0.4,-1.9,0.0
Luc Longley,longllu01,NYK,C,32,25,301,3.7,0.399,0.0,0.315,10.8,15.6,13.3,3.7,0.6,2.4,26.4,13.6,-0.5,0.5,0.0,0.0,-7.0,0.6,-6.4,-0.3
Lucious Harris,harrilu01,NJN,SG,30,73,2071,12.9,0.498,0.212,0.223,3.8,12.4,8.0,11.3,1.9,0.6,8.5,16.4,2.0,1.2,3.1,0.073,-0.2,-0.4,-0.7,0.7
Mahmoud Abdul-Rauf,abdulma02,VAN,PG,31,41,486,16.7,0.514,0.057,0.118,1.2,4.7,2.9,32.7,1.0,0.1,9.1,26.8,0.7,0.0,0.7,0.07,1.1,-2.1,-1.0,0.1
Malik Rose,rosema01,SAS,PF,26,57,1219,14.8,0.498,0.046,0.435,9.3,18.8,14.3,6.6,2.6,2.3,14.4,19.8,0.7,2.6,3.3,0.131,-1.7,2.2,0.4,0.8
Mamadou N'Diaye,ndiayma02,TOR,C,25,3,10,6.6,0.41,0.0,0.5,11.0,11.6,11.3,0.0,0.0,0.0,0.0,21.8,0.0,0.0,0.0,0.083,-7.1,-4.7,-11.7,0.0
Marc Jackson,jacksma02,GSW,C,26,48,1410,16.1,0.534,0.045,0.378,8.3,19.8,13.6,7.3,1.2,1.4,13.6,20.5,1.9,0.7,2.6,0.089,-0.2,-1.4,-1.6,0.2
Marcus Camby,cambyma01,NYK,C,26,63,2127,20.9,0.559,0.014,0.388,11.5,29.0,20.5,4.5,1.7,5.2,8.5,17.0,4.8,5.5,10.3,0.233,2.0,2.5,4.6,3.5
Marcus Fizer,fizerma01,CHI,PF,22,72,1580,11.0,0.476,0.06,0.249,5.5,18.5,11.8,9.4,1.0,0.9,14.7,24.7,-1.3,0.6,-0.7,-0.022,-3.3,-2.8,-6.1,-1.6
Mario Elie,eliema01,PHO,SG,37,68,1506,9.3,0.541,0.407,0.28,2.8,9.0,5.8,12.9,2.0,0.6,17.8,10.0,1.1,2.0,3.1,0.097,-2.2,2.0,-0.2,0.7
Mark Blount,blounma01,BOS,C,25,64,1098,11.1,0.541,0.0,0.33,9.9,14.9,12.3,4.8,1.8,5.3,21.3,12.0,0.5,1.4,1.9,0.084,-4.2,1.1,-3.1,-0.3
Mark Bryant,bryanma01,DAL,PF,35,18,101,2.1,0.428,0.0,0.25,4.5,18.3,11.6,4.2,0.5,1.4,18.4,12.2,-0.1,0.1,0.0,0.005,-9.0,-0.2,-9.2,-0.2
Mark Jackson,jacksma01,"TOR,NYK",PG,35,83,2588,14.9,0.506,0.355,0.16,2.8,10.9,6.8,39.3,1.7,0.2,21.9,14.2,3.6,2.3,5.9,0.11,1.3,-0.2,1.0,2.0
Mark Madsen,madsema01,LAL,PF,25,70,641,9.2,0.53,0.009,0.327,13.2,13.6,13.4,5.4,0.7,0.9,17.3,10.9,0.8,0.3,1.1,0.085,-2.9,-1.6,-4.5,-0.4
Mark Pope,popema01,MIL,PF,28,63,942,7.2,0.48,0.169,0.246,6.8,10.9,8.8,5.6,0.9,2.0,9.7,8.4,0.8,0.5,1.3,0.068,-3.0,0.1,-2.9,-0.2
Mark Strickland,stricma01,"DEN,NJN",SF,30,55,719,11.9,0.467,0.008,0.293,8.1,16.7,12.3,5.6,1.2,2.1,11.2,18.9,0.1,0.5,0.6,0.037,-2.1,-1.2,-3.3,-0.2
Mateen Cleaves,cleavma01,DET,PG,23,78,1268,9.0,0.458,0.043,0.343,2.2,9.1,5.6,26.8,2.0,0.1,23.2,20.5,-1.3,1.2,-0.1,-0.006,-4.5,-0.7,-5.2,-1.0
Matt Bullard,bullama01,HOU,PF,33,61,1000,13.0,0.569,0.698,0.046,2.6,12.2,7.5,6.9,0.5,0.6,3.7,14.9,2.2,0.4,2.6,0.125,2.5,-1.0,1.5,0.9
Matt Geiger,geigema01,PHI,C,31,35,542,11.5,0.43,0.009,0.241,10.6,18.2,14.5,4.5,1.2,1.1,9.2,22.8,-0.1,0.8,0.7,0.065,-3.2,-1.0,-4.2,-0.3
Matt Harpring,harprma01,CLE,SG,24,56,1615,13.3,0.522,0.099,0.315,6.5,10.9,8.7,10.9,1.4,0.8,13.1,19.2,1.8,0.8,2.6,0.077,-0.4,-1.0,-1.3,0.3
Matt Maloney,malonma01,ATL,PG,29,55,1403,10.4,0.508,0.408,0.098,1.1,8.2,4.6,17.6,2.1,0.3,16.2,13.8,0.7,0.8,1.5,0.053,-1.4,0.5,-0.9,0.4
Maurice Taylor,tayloma01,HOU,SF,24,69,1972,14.9,0.518,0.005,0.203,6.6,15.4,11.1,9.7,0.8,1.3,12.6,23.2,1.8,1.4,3.2,0.077,-0.9,-1.0,-1.9,0.0
Metta World Peace,artesro01,CHI,SF,21,76,2363,13.6,0.483,0.182,0.344,2.9,12.3,7.4,17.6,3.5,1.4,14.5,21.6,-0.1,2.0,1.9,0.039,-1.9,0.5,-1.3,0.4
Michael Curry,currymi01,DET,SG,32,68,1485,7.5,0.507,0.028,0.229,1.5,7.4,4.4,13.9,0.9,0.1,14.8,12.0,0.8,0.9,1.7,0.055,-4.2,0.0,-4.3,-0.9
Michael Dickerson,dickemi01,VAN,SG,25,70,2618,12.4,0.501,0.225,0.265,3.1,6.9,5.0,15.8,1.2,0.7,12.5,22.7,1.2,0.7,1.8,0.034,-0.7,-1.5,-2.2,-0.2
Michael Doleac,doleami01,ORL,C,23,77,1398,9.9,0.443,0.006,0.112,5.4,16.5,10.8,7.8,1.4,2.2,9.6,19.4,-0.2,1.7,1.5,0.05,-4.4,0.1,-4.3,-0.8
Michael Finley,finlemi01,DAL,SF,27,82,3443,18.2,0.521,0.169,0.209,3.6,10.0,6.9,18.3,1.8,0.7,10.1,24.9,5.6,2.9,8.5,0.119,2.4,-0.5,1.9,3.4
Michael Hawkins,hawkimi01,CLE,PG,28,10,76,3.7,0.444,0.444,0.0,3.1,4.6,3.8,24.8,1.4,0.0,40.0,8.9,0.0,0.0,0.0,-0.022,-4.7,-0.6,-5.3,-0.1
Michael Olowokandi,olowomi01,LAC,C,25,82,2127,10.0,0.451,0.0,0.22,9.3,18.7,14.1,3.7,0.8,3.6,17.9,20.5,-2.6,2.2,-0.4,-0.008,-4.7,-0.8,-5.5,-1.9
Michael Redd,reddmi01,MIL,SG,21,6,35,3.4,0.3,0.158,0.316,9.8,3.2,6.5,4.4,1.5,0.0,4.4,29.3,-0.1,0.0,-0.1,-0.163,-6.2,-5.2,-11.4,-0.1
Michael Ruffin,ruffimi01,CHI,PF,24,45,879,10.1,0.48,0.0,0.856,13.1,22.6,17.7,6.9,1.8,3.2,27.1,9.0,0.2,0.9,1.0,0.056,-3.5,0.1,-3.4,-0.3
Michael Smith,smithmi02,WAS,PF,28,79,1610,14.0,0.527,0.005,0.706,12.3,28.9,20.4,9.6,1.8,1.6,17.8,9.6,2.0,1.6,3.6,0.108,0.0,0.2,0.2,0.9
Michael Stewart,stewami01,TOR,C,25,26,123,8.7,0.394,0.0,0.529,14.3,12.2,13.3,2.4,1.7,1.7,10.7,17.1,0.0,0.1,0.1,0.036,-4.6,-1.8,-6.5,-0.1
Mike Bibby,bibbymi01,VAN,PG,22,82,3190,16.8,0.525,0.246,0.162,1.7,9.2,5.5,38.3,1.8,0.3,16.7,21.3,4.0,1.4,5.3,0.081,2.0,-1.2,0.7,2.2
Mike Miller,millemi01,ORL,SF,20,82,2390,13.2,0.541,0.431,0.151,3.0,12.4,7.6,9.7,1.1,0.6,9.7,18.5,3.3,1.9,5.3,0.106,0.7,-0.9,-0.2,1.0
Mike Penberthy,penbemi01,LAL,PG,26,53,851,11.2,0.567,0.626,0.14,1.3,7.0,4.2,12.4,1.4,0.2,12.6,14.2,1.3,0.2,1.6,0.088,-0.3,-1.2,-1.6,0.1
Mike Smith,smithmi03,WAS,SF,24,17,180,8.1,0.386,0.305,0.271,6.4,7.9,7.2,9.0,1.4,1.2,9.6,18.1,-0.1,0.0,-0.1,-0.033,-1.6,-2.5,-4.2,-0.1
Mikki Moore,mooremi01,DET,C,25,81,1154,12.9,0.552,0.004,0.485,11.0,18.4,14.7,4.6,1.1,3.7,18.5,15.0,1.1,1.6,2.8,0.116,-3.4,0.8,-2.6,-0.2
Milt Palacio,palacmi01,BOS,PG,22,58,1141,12.3,0.556,0.135,0.345,2.4,8.2,5.2,22.5,2.2,0.0,20.6,15.4,1.1,0.7,1.8,0.076,-1.8,-0.5,-2.4,-0.1
Mitch Richmond,richmmi01,WAS,SG,35,37,1216,14.9,0.521,0.264,0.317,1.4,9.2,5.2,16.6,1.8,0.4,12.8,24.1,1.4,0.2,1.6,0.065,1.0,-1.2,-0.3,0.5
Monty Williams,willimo01,ORL,SF,29,82,1211,11.0,0.485,0.036,0.365,7.7,14.7,11.1,10.5,1.2,1.0,16.7,18.5,0.1,1.2,1.3,0.051,-2.8,-0.9,-3.6,-0.5
Moochie Norris,norrimo01,HOU,PG,27,82,1654,16.2,0.546,0.215,0.47,3.2,10.5,6.9,27.1,2.2,0.1,17.7,16.8,3.1,1.2,4.4,0.126,0.9,0.1,1.0,1.2
Mookie Blaylock,blaylmo01,GSW,PG,33,69,2352,15.8,0.455,0.281,0.095,3.0,9.9,6.1,32.3,3.5,0.6,13.3,17.3,1.9,1.6,3.5,0.071,0.2,1.0,1.2,1.9
Morris Peterson,petermo01,TOR,SG,23,80,1809,14.1,0.507,0.245,0.215,6.8,9.4,8.1,9.6,1.8,0.8,9.6,20.1,2.3,1.3,3.6,0.096,0.1,-0.8,-0.7,0.5
Muggsy Bogues,boguemu01,TOR,PG,36,3,34,-0.5,0.0,0.5,0.0,0.0,10.2,5.0,19.3,3.1,0.0,66.7,7.9,-0.1,0.0,-0.1,-0.128,-8.9,1.7,-7.2,0.0
Nazr Mohammed,mohamna01,"PHI,ATL",C,23,58,912,19.2,0.52,0.003,0.341,14.1,23.6,18.8,3.9,1.7,2.8,13.1,24.0,1.1,1.4,2.5,0.129,-0.2,-1.3,-1.5,0.1
Nick Anderson,anderni01,SAC,SG,33,21,169,6.4,0.333,0.684,0.0,2.0,13.7,8.0,11.0,3.0,1.6,10.9,16.7,-0.3,0.3,0.0,-0.011,-4.6,1.4,-3.2,-0.1
Nick Van Exel,vanexni01,DEN,PG,29,71,2688,18.5,0.515,0.322,0.224,1.8,8.1,4.9,38.4,1.2,0.5,11.9,23.0,6.1,0.3,6.4,0.114,4.0,-2.0,1.9,2.7
Obinna Ekezie,ekeziob01,"WAS,DAL",PF,25,33,281,12.4,0.484,0.0,0.654,12.7,19.9,16.2,5.3,0.9,1.3,11.8,18.8,0.3,0.1,0.4,0.072,-2.5,-1.7,-4.2,-0.2
Olden Polynice,polynol01,UTA,C,36,81,1619,9.9,0.484,0.002,0.157,12.3,16.6,14.5,3.1,0.9,3.9,15.0,14.8,0.2,1.8,2.0,0.058,-3.1,-0.7,-3.9,-0.8
Olumide Oyedeji,oyedeol01,SEA,C,19,30,221,10.6,0.532,0.0,0.324,12.5,22.2,17.4,1.3,1.7,3.3,20.6,10.9,0.1,0.3,0.4,0.09,-3.8,0.0,-3.8,-0.1
Othella Harrington,harriot01,"VAN,NYK",C,27,74,1815,12.0,0.549,0.006,0.442,9.0,15.7,12.4,5.3,1.0,1.8,19.3,19.2,0.8,1.7,2.5,0.067,-2.9,-0.4,-3.3,-0.6
Otis Thorpe,thorpot01,CHO,PF,38,49,647,7.6,0.487,0.0,0.183,8.9,16.7,12.8,7.3,1.0,0.8,18.4,12.4,0.1,0.8,1.0,0.071,-5.0,0.1,-4.9,-0.5
P.J. Brown,brownpj01,CHO,C,31,80,2811,13.3,0.518,0.007,0.373,10.5,19.6,15.1,7.3,1.5,2.4,14.2,12.5,3.4,4.7,8.0,0.137,-1.3,0.9,-0.4,1.1
Pat Garrity,garripa01,ORL,SF,24,76,1579,10.1,0.507,0.389,0.17,3.5,11.4,7.4,5.3,1.3,0.7,9.9,19.2,1.2,1.3,2.5,0.076,-2.0,-1.0,-3.0,-0.4
Patrick Ewing,ewingpa01,SEA,C,38,79,2107,12.9,0.478,0.003,0.367,6.8,25.0,15.9,7.0,1.3,3.1,16.0,20.3,-0.5,2.5,2.0,0.046,-2.9,-0.2,-3.2,-0.6
Paul McPherson,mcphepa01,"PHO,GSW",PG,22,55,595,13.6,0.542,0.056,0.269,7.0,7.6,7.3,11.6,2.2,0.5,16.3,21.0,0.4,0.5,0.9,0.074,-1.6,-0.3,-1.9,0.0
Paul Pierce,piercpa01,BOS,SF,23,82,3120,22.3,0.563,0.254,0.488,3.4,16.7,9.8,16.9,2.3,1.7,12.5,30.6,6.9,3.5,10.4,0.16,4.5,-0.1,4.4,5.0
Peja Stojaković,stojape01,SAC,SF,23,75,2905,18.4,0.576,0.303,0.262,3.5,12.3,8.0,9.6,1.6,0.3,9.9,22.4,6.8,3.3,10.1,0.168,2.8,-0.3,2.5,3.2
Pepe Sánchez,sanchpe01,"ATL,PHI",PG,23,29,150,12.6,0.346,0.036,0.071,2.3,8.9,5.6,41.3,3.9,0.5,17.2,10.5,0.1,0.2,0.3,0.107,-2.2,2.8,0.6,0.1
Pervis Ellison,ellispe01,SEA,C,33,9,40,2.4,0.381,0.0,0.286,5.8,28.6,17.2,10.5,0.0,3.6,27.6,12.3,-0.1,0.0,0.0,-0.013,-9.0,1.5,-7.5,-0.1
Popeye Jones,jonespo01,WAS,PF,30,45,638,13.1,0.457,0.039,0.359,14.9,25.6,20.2,7.8,1.5,0.9,10.6,13.8,0.8,0.5,1.2,0.094,-1.3,-1.7,-3.0,-0.2
Quentin Richardson,richaqu01,LAC,SG,20,76,1358,16.5,0.516,0.288,0.301,9.1,12.5,10.8,8.3,1.7,0.4,9.7,22.4,2.1,1.0,3.0,0.106,2.0,-1.1,0.8,0.9
Quincy Lewis,lewisqu01,UTA,SF,23,35,402,7.1,0.469,0.203,0.171,4.4,10.0,7.2,7.2,1.3,2.0,11.4,17.1,0.0,0.3,0.3,0.041,-4.3,-0.2,-4.5,-0.3
Raef LaFrentz,lafrera01,DEN,C,24,78,2457,17.6,0.544,0.171,0.323,7.6,19.4,13.4,7.3,0.8,5.8,9.5,18.6,4.3,2.5,6.8,0.132,0.1,0.7,0.8,1.8
Rafer Alston,alstora01,MIL,PG,24,37,288,12.1,0.429,0.357,0.155,1.6,10.6,6.1,34.6,2.4,0.0,18.2,17.2,0.1,0.2,0.3,0.055,-1.6,-0.5,-2.1,0.0
Raja Bell,bellra01,PHI,SG,24,5,30,-0.6,0.357,0.429,0.0,0.0,3.7,1.9,0.0,1.8,0.0,22.2,13.6,-0.1,0.0,-0.1,-0.091,-7.2,-2.2,-9.4,-0.1
Randy Brown,brownra02,BOS,PG,32,54,1238,8.2,0.438,0.013,0.169,2.1,7.5,4.7,20.1,2.6,0.6,18.0,11.4,-0.1,1.0,0.9,0.034,-4.2,1.1,-3.1,-0.3
Randy Livingston,livinra01,GSW,PG,25,2,7,-3.7,0.0,0.5,0.0,0.0,16.5,7.6,19.2,0.0,0.0,0.0,12.1,0.0,0.0,0.0,-0.222,-11.2,-4.4,-15.6,0.0
Rashard Lewis,lewisra02,SEA,PF,21,78,2720,17.3,0.587,0.321,0.24,6.1,16.7,11.4,7.6,1.8,1.2,11.6,18.4,5.9,2.1,8.0,0.142,2.4,-0.4,2.1,2.8
Rasheed Wallace,wallara01,POR,PF,26,77,2940,20.9,0.56,0.138,0.272,6.2,17.9,12.2,12.9,1.6,3.4,10.7,23.4,6.8,4.2,11.0,0.18,3.3,1.1,4.4,4.8
Rasho Nesterović,nestera01,MIN,C,24,73,1233,10.4,0.472,0.003,0.204,9.1,17.5,13.2,5.4,1.1,3.6,13.7,14.8,0.2,1.3,1.5,0.06,-3.5,0.0,-3.5,-0.5
Ray Allen,allenra02,MIL,SG,25,82,3129,22.9,0.61,0.357,0.299,3.7,11.8,7.8,20.4,2.1,0.5,12.1,24.4,11.5,2.2,13.7,0.211,5.7,-0.3,5.5,5.9
Reggie Miller,millere01,IND,SG,35,81,3181,17.3,0.574,0.395,0.296,1.4,8.5,5.1,15.0,1.4,0.3,9.1,21.5,8.1,2.2,10.3,0.155,2.8,-0.6,2.3,3.4
Reggie Slater,slatere01,MIN,PF,30,55,686,14.1,0.568,0.0,0.629,12.9,18.2,15.5,5.7,1.4,0.9,16.1,17.6,1.2,0.7,1.8,0.129,-2.3,-1.4,-3.7,-0.3
Richard Hamilton,hamilri01,WAS,SF,22,78,2519,15.7,0.508,0.117,0.255,3.4,7.7,5.5,17.7,1.5,0.3,12.6,28.1,2.3,0.1,2.4,0.046,0.4,-2.6,-2.2,-0.1
Rick Brunson,brunsri01,"BOS,NYK",PG,28,22,208,6.3,0.38,0.259,0.278,2.9,9.2,6.0,24.2,2.0,0.4,21.9,17.4,-0.4,0.2,-0.2,-0.039,-4.9,-0.2,-5.1,-0.2
Rick Fox,foxri01,LAL,SF,31,82,2291,13.8,0.562,0.464,0.189,4.0,11.9,8.0,17.4,1.6,0.9,16.3,16.3,3.7,1.4,5.1,0.107,0.8,-0.3,0.5,1.4
Ricky Davis,davisri01,MIA,SG,21,7,70,18.9,0.492,0.034,0.276,1.7,10.2,5.9,31.0,3.9,2.2,13.3,26.0,0.1,0.1,0.2,0.139,-0.2,3.3,3.0,0.1
Robert Horry,horryro01,LAL,PF,30,79,1587,11.0,0.489,0.411,0.218,6.7,14.3,10.5,11.7,1.8,2.4,15.9,14.0,1.1,1.5,2.6,0.078,-1.0,0.6,-0.4,0.7
Robert Pack,packro01,DEN,PG,31,74,1260,14.8,0.493,0.073,0.322,2.6,9.3,5.9,38.2,2.7,0.1,21.7,22.0,0.4,0.7,1.1,0.043,-0.8,-0.8,-1.6,0.1
Robert Traylor,traylro01,CLE,C,23,70,1212,14.1,0.521,0.006,0.435,11.9,16.8,14.3,8.7,2.1,4.6,20.2,18.0,0.3,1.5,1.9,0.074,-2.6,1.1,-1.6,0.1
Rod Strickland,stricro02,"WAS,POR",PG,34,54,1371,16.1,0.493,0.04,0.403,3.1,9.0,6.0,37.1,2.0,0.3,17.5,20.1,1.7,0.5,2.2,0.076,1.5,-0.9,0.6,0.9
Rodney Buford,buforro01,PHI,SF,23,47,573,11.3,0.489,0.158,0.12,3.2,11.2,7.3,5.4,1.6,0.8,10.3,22.3,0.1,0.7,0.8,0.071,-2.5,-0.5,-2.9,-0.1
Rodney Rogers,rogerro01,PHO,SF,29,82,2183,14.6,0.507,0.216,0.282,4.8,14.0,9.3,14.5,2.3,1.6,13.8,23.3,1.0,3.7,4.7,0.104,-0.7,1.3,0.6,1.4
Ron Harper,harpero01,LAL,PG,37,47,1139,12.5,0.525,0.266,0.177,4.6,11.8,8.2,14.8,1.8,1.5,17.5,13.9,1.0,0.8,1.8,0.077,-0.2,0.4,0.2,0.6
Ron Mercer,mercero01,CHI,SG,24,61,2535,14.8,0.492,0.041,0.203,3.2,8.0,5.5,16.2,1.7,0.8,9.6,24.8,1.5,0.4,1.8,0.035,0.3,-2.2,-1.9,0.1
Roshown McLeod,mcleoro01,"ATL,PHI",SF,25,35,922,10.5,0.475,0.066,0.154,4.6,10.0,7.3,11.0,1.3,0.6,14.1,20.0,-0.1,0.5,0.4,0.019,-2.6,-0.8,-3.4,-0.3
Ruben Patterson,patteru01,SEA,SF,25,76,2059,19.3,0.544,0.048,0.482,10.3,11.0,10.7,13.4,2.6,1.6,14.6,23.3,3.8,1.7,5.5,0.128,2.0,-0.1,1.9,2.1
Rubén Garcés,garceru01,"PHO,GSW",PF,27,13,73,9.7,0.313,0.0,0.364,23.7,20.6,22.2,10.5,2.1,2.0,16.4,18.4,-0.1,0.1,0.0,0.009,-4.1,-0.8,-4.9,-0.1
Rubén Wolkowyski,wolkoru01,SEA,PF,27,34,305,6.4,0.399,0.025,0.43,4.5,12.7,8.7,1.4,1.0,4.3,11.3,15.7,-0.3,0.2,-0.1,-0.012,-5.3,-0.6,-5.9,-0.3
Ryan Bowen,bowenry01,DEN,SF,25,57,696,13.3,0.585,0.076,0.306,9.6,8.1,8.8,6.8,2.8,1.2,12.8,12.0,1.2,0.4,1.7,0.114,-1.1,1.3,0.1,0.4
Sam Cassell,cassesa01,MIL,PG,31,76,2709,20.1,0.542,0.087,0.285,1.9,10.1,6.1,36.4,1.7,0.2,14.7,24.9,7.0,1.4,8.5,0.15,2.5,-1.5,1.1,2.1
Sam Jacobson,jacobsa01,MIN,PG,25,14,59,10.7,0.518,0.0,0.167,5.8,5.9,5.8,10.6,2.7,0.0,0.0,14.8,0.1,0.0,0.2,0.147,-5.9,1.6,-4.3,0.0
Sam Mitchell,mitchsa01,MIN,SF,37,82,983,8.2,0.455,0.149,0.19,3.2,11.2,7.1,8.6,1.4,0.7,10.3,16.1,0.0,0.6,0.6,0.03,-3.7,-0.9,-4.6,-0.6
Sam Perkins,perkisa01,IND,PF,39,64,999,11.1,0.499,0.487,0.168,3.7,15.0,9.5,6.6,1.8,1.3,7.3,12.2,0.9,1.2,2.0,0.098,0.0,1.0,1.0,0.8
Samaki Walker,walkesa01,SAS,PF,24,61,963,12.2,0.524,0.012,0.492,8.3,19.7,14.3,5.0,0.6,2.9,18.2,18.3,0.2,1.7,1.9,0.093,-2.9,0.3,-2.6,-0.1
Scot Pollard,pollasc01,SAC,C,25,77,1658,15.0,0.53,0.005,0.433,11.5,18.5,15.1,4.2,1.5,3.9,12.3,14.3,2.5,2.9,5.4,0.157,-1.2,0.9,-0.3,0.7
Scott Burrell,burresc01,CHO,SF,30,4,41,12.8,0.507,0.4,0.267,2.8,5.5,4.2,4.6,3.9,0.0,0.0,18.8,0.1,0.1,0.1,0.135,-2.5,2.2,-0.2,0.0
Scott Padgett,padgesc01,UTA,PF,24,27,127,17.6,0.541,0.209,0.465,18.9,19.1,19.0,6.5,2.5,1.9,16.2,22.4,0.2,0.2,0.4,0.158,0.4,-1.8,-1.4,0.0
Scott Williams,willisc01,MIL,C,32,66,1272,14.2,0.514,0.011,0.194,8.7,23.6,16.2,4.2,2.0,1.8,9.5,15.4,1.7,1.7,3.4,0.128,-1.7,-0.2,-1.9,0.0
Scottie Pippen,pippesc01,POR,SF,35,64,2133,15.3,0.541,0.312,0.27,4.1,14.2,9.3,21.8,2.4,1.2,18.8,17.9,2.4,2.7,5.1,0.115,1.0,1.2,2.2,2.3
Sean Colson,colsose01,"ATL,HOU",PG,25,13,44,6.8,0.291,0.208,0.167,5.4,10.2,7.7,38.7,1.2,0.0,7.2,28.8,-0.1,0.0,-0.1,-0.106,-5.7,-3.2,-8.9,-0.1
Sean Elliott,elliose01,SAS,SF,32,52,1229,12.4,0.544,0.381,0.248,1.6,13.4,7.8,10.8,1.0,1.4,11.9,16.3,1.3,1.7,3.0,0.118,0.6,1.1,1.7,1.2
Sean Rooks,rooksse01,LAC,C,31,82,1553,11.5,0.487,0.005,0.362,6.9,15.2,11.2,8.1,1.2,2.9,13.7,15.8,0.8,1.5,2.3,0.07,-2.3,0.7,-1.7,0.1
Shammond Williams,willish01,SEA,PG,25,69,1238,15.4,0.569,0.361,0.261,3.2,9.0,6.1,24.2,1.3,0.2,16.7,17.9,2.6,0.3,2.9,0.112,2.0,-1.2,0.8,0.9
Shandon Anderson,andersh01,HOU,SG,27,82,2396,11.9,0.528,0.288,0.319,3.6,12.3,8.0,12.5,1.8,1.2,16.3,15.4,1.9,2.0,3.9,0.078,-1.1,0.7,-0.4,0.9
Shaquille O'Neal,onealsh01,LAL,C,28,74,2924,30.2,0.574,0.001,0.684,11.3,24.8,18.1,18.8,0.8,4.9,10.5,31.6,11.1,3.9,14.9,0.245,7.0,0.7,7.7,7.1
Shareef Abdur-Rahim,abdursh01,VAN,SF,24,81,3241,19.1,0.549,0.05,0.415,6.2,19.6,13.0,14.3,1.5,1.6,13.2,24.6,5.6,2.9,8.5,0.126,1.7,0.1,1.8,3.1
Shawn Bradley,bradlsh01,DAL,C,28,82,2001,16.2,0.551,0.013,0.398,9.2,24.4,17.0,2.8,0.9,8.1,14.3,13.9,2.5,3.8,6.3,0.151,-1.0,2.5,1.6,1.8
Shawn Kemp,kempsh01,POR,PF,31,68,1083,11.4,0.469,0.027,0.317,7.2,20.9,14.3,9.9,2.2,1.6,17.4,24.5,-0.8,1.7,0.9,0.041,-4.8,0.1,-4.8,-0.7
Shawn Marion,mariosh01,PHO,SF,22,79,2857,21.0,0.532,0.071,0.249,8.6,25.4,16.8,10.2,2.4,2.7,9.1,22.1,5.3,6.4,11.7,0.196,2.3,1.8,4.1,4.4
Shawnelle Scott,scottsh01,SAS,C,28,27,144,12.0,0.424,0.0,0.537,19.0,20.2,19.6,4.6,1.9,2.9,17.8,20.1,-0.1,0.3,0.2,0.071,-4.5,-0.6,-5.1,-0.1
Sherman Douglas,douglsh01,NJN,PG,34,59,1094,9.9,0.478,0.132,0.38,2.1,5.7,3.9,22.2,1.7,0.3,18.3,17.9,-0.1,0.3,0.2,0.007,-2.5,-1.4,-3.9,-0.5
Soumaila Samake,samakso01,NJN,C,22,34,226,9.0,0.393,0.0,0.5,10.9,16.2,13.5,0.7,0.5,4.6,6.4,12.6,0.0,0.2,0.1,0.028,-2.9,-0.9,-3.9,-0.1
Stacey Augmon,augmost01,POR,SG,32,66,1182,12.3,0.511,0.015,0.327,6.3,9.7,8.0,12.7,2.2,1.3,13.6,13.9,1.3,1.2,2.5,0.102,-1.1,1.3,0.2,0.7
Stanislav Medvedenko,medvest01,LAL,PF,21,7,39,21.8,0.528,0.04,0.48,2.9,22.9,13.0,10.8,1.3,1.8,9.0,38.2,0.1,0.0,0.1,0.126,-1.3,-0.9,-2.3,0.0
Stephen Jackson,jacksst02,NJN,SF,22,77,1660,12.1,0.503,0.271,0.236,2.8,11.9,7.2,15.1,2.7,0.6,17.1,20.8,-0.4,1.3,0.9,0.026,-1.6,0.1,-1.6,0.2
Stephon Marbury,marbust01,NJN,PG,23,67,2557,22.7,0.54,0.262,0.359,2.3,7.0,4.6,40.8,1.6,0.1,11.8,29.7,7.2,0.7,7.8,0.147,5.9,-1.6,4.3,4.1
Steve Francis,francst01,HOU,PG,23,80,3194,21.6,0.563,0.276,0.359,7.1,12.8,10.0,28.4,2.3,0.7,15.8,24.2,9.2,3.0,12.2,0.184,4.5,0.5,5.0,5.7
Steve Goodrich,goodrst01,CHI,PF,24,12,133,4.1,0.451,0.167,0.389,6.0,13.0,9.4,7.1,0.8,0.6,27.5,10.2,-0.1,0.0,-0.1,-0.038,-4.9,-2.6,-7.5,-0.2
Steve Kerr,kerrst01,SAS,PG,35,55,650,10.6,0.546,0.484,0.094,1.1,4.8,3.0,14.1,1.3,0.1,11.3,13.5,0.8,0.6,1.5,0.108,-0.5,0.5,0.0,0.3
Steve Nash,nashst01,DAL,PG,26,70,2387,19.6,0.603,0.277,0.326,2.2,8.1,5.2,34.6,1.6,0.1,18.5,21.1,6.8,1.6,8.4,0.169,3.8,-1.1,2.8,2.9
Steve Smith,smithst01,POR,SG,31,81,2542,15.9,0.587,0.292,0.44,4.2,8.4,6.4,13.6,1.0,0.7,12.7,19.7,6.6,1.6,8.2,0.155,1.5,-0.9,0.6,1.7
Stromile Swift,swiftst01,VAN,PF,21,80,1312,13.1,0.487,0.012,0.416,9.6,15.1,12.4,3.5,2.5,4.3,13.8,16.2,0.2,1.6,1.9,0.069,-2.9,0.9,-2.0,0.0
Tariq Abdul-Wahad,abdulta01,DEN,SG,26,29,420,5.8,0.438,0.09,0.324,3.6,11.8,7.6,8.1,1.7,2.1,21.1,17.1,-0.7,0.3,-0.4,-0.049,-5.6,-0.3,-5.8,-0.4
Terrance Roberson,roberte01,CHO,SF,24,3,13,-15.0,0.0,0.5,0.0,0.0,8.7,4.4,10.9,0.0,0.0,50.0,14.2,-0.1,0.0,-0.1,-0.334,-18.7,-2.4,-21.1,-0.1
Terrell Brandon,brandte01,MIN,PG,30,78,2821,20.0,0.507,0.08,0.198,2.4,9.7,6.0,33.7,3.0,0.5,11.2,22.2,5.8,2.7,8.5,0.145,2.6,0.5,3.1,3.6
Terry Davis,daviste01,DEN,PF,33,19,228,6.7,0.476,0.0,0.88,11.3,14.0,12.6,4.4,0.2,0.3,12.6,7.8,0.2,0.0,0.2,0.051,-3.7,-1.8,-5.6,-0.2
Terry Mills,millste01,IND,PF,33,14,113,1.1,0.368,0.5,0.0,4.1,16.5,10.5,7.2,1.4,0.6,22.7,18.2,-0.4,0.1,-0.2,-0.096,-7.8,-0.4,-8.2,-0.2
Terry Porter,portete01,SAS,PG,37,80,1678,15.5,0.583,0.466,0.264,1.7,11.4,6.8,24.5,1.7,0.5,17.5,16.7,3.0,2.3,5.4,0.154,1.6,1.0,2.6,2.0
Theo Ratliff,ratlith01,PHI,C,27,50,1800,16.3,0.562,0.0,0.475,8.0,17.7,13.0,5.3,0.9,7.6,18.6,17.0,1.7,3.5,5.2,0.138,-1.1,2.7,1.6,1.6
Tim Duncan,duncati01,SAS,PF,24,82,3174,23.8,0.536,0.019,0.471,9.7,25.1,17.8,15.3,1.2,4.2,12.5,28.7,6.2,7.1,13.2,0.2,2.9,1.8,4.7,5.4
Tim Hardaway,hardati01,MIA,PG,34,77,2613,16.7,0.513,0.496,0.174,1.2,8.1,4.6,35.5,1.9,0.2,14.4,24.3,3.1,3.3,6.4,0.118,2.8,-0.4,2.4,2.9
Tim James,jamesti01,CHO,SF,24,30,197,5.8,0.387,0.058,0.269,8.7,11.5,10.1,6.5,0.5,1.9,12.1,15.5,-0.1,0.2,0.1,0.022,-5.9,-1.1,-6.9,-0.2
Tim Thomas,thomati01,MIL,PF,23,76,2086,16.4,0.549,0.343,0.334,4.3,12.6,8.5,10.5,1.9,1.6,11.6,21.3,3.7,1.7,5.5,0.126,1.8,-0.3,1.5,1.8
Todd Day,dayto01,MIN,SG,31,31,345,10.1,0.515,0.585,0.195,3.3,9.0,6.1,12.2,1.5,1.4,15.8,19.9,0.1,0.2,0.3,0.048,-1.3,-0.9,-2.1,0.0
Todd Fuller,fulleto02,MIA,C,26,10,77,9.3,0.363,0.0,0.229,10.8,17.0,13.9,2.4,2.1,2.0,7.2,26.1,-0.1,0.1,0.0,-0.002,-5.9,-1.9,-7.8,-0.1
Todd MacCulloch,maccuto01,PHI,C,25,63,597,18.3,0.607,0.0,0.357,13.3,18.4,15.9,3.1,0.6,2.3,11.2,18.3,1.6,0.9,2.5,0.199,0.3,-0.4,-0.1,0.3
Tom Gugliotta,guglito01,PHO,PF,31,57,1159,11.1,0.437,0.032,0.203,7.3,17.8,12.5,7.7,2.1,1.3,11.0,17.9,-0.3,2.0,1.8,0.073,-3.1,1.0,-2.1,0.0
Tom Hammonds,hammoto01,MIN,PF,33,7,30,-4.9,0.322,0.0,0.2,7.5,7.7,7.6,4.8,0.0,0.0,21.6,20.9,-0.1,0.0,-0.1,-0.187,-12.8,-4.7,-17.5,-0.1
Toni Kukoč,kukocto01,"PHI,ATL",SF,32,65,1597,17.8,0.553,0.27,0.275,4.7,13.5,9.1,22.7,1.6,0.5,14.5,21.5,2.9,1.7,4.7,0.14,3.0,0.2,3.2,2.1
Tony Battie,battito01,BOS,C,24,40,845,15.2,0.562,0.015,0.343,9.7,23.1,16.1,3.3,1.7,5.4,13.8,14.4,1.0,1.3,2.3,0.131,-1.7,1.0,-0.7,0.3
Tony Delk,delkto01,PHO,SG,27,82,2288,13.4,0.49,0.182,0.255,3.7,9.3,6.5,12.1,1.7,0.5,9.0,22.0,1.7,2.9,4.6,0.096,-0.7,0.1,-0.6,0.8
Tony Massenburg,masseto01,VAN,PF,33,52,823,9.6,0.507,0.0,0.352,10.5,18.6,14.6,1.8,0.6,2.4,17.3,15.4,0.1,0.6,0.7,0.041,-4.5,-1.3,-5.9,-0.8
Tony Smith,smithto02,ATL,SG,32,6,78,3.8,0.356,0.087,0.087,2.8,1.4,2.1,20.5,4.7,0.0,27.4,18.8,-0.3,0.1,-0.2,-0.11,-8.5,-0.1,-8.6,-0.1
Tracy McGrady,mcgratr01,ORL,SG,21,77,3087,24.9,0.521,0.096,0.34,6.7,14.3,10.4,22.8,1.9,2.8,9.1,31.2,8.3,3.9,12.2,0.189,6.5,0.5,7.0,7.0
Tracy Murray,murratr01,"DEN,TOR",SF,29,51,588,11.4,0.482,0.415,0.169,4.1,11.4,7.7,6.5,1.1,0.8,8.9,22.2,0.2,0.3,0.6,0.046,-0.7,-2.2,-2.9,-0.1
Trajan Langdon,langdtr01,CLE,SG,24,65,1116,11.8,0.561,0.396,0.243,1.2,8.0,4.6,11.9,1.8,0.6,13.1,16.1,1.5,0.5,2.0,0.086,-0.9,-0.1,-1.0,0.3
Travis Best,besttr01,IND,PG,28,77,2457,16.7,0.517,0.123,0.287,1.8,8.2,5.1,34.0,2.4,0.3,12.5,19.3,4.8,2.3,7.2,0.14,0.8,0.6,1.4,2.1
Travis Knight,knightr01,NYK,C,26,45,256,0.9,0.238,0.019,0.34,9.3,15.6,12.5,3.0,1.1,3.5,14.1,13.5,-0.7,0.5,-0.3,-0.049,-8.6,0.0,-8.6,-0.4
Troy Hudson,hudsotr01,ORL,PG,24,75,1008,10.2,0.427,0.293,0.28,4.1,7.6,5.8,25.5,1.9,0.2,18.0,22.4,-0.7,0.8,0.1,0.003,-2.6,-1.7,-4.3,-0.6
Tyrone Corbin,corbity01,TOR,SF,38,15,117,-2.2,0.252,0.132,0.105,2.8,9.9,6.3,5.0,0.9,0.0,7.0,16.3,-0.4,0.1,-0.3,-0.126,-9.8,-3.1,-12.9,-0.3
Tyrone Hill,hillty01,PHI,PF,32,76,2363,12.4,0.515,0.002,0.465,11.7,21.0,16.4,3.3,0.8,0.8,15.2,16.0,2.0,3.5,5.5,0.111,-1.7,-0.8,-2.4,-0.3
Tyrone Nesby,nesbyty01,"LAC,WAS",SF,25,62,1556,8.9,0.444,0.34,0.2,3.8,9.2,6.5,8.2,1.7,0.9,10.1,18.5,-0.2,0.5,0.3,0.008,-2.5,-1.1,-3.6,-0.6
Tyronn Lue,luety01,LAL,PG,23,38,468,8.7,0.51,0.291,0.205,1.2,6.4,3.9,14.3,2.1,0.0,17.5,14.8,0.2,0.2,0.4,0.042,-3.6,-0.4,-4.0,-0.2
Tyus Edney,edneyty01,IND,PG,27,24,263,16.6,0.49,0.066,0.429,2.2,7.9,5.2,35.7,3.5,0.0,18.8,23.6,0.2,0.3,0.5,0.088,-0.7,0.1,-0.6,0.1
Vernon Maxwell,maxweve01,"PHI,DAL",PG,35,43,660,6.7,0.424,0.498,0.143,0.7,10.3,5.6,11.6,1.7,0.3,12.9,18.7,-0.6,0.7,0.0,0.003,-3.5,0.1,-3.3,-0.2
Vin Baker,bakervi01,SEA,PF,29,76,2129,13.0,0.481,0.019,0.391,9.7,13.5,11.6,7.0,0.9,2.5,14.1,23.8,0.6,1.2,1.8,0.04,-2.4,-1.8,-4.2,-1.2
Vince Carter,cartevi01,TOR,SF,24,75,2979,25.0,0.551,0.24,0.303,6.5,9.3,7.9,19.2,2.0,1.9,8.2,30.7,10.3,2.6,12.9,0.208,7.6,0.1,7.6,7.2
Vinny Del Negro,delnevi01,"GSW,PHO",PG,34,65,922,11.3,0.501,0.056,0.188,1.4,8.8,4.9,21.7,1.5,0.2,11.8,13.6,1.0,0.6,1.6,0.085,-2.2,0.4,-1.8,0.0
Vitaly Potapenko,potapvi01,BOS,C,25,82,1901,12.8,0.517,0.0,0.303,12.1,18.5,15.2,5.9,1.4,0.9,15.1,16.6,1.8,1.7,3.4,0.087,-2.0,-1.6,-3.6,-0.8
Vlade Divac,divacvl01,SAC,C,32,81,2420,17.7,0.536,0.019,0.464,9.5,20.2,15.0,15.2,1.8,2.6,17.4,20.1,3.1,4.3,7.4,0.147,0.3,1.6,1.9,2.4
Vladimir Stepania,stepavl01,NJN,C,24,29,280,12.2,0.398,0.045,0.386,14.0,31.2,22.4,9.4,1.9,2.9,15.6,19.8,-0.2,0.4,0.2,0.035,-3.8,-0.7,-4.5,-0.2
Vonteego Cummings,cummivo01,GSW,PG,24,66,1495,10.4,0.425,0.277,0.224,3.1,7.0,4.9,24.4,2.3,0.7,13.8,18.6,-0.2,0.4,0.2,0.007,-2.6,-0.8,-3.4,-0.5
Voshon Lenard,lenarvo01,DEN,SG,27,80,2331,13.2,0.522,0.452,0.227,2.2,8.7,5.4,13.4,1.4,0.5,9.9,19.7,2.9,0.6,3.5,0.072,0.2,-1.1,-0.8,0.7
Wally Szczerbiak,szczewa02,MIN,SF,23,82,2856,15.8,0.566,0.084,0.226,5.3,12.7,8.9,14.5,1.1,0.8,12.0,18.2,5.7,1.7,7.4,0.125,1.2,-0.8,0.4,1.7
Walt Williams,williwa02,HOU,SF,30,72,1583,12.6,0.527,0.483,0.246,2.3,15.3,9.0,10.0,1.0,1.2,11.4,18.7,1.8,1.2,3.0,0.09,0.4,-0.4,-0.1,0.8
Walter McCarty,mccarwa01,BOS,PF,26,60,478,9.2,0.474,0.444,0.222,5.6,14.5,9.9,13.5,1.5,1.1,12.6,15.0,0.3,0.4,0.7,0.067,-2.8,-0.4,-3.2,-0.1
Wang Zhizhi,zhizhwa01,DAL,C,23,5,38,14.9,0.513,0.105,0.526,3.0,17.2,10.3,0.0,0.0,0.0,4.1,29.2,0.1,0.0,0.1,0.122,-4.6,-4.2,-8.8,-0.1
Wesley Person,persowe01,CLE,SG,29,44,958,11.6,0.514,0.288,0.103,1.3,14.4,7.9,11.2,1.5,0.8,11.6,16.3,0.6,0.6,1.2,0.061,-0.8,-0.3,-1.1,0.2
Will Perdue,perduwi01,POR,C,35,13,58,18.5,0.651,0.0,0.444,12.8,23.9,18.5,5.3,2.8,2.6,0.0,8.6,0.2,0.1,0.3,0.245,1.6,1.7,3.3,0.1
William Avery,averywi01,MIN,PG,21,55,463,9.0,0.482,0.41,0.25,1.2,6.0,3.6,24.0,1.5,0.6,22.0,20.0,-0.2,0.2,0.0,-0.003,-2.6,-2.0,-4.6,-0.3
Zendon Hamilton,hamilze01,LAC,C,25,3,19,5.7,0.359,0.0,0.889,18.6,29.3,24.1,0.0,0.0,0.0,13.8,35.3,-0.1,0.0,0.0,-0.119,-8.9,-6.1,-15.0,-0.1
Zydrunas Ilgauskas,ilgauzy01,CLE,C,25,24,616,16.0,0.524,0.009,0.333,12.3,17.8,15.0,5.4,1.3,4.4,18.3,24.1,0.1,0.7,0.7,0.056,-1.4,-0.4,-1.8,0.0
Žan Tabak,tabakza01,IND,C,30,55,777,10.5,0.523,0.0,0.253,9.8,20.9,15.5,7.3,0.7,2.8,21.6,15.8,-0.1,1.0,0.9,0.056,-4.2,0.0,-4.2,-0.4
