Player,PlayerID,Tms,Pos,Age,G,MP,PER,TS%,3PAr,FTr,ORB%,DRB%,TRB%,AST%,STL%,BLK%,TOV%,USG%,OWS,DWS,WS,WS/48,OBPM,DBPM,BPM,VORP
A.C. Green,greenac01,PHO,PF,30,82,2825,17.0,0.555,0.038,0.391,11.1,18.8,15.0,6.9,1.2,0.8,8.4,17.6,6.7,2.6,9.3,0.157,1.8,-1.2,0.6,1.8
Aaron Williams,williaa01,UTA,PF,22,6,12,-7.0,0.237,0.0,0.125,9.8,19.0,14.4,13.0,0.0,0.0,10.6,34.8,-0.1,0.0,-0.1,-0.327,-17.6,-6.3,-23.9,-0.1
Acie Earl,earlac01,BOS,C,23,74,1149,9.2,0.463,0.003,0.43,8.3,16.0,12.1,1.5,1.0,2.9,14.0,19.4,-0.7,0.9,0.2,0.008,-5.2,-1.4,-6.5,-1.3
Adam Keefe,keefead01,ATL,PF,23,63,763,12.0,0.521,0.0,0.521,11.1,17.9,14.5,6.4,1.3,0.8,18.6,18.1,0.3,1.1,1.4,0.091,-2.9,-0.6,-3.5,-0.3
Adonis Jordan,jordaad01,DEN,PG,23,6,79,5.6,0.326,0.435,0.0,4.4,4.1,4.2,33.3,0.0,0.8,20.7,15.6,-0.1,0.0,-0.1,-0.037,-2.2,-3.0,-5.3,-0.1
Alaa Abdelnaby,abdelal01,BOS,PF,25,13,159,9.2,0.485,0.0,0.455,8.5,24.2,16.3,2.7,0.6,1.2,20.5,22.6,-0.2,0.1,-0.1,-0.032,-5.3,-2.2,-7.4,-0.2
Alec Kessler,kesslal01,MIA,PF,27,15,66,11.8,0.579,0.36,0.32,6.9,10.3,8.6,4.7,0.8,1.0,14.9,21.9,0.1,0.0,0.1,0.102,-1.7,-1.4,-3.1,0.0
Allan Houston,houstal01,DET,SG,22,79,1519,9.0,0.465,0.174,0.161,1.4,7.5,4.4,10.5,1.1,0.6,12.1,23.6,-1.3,0.1,-1.2,-0.038,-3.8,-2.1,-5.8,-1.5
Alonzo Mourning,mournal01,CHO,C,23,60,2018,21.7,0.588,0.002,0.672,10.0,23.0,16.7,6.6,0.7,5.7,15.4,27.3,3.8,2.5,6.3,0.151,1.2,0.2,1.4,1.7
Alphonso Ford,fordal01,SEA,PG,22,6,16,28.9,0.576,0.077,0.154,0.0,0.0,0.0,15.3,6.3,0.0,6.7,39.9,0.0,0.0,0.1,0.193,3.8,3.4,7.3,0.0
Andre Spencer,spencan01,"GSW,SAC",SF,29,28,349,15.6,0.523,0.0,0.653,9.2,13.6,11.4,9.5,2.7,1.3,12.1,20.8,0.4,0.3,0.8,0.109,-0.1,0.6,0.6,0.2
Andrew Gaze,gazean01,WSB,SG,28,7,70,10.5,0.615,0.471,0.118,1.6,10.2,5.8,10.3,1.4,0.9,14.4,12.8,0.1,0.0,0.1,0.074,-1.7,-1.1,-2.8,0.0
Andrew Lang,langan01,ATL,C,27,82,1608,11.0,0.499,0.009,0.231,8.6,12.8,10.7,4.6,1.2,3.5,13.8,15.6,0.5,2.4,2.9,0.087,-3.4,0.5,-2.9,-0.4
Andrés Guibert,guibean01,MIN,C,25,5,33,6.1,0.331,0.0,0.3,36.4,20.8,28.4,10.5,0.0,1.9,20.9,37.9,-0.2,0.0,-0.2,-0.243,-9.6,-8.9,-18.5,-0.1
Anfernee Hardaway,hardaan01,ORL,PG,22,82,3015,17.4,0.531,0.171,0.302,7.2,9.1,8.2,26.6,3.2,1.1,19.1,21.7,3.8,3.3,7.1,0.112,1.9,1.0,2.9,3.8
Anthony Avent,aventan01,"MIL,ORL",PF,24,74,1371,9.2,0.43,0.0,0.309,11.7,16.4,14.0,6.8,1.2,1.5,15.8,16.9,-0.6,1.0,0.4,0.014,-3.7,-1.4,-5.1,-1.1
Anthony Bonner,bonnean01,NYK,SF,25,73,1402,12.6,0.56,0.0,0.365,12.4,15.4,13.9,9.4,2.8,0.7,21.0,13.2,0.9,3.2,4.1,0.14,-1.4,2.4,1.0,1.1
Anthony Bowie,bowiean01,ORL,SG,30,70,948,11.5,0.515,0.062,0.17,3.5,10.7,7.1,15.4,1.7,0.8,15.7,16.6,0.6,0.7,1.3,0.065,-1.9,0.2,-1.7,0.1
Anthony Cook,cookan01,"ORL,MIL",PF,26,25,203,11.3,0.477,0.019,0.463,10.7,21.6,15.8,3.1,0.8,4.6,15.6,16.4,-0.1,0.2,0.1,0.02,-3.8,-1.1,-4.9,-0.1
Anthony Mason,masonan01,NYK,PF,27,73,1903,10.8,0.524,0.002,0.372,9.6,15.7,12.7,11.7,0.8,0.3,17.5,14.1,1.6,3.3,4.9,0.123,-1.5,0.9,-0.7,0.6
Anthony Peeler,peelean01,LAL,SG,24,30,923,13.4,0.48,0.154,0.174,5.4,7.5,6.4,15.9,2.3,0.5,11.8,22.8,0.3,0.4,0.8,0.04,-1.1,-1.0,-2.0,0.0
Antoine Carr,carran01,SAS,PF,32,34,465,12.8,0.534,0.006,0.363,3.1,9.0,6.2,5.1,1.0,3.1,7.5,19.3,0.7,0.5,1.2,0.124,-2.2,0.5,-1.7,0.0
Antonio Davis,davisan01,IND,PF,25,81,1732,15.2,0.561,0.002,0.711,13.2,20.3,16.9,4.7,1.3,3.3,16.1,16.8,2.3,2.8,5.0,0.139,-0.2,0.3,0.1,0.9
Antonio Harvey,harvean01,LAL,PF,23,27,247,8.0,0.387,0.0,0.329,11.0,15.1,13.0,2.8,1.6,4.8,15.8,18.3,-0.4,0.2,-0.2,-0.039,-5.8,-1.1,-6.9,-0.3
Armen Gilliam,gilliar01,NJN,PF,29,82,1969,18.5,0.577,0.001,0.529,10.4,16.5,13.4,5.6,1.0,1.9,11.2,20.3,4.6,2.2,6.8,0.166,1.7,-0.6,1.0,1.5
Avery Johnson,johnsav01,GSW,PG,28,82,2332,13.9,0.533,0.017,0.349,1.9,6.2,4.1,25.3,2.3,0.2,17.1,17.8,2.6,1.5,4.1,0.085,-0.6,-0.4,-1.1,0.5
B.J. Armstrong,armstbj01,CHI,PG,26,82,2770,14.5,0.547,0.134,0.225,1.2,6.0,3.6,18.0,1.5,0.2,10.6,19.8,4.9,2.6,7.5,0.13,0.3,-0.4,-0.1,1.3
Ben Coleman,colembe01,DET,PF,32,9,77,11.6,0.491,0.0,0.32,14.2,23.4,18.7,0.0,1.3,1.7,19.7,20.2,-0.1,0.1,0.0,-0.004,-3.9,-3.0,-6.9,-0.1
Benoit Benjamin,benjabe01,NJN,C,29,77,1817,14.2,0.525,0.0,0.363,7.7,21.5,14.5,3.8,1.0,3.1,12.4,18.1,1.4,2.6,4.1,0.107,-2.0,0.0,-2.1,0.0
Bill Cartwright,cartwbi01,CHI,C,36,42,780,10.1,0.544,0.0,0.298,6.4,16.4,11.4,10.5,0.5,0.7,18.8,15.1,0.4,0.9,1.3,0.077,-2.5,-0.1,-2.6,-0.1
Bill Edwards,edwarbi01,PHI,PF,22,3,44,-0.4,0.149,0.278,0.278,12.4,22.5,17.5,12.3,3.4,1.4,16.5,23.9,-0.3,0.1,-0.3,-0.282,-11.2,-2.4,-13.6,-0.1
Bill Laimbeer,laimbbi01,DET,C,36,11,248,15.6,0.564,0.1,0.144,4.0,21.3,12.5,9.2,1.2,1.0,9.5,18.7,0.4,0.2,0.5,0.106,-0.5,0.4,-0.1,0.1
Bill Wennington,wennibi01,CHI,C,30,76,1371,14.0,0.52,0.004,0.183,10.0,20.2,15.1,7.9,1.6,1.5,12.6,19.2,1.3,2.3,3.5,0.124,-2.4,0.2,-2.3,-0.1
Billy Owens,owensbi01,GSW,PF,24,79,2738,15.6,0.532,0.015,0.336,9.3,15.9,12.6,16.8,1.5,1.3,16.1,20.0,3.0,2.6,5.7,0.099,0.5,-0.1,0.4,1.7
Bimbo Coles,colesbi01,MIA,PG,25,76,1726,13.0,0.51,0.191,0.252,3.3,7.2,5.2,22.7,2.2,0.5,15.7,17.1,1.8,1.4,3.2,0.089,-0.3,0.2,0.0,0.9
Bison Dele,delebi01,DEN,C,24,80,1507,16.5,0.574,0.006,0.455,10.5,22.0,16.4,5.2,1.6,3.6,15.7,18.7,1.8,2.9,4.7,0.151,-0.9,1.3,0.4,0.9
Blue Edwards,edwarbl01,MIL,SF,28,82,2322,12.9,0.54,0.133,0.236,4.9,11.8,8.1,12.1,1.8,0.8,14.2,19.2,1.7,1.2,2.9,0.06,-1.2,-1.0,-2.2,-0.1
Bo Outlaw,outlabo01,LAC,SF,22,37,871,14.3,0.605,0.012,0.617,10.0,15.8,12.9,5.6,2.0,2.6,12.7,11.5,1.5,0.9,2.3,0.127,-0.5,0.6,0.1,0.5
Bob Martin,martibo01,LAC,C,24,53,535,6.9,0.503,0.0,0.58,7.2,15.9,11.6,4.1,0.7,3.7,20.8,10.8,-0.1,0.4,0.3,0.03,-5.9,0.5,-5.4,-0.5
Bobby Hurley,hurlebo01,SAC,PG,22,19,499,8.4,0.421,0.11,0.205,1.3,6.3,3.7,33.1,1.3,0.1,23.2,17.5,-0.6,0.1,-0.5,-0.044,-3.3,-3.0,-6.4,-0.6
Bobby Phills,phillbo01,CLE,SG,24,72,1531,14.1,0.513,0.023,0.305,5.4,10.7,8.0,13.8,2.3,0.5,9.8,18.9,1.9,1.7,3.5,0.111,-1.1,0.5,-0.6,0.5
Brad Daugherty,daughbr01,CLE,C,28,50,1838,18.4,0.566,0.0,0.538,8.1,24.1,16.1,12.9,1.2,1.3,12.8,21.0,3.9,2.6,6.4,0.168,1.7,0.2,1.9,1.8
Brad Lohaus,lohaubr01,MIL,PF,29,67,962,8.3,0.46,0.477,0.103,3.7,14.8,9.0,9.7,1.6,3.9,16.5,15.8,-0.7,0.8,0.1,0.004,-3.7,0.5,-3.3,-0.3
Brent Price,pricebr01,WSB,PG,25,65,1035,13.2,0.549,0.46,0.267,3.4,6.8,5.1,30.5,2.7,0.1,24.6,20.0,0.5,0.2,0.7,0.033,-0.2,-1.9,-2.1,0.0
Brian Davis,davisbr02,MIN,SF,23,68,374,9.2,0.42,0.024,0.54,6.7,10.4,8.6,9.1,2.2,0.7,10.9,20.4,-0.2,0.2,0.0,0.0,-3.5,-1.3,-4.7,-0.3
Brian Shaw,shawbr01,MIA,SG,27,77,2037,13.4,0.491,0.324,0.133,5.8,13.7,9.7,28.2,1.8,0.7,19.7,18.6,1.2,2.0,3.2,0.076,0.7,0.1,0.8,1.4
Bryant Stith,stithbr01,DEN,SG,23,82,2853,12.7,0.53,0.011,0.433,4.8,8.7,6.8,10.4,2.0,0.4,11.9,16.4,3.4,3.4,6.8,0.114,-0.8,0.8,0.0,1.4
Bryon Russell,russebr01,UTA,SF,23,67,1121,11.1,0.516,0.079,0.362,6.4,12.2,9.3,7.0,3.1,1.2,14.5,14.9,0.4,1.7,2.1,0.089,-2.6,1.8,-0.8,0.3
Buck Williams,willibu01,POR,PF,33,81,2636,14.0,0.598,0.002,0.565,12.5,22.8,17.4,4.1,1.1,1.1,14.5,11.8,4.7,3.2,7.9,0.143,-0.2,-0.4,-0.6,0.9
Byron Houston,houstby01,GSW,PF,24,71,866,7.5,0.488,0.04,0.305,8.5,15.6,12.1,4.7,1.8,2.2,19.6,11.9,-0.1,1.0,0.9,0.05,-5.1,0.8,-4.4,-0.5
Byron Scott,scottby01,IND,SG,32,67,1197,17.6,0.549,0.135,0.356,1.9,8.5,5.3,18.9,2.7,0.5,14.0,27.0,1.7,1.4,3.1,0.123,1.3,0.2,1.5,1.1
Calbert Cheaney,cheanca01,WSB,SG,22,65,1604,14.0,0.508,0.033,0.231,6.3,7.6,6.9,12.9,2.0,0.4,12.3,23.4,1.0,0.2,1.2,0.035,-0.9,-1.5,-2.4,-0.2
Carl Herrera,herreca01,HOU,PF,27,75,1292,9.1,0.5,0.0,0.313,9.2,15.0,12.3,4.1,1.3,1.3,16.4,14.4,0.1,1.9,2.0,0.075,-3.9,0.3,-3.6,-0.5
Cedric Ceballos,cebalce01,PHO,SF,24,53,1602,20.9,0.566,0.011,0.278,10.9,13.3,12.1,9.4,1.8,0.9,9.4,25.8,4.1,1.4,5.5,0.166,3.2,-0.9,2.3,1.8
Chad Gallagher,gallach01,UTA,C,24,2,3,66.8,1.0,0.0,0.0,0.0,0.0,0.0,0.0,0.0,0.0,0.0,44.2,0.1,0.0,0.1,1.442,20.4,9.6,30.1,0.0
Charles Barkley,barklch01,PHO,PF,30,65,2298,22.8,0.563,0.17,0.432,9.8,25.6,17.8,20.0,2.2,1.0,14.2,26.5,5.6,3.3,8.8,0.185,4.5,0.7,5.2,4.2
Charles Jones,jonesch01,DET,C,36,42,877,8.7,0.489,0.013,0.436,11.1,18.7,14.8,4.3,0.8,3.2,11.4,5.2,0.9,0.6,1.5,0.083,-3.3,0.3,-3.0,-0.2
Charles Oakley,oaklech01,NYK,PF,30,82,2932,15.3,0.54,0.004,0.412,13.8,23.3,18.6,11.3,1.9,0.4,17.7,16.3,3.7,6.8,10.5,0.172,0.1,1.5,1.6,2.6
Charles Smith,smithch01,NYK,SF,28,43,1105,11.3,0.496,0.04,0.305,6.9,9.9,8.5,7.2,1.2,2.9,12.4,20.4,0.4,2.0,2.4,0.104,-2.5,1.0,-1.5,0.2
Chris Corchiani,corchch01,BOS,PG,25,51,467,10.4,0.528,0.404,0.404,1.9,8.7,5.3,24.5,2.4,0.3,25.6,13.8,0.1,0.3,0.4,0.038,-2.4,0.0,-2.4,0.0
Chris Dudley,dudlech02,POR,C,28,6,86,6.8,0.262,0.0,0.16,19.4,10.6,15.2,7.4,2.3,2.2,7.0,13.6,-0.1,0.1,0.0,0.022,-5.6,-1.2,-6.8,-0.1
Chris Gatling,gatlich01,GSW,C,26,82,1296,18.7,0.607,0.002,0.451,12.2,20.8,16.6,4.7,1.5,3.0,13.2,20.3,2.8,1.7,4.5,0.168,-0.1,-0.2,-0.4,0.6
Chris Jent,jentch01,HOU,SF,24,3,78,11.0,0.577,0.423,0.077,6.0,14.8,10.7,14.0,0.0,0.0,15.7,18.1,0.1,0.1,0.2,0.1,-2.2,-2.2,-4.4,0.0
Chris King,kingch01,SEA,SF,24,15,86,13.1,0.463,0.146,0.542,6.9,13.8,10.3,20.5,2.3,0.0,16.8,35.6,-0.1,0.1,0.0,0.002,-4.5,-2.5,-7.0,-0.1
Chris Mills,millsch01,CLE,SF,24,79,2022,12.6,0.492,0.18,0.26,7.7,15.4,11.5,9.8,1.4,1.6,10.6,18.7,1.7,2.4,4.0,0.096,-1.3,-0.1,-1.4,0.3
Chris Morris,morrich01,NJN,SF,28,50,1349,15.4,0.538,0.324,0.26,7.0,10.9,8.9,9.5,2.0,2.3,9.3,17.4,2.2,1.6,3.8,0.137,1.4,0.9,2.3,1.5
Chris Mullin,mullich01,GSW,SF,30,62,2324,15.8,0.539,0.174,0.252,3.0,12.9,8.0,19.1,2.2,1.4,15.6,20.3,2.4,2.3,4.7,0.097,0.9,0.1,1.1,1.8
Chris Smith,smithch03,MIN,PG,23,80,1617,10.2,0.488,0.092,0.333,1.1,7.6,4.4,27.4,1.2,0.7,17.2,15.8,0.4,0.5,0.9,0.025,-2.0,-1.2,-3.2,-0.5
Chris Webber,webbech01,GSW,C,20,76,2438,21.7,0.559,0.014,0.342,13.8,17.0,15.4,17.1,1.8,4.1,14.7,23.7,4.6,3.2,7.8,0.154,2.9,1.1,4.0,3.6
Chris Whitney,whitnch01,SAS,PG,22,40,339,3.5,0.406,0.366,0.183,1.7,7.6,4.8,21.4,1.7,0.2,29.5,16.6,-0.7,0.3,-0.3,-0.049,-7.1,-1.0,-8.2,-0.5
Christian Laettner,laettch01,MIN,PF,24,70,2428,16.8,0.536,0.028,0.542,7.9,20.9,14.5,21.3,1.8,2.3,19.1,24.4,1.4,2.6,4.1,0.081,0.5,0.7,1.2,1.9
Chuck Nevitt,nevitch01,SAS,C,34,1,1,46.0,0.568,,,100.0,0.0,56.3,0.0,0.0,0.0,27.5,100.0,0.0,0.0,0.0,-0.174,-18.5,-15.8,-34.2,0.0
Chuck Person,persoch01,MIN,SF,29,77,2029,11.7,0.502,0.323,0.128,3.3,11.2,7.3,15.7,1.1,0.4,12.0,21.8,0.4,0.8,1.2,0.028,-0.3,-1.8,-2.1,-0.1
Chucky Brown,brownch01,DAL,SF,25,1,10,10.8,1.042,0.0,1.0,0.0,12.1,5.6,0.0,0.0,0.0,0.0,6.1,0.0,0.0,0.0,0.183,-0.8,0.0,-0.9,0.0
Clarence Weatherspoon,weathcl01,PHI,SF,23,82,3147,18.1,0.525,0.014,0.345,8.8,20.2,14.5,10.3,1.6,2.2,12.0,22.5,3.1,2.8,6.0,0.091,1.0,-0.6,0.4,1.9
Clifford Robinson,robincl02,POR,C,27,82,2853,17.4,0.513,0.038,0.328,6.0,15.4,10.5,8.9,2.0,2.5,9.5,25.4,3.7,3.7,7.5,0.126,0.6,0.6,1.1,2.3
Clyde Drexler,drexlcl01,POR,SG,31,68,2334,18.4,0.514,0.198,0.333,6.9,14.2,10.4,21.9,2.0,0.9,11.6,25.0,4.2,2.7,6.8,0.14,2.6,0.4,3.0,3.0
Corey Gaines,gaineco01,NYK,SG,28,18,78,23.7,0.62,0.25,0.75,4.4,14.2,9.4,57.5,1.3,0.0,15.8,17.8,0.4,0.1,0.6,0.339,4.7,2.4,7.1,0.2
Corey Williams,willico01,MIN,PG,23,4,46,8.0,0.409,0.077,0.077,2.6,12.5,7.6,20.1,2.2,0.0,13.0,14.7,0.0,0.0,0.0,0.009,-5.7,0.5,-5.2,0.0
Corie Blount,blounco01,CHI,PF,25,67,690,12.3,0.478,0.0,0.431,12.9,20.0,16.5,11.4,1.4,3.3,20.1,16.6,0.0,1.2,1.2,0.085,-3.2,1.0,-2.3,0.0
Craig Ehlo,ehlocr01,ATL,SG,32,82,2147,15.0,0.529,0.312,0.218,3.6,10.7,7.1,18.8,3.2,0.8,14.4,18.1,2.4,3.5,5.9,0.132,0.0,2.1,2.2,2.3
Dale Davis,davisda01,IND,PF,24,66,2292,15.9,0.542,0.002,0.505,14.7,21.3,18.1,6.5,1.1,3.2,12.5,15.6,3.5,3.6,7.0,0.147,1.0,0.3,1.2,1.9
Dale Ellis,ellisda01,SAS,SF,33,77,2590,14.7,0.577,0.343,0.111,3.2,7.7,5.5,5.0,1.4,0.3,6.9,18.8,5.5,2.1,7.6,0.14,1.4,-0.7,0.7,1.8
Dan Majerle,majerda01,PHO,SG,28,80,3207,13.7,0.531,0.442,0.209,4.3,8.0,6.1,11.9,2.0,0.8,9.9,18.0,5.0,2.3,7.3,0.109,1.3,-0.4,0.9,2.4
Dan O'Sullivan,osullda01,DET,C,25,13,56,6.6,0.492,0.0,1.0,3.9,16.1,9.9,7.3,0.0,0.0,14.8,15.9,0.0,0.0,0.0,0.017,-5.8,-2.0,-7.8,-0.1
Dana Barros,barroda01,PHI,PG,26,81,2519,16.0,0.571,0.403,0.165,1.2,7.3,4.3,27.2,2.1,0.1,15.1,19.1,3.9,0.8,4.7,0.089,1.7,-1.1,0.6,1.7
Danny Ainge,aingeda01,PHO,SG,34,68,1555,11.8,0.524,0.454,0.175,2.0,7.4,4.7,15.9,1.8,0.3,12.3,17.8,1.9,1.0,2.8,0.087,-0.8,-0.5,-1.3,0.3
Danny Ferry,ferryda01,CLE,PF,27,70,965,12.0,0.496,0.153,0.129,5.6,11.3,8.5,12.1,1.5,1.5,10.4,18.3,0.7,1.0,1.7,0.084,-1.4,0.0,-1.3,0.2
Danny Manning,mannida01,"LAC,ATL",PF,27,68,2520,16.4,0.519,0.014,0.284,5.6,14.2,9.9,17.2,1.9,2.0,14.7,26.3,0.7,2.8,3.5,0.066,-0.1,0.6,0.5,1.6
Danny Schayes,schayda01,"MIL,LAL",C,34,36,363,7.4,0.433,0.0,0.381,9.1,15.6,12.2,5.0,1.4,1.8,19.0,14.3,-0.2,0.2,0.0,-0.001,-5.0,-0.8,-5.9,-0.4
Darnell Mee,meeda01,DEN,SG,22,38,285,6.3,0.365,0.273,0.307,6.9,6.8,6.8,8.0,2.6,2.9,15.3,17.6,-0.6,0.4,-0.1,-0.022,-4.3,1.4,-3.0,-0.1
Darren Morningstar,mornida01,"DAL,UTA",C,24,23,367,8.9,0.504,0.0,0.366,8.8,16.5,12.4,6.1,1.9,0.4,16.6,13.2,0.1,0.3,0.4,0.048,-4.4,-0.1,-4.5,-0.2
Dave Jamerson,jamerda01,"UTA,NJN",SG,26,5,14,-8.5,0.12,0.0,0.429,0.0,31.1,15.4,8.9,0.0,0.0,10.7,28.4,-0.1,0.0,-0.1,-0.403,-16.3,-6.2,-22.4,-0.1
Dave Johnson,johnsda01,CHI,SG,23,17,119,5.8,0.372,0.019,0.389,8.8,6.9,7.9,5.0,1.8,0.0,12.5,26.9,-0.3,0.1,-0.2,-0.077,-7.2,-4.1,-11.3,-0.3
David Benoit,benoida01,UTA,SF,25,55,1070,10.9,0.448,0.163,0.244,9.7,18.2,14.0,3.2,1.1,2.4,8.5,18.1,0.1,1.5,1.6,0.072,-2.4,-1.1,-3.5,-0.4
David Robinson,robinda01,SAS,C,28,80,3241,30.7,0.577,0.017,0.558,8.8,20.3,14.8,21.6,2.3,5.4,10.9,32.0,13.3,6.7,20.0,0.296,8.1,3.8,11.9,11.4
David Wesley,wesleda01,NJN,PG,23,60,542,13.0,0.464,0.27,0.305,1.9,6.7,4.3,33.3,3.5,0.5,20.9,19.4,-0.1,0.7,0.6,0.053,-1.6,0.6,-0.9,0.2
David Wingate,wingada01,CHO,SG,30,50,1005,10.8,0.507,0.042,0.18,3.4,11.1,7.4,14.4,2.1,0.4,14.8,15.2,0.3,0.6,1.0,0.046,-2.2,-0.3,-2.5,-0.1
David Wood,woodda01,DET,PF,29,78,1182,11.1,0.546,0.189,0.317,9.6,12.8,11.2,6.1,1.7,1.0,10.6,12.2,1.7,0.6,2.3,0.095,-2.2,-0.2,-2.4,-0.1
Dee Brown,brownde01,BOS,SG,25,77,2867,16.0,0.533,0.094,0.214,2.5,9.4,5.9,18.2,2.7,1.0,10.1,18.8,4.1,2.3,6.4,0.108,0.4,1.2,1.5,2.5
Dell Curry,curryde01,CHO,SG,29,82,2173,18.5,0.543,0.323,0.114,3.7,9.4,6.7,16.7,2.2,0.8,8.9,26.5,3.6,1.4,5.0,0.11,3.5,-0.7,2.8,2.6
Dell Demps,dempsde01,GSW,PG,23,2,11,4.5,0.291,0.0,0.333,0.0,0.0,0.0,12.9,8.8,0.0,12.7,29.5,-0.1,0.0,0.0,-0.207,-10.5,2.4,-8.0,0.0
Dennis Rodman,rodmade01,SAS,PF,32,79,2989,13.4,0.549,0.082,0.349,17.9,32.8,25.7,8.2,0.9,0.7,29.1,7.1,3.3,5.4,8.7,0.14,0.7,0.3,1.0,2.3
Dennis Scott,scottde01,ORL,SF,25,82,2283,14.1,0.513,0.409,0.168,2.7,8.0,5.4,13.9,1.8,0.9,8.4,20.8,3.4,1.5,5.0,0.104,1.3,-0.4,0.8,1.6
Derek Harper,harpede01,"DAL,NYK",PG,32,82,2204,12.3,0.485,0.273,0.219,1.0,6.3,3.6,23.5,2.9,0.3,14.2,18.6,1.1,2.9,4.0,0.086,-1.0,1.2,0.1,1.2
Derek Strong,stronde01,MIL,PF,25,67,1131,14.6,0.514,0.038,0.604,10.5,18.5,14.3,6.6,1.7,0.8,12.4,18.8,1.3,0.8,2.1,0.088,-0.7,-1.9,-2.5,-0.2
Derrick Coleman,colemde01,NJN,PF,26,77,2778,21.4,0.534,0.1,0.469,9.8,23.5,16.5,15.6,1.2,3.2,12.5,25.3,5.5,4.4,9.9,0.171,3.3,1.0,4.3,4.4
Derrick McKey,mckeyde01,IND,SF,27,76,2613,13.3,0.554,0.044,0.358,5.9,11.7,8.9,18.8,2.2,1.3,21.7,17.6,1.7,3.3,5.0,0.092,-0.2,1.1,0.9,1.9
Detlef Schrempf,schrede01,SEA,SF,31,81,2728,14.9,0.564,0.075,0.432,6.2,13.5,9.9,14.8,1.4,0.2,13.9,19.6,5.1,3.2,8.4,0.148,0.8,-0.5,0.3,1.6
Dikembe Mutombo,mutomdi01,DEN,C,27,82,2853,17.9,0.59,0.002,0.684,11.5,25.8,18.9,6.6,1.0,7.4,19.8,15.6,2.9,6.4,9.4,0.158,0.1,3.0,3.2,3.7
Dino Radja,radjadi01,BOS,PF,26,80,2303,18.2,0.562,0.001,0.32,9.3,19.0,14.1,7.9,1.5,1.8,12.2,23.0,3.8,2.2,5.9,0.124,0.6,-0.6,0.0,1.2
Doc Rivers,riverdo01,NYK,PG,32,19,499,12.9,0.523,0.409,0.173,0.9,7.8,4.4,29.7,2.6,0.7,17.5,14.5,0.6,0.9,1.5,0.146,-0.1,2.3,2.2,0.5
Dominique Wilkins,wilkido01,"ATL,LAC",SF,34,74,2635,21.4,0.529,0.186,0.329,7.5,12.3,9.9,11.3,1.7,0.7,8.6,32.0,5.6,2.8,8.4,0.153,4.2,-1.6,2.6,3.0
Don MacLean,macledo01,WSB,SF,24,75,2487,17.8,0.566,0.02,0.386,6.5,15.7,11.0,10.7,0.9,0.6,11.2,23.4,5.3,0.3,5.6,0.108,1.6,-2.2,-0.6,0.9
Donald Hodge,hodgedo01,DAL,C,24,50,428,13.1,0.549,0.0,0.515,11.2,13.9,12.5,11.2,1.8,2.1,19.5,15.2,0.5,0.3,0.8,0.087,-1.6,0.1,-1.5,0.1
Donald Royal,royaldo01,ORL,SF,27,74,1357,14.6,0.588,0.006,0.775,7.9,12.6,10.3,6.3,1.9,0.7,14.0,17.0,2.6,1.2,3.8,0.135,-0.1,-0.2,-0.3,0.6
Doug Christie,chrisdo01,LAL,SG,23,65,1515,13.5,0.514,0.212,0.37,6.4,10.6,8.4,13.4,3.0,1.2,17.6,22.1,0.1,1.2,1.4,0.044,-1.1,0.0,-1.1,0.3
Doug Edwards,edwardo01,ATL,PF,23,16,107,9.4,0.384,0.02,0.327,7.2,11.3,9.2,11.3,1.0,3.0,9.7,24.9,-0.2,0.1,0.0,-0.009,-5.7,-2.4,-8.1,-0.2
Doug Overton,overtdo01,WSB,PG,24,61,749,8.4,0.456,0.051,0.241,2.9,8.0,5.4,17.7,1.4,0.1,18.4,16.8,-0.4,0.0,-0.4,-0.028,-3.7,-2.3,-6.0,-0.8
Doug Smith,smithdo03,DAL,PF,24,79,1684,13.5,0.476,0.013,0.187,7.1,16.9,11.6,11.8,2.5,1.5,11.2,20.8,0.7,1.6,2.3,0.066,-2.4,0.3,-2.1,-0.1
Doug West,westdo01,MIN,SG,26,72,2182,13.3,0.532,0.009,0.259,3.4,8.9,6.2,14.1,1.5,0.7,12.1,22.6,1.6,0.9,2.6,0.056,-1.3,-1.2,-2.6,-0.3
Duane Causwell,causwdu01,SAC,C,25,41,674,11.8,0.545,0.0,0.496,10.8,19.6,15.1,2.3,1.4,4.6,16.5,12.5,0.4,0.8,1.2,0.085,-3.2,0.6,-2.6,-0.1
Duane Cooper,coopedu01,PHO,PG,24,23,136,7.9,0.504,0.171,0.366,1.7,5.7,3.7,27.9,1.1,0.0,29.6,20.8,-0.2,0.0,-0.1,-0.038,-4.3,-3.3,-7.6,-0.2
Duane Ferrell,ferredu01,ATL,SF,28,72,1155,14.5,0.558,0.024,0.485,5.9,6.4,6.1,8.5,1.9,0.9,12.2,19.5,1.9,1.3,3.2,0.134,-0.7,-0.2,-0.9,0.3
Dwayne Schintzius,schindw01,NJN,C,25,30,319,7.8,0.372,0.0,0.202,8.4,21.2,14.7,5.8,1.1,3.3,12.4,13.8,-0.3,0.5,0.2,0.029,-5.5,0.5,-5.0,-0.2
Earl Cureton,curetea01,HOU,PF,36,2,30,2.2,0.225,0.0,0.25,15.7,28.1,22.2,0.0,0.0,0.0,10.1,14.6,-0.1,0.0,0.0,-0.06,-7.6,-5.8,-13.4,-0.1
Ed Pinckney,pincked01,BOS,PF,30,76,1524,14.5,0.573,0.0,0.433,11.8,23.7,17.7,5.5,1.9,1.8,15.3,11.6,2.2,1.8,4.0,0.126,0.0,0.2,0.2,0.8
Eddie Johnson,johnsed03,CHO,SF,34,73,1460,15.9,0.527,0.203,0.172,6.2,10.6,8.5,13.8,1.2,0.3,9.6,25.6,1.8,0.6,2.4,0.079,1.4,-2.3,-0.9,0.4
Elden Campbell,campbel01,LAL,PF,25,76,2253,15.2,0.503,0.002,0.338,7.7,17.7,12.5,5.7,1.4,4.1,9.6,19.2,2.0,2.2,4.2,0.089,-1.1,-0.1,-1.2,0.5
Elliot Perry,perryel01,PHO,PG,24,27,432,11.3,0.419,0.027,0.248,3.2,7.0,5.1,37.4,2.9,0.1,25.5,16.3,-0.1,0.4,0.3,0.031,-2.1,-0.7,-2.7,-0.1
Elmore Spencer,spencel01,LAC,C,24,76,1930,10.7,0.55,0.004,0.3,5.3,17.4,11.4,5.6,0.7,4.0,21.6,16.7,-1.0,1.6,0.6,0.016,-4.1,0.0,-4.1,-1.0
Ennis Whatley,whatlen01,ATL,PG,31,82,1004,12.8,0.551,0.025,0.28,2.4,8.5,5.4,25.7,3.0,0.1,22.7,14.7,0.8,1.4,2.2,0.105,-2.4,1.5,-1.0,0.3
Eric Anderson,anderer01,NYK,PF,23,11,39,15.2,0.453,0.118,0.824,17.8,31.3,24.7,8.5,0.0,1.8,7.9,28.3,0.0,0.1,0.1,0.126,-3.4,-1.7,-5.1,0.0
Eric Leckner,leckner01,PHI,C,27,71,1163,10.4,0.527,0.007,0.455,7.1,19.6,13.3,11.1,0.8,1.8,20.0,16.0,0.1,0.8,0.9,0.036,-4.3,-0.6,-4.9,-0.9
Eric Murdock,murdoer01,MIL,PG,25,82,2533,20.3,0.549,0.165,0.283,3.9,8.2,5.9,36.9,4.0,0.3,15.2,23.1,5.1,2.2,7.2,0.137,3.1,0.8,4.0,3.8
Eric Riley,rileyer01,HOU,C,23,47,219,13.4,0.51,0.014,0.529,12.9,16.8,15.0,6.3,1.2,2.6,14.8,20.5,0.1,0.4,0.4,0.097,-3.3,-0.8,-4.0,-0.1
Ervin Johnson,johnser02,SEA,C,26,45,280,16.1,0.463,0.0,0.434,20.3,29.7,25.0,3.6,1.8,5.6,16.0,23.0,0.0,0.7,0.7,0.114,-3.6,-1.1,-4.8,-0.2
Evers Burns,burnsev01,SAC,PF,22,23,143,9.7,0.43,0.0,0.418,9.7,13.3,11.5,9.7,2.1,1.3,9.7,21.3,-0.1,0.1,0.1,0.02,-5.0,-0.6,-5.5,-0.1
Fat Lever,leverfa01,DAL,PG,33,81,1947,13.2,0.462,0.133,0.176,4.5,12.5,8.2,16.6,4.1,0.5,12.8,15.0,0.7,2.1,2.9,0.07,-1.8,2.4,0.5,1.3
Felton Spencer,spencfe01,UTA,C,26,79,2210,11.7,0.54,0.0,0.536,12.5,21.8,17.2,2.8,1.0,2.1,16.9,15.1,1.4,3.2,4.7,0.102,-2.5,-0.6,-3.1,-0.6
Frank Brickowski,brickfr01,"MIL,CHO",C,34,71,2094,14.3,0.54,0.027,0.337,4.5,17.9,11.0,17.2,1.9,0.8,17.3,21.5,1.0,1.7,2.7,0.062,-1.3,-0.1,-1.5,0.3
Frank Johnson,johnsfr01,PHO,PG,35,70,875,11.6,0.492,0.04,0.231,3.8,6.7,5.3,23.6,2.3,0.1,16.5,18.9,0.6,0.6,1.2,0.067,-3.1,-0.4,-3.5,-0.3
Gary Alexander,alexaga01,"MIA,CLE",PF,24,11,55,8.6,0.529,0.0,0.643,14.7,16.8,15.8,5.4,2.9,0.0,30.8,21.0,-0.1,0.1,0.0,-0.032,-6.6,-1.5,-8.1,-0.1
Gary Grant,grantga01,LAC,PG,28,78,1533,13.8,0.493,0.11,0.135,2.9,6.9,4.9,27.9,3.7,0.5,18.6,19.7,0.0,1.3,1.3,0.041,-1.7,0.9,-0.8,0.5
Gary Payton,paytoga01,SEA,PG,25,82,2881,17.8,0.526,0.047,0.241,4.3,6.8,5.5,26.7,3.3,0.5,11.9,21.6,5.2,4.1,9.3,0.155,1.9,1.3,3.1,3.7
Geert Hammink,hammige01,ORL,C,24,1,3,20.0,0.333,0.0,0.0,37.8,0.0,18.7,64.9,0.0,0.0,0.0,42.7,0.0,0.0,0.0,0.101,-0.8,-2.4,-3.2,0.0
George Lynch,lynchge01,LAL,SF,23,71,1762,16.1,0.527,0.009,0.29,13.0,12.2,12.6,8.2,2.9,1.0,11.9,17.5,2.4,1.5,3.9,0.107,0.4,-0.4,0.1,0.9
Gerald Madkins,madkige01,CLE,SG,24,22,149,7.4,0.494,0.484,0.323,0.8,7.8,4.3,17.8,3.2,0.0,26.9,14.6,-0.1,0.2,0.1,0.019,-4.7,0.8,-4.0,-0.1
Gerald Paddio,paddige01,"IND,NYK,WSB",SF,28,18,137,8.5,0.395,0.017,0.267,4.2,9.3,6.8,12.3,1.5,0.0,8.2,23.1,-0.2,0.1,-0.1,-0.035,-3.5,-1.6,-5.1,-0.1
Gerald Wilkins,wilkige01,CLE,SG,30,82,2768,14.9,0.539,0.217,0.256,4.4,8.3,6.4,14.7,2.0,0.9,10.8,19.7,4.2,2.6,6.8,0.118,1.0,0.1,1.1,2.2
Gheorghe Mureșan,muresgh01,WSB,C,22,54,650,17.4,0.571,0.0,0.302,11.7,23.1,17.3,4.5,2.2,4.6,16.9,21.2,0.6,0.7,1.3,0.094,-2.1,0.2,-1.8,0.0
Glen Rice,ricegl01,MIA,SF,26,81,2999,18.5,0.552,0.243,0.2,2.9,13.6,8.2,10.5,1.9,0.7,7.8,24.1,7.3,2.9,10.2,0.163,2.9,-0.2,2.7,3.6
Grant Long,longgr01,MIA,PF,27,69,2201,13.9,0.507,0.009,0.354,9.8,15.8,12.8,11.5,2.1,0.8,13.9,17.7,2.6,2.5,5.1,0.111,-0.4,0.4,0.1,1.1
Greg Anderson,andergr01,DET,PF,29,77,1624,14.6,0.561,0.008,0.416,12.3,26.9,19.5,4.6,1.7,2.7,17.7,14.3,1.4,2.0,3.4,0.101,-1.7,0.1,-1.6,0.2
Greg Anthony,anthogr01,NYK,PG,26,80,1994,13.0,0.487,0.28,0.294,2.5,8.1,5.4,27.3,3.0,0.5,16.5,17.0,1.6,3.9,5.5,0.132,-0.8,2.4,1.6,1.8
Greg Dreiling,dreilgr01,DAL,C,31,54,685,7.2,0.547,0.01,0.365,7.2,21.8,13.9,6.5,1.2,2.4,26.3,10.1,0.0,0.6,0.6,0.04,-6.4,0.7,-5.7,-0.6
Greg Foster,fostegr01,MIL,PF,25,3,19,14.7,0.635,0.0,0.286,0.0,19.2,9.1,0.0,0.0,3.6,11.3,20.2,0.0,0.0,0.0,0.106,-2.9,1.2,-1.8,0.0
Greg Graham,grahagr01,PHI,SG,23,70,889,11.4,0.478,0.082,0.361,2.6,8.1,5.3,11.5,3.4,0.3,15.5,20.4,-0.5,0.6,0.1,0.005,-3.9,0.1,-3.9,-0.4
Greg Kite,kitegr01,ORL,C,32,29,309,2.2,0.38,0.0,0.629,8.1,17.3,12.7,1.6,0.3,2.4,27.6,8.5,-0.4,0.3,-0.1,-0.018,-6.9,-0.5,-7.3,-0.4
Hakeem Olajuwon,olajuha01,HOU,C,31,80,3277,25.3,0.565,0.011,0.32,8.2,23.3,16.2,16.4,2.0,5.7,12.3,29.8,6.4,7.9,14.3,0.21,3.5,3.3,6.8,7.3
Harold Ellis,ellisha01,LAC,SF,23,49,923,17.2,0.593,0.014,0.51,10.9,6.7,8.8,5.0,3.8,0.1,10.7,17.9,2.0,0.8,2.8,0.146,0.4,0.5,0.9,0.7
Harold Miner,minerha01,MIA,SG,22,63,1358,14.0,0.541,0.011,0.338,6.2,6.8,6.5,11.3,1.2,0.7,13.5,22.4,1.9,0.7,2.7,0.094,-0.2,-1.4,-1.6,0.1
Harvey Grant,grantha01,POR,SF,28,77,2112,12.3,0.48,0.009,0.169,5.4,13.0,9.0,7.4,1.6,1.5,6.3,17.1,1.7,2.2,3.9,0.089,-1.5,0.3,-1.2,0.4
Haywoode Workman,workmha01,IND,PG,28,65,1714,12.9,0.49,0.122,0.252,2.2,11.2,6.9,34.3,2.6,0.2,22.8,16.9,0.7,2.2,2.8,0.08,-0.9,0.4,-0.4,0.7
Henry James,jameshe01,LAC,PF,28,12,75,12.5,0.464,0.429,0.119,8.6,11.2,9.9,2.1,1.3,0.0,4.3,25.5,0.0,0.0,0.1,0.041,-1.2,-3.8,-5.0,-0.1
Herb Williams,willihe01,NYK,C,35,70,774,10.4,0.463,0.004,0.18,8.4,18.1,13.3,5.6,1.2,3.9,13.4,16.4,-0.2,1.7,1.6,0.098,-4.3,1.6,-2.7,-0.1
Hersey Hawkins,hawkihe01,CHO,SG,27,82,2648,15.6,0.579,0.274,0.421,3.8,11.7,7.9,11.6,2.5,0.5,13.4,18.9,4.4,2.1,6.5,0.118,0.9,0.1,1.0,2.0
Horace Grant,grantho01,CHI,PF,28,70,2570,19.8,0.54,0.007,0.262,13.9,21.1,17.5,14.3,1.5,2.2,10.0,18.7,5.7,4.3,10.0,0.188,3.2,0.9,4.0,3.9
Hot Rod Williams,williho01,CLE,PF,31,76,2660,16.2,0.532,0.0,0.419,9.0,16.1,12.6,11.3,1.5,3.2,12.5,18.8,3.8,3.6,7.4,0.134,0.6,0.9,1.5,2.4
Hubert Davis,davishu01,NYK,SG,23,56,1333,14.0,0.558,0.261,0.204,2.0,3.7,2.8,20.4,1.6,0.2,12.1,20.6,2.3,1.9,4.2,0.152,1.0,0.5,1.5,1.2
Isaac Austin,austiis01,PHI,C,24,14,201,14.1,0.473,0.015,0.348,13.6,24.1,18.8,13.2,1.2,3.0,18.3,20.1,0.0,0.2,0.2,0.04,-2.9,-1.2,-4.2,-0.1
Isaiah Rider,rideris01,MIN,SG,22,79,2415,14.2,0.533,0.135,0.238,5.9,9.3,7.6,15.5,1.1,0.7,15.0,26.2,0.9,0.8,1.7,0.034,0.5,-2.2,-1.7,0.2
Isiah Thomas,thomais01,DET,PG,32,58,1750,15.2,0.488,0.165,0.338,2.9,7.3,5.0,36.7,2.0,0.2,18.7,27.0,-0.2,0.4,0.2,0.007,1.3,-2.2,-1.0,0.5
J.R. Reid,reidjr01,SAS,PF,25,70,1344,14.7,0.525,0.006,0.289,8.0,10.3,9.2,8.9,1.7,1.2,12.3,22.7,1.5,1.5,3.0,0.107,-1.3,-0.6,-1.9,0.1
Jack Haley,haleyja01,SAS,PF,30,28,94,12.8,0.515,0.0,0.438,7.6,20.6,14.4,1.8,0.0,0.0,14.9,32.0,0.0,0.1,0.1,0.054,-6.7,-4.0,-10.7,-0.2
Jamal Mashburn,mashbja01,DAL,SF,21,79,2896,13.2,0.48,0.216,0.317,3.9,10.3,6.8,15.8,1.6,0.3,13.5,26.6,-0.2,1.0,0.9,0.014,-0.3,-2.2,-2.4,-0.3
James Edwards,edwarja01,LAL,C,38,45,469,9.1,0.518,0.0,0.47,2.4,13.0,7.5,7.0,0.4,0.4,12.9,20.9,0.1,0.1,0.3,0.028,-4.8,-1.9,-6.7,-0.6
James Robinson,robinja02,POR,PG,23,58,673,10.0,0.439,0.256,0.235,5.3,7.4,6.3,14.5,2.2,1.4,14.2,22.2,-0.5,0.7,0.2,0.015,-2.2,0.1,-2.1,0.0
James Worthy,worthja01,LAL,SF,32,80,1597,12.8,0.452,0.132,0.161,3.1,9.4,6.2,15.6,1.4,0.7,9.8,26.2,-0.5,0.5,0.1,0.002,-0.6,-2.3,-2.9,-0.4
Jaren Jackson,jacksja01,POR,SG,26,29,187,9.5,0.429,0.069,0.161,3.4,6.7,4.9,21.5,1.0,0.7,13.1,23.4,-0.1,0.1,0.0,0.0,-3.2,-1.2,-4.4,-0.1
Jay Guidinger,guidija01,CLE,C,24,32,131,10.4,0.57,0.0,0.656,13.3,16.0,14.6,3.4,1.6,2.5,28.0,19.6,-0.1,0.2,0.1,0.042,-5.5,-0.6,-6.2,-0.1
Jay Humphries,humphja01,UTA,SG,31,75,1619,10.9,0.493,0.179,0.142,2.5,6.5,4.5,20.4,2.1,0.5,14.3,18.1,0.5,1.6,2.0,0.061,-1.6,0.2,-1.4,0.3
Jayson Williams,willija01,NJN,PF,25,70,877,13.0,0.466,0.0,0.406,12.9,18.8,15.8,4.5,1.0,2.5,9.2,18.3,0.7,1.1,1.8,0.099,-2.8,-0.8,-3.6,-0.4
Jeff Grayer,grayeje01,GSW,SG,28,67,1096,13.2,0.548,0.033,0.325,7.6,11.2,9.4,7.9,1.5,0.7,13.2,18.0,1.2,0.8,1.9,0.085,-1.0,-1.2,-2.3,-0.1
Jeff Hornacek,hornaje01,"PHI,UTA",SG,30,80,2820,16.7,0.562,0.207,0.295,2.4,8.6,5.5,23.9,2.3,0.3,13.1,20.2,5.1,1.8,6.9,0.117,1.3,0.2,1.5,2.5
Jeff Malone,malonje01,"UTA,PHI",SG,32,77,2560,13.5,0.53,0.011,0.228,2.3,6.5,4.4,8.3,0.8,0.1,6.7,21.9,3.2,0.9,4.2,0.079,-0.7,-2.2,-2.9,-0.6
Jeff Turner,turneje01,ORL,PF,31,68,1536,7.6,0.506,0.129,0.106,5.8,13.9,9.9,5.4,0.8,0.5,14.4,14.5,0.4,1.0,1.4,0.043,-4.0,-1.1,-5.1,-1.2
Jerome Kersey,kerseje01,POR,SF,31,78,1276,14.5,0.481,0.017,0.288,10.6,17.9,14.1,8.5,2.7,2.4,10.7,18.9,1.1,2.0,3.2,0.119,-1.9,1.5,-0.5,0.5
Jerrod Mustaf,mustaje01,PHO,PF,24,33,196,8.9,0.39,0.0,0.262,11.6,19.9,15.8,5.7,1.0,1.6,9.6,22.2,-0.2,0.2,0.0,0.004,-5.7,-3.3,-9.0,-0.3
Jim Farmer,farmeji01,DEN,SG,29,4,29,-3.7,0.333,0.333,0.0,0.0,7.4,3.8,18.9,0.0,0.0,45.5,16.2,-0.1,0.0,-0.1,-0.21,-10.1,-4.4,-14.5,-0.1
Jim Jackson,jacksji01,DAL,SG,23,82,3066,14.4,0.497,0.042,0.242,5.8,8.7,7.1,21.5,1.4,0.6,17.4,26.5,-0.3,0.8,0.6,0.009,0.6,-2.3,-1.7,0.2
Jim Les,lesji01,SAC,PG,30,18,169,12.9,0.566,0.529,0.382,3.2,5.3,4.2,31.7,2.0,0.4,21.7,12.7,0.3,0.1,0.3,0.098,0.2,-0.1,0.1,0.1
Jimmy Oliver,oliveji01,BOS,SG,24,44,540,10.1,0.473,0.15,0.154,1.7,8.0,4.8,9.1,1.5,0.1,8.4,20.0,0.0,0.2,0.2,0.016,-2.9,-1.4,-4.3,-0.3
Jo Jo English,englijo01,CHI,SG,23,36,419,6.3,0.47,0.132,0.163,2.5,10.1,6.3,13.2,1.0,1.6,20.7,18.4,-0.5,0.5,0.0,-0.005,-5.0,-0.5,-5.5,-0.4
Joe Courtney,courtjo01,"PHO,MIL",PF,24,52,345,13.4,0.498,0.02,0.318,9.0,9.5,9.2,6.9,1.5,2.3,11.1,23.4,0.2,0.2,0.4,0.054,-2.3,-2.0,-4.3,-0.2
Joe Dumars,dumarjo01,DET,SG,30,69,2591,16.2,0.558,0.286,0.295,1.5,5.0,3.2,16.6,1.2,0.1,11.2,24.0,4.6,-0.1,4.4,0.082,2.3,-2.0,0.3,1.5
Joe Kleine,kleinjo01,PHO,C,32,74,848,11.2,0.522,0.043,0.152,6.7,18.8,12.8,7.3,0.8,1.4,11.4,15.2,0.8,0.8,1.6,0.089,-2.3,-0.5,-2.8,-0.2
John Bagley,baglejo01,ATL,PG,33,3,13,7.6,0.347,0.0,1.0,0.0,8.5,4.2,28.1,0.0,0.0,0.0,9.5,0.0,0.0,0.0,0.105,-5.4,-1.4,-6.8,0.0
John Battle,battljo01,CLE,SG,31,51,814,12.2,0.535,0.07,0.355,1.0,4.6,2.8,16.2,1.4,0.1,11.5,19.6,0.9,0.5,1.4,0.084,-1.7,-1.1,-2.7,-0.1
John Crotty,crottjo01,UTA,PG,24,45,313,17.5,0.575,0.242,0.364,4.1,7.3,5.7,37.0,2.5,0.2,19.0,20.0,0.7,0.3,1.0,0.16,2.2,0.3,2.5,0.4
John Paxson,paxsojo01,CHI,PG,33,27,343,8.3,0.508,0.324,0.029,1.0,5.8,3.4,13.1,1.1,0.4,8.0,9.7,0.3,0.3,0.6,0.088,-2.0,0.2,-1.8,0.0
John Salley,sallejo01,MIA,PF,29,76,1910,13.0,0.544,0.007,0.516,7.8,16.4,12.1,10.1,1.5,2.8,14.9,14.2,2.5,2.3,4.8,0.122,-0.8,1.4,0.6,1.2
John Starks,starkjo01,NYK,SG,28,59,2057,16.0,0.516,0.345,0.254,2.1,8.0,5.1,28.9,2.4,0.2,14.5,27.1,2.1,3.7,5.8,0.135,1.8,0.9,2.7,2.4
John Stockton,stockjo01,UTA,PG,31,82,2969,22.5,0.608,0.172,0.389,2.8,7.1,5.0,53.1,3.5,0.5,20.7,19.1,9.3,4.0,13.2,0.214,5.8,2.2,8.0,7.5
John Williams,willijo02,LAC,SF,27,34,725,10.5,0.469,0.106,0.191,5.5,13.1,9.3,18.2,1.7,0.8,14.7,13.6,0.3,0.5,0.8,0.05,-2.1,0.4,-1.7,0.0
Johnny Dawkins,dawkijo01,PHI,PG,30,72,1343,13.5,0.509,0.248,0.236,2.3,7.8,5.0,30.1,2.4,0.2,19.2,18.7,0.6,0.6,1.1,0.041,-0.6,-1.2,-1.8,0.1
Johnny Newman,newmajo01,"CHO,NJN",SF,30,81,1697,14.1,0.545,0.136,0.339,5.4,5.9,5.7,6.7,2.0,1.0,10.6,21.3,2.4,1.3,3.7,0.106,-1.0,-0.3,-1.3,0.3
Jon Barry,barryjo01,MIL,SG,24,72,1242,14.6,0.511,0.301,0.319,3.2,10.8,6.8,21.0,4.2,0.9,16.0,18.1,0.8,1.3,2.1,0.08,-1.2,1.8,0.6,0.8
Jon Koncak,koncajo01,ATL,C,30,82,1823,9.9,0.444,0.008,0.098,5.0,17.1,11.0,7.6,1.8,4.5,10.3,10.1,0.4,3.4,3.8,0.101,-3.6,3.1,-0.5,0.7
Josh Grant,grantjo01,GSW,PF,26,53,382,11.7,0.494,0.418,0.199,7.8,17.3,12.6,8.6,2.3,1.3,15.9,20.4,0.0,0.5,0.5,0.06,-2.5,0.1,-2.3,0.0
Jud Buechler,buechju01,GSW,SF,25,36,218,14.9,0.571,0.345,0.238,6.6,9.3,7.9,10.6,1.8,0.3,11.5,19.8,0.4,0.1,0.5,0.112,0.3,-1.0,-0.7,0.1
Karl Malone,malonka01,UTA,PF,30,82,3329,22.9,0.55,0.021,0.474,8.3,24.1,16.3,17.1,1.9,2.6,11.1,28.0,7.4,6.1,13.4,0.193,4.1,1.5,5.6,6.4
Keith Askins,askinke01,MIA,SF,26,37,319,8.2,0.46,0.239,0.114,11.7,17.5,14.6,5.9,1.8,0.2,18.5,15.3,-0.1,0.4,0.3,0.044,-4.2,-0.4,-4.6,-0.2
Keith Jennings,jennike01,GSW,PG,25,76,1097,15.5,0.547,0.442,0.351,1.6,7.1,4.4,26.1,2.9,0.0,15.8,17.6,2.0,0.9,2.9,0.126,1.4,0.2,1.6,1.0
Keith Tower,towerke01,ORL,C,23,11,32,5.5,0.444,0.0,0.0,0.0,20.8,10.5,4.3,0.0,0.0,0.0,12.0,0.0,0.0,0.0,0.051,-5.4,-1.4,-6.7,0.0
Ken Norman,normake01,MIL,SF,29,82,2539,12.6,0.49,0.206,0.199,7.2,15.9,11.3,14.3,1.2,1.2,13.0,19.6,0.6,1.3,1.9,0.036,-0.7,-1.6,-2.3,-0.2
Kendall Gill,gillke01,SEA,SG,25,79,2435,15.6,0.51,0.124,0.284,4.4,8.6,6.5,16.9,3.1,0.9,11.6,21.7,3.1,3.6,6.7,0.132,0.5,0.9,1.3,2.1
Kenny Anderson,anderke01,NJN,PG,23,82,3135,18.2,0.491,0.096,0.306,2.9,8.0,5.4,40.6,2.5,0.3,14.5,24.6,4.3,3.2,7.5,0.114,2.5,-0.1,2.4,3.4
Kenny Gattison,gattike01,CHO,PF,29,77,1644,13.3,0.558,0.0,0.438,7.3,16.5,12.0,8.1,1.8,1.7,13.0,15.8,2.0,1.5,3.5,0.102,-1.6,0.3,-1.3,0.3
Kenny Smith,smithke01,HOU,PG,28,78,2209,14.2,0.581,0.309,0.218,1.3,5.4,3.5,22.6,1.3,0.1,13.9,18.1,3.9,2.2,6.1,0.132,0.6,-0.5,0.2,1.2
Kenny Walker,walkeke01,WSB,SF,29,73,1397,10.7,0.533,0.011,0.456,9.7,14.6,12.1,3.3,0.9,2.6,11.8,11.5,1.5,0.4,1.9,0.065,-1.9,-0.9,-2.8,-0.3
Kenny Williams,willike03,IND,SF,24,68,982,15.8,0.509,0.01,0.164,11.4,12.7,12.1,8.7,1.3,3.4,9.7,20.7,1.2,1.2,2.4,0.119,0.5,0.0,0.5,0.6
Kevin Brooks,brookke01,DEN,SF,24,34,190,5.3,0.411,0.232,0.101,3.0,9.1,6.1,2.6,0.0,0.7,10.4,25.9,-0.4,0.1,-0.2,-0.062,-6.0,-3.7,-9.6,-0.4
Kevin Duckworth,duckwke01,WSB,C,29,69,1485,8.2,0.457,0.0,0.299,8.0,17.8,12.8,5.5,1.2,1.5,16.8,17.3,-1.1,0.6,-0.5,-0.017,-5.1,-1.5,-6.6,-1.7
Kevin Edwards,edwarke01,NJN,SG,28,82,2727,13.8,0.509,0.096,0.211,3.6,7.4,5.4,13.6,2.2,0.8,10.7,19.5,2.5,2.6,5.1,0.089,-0.6,0.6,0.0,1.3
Kevin Gamble,gamblke01,BOS,SF,28,75,1880,13.4,0.503,0.128,0.157,2.4,7.1,4.8,12.4,1.5,0.7,8.2,21.6,1.4,0.7,2.1,0.054,-0.7,-1.0,-1.7,0.2
Kevin Johnson,johnske02,PHO,PG,27,67,2449,20.6,0.566,0.028,0.473,2.6,5.1,3.8,38.5,2.5,0.3,16.6,24.3,7.0,1.7,8.7,0.17,4.1,-0.7,3.4,3.4
Kevin Thompson,thompke01,POR,C,22,14,58,4.9,0.437,0.071,0.143,12.6,11.8,12.2,6.9,0.0,2.2,25.2,14.0,-0.1,0.0,0.0,-0.016,-7.3,-0.8,-8.1,-0.1
Kevin Willis,willike02,ATL,PF,31,80,2867,19.4,0.538,0.019,0.299,12.8,24.2,18.5,8.7,1.4,0.9,11.7,24.1,5.1,5.1,10.2,0.17,1.3,-0.9,0.4,1.7
Kurt Rambis,rambiku01,LAL,PF,35,50,635,14.0,0.565,0.009,0.623,13.8,18.7,16.2,6.8,1.7,2.3,15.2,11.4,1.0,0.6,1.7,0.125,-1.1,-0.1,-1.1,0.1
LaBradford Smith,smithla02,"WSB,SAC",SG,24,66,877,11.6,0.484,0.196,0.275,4.2,6.4,5.3,18.7,2.2,0.4,12.7,18.9,0.4,0.4,0.8,0.045,-1.7,-0.2,-1.9,0.0
LaPhonso Ellis,ellisla01,DEN,PF,23,79,2699,15.9,0.542,0.024,0.373,9.4,18.4,14.0,10.0,1.2,1.9,13.3,20.4,3.5,4.1,7.6,0.135,0.2,0.4,0.6,1.8
LaSalle Thompson,thompla01,IND,C,32,30,282,6.1,0.388,0.0,0.39,11.1,19.4,15.4,8.0,1.8,1.9,20.3,17.6,-0.5,0.5,0.0,-0.005,-6.8,0.2,-6.5,-0.3
Larry Johnson,johnsla02,CHO,PF,24,51,1757,16.8,0.55,0.031,0.293,9.3,18.6,14.1,16.0,0.8,0.5,13.3,21.2,2.8,1.1,3.9,0.106,1.5,-1.1,0.4,1.1
Larry Krystkowiak,krystla01,ORL,PF,29,34,682,8.9,0.524,0.007,0.264,6.3,13.8,10.1,6.9,1.0,0.4,14.9,12.2,0.5,0.5,1.0,0.068,-2.8,-0.3,-3.2,-0.2
Larry Nance,nancela01,CLE,PF,34,33,909,17.1,0.526,0.0,0.271,9.8,19.2,14.5,8.7,1.6,4.0,9.8,19.2,1.4,1.4,2.8,0.146,0.0,0.9,0.9,0.7
Larry Robinson,robinla01,HOU,SG,26,6,55,13.0,0.531,0.4,0.4,8.6,11.5,10.1,17.4,6.4,0.0,29.8,27.0,-0.1,0.1,0.0,-0.002,-5.0,2.2,-2.9,0.0
Larry Stewart,stewala01,WSB,SF,25,3,35,13.6,0.524,0.0,1.25,3.3,20.4,11.7,7.9,2.9,1.8,13.9,17.7,0.0,0.0,0.1,0.083,-2.5,1.9,-0.6,0.0
Latrell Sprewell,sprewla01,GSW,SG,23,82,3533,15.9,0.532,0.276,0.322,2.5,9.7,6.1,15.3,2.5,1.3,12.3,21.5,4.7,3.2,8.0,0.108,1.6,0.3,1.9,3.5
LeRon Ellis,ellisle02,CHO,C,24,50,680,13.5,0.521,0.0,0.374,11.7,18.6,15.3,4.9,1.2,2.3,9.0,14.6,1.0,0.6,1.6,0.111,-1.2,-0.9,-2.1,0.0
Lee Mayberry,maybele01,MIL,PG,23,82,1472,9.4,0.493,0.296,0.209,1.9,6.2,3.9,22.2,1.6,0.2,18.1,15.8,0.1,0.3,0.4,0.013,-2.6,-1.6,-4.2,-0.8
Lester Conner,connele01,IND,PG,34,11,169,12.0,0.381,0.079,0.158,7.1,9.2,8.2,25.5,4.3,0.4,18.1,12.9,0.0,0.3,0.3,0.075,-2.3,2.7,0.3,0.1
Lindsey Hunter,hunteli01,DET,PG,23,82,2172,12.0,0.441,0.232,0.159,2.4,7.3,4.8,27.7,2.8,0.3,16.1,23.0,-1.8,1.0,-0.8,-0.017,-1.6,-0.6,-2.2,-0.1
Lionel Simmons,simmoli01,SAC,SF,25,75,2702,14.8,0.496,0.017,0.324,6.6,16.3,11.4,17.5,1.9,1.2,13.9,20.6,1.5,2.3,3.8,0.067,0.2,0.0,0.2,1.5
Litterial Green,greenli01,ORL,PG,23,29,126,13.0,0.498,0.07,0.649,5.4,5.3,5.3,10.6,2.4,0.5,15.1,29.2,0.0,0.1,0.1,0.044,-3.4,-1.1,-4.5,-0.1
Lloyd Daniels,daniell01,SAS,SG,26,65,980,11.2,0.462,0.336,0.172,5.4,7.2,6.4,14.5,1.6,1.1,13.0,21.0,0.2,0.9,1.1,0.054,-0.3,-0.5,-0.7,0.3
Lorenzo Williams,willilo01,"ORL,CHO,DAL",PF,24,38,716,11.1,0.45,0.009,0.255,13.9,20.6,17.0,4.9,1.3,4.3,15.2,8.5,0.4,0.7,1.1,0.072,-2.5,0.0,-2.5,-0.1
Loy Vaught,vaughlo01,LAC,PF,25,75,2118,16.0,0.566,0.007,0.262,11.0,21.8,16.5,5.2,1.7,0.6,11.0,17.0,3.4,2.2,5.5,0.125,-0.1,-1.2,-1.3,0.3
Luc Longley,longllu01,"MIN,CHI",C,25,76,1502,13.5,0.508,0.002,0.269,10.2,23.4,16.9,11.3,1.5,3.4,18.6,18.7,0.0,2.2,2.2,0.071,-2.7,1.0,-1.6,0.1
Lucious Harris,harrilu01,DAL,SG,23,77,1165,11.0,0.478,0.086,0.309,4.0,11.7,7.6,14.3,2.1,0.6,15.1,18.7,-0.1,0.7,0.6,0.025,-2.6,-0.5,-3.1,-0.3
Luther Wright,wrighlu01,UTA,C,22,15,92,-0.4,0.384,0.043,0.174,7.6,4.9,6.3,0.0,0.6,1.5,19.5,14.8,-0.2,0.1,-0.1,-0.064,-9.5,-2.8,-12.3,-0.2
Mahmoud Abdul-Rauf,abdulma02,DEN,PG,24,80,2617,16.7,0.521,0.104,0.179,1.2,5.8,3.6,24.1,1.6,0.2,9.9,24.9,4.4,2.4,6.8,0.125,1.5,-0.7,0.8,1.9
Malcolm Mackey,mackema01,PHO,C,23,22,69,12.6,0.395,0.054,0.216,19.8,19.4,19.6,2.2,0.0,2.7,4.7,25.8,0.0,0.1,0.1,0.036,-3.6,-5.1,-8.7,-0.1
Malik Sealy,sealyma01,IND,SF,23,43,623,12.1,0.456,0.058,0.318,8.3,13.4,11.0,12.4,2.6,0.9,14.0,25.6,-0.3,0.9,0.6,0.043,-3.0,-0.1,-3.1,-0.2
Manute Bol,bolma01,"MIA,WSB,PHI",C,31,14,116,3.1,0.211,0.158,0.0,2.9,14.6,8.7,1.1,0.9,8.8,20.8,8.9,-0.3,0.1,-0.2,-0.066,-7.5,1.2,-6.3,-0.1
Marcus Liberty,liberma01,"DEN,DET",SF,25,38,285,8.0,0.389,0.228,0.317,10.0,13.7,11.9,9.4,2.0,0.9,14.6,25.2,-0.7,0.2,-0.5,-0.088,-4.9,-2.1,-7.0,-0.4
Mario Elie,eliema01,HOU,SF,30,67,1606,13.4,0.575,0.358,0.384,2.1,10.0,6.3,19.1,1.6,0.3,16.7,18.0,2.1,2.0,4.2,0.125,-0.1,0.8,0.6,1.0
Mark Aguirre,aguirma01,LAC,SF,34,39,859,13.1,0.544,0.267,0.207,3.5,10.8,7.2,18.5,1.2,0.6,15.6,21.6,0.6,0.3,0.9,0.05,-0.5,-1.4,-1.8,0.0
Mark Bryant,bryanma01,POR,C,28,79,1441,9.9,0.514,0.003,0.271,8.5,15.6,11.9,3.5,1.1,1.3,13.3,14.0,0.9,1.4,2.3,0.076,-3.2,-0.4,-3.6,-0.6
Mark Jackson,jacksma01,LAC,PG,28,79,2711,14.8,0.524,0.173,0.288,4.2,9.4,6.8,34.6,2.1,0.1,22.0,16.1,2.7,1.4,4.1,0.072,0.7,-0.8,-0.1,1.3
Mark Macon,maconma01,"DEN,DET",SG,24,42,496,8.0,0.41,0.054,0.185,4.0,5.2,4.6,15.5,4.0,0.1,16.7,21.0,-0.9,0.4,-0.4,-0.042,-6.2,1.4,-4.8,-0.4
Mark Price,pricema01,CLE,PG,29,76,2386,22.7,0.586,0.296,0.267,1.9,9.2,5.6,42.0,2.3,0.3,14.4,24.6,7.6,2.4,10.0,0.201,6.3,0.1,6.4,5.0
Mark Randall,randama01,DEN,PF,26,28,155,11.2,0.465,0.28,0.56,6.7,9.0,7.9,10.3,2.6,1.2,13.8,19.9,0.0,0.2,0.2,0.074,-2.6,0.4,-2.2,0.0
Mark West,westma01,PHO,C,33,82,1236,12.3,0.567,0.0,0.406,10.3,16.5,13.4,3.6,1.2,5.5,18.0,13.9,0.8,1.6,2.4,0.094,-3.4,1.1,-2.2,-0.1
Marlon Maxey,maxeyma01,MIN,PF,24,55,626,15.4,0.59,0.012,0.587,14.4,22.7,18.6,2.6,1.3,3.4,16.0,17.5,0.9,0.7,1.7,0.127,-1.8,-1.0,-2.8,-0.1
Marty Conlon,conloma01,"CHO,WSB",C,26,30,579,15.0,0.619,0.012,0.321,10.4,16.6,13.5,8.7,0.8,0.9,14.9,16.3,1.2,0.3,1.4,0.12,0.2,-1.9,-1.7,0.0
Matt Bullard,bullama01,HOU,PF,26,65,725,8.8,0.476,0.681,0.115,3.7,8.9,6.4,12.6,1.0,0.5,10.5,16.2,0.2,0.8,1.0,0.068,-1.4,-0.4,-1.8,0.0
Matt Geiger,geigema01,MIA,C,24,72,1199,16.7,0.624,0.014,0.423,11.2,17.5,14.3,4.2,1.5,1.7,12.7,17.2,3.1,1.4,4.5,0.179,0.3,-0.3,0.0,0.6
Matt Wenstrom,wenstma01,BOS,C,23,11,37,15.6,0.625,0.0,1.0,18.2,18.4,18.3,0.0,0.0,3.4,21.7,21.6,0.0,0.0,0.1,0.098,-2.2,-1.6,-3.7,0.0
Michael Adams,adamsmi01,WSB,PG,31,70,2337,14.2,0.52,0.274,0.387,1.8,7.4,4.6,29.8,2.1,0.2,17.0,18.1,2.9,0.2,3.1,0.063,0.5,-1.5,-1.0,0.6
Michael Cage,cagemi01,SEA,C,32,82,1708,11.9,0.545,0.003,0.236,11.3,19.5,15.4,3.5,2.3,1.6,12.8,10.0,1.9,3.0,4.9,0.137,-0.8,0.5,-0.3,0.7
Michael Curry,currymi01,PHI,SG,25,10,43,-3.9,0.286,0.143,0.286,0.0,2.6,1.3,3.3,1.2,0.0,16.0,19.0,-0.2,0.0,-0.2,-0.217,-10.7,-2.8,-13.5,-0.1
Micheal Williams,willimi02,MIN,PG,27,71,2206,18.0,0.563,0.066,0.578,3.6,8.0,5.9,37.8,2.7,0.7,19.1,21.1,4.1,1.5,5.6,0.122,2.0,-0.1,1.9,2.2
Mike Brown,brownmi01,MIN,C,30,82,1921,7.2,0.479,0.008,0.454,7.4,19.6,13.6,5.4,1.3,1.0,19.4,8.8,0.0,1.6,1.5,0.038,-3.6,0.2,-3.4,-0.7
Mike Gminski,gminsmi01,"CHO,MIL",C,34,29,309,9.9,0.388,0.0,0.175,8.1,18.6,13.3,4.9,2.1,3.2,10.5,17.1,-0.3,0.4,0.0,0.002,-3.5,-0.9,-4.5,-0.2
Mike Peplowski,peplomi01,SAC,C,23,55,667,9.6,0.549,0.007,0.312,7.9,20.1,13.8,5.2,1.3,2.4,17.5,12.3,0.3,0.7,0.9,0.066,-4.6,0.1,-4.4,-0.4
Mitch Richmond,richmmi01,SAC,SG,28,78,2897,17.7,0.551,0.218,0.358,2.6,8.3,5.4,18.5,1.8,0.4,11.6,27.2,5.2,1.2,6.4,0.106,2.7,-1.1,1.6,2.7
Mitchell Butler,butlemi02,WSB,SG,23,75,1321,13.0,0.521,0.012,0.431,9.2,10.7,10.0,8.9,2.0,0.9,14.9,19.0,0.7,0.4,1.1,0.04,-1.0,-1.4,-2.4,-0.1
Mookie Blaylock,blaylmo01,ATL,PG,26,81,2915,19.6,0.487,0.316,0.147,4.4,11.6,8.0,40.4,3.7,1.0,14.6,19.8,4.9,5.3,10.2,0.168,3.4,2.3,5.7,5.7
Morlon Wiley,wileymo01,"MIA,DAL",PG,27,16,158,4.1,0.362,0.345,0.0,0.0,7.5,3.6,20.1,4.8,0.0,37.0,12.4,-0.4,0.2,-0.2,-0.069,-7.4,2.8,-4.6,-0.1
Moses Malone,malonmo01,PHI,C,38,55,618,17.7,0.519,0.004,0.504,18.8,21.4,20.1,8.9,0.9,1.7,17.2,24.1,0.6,0.5,1.0,0.078,0.4,-2.5,-2.1,0.0
Muggsy Bogues,boguemu01,CHO,PG,29,77,2746,16.2,0.51,0.016,0.206,3.2,9.2,6.3,39.2,2.4,0.0,17.3,15.4,4.8,1.7,6.4,0.112,1.4,-0.4,1.1,2.1
Nate McMillan,mcmilna01,SEA,PG,29,73,1887,15.5,0.52,0.336,0.139,3.1,14.7,8.9,27.3,5.8,0.8,23.1,12.4,1.5,4.5,6.0,0.154,0.1,5.5,5.6,3.6
Negele Knight,knighne01,"PHO,SAS",PG,26,65,1438,13.8,0.539,0.044,0.366,2.3,5.6,4.0,21.2,1.3,0.5,14.6,20.1,2.2,1.0,3.2,0.108,-0.6,-0.9,-1.5,0.2
Nick Anderson,anderni01,ORL,SG,26,81,2811,16.9,0.549,0.298,0.237,4.6,14.3,9.5,15.7,2.4,0.7,12.4,20.2,4.6,3.0,7.6,0.129,2.0,0.6,2.5,3.2
Nick Van Exel,vanexni01,LAL,PG,22,81,2700,13.6,0.485,0.347,0.183,1.8,8.0,4.8,25.4,1.6,0.2,11.3,19.9,2.7,0.7,3.4,0.061,0.6,-1.7,-1.1,0.6
Olden Polynice,polynol01,"DET,SAC",C,29,68,2402,14.9,0.529,0.003,0.289,13.4,23.8,18.5,2.6,0.9,1.8,9.5,14.8,3.1,2.0,5.1,0.102,0.2,-1.4,-1.2,0.5
Oliver Miller,milleol01,PHO,C,23,69,1786,18.2,0.617,0.02,0.301,8.9,20.9,15.0,19.1,2.3,5.5,24.1,16.0,2.2,3.1,5.3,0.142,0.7,4.0,4.6,3.0
Orlando Woolridge,woolror01,PHI,SF,34,74,1955,13.9,0.517,0.018,0.391,5.8,11.0,8.4,11.9,1.1,1.7,13.6,23.3,0.7,0.7,1.5,0.036,-1.4,-1.7,-3.1,-0.5
Otis Thorpe,thorpot01,HOU,PF,31,82,2909,16.1,0.593,0.002,0.477,11.0,21.7,16.6,9.9,1.1,0.6,16.0,17.6,4.9,4.9,9.8,0.162,0.1,0.2,0.3,1.7
P.J. Brown,brownpj01,NJN,C,24,79,1950,12.2,0.48,0.015,0.378,10.0,16.8,13.3,6.7,1.8,3.0,13.3,11.7,1.4,2.8,4.2,0.105,-1.5,1.5,0.1,1.0
Patrick Ewing,ewingpa01,NYK,C,31,79,2972,22.9,0.551,0.009,0.387,8.5,24.9,16.9,11.3,1.6,5.1,12.9,29.8,5.1,8.0,13.1,0.211,2.5,2.7,5.2,5.5
Paul Graham,grahapa01,ATL,SG,26,21,128,13.1,0.45,0.228,0.298,3.4,6.9,5.2,15.4,1.6,2.5,7.2,23.3,0.1,0.2,0.2,0.09,-1.6,-0.6,-2.1,0.0
Pervis Ellison,ellispe01,WSB,C,26,47,1178,10.7,0.514,0.01,0.332,7.5,16.7,12.0,8.6,1.1,2.7,17.9,14.9,0.3,0.5,0.7,0.03,-2.8,-0.2,-3.0,-0.3
Pete Chilcutt,chilcpe01,"SAC,DET",PF,25,76,1365,12.7,0.472,0.033,0.145,10.1,19.8,14.9,9.7,1.9,1.8,13.4,17.2,0.1,1.4,1.5,0.052,-2.2,-0.1,-2.3,-0.1
Pete Myers,myerspe01,CHI,SG,30,82,2030,10.6,0.507,0.052,0.349,3.1,7.3,5.2,17.3,2.0,0.7,17.5,16.9,0.6,2.4,3.0,0.072,-2.7,0.4,-2.2,-0.1
Pooh Richardson,richapo01,IND,PG,27,37,1022,13.3,0.477,0.034,0.218,3.3,9.0,6.2,36.0,1.6,0.2,18.5,20.4,0.4,0.9,1.4,0.064,0.2,-0.6,-0.4,0.4
Popeye Jones,jonespo01,DAL,PF,23,81,1773,14.1,0.515,0.002,0.263,17.6,20.9,19.2,8.4,1.7,1.2,17.2,13.1,2.1,1.6,3.6,0.098,-0.9,-1.2,-2.1,-0.1
Randy Breuer,breuera01,SAC,C,33,26,247,5.4,0.295,0.038,0.538,6.5,18.5,12.4,4.2,1.2,4.9,21.9,7.0,-0.3,0.3,0.0,-0.007,-5.6,0.9,-4.7,-0.2
Randy Brown,brownra02,SAC,PG,25,61,1041,9.3,0.472,0.016,0.347,4.1,7.7,5.9,18.3,3.0,0.9,20.6,14.8,-0.4,0.8,0.4,0.017,-4.0,1.0,-3.0,-0.3
Randy White,whitera01,DAL,PF,26,18,320,11.4,0.454,0.179,0.295,9.8,20.1,14.6,5.4,1.6,2.1,12.5,19.1,-0.1,0.3,0.2,0.032,-3.0,-0.9,-3.8,-0.1
Randy Woods,woodsra01,LAC,PG,23,40,352,12.8,0.489,0.586,0.263,4.0,4.8,4.4,28.6,3.3,0.3,18.6,21.4,0.0,0.2,0.3,0.035,0.2,-0.6,-0.4,0.1
Reggie Jordan,jordare01,LAL,SG,26,23,259,20.1,0.498,0.039,0.495,18.5,9.2,14.0,15.1,2.7,1.2,10.0,22.7,0.6,0.2,0.8,0.142,3.8,-0.7,3.1,0.3
Reggie Miller,millere01,IND,SG,28,79,2638,20.2,0.636,0.28,0.426,1.4,7.7,4.7,15.6,2.3,0.6,12.4,23.5,8.8,2.9,11.7,0.212,4.1,0.6,4.7,4.5
Reggie Smith,smithre01,POR,PF,23,43,316,9.4,0.428,0.0,0.528,13.2,21.2,17.1,1.7,1.8,1.2,11.9,13.0,0.0,0.4,0.4,0.068,-3.8,-0.3,-4.0,-0.2
Reggie Williams,willire01,DEN,SF,29,82,2654,13.1,0.478,0.227,0.222,4.2,11.9,8.2,17.6,2.2,1.6,12.8,20.5,0.9,3.9,4.8,0.088,-0.8,1.3,0.6,1.7
Rex Chapman,chapmre01,WSB,SG,26,60,2025,16.9,0.572,0.191,0.238,3.2,5.2,4.2,15.3,1.5,0.2,10.9,22.7,4.2,-0.3,3.9,0.092,2.4,-2.2,0.3,1.2
Rex Walters,waltere01,NJN,SG,23,48,386,16.2,0.623,0.243,0.296,1.6,8.9,5.2,28.6,2.0,0.5,18.8,17.5,0.8,0.4,1.2,0.149,0.3,0.1,0.3,0.2
Rich King,kingri01,SEA,C,24,27,78,12.9,0.469,0.029,0.647,13.6,16.8,15.2,15.7,0.6,1.8,13.8,27.8,0.0,0.1,0.1,0.07,-4.3,-1.4,-5.8,-0.1
Richard Petruška,petruri01,HOU,C,25,22,92,12.3,0.535,0.326,0.174,11.5,25.2,18.7,1.8,1.1,2.0,23.2,31.0,-0.2,0.2,0.0,-0.014,-5.6,-2.6,-8.2,-0.1
Rick Fox,foxri01,BOS,SF,24,82,2096,14.4,0.535,0.137,0.316,5.6,13.5,9.6,15.3,1.9,1.6,16.0,20.4,1.5,1.7,3.2,0.073,-0.4,0.2,-0.2,0.9
Rick Mahorn,mahorri01,NJN,PF,35,28,226,9.2,0.529,0.021,0.426,7.3,18.0,12.6,3.2,0.7,1.4,11.1,11.7,0.2,0.2,0.5,0.096,-4.2,-0.1,-4.4,-0.1
Ricky Grace,graceri01,ATL,PG,26,3,8,10.8,0.515,0.0,0.667,0.0,13.8,6.9,21.9,0.0,0.0,0.0,20.8,0.0,0.0,0.0,0.103,-5.4,1.5,-3.9,0.0
Ricky Pierce,piercri01,SEA,SG,34,51,1022,20.8,0.552,0.055,0.366,3.4,6.3,4.8,15.4,2.1,0.4,8.7,30.8,2.9,1.1,4.0,0.188,3.0,-0.8,2.2,1.1
Rik Smits,smitsri01,IND,C,27,78,2113,19.7,0.58,0.001,0.325,7.7,18.4,13.2,13.0,1.2,2.6,12.5,25.0,4.7,3.0,7.8,0.177,1.6,0.6,2.2,2.3
Robert Horry,horryro01,HOU,SF,23,81,2370,14.2,0.521,0.194,0.224,6.4,13.9,10.3,14.5,2.5,2.0,15.1,17.0,1.6,4.3,5.9,0.12,0.0,2.2,2.2,2.5
Robert Pack,packro01,DEN,PG,24,66,1382,15.0,0.52,0.058,0.469,2.1,7.6,4.9,40.4,2.9,0.4,25.2,25.0,-0.3,1.9,1.7,0.057,-0.2,-0.1,-0.2,0.6
Robert Parish,parisro01,BOS,C,40,74,1987,16.1,0.53,0.0,0.287,8.0,22.9,15.4,6.3,1.1,3.0,11.7,20.2,1.8,2.1,4.0,0.095,-0.7,-0.3,-1.0,0.5
Rod Higgins,higgiro01,CLE,SF,34,36,547,13.7,0.537,0.307,0.258,5.3,12.1,8.7,10.0,2.4,1.7,10.4,16.6,0.7,0.7,1.4,0.125,0.0,1.0,1.0,0.4
Rod Strickland,stricro02,POR,PG,27,82,2889,19.8,0.543,0.009,0.431,4.4,9.8,7.0,38.2,2.5,0.5,16.5,22.0,6.3,3.0,9.3,0.155,3.1,0.5,3.6,4.1
Rodney Rogers,rogerro01,DEN,SF,22,79,1406,12.9,0.509,0.169,0.347,7.4,10.4,8.9,11.4,2.2,2.1,17.3,23.0,-0.1,2.1,2.0,0.067,-1.3,0.7,-0.6,0.5
Rolando Blackman,blackro01,NYK,SG,34,55,969,11.3,0.51,0.228,0.144,2.7,8.0,5.4,12.7,1.3,0.4,10.1,19.7,0.9,1.5,2.4,0.118,-1.8,0.4,-1.5,0.1
Ron Anderson,anderro01,"NJN,WSB",SF,35,21,356,9.9,0.499,0.302,0.267,4.9,11.8,8.3,6.8,1.1,0.5,9.4,12.7,0.3,0.2,0.5,0.061,-1.4,-1.3,-2.7,-0.1
Ron Harper,harpero01,LAC,SG,30,75,2856,15.7,0.496,0.177,0.313,4.8,12.2,8.6,18.7,2.4,1.1,13.7,25.5,0.7,2.3,2.9,0.049,0.5,-0.5,0.1,1.5
Rony Seikaly,seikaro01,MIA,C,28,72,2410,17.1,0.55,0.002,0.526,11.5,23.4,17.4,8.8,1.3,2.9,16.5,21.2,3.3,3.4,6.7,0.133,-0.1,-0.2,-0.2,1.1
Roy Marble,marblro01,DEN,SF,27,5,32,-3.5,0.15,0.0,0.25,10.8,16.8,13.9,4.2,0.0,3.9,18.4,21.7,-0.2,0.0,-0.2,-0.285,-10.4,-5.3,-15.7,-0.1
Rumeal Robinson,robinru01,"NJN,CHO",PG,27,31,396,6.1,0.398,0.132,0.191,1.6,7.0,4.3,23.6,2.3,0.5,20.7,22.2,-1.0,0.3,-0.6,-0.077,-6.0,-0.9,-6.9,-0.5
Sam Bowie,bowiesa01,LAL,C,32,25,556,13.6,0.535,0.023,0.483,5.1,21.2,12.8,12.1,0.4,3.2,17.1,19.1,0.4,0.4,0.8,0.073,-1.8,0.0,-1.8,0.0
Sam Cassell,cassesa01,HOU,PG,24,66,1122,13.1,0.506,0.227,0.276,2.6,10.2,6.6,25.8,2.7,0.4,17.8,20.9,0.4,1.8,2.2,0.093,-2.1,1.3,-0.7,0.4
Sam Mitchell,mitchsa01,IND,PF,30,75,1084,10.9,0.511,0.016,0.359,7.9,12.2,10.1,8.9,1.6,0.6,12.4,16.4,1.0,1.2,2.2,0.099,-2.2,-0.2,-2.4,-0.1
Sam Perkins,perkisa01,SEA,PF,32,81,2170,14.9,0.556,0.347,0.349,6.5,13.5,10.0,7.4,1.6,1.0,10.3,19.8,4.2,2.8,7.0,0.155,1.6,-0.6,1.0,1.7
Scott Brooks,brooksc01,HOU,PG,28,73,1225,12.2,0.584,0.211,0.294,1.0,7.9,4.6,17.6,2.1,0.1,14.4,13.8,1.8,1.6,3.3,0.131,-1.6,1.5,-0.1,0.6
Scott Burrell,burresc01,CHO,SF,23,51,767,10.4,0.461,0.026,0.299,6.8,12.0,9.5,11.1,2.4,1.3,14.5,17.2,-0.2,0.7,0.5,0.03,-2.8,0.2,-2.6,-0.1
Scott Haskin,haskisc01,IND,C,23,27,186,11.3,0.515,0.0,0.422,11.0,22.8,17.1,4.7,0.6,5.5,19.6,15.7,0.0,0.3,0.3,0.087,-3.8,1.0,-2.8,0.0
Scott Skiles,skilesc01,ORL,PG,29,82,2303,13.1,0.549,0.256,0.345,2.1,7.1,4.6,30.0,1.0,0.1,20.6,17.3,3.5,0.9,4.4,0.091,0.5,-1.8,-1.3,0.4
Scott Williams,willisc01,CHI,C,25,38,638,15.4,0.518,0.021,0.415,12.6,20.6,16.6,9.5,1.3,2.3,13.6,22.4,0.6,1.1,1.7,0.125,-2.3,-0.4,-2.7,-0.1
Scottie Pippen,pippesc01,CHI,SF,28,72,2759,23.2,0.544,0.154,0.32,7.3,19.4,13.3,24.6,4.0,1.4,13.7,27.1,5.2,6.0,11.2,0.194,4.5,3.2,7.7,6.8
Sean Elliott,elliose01,DET,SF,25,73,2409,11.3,0.51,0.11,0.219,3.1,9.1,6.0,12.5,1.1,0.7,13.0,18.1,1.0,0.4,1.4,0.028,-1.4,-1.0,-2.4,-0.2
Sean Green,greense01,"PHI,UTA",SG,23,36,334,7.6,0.39,0.224,0.098,3.3,7.9,5.6,8.1,2.7,1.1,12.4,28.4,-1.1,0.2,-0.9,-0.13,-5.7,-1.8,-7.4,-0.5
Sean Rooks,rooksse01,DAL,C,24,47,1255,14.6,0.552,0.003,0.534,7.0,16.9,11.6,6.3,0.9,2.4,14.1,19.1,1.4,0.7,2.2,0.083,-0.6,-1.1,-1.7,0.1
Sedale Threatt,threase01,LAL,PG,32,81,2278,15.3,0.524,0.039,0.182,1.3,6.2,3.6,23.1,2.4,0.5,10.3,19.0,3.6,1.0,4.5,0.096,-0.3,-0.1,-0.4,0.9
Sedric Toney,toneyse01,CLE,PG,31,12,64,-0.9,0.233,0.083,0.167,1.8,3.6,2.7,22.7,0.0,0.0,28.0,12.5,-0.2,0.0,-0.2,-0.117,-7.0,-3.6,-10.6,-0.1
Shaquille O'Neal,onealsh01,ORL,C,21,81,3224,28.5,0.605,0.001,0.534,13.5,23.7,18.7,11.0,1.2,4.5,10.2,29.0,12.1,4.8,16.9,0.252,6.2,0.6,6.8,7.2
Shawn Bradley,bradlsh01,PHI,C,21,49,1385,11.6,0.446,0.006,0.342,7.7,16.5,12.1,11.1,1.6,6.4,20.8,22.4,-2.7,1.6,-1.1,-0.039,-5.1,1.7,-3.4,-0.5
Shawn Kemp,kempsh01,SEA,PF,24,79,2597,22.9,0.593,0.004,0.496,14.2,24.7,19.4,12.4,2.8,4.6,17.7,24.2,5.6,6.0,11.7,0.216,2.4,2.0,4.4,4.2
Sherman Douglas,douglsh01,BOS,PG,27,78,2789,14.3,0.5,0.061,0.3,2.8,5.0,3.9,35.8,1.6,0.2,18.3,19.8,1.9,0.8,2.7,0.046,0.8,-2.2,-1.4,0.4
Skeeter Henry,henrysk01,PHO,SG,26,4,15,5.6,0.296,0.4,0.8,0.0,14.8,7.5,33.2,0.0,0.0,12.9,21.7,0.0,0.0,0.0,-0.087,-7.3,-5.4,-12.7,0.0
Sleepy Floyd,floydsl01,SAS,PG,33,53,737,6.0,0.411,0.172,0.373,1.6,8.7,5.3,19.3,0.9,0.7,20.0,18.5,-1.0,0.6,-0.4,-0.025,-5.0,-1.2,-6.3,-0.8
Spud Webb,webbsp01,SAC,PG,30,79,2567,15.2,0.546,0.202,0.31,1.8,7.7,4.7,31.2,1.8,0.6,15.4,17.9,4.0,1.1,5.1,0.096,1.0,-0.5,0.5,1.6
Stacey Augmon,augmost01,ATL,SG,25,82,2605,17.9,0.576,0.008,0.506,7.5,9.2,8.3,11.0,2.9,1.1,12.3,19.8,5.7,4.0,9.7,0.179,1.3,1.4,2.7,3.1
Stacey King,kingst01,"CHI,MIN",C,27,49,1053,11.6,0.48,0.006,0.399,10.1,16.6,13.4,8.3,1.5,2.6,17.2,20.2,-0.4,1.3,0.9,0.041,-3.2,-0.5,-3.7,-0.4
Stanley Jackson,jacksst01,MIN,SG,23,17,92,17.8,0.554,0.152,0.091,15.7,18.7,17.2,30.4,2.8,0.0,22.6,21.1,0.1,0.1,0.2,0.102,1.3,0.1,1.5,0.1
Stanley Roberts,roberst01,LAC,C,23,14,350,8.5,0.436,0.0,0.44,8.3,19.9,14.1,4.4,0.8,4.3,16.7,16.9,-0.5,0.4,-0.1,-0.014,-5.9,-0.1,-6.0,-0.3
Stephen Howard,howarst01,UTA,SF,23,9,53,19.4,0.645,0.0,0.941,22.1,12.9,17.4,3.0,1.0,4.0,20.0,25.1,0.1,0.1,0.2,0.188,-0.8,-0.8,-1.6,0.0
Steve Henson,hensost01,CHO,PG,25,3,17,9.7,0.75,0.5,0.0,0.0,6.3,3.3,37.0,0.0,0.0,33.3,7.5,0.0,0.0,0.0,0.106,0.6,0.6,1.3,0.0
Steve Kerr,kerrst01,CHI,PG,28,82,2036,13.7,0.572,0.215,0.168,1.5,6.0,3.8,15.2,1.9,0.1,8.4,14.7,4.0,2.1,6.1,0.145,0.1,0.7,0.8,1.5
Steve Scheffler,schefst01,SEA,C,26,35,152,17.7,0.684,0.0,0.435,8.6,11.7,10.1,6.0,2.3,0.0,12.7,17.7,0.5,0.2,0.7,0.228,0.2,-0.2,0.0,0.1
Steve Smith,smithst01,MIA,SG,24,78,2776,17.2,0.552,0.243,0.304,6.4,8.0,7.2,22.5,1.5,0.9,14.2,22.1,6.2,1.9,8.1,0.141,3.2,-0.6,2.6,3.2
Tellis Frank,frankte01,MIN,PF,28,67,959,8.9,0.486,0.013,0.475,10.4,16.4,13.4,8.7,1.9,2.3,20.2,11.1,0.2,0.9,1.1,0.055,-3.9,1.2,-2.7,-0.2
Terrell Brandon,brandte01,CLE,PG,23,73,1548,15.0,0.489,0.058,0.296,2.8,9.1,6.0,27.9,2.8,0.7,15.2,21.1,1.1,1.8,2.9,0.091,-0.5,0.8,0.3,0.9
Terry Cummings,cummite01,SAS,PF,32,59,1133,12.7,0.452,0.005,0.25,13.8,15.6,14.8,6.9,1.5,0.8,11.0,21.1,0.4,1.4,1.8,0.076,-2.4,-1.3,-3.7,-0.5
Terry Davis,daviste01,DAL,PF,26,15,286,9.6,0.436,0.0,0.203,11.0,18.7,14.5,3.0,1.6,0.2,7.2,10.3,0.2,0.2,0.4,0.059,-2.2,-1.1,-3.3,-0.1
Terry Dehere,deherte01,LAC,PG,22,64,759,9.5,0.453,0.167,0.237,3.5,6.0,4.8,15.2,1.8,0.2,13.9,23.9,-0.7,0.2,-0.4,-0.028,-3.5,-2.3,-5.8,-0.7
Terry Mills,millste01,DET,PF,26,80,2773,17.7,0.552,0.063,0.197,7.6,19.4,13.4,10.8,1.2,1.5,10.9,22.2,4.5,1.8,6.3,0.11,1.0,-0.5,0.5,1.7
Terry Porter,portete01,POR,PG,30,77,2074,16.4,0.538,0.337,0.28,2.3,9.3,5.6,28.2,1.9,0.6,15.0,21.7,3.5,1.8,5.4,0.124,2.3,-0.1,2.2,2.2
Thurl Bailey,baileth01,MIN,PF,32,79,1297,15.2,0.56,0.004,0.327,6.1,13.2,9.7,7.2,0.8,2.9,10.0,19.5,1.9,0.7,2.6,0.097,0.5,-0.8,-0.3,0.6
Tim Kempton,kemptti01,"CHO,CLE",PF,30,13,136,5.7,0.433,0.0,0.421,8.4,11.5,10.0,9.4,2.2,0.9,19.6,17.9,-0.2,0.1,-0.1,-0.021,-7.6,-0.6,-8.2,-0.2
Tim Legler,legleti01,DAL,SG,27,79,1322,16.1,0.545,0.263,0.32,2.8,8.4,5.4,15.1,2.0,0.7,9.1,21.2,2.8,0.6,3.4,0.124,1.3,-0.5,0.8,0.9
Tim Perry,perryti01,PHI,PF,28,80,2336,11.5,0.512,0.32,0.282,5.5,13.5,9.5,6.0,1.3,2.1,10.2,14.6,1.3,1.3,2.6,0.054,-1.0,-0.6,-1.6,0.2
Tito Horford,horfoti01,WSB,C,28,3,28,1.8,0.0,0.0,0.0,4.1,8.5,6.3,0.0,1.8,6.7,33.3,4.6,-0.1,0.0,0.0,-0.073,-7.4,2.4,-4.9,0.0
Tod Murphy,murphto01,"DET,GSW",PF,30,9,67,9.0,0.512,0.0,0.5,6.5,10.0,8.2,8.1,1.5,0.0,6.4,10.2,0.1,0.0,0.1,0.073,-2.6,-0.4,-3.0,0.0
Todd Day,dayto01,MIL,SG,24,76,2127,13.5,0.488,0.175,0.392,5.9,11.2,8.4,10.7,2.5,1.7,11.5,22.8,0.6,1.5,2.1,0.047,-1.2,-0.7,-1.9,0.1
Todd Lichti,lichtto01,"ORL,GSW,BOS",SG,27,13,126,14.5,0.468,0.039,0.49,7.1,12.2,9.7,12.5,2.8,0.5,7.5,22.4,0.1,0.1,0.2,0.094,-2.3,-0.9,-3.2,0.0
Tom Chambers,chambto01,UTA,PF,34,80,1838,13.4,0.512,0.06,0.376,5.5,14.8,10.2,6.8,1.1,1.2,9.3,23.1,1.8,2.1,3.9,0.101,-1.5,-0.8,-2.3,-0.1
Tom Gugliotta,guglito01,WSB,PF,24,78,2795,17.9,0.514,0.128,0.268,7.8,23.0,15.2,16.0,3.1,1.1,16.0,23.7,1.1,2.7,3.8,0.066,1.1,0.3,1.4,2.4
Tom Hammonds,hammoto01,DEN,PF,26,74,877,12.4,0.546,0.0,0.452,8.1,16.8,12.6,5.8,1.1,0.9,12.9,15.4,1.0,1.2,2.2,0.118,-1.4,0.1,-1.3,0.2
Tom Tolbert,tolbeto01,LAC,SF,28,49,640,7.9,0.475,0.09,0.254,6.0,11.8,9.0,6.4,1.0,1.4,16.5,15.2,-0.3,0.3,0.0,0.0,-3.9,-1.1,-5.1,-0.5
Toni Kukoč,kukocto01,CHI,SF,25,75,1808,15.4,0.497,0.163,0.289,6.3,12.9,9.6,21.5,2.3,1.3,16.9,24.1,0.5,2.7,3.2,0.086,0.5,0.5,1.0,1.4
Tony Bennett,benneto01,CHO,PG,24,74,983,9.9,0.46,0.285,0.057,1.9,8.1,5.1,22.2,2.0,0.1,12.9,13.4,0.5,0.5,0.9,0.045,-1.9,-0.2,-2.1,0.0
Tony Campbell,campbto01,"NYK,DAL",SF,31,63,1214,13.3,0.491,0.055,0.234,6.8,10.7,8.6,11.4,2.1,0.8,12.9,22.8,0.4,1.2,1.5,0.061,-1.5,-0.5,-2.0,0.0
Tony Harris,harrito01,BOS,SG,26,5,88,14.9,0.524,0.29,0.806,3.8,9.0,6.4,12.4,2.3,0.0,12.5,23.7,0.1,0.1,0.2,0.106,0.8,0.5,1.2,0.1
Tony Smith,smithto02,LAL,SG,25,73,1617,12.8,0.482,0.081,0.193,6.8,6.2,6.5,13.8,1.8,0.5,10.2,19.4,1.2,0.5,1.7,0.05,-0.6,-1.4,-2.0,0.0
Tracy Moore,mooretr01,DET,SG,28,3,10,33.0,0.773,0.0,0.667,0.0,11.2,5.5,0.0,10.2,0.0,0.0,17.0,0.1,0.0,0.1,0.395,6.0,10.8,16.8,0.0
Tracy Murray,murratr01,POR,SF,22,66,820,15.3,0.561,0.307,0.203,5.5,9.4,7.4,5.8,1.2,1.5,8.7,21.1,1.5,0.7,2.2,0.126,1.8,-0.7,1.1,0.7
Tree Rollins,rollitr01,ORL,C,38,45,384,11.4,0.574,0.0,0.566,9.7,18.2,14.0,3.0,0.9,5.7,16.4,8.8,0.4,0.5,0.9,0.113,-2.5,1.9,-0.6,0.1
Trevor Wilson,wilsotr01,"LAL,SAC",PF,25,57,1221,11.8,0.505,0.005,0.428,10.5,14.0,12.2,9.0,1.5,0.6,16.8,19.1,0.0,0.8,0.8,0.031,-2.0,-1.3,-3.3,-0.4
Tyrone Corbin,corbity01,UTA,SF,31,82,2149,11.8,0.506,0.049,0.245,8.2,12.7,10.4,8.3,2.4,0.8,12.4,15.3,1.6,2.8,4.4,0.099,-1.2,0.8,-0.5,0.8
Tyrone Hill,hillty01,CLE,PF,25,57,1447,18.4,0.59,0.005,0.643,14.7,25.3,20.0,5.0,1.9,1.6,13.3,18.2,3.3,2.4,5.7,0.191,0.6,-0.3,0.3,0.8
Vern Fleming,flemive01,IND,PG,31,55,1053,11.8,0.502,0.013,0.274,3.1,10.2,6.8,24.8,2.0,0.4,19.6,18.5,0.3,1.1,1.4,0.064,-1.6,0.4,-1.2,0.2
Vernon Maxwell,maxweve01,HOU,SG,28,75,2571,12.5,0.483,0.413,0.196,1.9,7.7,5.0,22.4,2.5,0.5,14.9,21.4,-0.1,3.6,3.5,0.066,-0.8,0.6,-0.2,1.2
Victor Alexander,alexavi01,GSW,C,24,69,1318,14.0,0.539,0.026,0.257,9.5,15.7,12.6,7.3,1.0,1.5,13.3,20.2,1.1,1.1,2.3,0.083,-1.1,-0.9,-2.1,0.0
Vin Baker,bakervi01,MIL,C,22,82,2560,16.1,0.526,0.006,0.473,11.8,16.3,13.9,10.6,1.2,3.0,13.4,20.5,2.6,1.7,4.4,0.082,0.0,-1.1,-1.2,0.5
Vincent Askew,askewvi01,SEA,SG,27,80,1690,15.9,0.551,0.055,0.372,4.2,8.7,6.5,16.8,2.2,0.8,9.6,18.5,3.9,2.1,6.0,0.169,1.1,0.7,1.8,1.6
Vinny Del Negro,delnevi01,SAS,SG,27,77,1949,15.3,0.545,0.068,0.268,1.6,7.4,4.6,25.5,1.7,0.0,12.6,18.6,4.0,1.7,5.7,0.14,-0.1,0.0,-0.1,0.9
Vlade Divac,divacvl01,LAL,C,25,79,2685,18.8,0.546,0.053,0.339,10.9,24.0,17.2,17.2,1.7,2.6,15.7,19.1,4.2,3.2,7.4,0.132,1.5,0.8,2.3,2.9
Walt Williams,williwa02,SAC,SF,23,57,1356,10.4,0.467,0.228,0.402,5.6,13.5,9.5,15.3,1.9,1.1,17.5,25.7,-1.7,1.0,-0.7,-0.024,-3.1,-0.9,-4.1,-0.7
Walter Bond,bondwa01,UTA,SG,24,56,559,9.1,0.507,0.346,0.256,4.2,8.3,6.3,8.0,1.5,1.5,8.9,15.1,0.5,0.6,1.0,0.089,-2.6,0.3,-2.3,0.0
Warren Kidd,kiddwa01,PHI,PF,23,68,884,11.3,0.597,0.0,0.509,9.4,19.6,14.5,3.2,1.1,1.6,17.5,12.3,0.8,0.6,1.4,0.078,-3.2,-1.0,-4.2,-0.5
Wayman Tisdale,tisdawa01,SAC,PF,29,79,2557,15.8,0.541,0.0,0.241,6.6,17.5,12.0,9.2,0.7,1.3,9.2,22.2,3.8,1.6,5.4,0.101,-0.1,-1.2,-1.4,0.4
Will Perdue,perduwi01,CHI,C,28,43,397,9.8,0.464,0.009,0.286,11.8,25.4,18.6,12.2,1.1,1.9,25.0,18.7,-0.4,0.7,0.2,0.03,-5.0,0.6,-4.4,-0.2
Willie Anderson,anderwi01,SAS,SG,27,80,2488,14.2,0.523,0.081,0.204,3.2,7.5,5.5,21.6,1.5,1.2,14.4,19.2,3.2,2.3,5.6,0.107,0.2,0.1,0.3,1.4
Willie Burton,burtowi01,MIA,SF,25,53,697,15.6,0.526,0.053,0.558,8.1,14.0,11.1,8.9,1.3,2.0,13.3,25.1,0.9,0.7,1.6,0.113,-0.7,-1.0,-1.7,0.1
Xavier McDaniel,mcdanxa01,BOS,SF,30,82,1971,14.5,0.497,0.049,0.254,8.1,14.8,11.5,10.0,1.2,1.2,11.1,23.1,1.0,1.3,2.3,0.055,-0.5,-1.3,-1.8,0.1
