Player,PlayerID,Tms,Pos,Age,G,MP,PER,TS%,3PAr,FTr,ORB%,DRB%,TRB%,AST%,STL%,BLK%,TOV%,USG%,OWS,DWS,WS,WS/48,OBPM,DBPM,BPM,VORP
A.C. Green,greenac01,DAL,PF,35,50,924,12.5,0.441,0.031,0.203,9.9,17.8,13.9,4.5,1.6,0.6,6.4,14.8,0.7,0.7,1.4,0.074,-1.1,-1.1,-2.2,0.0
Aaron McKie,mckieaa01,PHI,SG,26,50,959,11.4,0.454,0.131,0.262,3.2,14.0,8.5,17.9,3.6,0.2,17.7,15.2,-0.1,1.7,1.6,0.082,-2.9,2.5,-0.4,0.4
Aaron Williams,williaa01,SEA,PF,27,40,458,15.2,0.508,0.008,0.602,13.4,18.9,16.1,7.8,1.6,3.9,16.2,18.4,0.6,0.4,1.1,0.11,-1.7,0.1,-1.6,0.0
Adam Keefe,keefead01,UTA,PF,28,44,642,12.2,0.533,0.032,0.718,10.5,16.1,13.5,7.2,1.4,1.4,16.8,14.6,0.8,0.9,1.7,0.126,-1.2,0.4,-0.8,0.2
Adonal Foyle,foylead01,GSW,C,23,44,614,12.3,0.45,0.0,0.421,13.5,20.5,16.9,4.7,1.3,5.2,17.8,12.6,0.1,1.0,1.1,0.087,-2.8,1.5,-1.3,0.1
Adonis Jordan,jordaad01,MIL,PG,28,4,18,18.9,0.521,0.5,1.0,0.0,0.0,0.0,27.0,9.2,0.0,25.8,20.6,0.0,0.0,0.0,0.081,1.3,6.0,7.3,0.0
Al Harrington,harrial01,IND,PF,18,21,160,6.4,0.359,0.089,0.268,15.1,13.8,14.5,5.2,1.4,0.9,14.9,22.0,-0.3,0.1,-0.2,-0.049,-6.2,-2.8,-9.0,-0.3
Alan Henderson,hendeal01,ATL,SF,26,38,1142,16.0,0.485,0.002,0.352,10.3,15.3,12.8,5.2,1.6,1.2,10.6,22.5,1.2,1.9,3.1,0.131,0.3,0.3,0.6,0.8
Allan Houston,houstal01,NYK,SG,27,50,1815,13.1,0.515,0.199,0.277,1.3,8.3,4.9,15.0,1.1,0.4,14.1,24.3,1.1,1.8,2.9,0.078,0.0,-0.7,-0.7,0.6
Allen Iverson,iversal01,PHI,SG,23,48,1990,22.2,0.508,0.188,0.449,3.8,10.1,6.9,24.2,3.0,0.3,11.7,32.6,4.3,2.9,7.2,0.173,5.1,0.6,5.7,3.9
Alonzo Mourning,mournal01,MIA,C,28,46,1753,24.6,0.563,0.003,0.667,12.3,22.0,17.5,8.7,1.1,7.7,14.5,27.1,4.0,3.9,7.9,0.216,2.5,2.2,4.7,3.0
Alvin Sims,simsal01,PHO,SG,24,4,25,10.9,0.451,0.1,0.5,13.7,4.7,9.3,34.2,4.3,0.0,33.0,33.6,-0.1,0.0,-0.1,-0.139,-2.6,-1.4,-4.0,0.0
Alvin Williams,willial02,TOR,PG,24,50,1051,10.4,0.477,0.177,0.219,2.1,7.0,4.5,20.7,2.6,0.9,17.7,13.6,0.5,0.6,1.2,0.053,-2.5,0.3,-2.2,-0.1
Andrae Patterson,pattean01,MIN,PF,23,35,284,14.5,0.505,0.052,0.371,11.0,14.9,12.8,8.6,3.5,1.9,16.3,20.9,0.2,0.5,0.7,0.114,-3.3,1.4,-1.9,0.0
Andrew DeClercq,declean01,"BOS,CLE",C,25,47,1102,15.0,0.549,0.0,0.511,11.5,17.0,14.3,5.1,2.5,2.1,13.8,17.0,1.6,1.5,3.1,0.136,-1.2,0.1,-1.1,0.2
Andrew Gaze,gazean01,SAS,SG,33,19,58,8.5,0.42,0.64,0.0,4.1,5.5,4.8,17.8,1.9,1.2,13.8,23.2,-0.1,0.1,0.0,0.025,-2.8,-0.1,-2.9,0.0
Andrew Lang,langan01,CHI,C,32,21,386,7.0,0.367,0.0,0.232,9.6,19.3,14.2,6.1,0.7,2.4,13.5,15.4,-0.5,0.3,-0.1,-0.017,-4.9,-1.1,-6.0,-0.4
Anfernee Hardaway,hardaan01,ORL,SG,27,50,1944,16.7,0.488,0.195,0.294,4.3,12.8,8.5,25.1,3.1,0.9,15.6,22.4,1.6,3.4,5.0,0.122,0.8,2.0,2.8,2.3
Antawn Jamison,jamisan01,GSW,SF,22,47,1058,16.6,0.487,0.025,0.388,12.9,17.6,15.2,5.9,1.9,1.1,12.8,22.2,0.9,1.4,2.3,0.105,0.4,-0.4,0.0,0.5
Anthony Avent,aventan01,UTA,PF,29,5,44,1.3,0.324,0.0,0.154,23.9,10.3,16.6,3.8,2.5,0.0,33.5,22.7,-0.2,0.1,-0.1,-0.153,-9.2,-3.2,-12.4,-0.1
Anthony Johnson,johnsan02,ATL,PG,24,49,885,10.6,0.467,0.084,0.364,2.1,7.7,5.0,22.6,2.2,0.6,19.9,17.3,-0.1,1.2,1.1,0.061,-2.8,1.1,-1.7,0.1
Anthony Miller,millean01,HOU,PF,27,29,249,13.1,0.502,0.017,0.367,13.1,18.0,15.7,4.6,1.5,1.4,11.4,14.9,0.3,0.3,0.6,0.118,-1.2,-0.5,-1.7,0.0
Anthony Parker,parkean01,PHI,SG,23,2,3,30.9,1.0,0.0,0.0,0.0,0.0,0.0,0.0,0.0,0.0,0.0,15.1,0.0,0.0,0.0,0.274,10.2,2.6,12.7,0.0
Anthony Peeler,peelean01,MIN,SG,29,28,810,11.7,0.465,0.419,0.151,3.8,8.1,5.8,15.1,2.3,0.6,11.6,17.8,0.4,0.7,1.1,0.065,-0.9,0.2,-0.7,0.3
Antoine Carr,carran01,HOU,PF,37,18,152,8.9,0.427,0.019,0.135,7.4,15.9,11.9,10.1,0.4,4.6,14.0,19.8,-0.1,0.1,0.0,0.015,-6.2,0.5,-5.8,-0.1
Antoine Walker,walkean02,BOS,PF,22,42,1549,17.0,0.476,0.239,0.275,7.5,18.9,13.0,15.2,2.1,1.3,12.6,27.2,0.6,1.9,2.6,0.079,1.6,-0.6,1.0,1.2
Antonio Daniels,daniean01,SAS,PG,23,47,614,16.1,0.52,0.093,0.355,2.5,7.1,4.9,29.5,2.6,0.7,17.2,19.4,0.8,1.0,1.8,0.143,0.2,1.4,1.6,0.6
Antonio Davis,davisan01,IND,PF,30,49,1271,16.7,0.535,0.0,0.552,11.0,20.9,16.1,4.4,1.0,2.4,10.4,18.2,2.7,1.3,4.0,0.151,0.7,-0.9,-0.1,0.6
Antonio Lang,langan02,CLE,PF,26,10,65,8.8,0.653,0.0,1.5,11.9,19.4,15.7,2.6,1.7,1.2,28.7,10.5,0.1,0.1,0.1,0.1,-3.7,-0.3,-4.0,0.0
Antonio McDyess,mcdyean01,DEN,C,24,50,1937,21.7,0.515,0.01,0.383,9.7,22.8,16.0,8.7,2.0,4.2,11.8,27.3,2.9,1.3,4.2,0.105,1.4,-0.7,0.7,1.3
Armen Gilliam,gilliar01,MIL,PF,34,34,668,15.9,0.525,0.004,0.453,6.0,16.6,11.4,4.9,1.8,1.5,11.9,21.7,0.9,0.7,1.5,0.11,0.1,-0.7,-0.6,0.2
Arvydas Sabonis,sabonar01,POR,C,34,50,1349,20.4,0.546,0.05,0.366,7.8,25.2,16.8,16.2,1.4,3.5,13.3,21.7,3.0,2.9,5.8,0.207,1.8,2.4,4.3,2.1
Austin Croshere,croshau01,IND,PF,23,27,249,12.3,0.54,0.387,0.307,7.8,13.6,10.7,6.8,1.6,2.4,21.3,20.8,0.1,0.2,0.3,0.054,-1.3,-0.2,-1.6,0.0
Avery Johnson,johnsav01,SAS,PG,33,50,1672,14.0,0.487,0.026,0.191,1.6,6.1,4.0,37.4,1.7,0.5,18.3,17.0,1.7,2.2,3.9,0.111,0.1,0.0,0.1,0.9
B.J. Armstrong,armstbj01,"CHO,ORL",PG,31,32,358,12.9,0.54,0.17,0.239,0.7,12.0,6.4,29.2,1.8,0.0,20.5,15.8,0.4,0.4,0.7,0.1,-1.6,0.4,-1.2,0.1
Ben Davis,davisbe01,NYK,PF,26,8,21,34.4,0.433,0.0,0.353,52.5,10.8,30.9,43.0,0.0,0.0,4.8,47.2,0.1,0.0,0.1,0.238,11.9,-5.5,6.4,0.0
Ben Wallace,wallabe01,WAS,C,24,46,1231,16.2,0.539,0.0,0.663,12.7,23.9,18.2,2.3,2.2,5.5,12.3,11.0,1.5,2.1,3.6,0.142,0.3,1.5,1.7,1.2
Benoit Benjamin,benjabe01,PHI,C,34,6,33,-1.5,0.286,0.0,0.0,10.4,18.0,14.1,4.9,0.0,0.0,30.0,13.7,-0.1,0.0,-0.1,-0.1,-9.1,-2.6,-11.7,-0.1
Bill Curley,curlebi01,MIN,PF,26,35,372,7.4,0.477,0.069,0.306,5.6,10.1,7.7,5.5,2.4,1.8,10.9,10.8,0.3,0.4,0.7,0.089,-5.7,1.5,-4.1,-0.2
Bill Wennington,wennibi01,CHI,C,35,38,451,7.0,0.381,0.006,0.124,5.0,16.2,10.4,8.0,1.6,2.0,8.3,21.4,-0.7,0.5,-0.3,-0.03,-6.3,-0.6,-6.9,-0.6
Billy Owens,owensbi01,SEA,SF,29,21,451,11.9,0.452,0.067,0.212,8.9,11.6,10.2,14.5,1.4,0.7,15.5,21.5,0.0,0.1,0.2,0.018,-1.4,-2.0,-3.4,-0.2
Bimbo Coles,colesbi01,GSW,PG,30,48,1272,14.8,0.496,0.06,0.244,1.7,8.3,4.9,30.6,1.9,0.6,15.2,18.9,1.6,1.1,2.7,0.103,-0.3,0.5,0.2,0.7
Bison Dele,delebi01,DET,C,29,49,1177,15.8,0.531,0.002,0.274,9.5,18.8,14.1,11.9,1.8,2.8,18.7,24.0,0.6,1.8,2.4,0.097,-1.5,0.5,-1.0,0.3
Blue Edwards,edwarbl01,MIA,SF,33,24,283,12.2,0.495,0.139,0.181,3.2,10.4,7.1,19.0,3.4,1.3,21.3,17.2,0.0,0.5,0.4,0.074,-1.6,2.7,1.2,0.2
Bo Outlaw,outlabo01,ORL,PF,27,31,851,12.8,0.535,0.019,0.526,7.2,15.7,11.4,10.9,2.5,3.8,23.4,13.2,0.1,1.7,1.8,0.1,-2.0,3.2,1.1,0.7
Bob Sura,surabo01,CLE,PG,25,50,841,11.0,0.419,0.214,0.49,3.2,12.2,7.7,32.0,3.0,1.3,20.8,18.7,-0.7,1.1,0.4,0.023,-2.5,1.3,-1.3,0.2
Bobby Jackson,jacksbo01,MIN,PG,25,50,941,14.4,0.461,0.078,0.227,4.7,11.9,8.0,28.9,2.2,0.2,16.4,21.4,0.3,0.9,1.2,0.062,-0.5,0.0,-0.4,0.4
Bobby Phills,phillbo01,CHO,SG,29,43,1574,14.4,0.537,0.346,0.338,3.1,9.7,6.5,17.2,2.0,1.1,13.9,20.0,1.7,1.3,3.0,0.091,0.9,-0.1,0.9,1.2
Bonzi Wells,wellsbo01,POR,SF,22,7,35,26.3,0.555,0.15,0.9,13.7,15.9,14.8,21.3,1.5,2.1,17.7,44.4,0.0,0.1,0.1,0.103,2.3,-1.3,1.0,0.0
Brad Miller,millebr01,CHO,C,22,38,469,21.2,0.651,0.014,0.739,9.2,19.8,14.7,9.0,1.0,2.8,14.9,21.7,1.6,0.5,2.1,0.22,1.6,0.0,1.6,0.4
Brandon Williams,willibr01,SAS,SG,23,3,4,24.4,0.568,,,29.9,0.0,14.0,0.0,0.0,0.0,0.0,20.5,0.0,0.0,0.0,0.328,9.0,-1.6,7.4,0.0
Brent Barry,barrybr01,CHI,SG,27,37,1181,12.9,0.514,0.483,0.284,3.7,11.0,7.2,19.0,1.9,0.7,15.2,18.8,0.7,0.9,1.6,0.065,-0.3,-0.2,-0.5,0.4
Brent Price,pricebr01,HOU,PG,30,40,806,15.0,0.624,0.541,0.295,2.8,8.2,5.7,23.3,2.2,0.1,21.8,17.4,1.6,0.5,2.2,0.128,0.4,-0.1,0.3,0.5
Brevin Knight,knighbr01,CLE,PG,23,39,1186,16.6,0.495,0.016,0.448,1.7,12.3,7.0,47.6,3.3,0.5,21.8,19.8,1.0,1.5,2.5,0.1,0.3,1.1,1.4,1.0
Brian Evans,evansbr01,"NJN,MIN",SF,25,16,145,10.5,0.372,0.295,0.091,4.3,10.5,7.3,16.8,1.8,1.5,4.2,14.5,0.0,0.1,0.1,0.045,0.1,0.7,0.7,0.1
Brian Grant,grantbr01,POR,PF,26,48,1525,17.0,0.571,0.0,0.592,13.6,21.7,17.8,7.4,0.7,1.7,16.6,17.3,3.4,2.5,5.9,0.185,0.7,-0.1,0.7,1.0
Brian Shaw,shawbr01,POR,PG,32,1,5,-11.7,0.0,0.0,0.0,0.0,22.3,11.5,27.9,0.0,0.0,50.0,18.3,0.0,0.0,0.0,-0.358,-17.9,-3.7,-21.6,0.0
Brian Skinner,skinnbr01,LAC,PF,22,21,258,13.2,0.503,0.0,0.465,8.7,16.0,12.1,0.7,2.1,3.8,18.2,18.4,0.0,0.1,0.1,0.012,-1.7,-1.0,-2.7,0.0
Bruce Bowen,bowenbr01,BOS,SF,27,30,494,5.0,0.338,0.28,0.258,3.3,8.7,5.9,8.2,2.2,1.3,11.2,10.5,-0.4,0.4,0.0,0.001,-4.5,0.7,-3.8,-0.2
Bruno Šundov,sundobr01,DAL,C,18,3,11,-8.8,0.286,0.0,0.0,0.0,0.0,0.0,16.8,0.0,0.0,12.5,33.4,-0.1,0.0,-0.1,-0.328,-14.9,-4.5,-19.4,0.0
Bryant Reeves,reevebr01,VAN,C,25,25,702,10.3,0.449,0.004,0.462,8.2,15.0,11.6,10.0,1.0,0.9,13.5,22.8,-0.2,0.1,-0.1,-0.01,-4.0,-2.3,-6.3,-0.8
Bryant Stith,stithbr01,DEN,SG,28,46,1194,10.0,0.498,0.366,0.245,2.8,7.7,5.2,11.4,1.2,0.9,12.3,13.9,1.0,-0.5,0.5,0.019,-1.2,-1.5,-2.7,-0.2
Bryce Drew,drewbr01,HOU,PG,24,34,441,6.6,0.445,0.38,0.062,0.9,7.2,4.2,19.0,1.5,0.6,19.0,17.4,-0.3,0.2,-0.1,-0.007,-4.6,-0.9,-5.5,-0.4
Bryon Russell,russebr01,UTA,SF,28,50,1770,14.1,0.572,0.314,0.365,4.8,12.9,9.2,7.3,2.4,0.6,12.3,16.7,2.9,2.7,5.6,0.151,0.4,1.2,1.5,1.6
Calbert Cheaney,cheanca01,WAS,SG,27,50,1266,8.8,0.433,0.089,0.161,3.0,10.2,6.5,9.6,1.6,0.9,8.6,17.7,-0.4,0.8,0.4,0.016,-3.2,-0.2,-3.4,-0.5
Carl Herrera,herreca01,"VAN,DEN",PF,32,28,307,6.8,0.402,0.013,0.145,9.2,14.4,11.7,2.2,2.1,1.6,16.5,14.3,-0.3,0.1,-0.3,-0.042,-5.0,-1.4,-6.4,-0.3
Carlos Rogers,rogerca01,POR,PF,27,2,8,23.3,0.665,0.0,2.0,0.0,13.9,7.2,26.7,0.0,0.0,0.0,21.5,0.0,0.0,0.0,0.259,3.1,2.4,5.5,0.0
Casey Shaw,shawca01,PHI,C,23,9,14,-14.9,0.125,0.0,0.0,24.4,0.0,12.5,0.0,0.0,0.0,20.0,32.4,-0.1,0.0,-0.1,-0.498,-18.5,-11.3,-29.8,-0.1
Cedric Ceballos,cebalce01,DAL,SF,29,13,352,15.4,0.504,0.2,0.35,7.3,19.9,13.6,6.1,1.1,1.0,14.8,24.7,0.1,0.3,0.4,0.055,0.0,-1.5,-1.4,0.0
Cedric Henderson,hendece02,CLE,SF,23,50,1517,9.9,0.46,0.026,0.201,3.8,12.7,8.3,14.2,2.1,1.3,16.4,19.0,-1.1,1.5,0.5,0.015,-2.6,0.2,-2.5,-0.2
Charles Barkley,barklch01,HOU,PF,35,42,1526,23.1,0.546,0.05,0.532,13.7,25.1,19.8,22.1,1.5,0.6,13.9,22.2,4.8,2.0,6.8,0.215,4.3,0.3,4.5,2.5
Charles Jones,jonesch03,CHI,SG,23,29,476,6.5,0.407,0.496,0.179,2.1,8.6,5.2,15.5,2.1,0.8,17.9,16.0,-0.7,0.3,-0.4,-0.037,-4.4,-0.9,-5.3,-0.4
Charles O'Bannon,obannch01,DET,SG,23,18,165,13.3,0.47,0.018,0.143,13.3,11.9,12.6,13.4,0.7,1.5,11.8,19.4,0.2,0.1,0.3,0.1,-0.6,-1.4,-2.0,0.0
Charles Oakley,oaklech01,TOR,PF,35,50,1633,10.8,0.479,0.015,0.254,6.7,19.9,13.3,17.1,1.5,1.0,20.9,12.8,0.7,1.4,2.1,0.062,-2.2,0.1,-2.2,-0.1
Charles Shackleford,shackch01,CHO,C,32,32,367,12.1,0.521,0.0,0.322,13.8,27.1,20.7,6.2,0.7,2.6,20.8,16.8,0.1,0.5,0.7,0.086,-3.2,-0.2,-3.4,-0.1
Charles Smith,smithch04,LAC,SG,23,23,317,7.1,0.404,0.34,0.165,2.5,6.7,4.5,6.9,2.9,3.3,16.1,17.8,-0.5,0.1,-0.5,-0.069,-3.9,-0.1,-4.1,-0.2
Charlie Ward,wardch01,NYK,PG,28,50,1556,13.2,0.513,0.446,0.234,1.8,10.9,6.5,30.1,3.7,0.4,26.2,15.4,0.2,2.9,3.1,0.094,-0.8,2.6,1.7,1.5
Chauncey Billups,billuch01,DEN,SG,22,45,1488,15.1,0.547,0.475,0.347,1.8,5.8,3.7,20.4,2.1,0.7,14.7,20.3,2.8,-0.5,2.3,0.075,1.1,-1.6,-0.6,0.5
Cherokee Parks,parksch02,VAN,C,26,48,1118,9.5,0.445,0.004,0.2,7.8,18.0,12.8,5.7,1.3,1.9,14.1,14.3,-0.2,0.5,0.2,0.01,-3.5,-1.0,-4.5,-0.7
Chris Anstey,anstech01,DAL,C,24,41,470,9.2,0.418,0.05,0.345,8.3,14.9,11.6,9.3,2.1,2.0,14.0,18.2,-0.2,0.4,0.3,0.027,-4.7,0.3,-4.4,-0.3
Chris Carr,carrch01,"MIN,NJN",SG,24,39,445,11.8,0.465,0.366,0.195,5.4,12.7,8.8,9.4,0.9,0.3,11.2,24.8,0.0,0.2,0.2,0.026,-0.6,-2.7,-3.2,-0.1
Chris Childs,childch01,NYK,PG,31,48,1297,11.1,0.544,0.352,0.292,1.7,10.1,6.0,25.8,1.9,0.1,22.0,14.3,1.2,1.7,2.9,0.106,-1.8,1.3,-0.5,0.5
Chris Crawford,crawfch01,ATL,PF,23,42,784,10.1,0.504,0.129,0.275,5.6,7.8,6.7,6.2,0.7,1.2,14.4,20.0,0.5,0.9,1.3,0.081,-2.7,-0.2,-2.9,-0.2
Chris Dudley,dudlech02,NYK,C,33,46,685,9.6,0.454,0.0,0.367,14.1,18.9,16.6,1.7,1.0,4.3,15.9,10.5,0.2,1.3,1.5,0.108,-3.4,1.2,-2.3,0.0
Chris Gatling,gatlich01,"NJN,MIL",C,31,48,775,10.1,0.445,0.03,0.351,7.7,19.4,13.5,7.3,2.2,1.0,16.9,22.0,-1.0,0.9,-0.1,-0.003,-4.6,-0.9,-5.5,-0.7
Chris King,kingch01,UTA,SF,29,8,42,-1.9,0.228,0.0,0.571,3.1,27.1,16.0,3.7,2.6,1.8,31.3,14.5,-0.2,0.1,-0.1,-0.129,-12.3,2.0,-10.3,-0.1
Chris Mills,millsch01,GSW,SF,29,47,1395,13.0,0.488,0.254,0.212,3.7,14.8,9.1,12.7,1.5,0.7,10.5,17.6,1.5,1.5,3.0,0.104,-0.6,0.6,0.0,0.7
Chris Morris,morrich01,PHO,SF,33,44,535,15.3,0.544,0.376,0.309,11.6,14.9,13.2,6.9,1.6,1.6,11.0,16.4,1.1,0.5,1.6,0.142,0.9,-0.8,0.1,0.3
Chris Mullin,mullich01,IND,SF,35,50,1179,18.1,0.616,0.423,0.248,2.6,13.3,8.1,12.2,2.2,0.8,12.7,19.1,3.1,1.0,4.1,0.167,3.5,0.9,4.5,1.9
Chris Webber,webbech01,SAC,PF,25,42,1719,19.5,0.491,0.044,0.224,9.2,24.2,16.7,17.8,1.7,3.3,14.8,24.9,1.0,2.7,3.6,0.102,0.8,1.1,1.9,1.7
Chris Whitney,whitnch01,WAS,PG,27,39,441,15.8,0.551,0.609,0.199,2.1,10.6,6.2,26.6,2.2,0.3,17.5,21.5,0.7,0.3,1.0,0.108,1.7,-0.2,1.5,0.4
Christian Laettner,laettch01,DET,PF,29,16,337,14.6,0.462,0.028,0.538,7.6,12.0,9.8,12.4,2.5,2.9,12.7,21.2,0.2,0.5,0.7,0.101,-0.6,0.6,0.0,0.2
Chuck Person,persoch01,CHO,SF,34,50,990,9.6,0.5,0.543,0.111,2.1,13.1,7.9,10.5,1.1,0.6,11.9,16.5,0.2,0.7,0.9,0.043,-1.0,-0.9,-1.9,0.0
Chucky Brown,brownch01,CHO,PF,30,48,1192,11.6,0.51,0.107,0.158,3.7,13.1,8.6,8.9,0.7,1.2,8.7,17.4,0.9,0.7,1.6,0.066,-1.1,-1.3,-2.4,-0.1
Clarence Weatherspoon,weathcl01,MIA,SF,28,49,1040,17.0,0.607,0.0,0.542,9.0,18.6,14.1,6.1,1.5,1.2,15.7,18.4,2.3,1.7,4.0,0.184,0.3,0.3,0.7,0.7
Clifford Robinson,robincl02,PHO,SF,32,50,1740,18.3,0.559,0.221,0.372,4.5,10.8,7.6,12.8,2.3,2.6,10.7,21.8,3.6,1.7,5.3,0.146,2.2,0.6,2.8,2.1
Corey Beck,beckco01,"DET,CHO",PG,27,24,180,10.1,0.493,0.026,0.385,4.1,13.9,9.2,18.7,2.7,0.8,22.2,15.4,0.0,0.2,0.2,0.051,-4.5,1.1,-3.4,-0.1
Corey Benjamin,benjaco01,CHI,PG,20,31,320,8.3,0.438,0.12,0.342,5.3,9.7,7.4,6.3,1.9,1.9,13.5,22.9,-0.4,0.3,-0.2,-0.023,-5.1,-0.9,-6.0,-0.3
Corie Blount,blounco01,"LAL,CLE",PF,30,34,530,9.5,0.404,0.01,0.54,13.6,21.7,17.7,3.8,2.0,2.4,14.5,13.0,-0.1,0.7,0.7,0.059,-3.7,-0.4,-4.1,-0.3
Corliss Williamson,willico02,SAC,SF,25,50,1374,14.7,0.517,0.009,0.339,6.6,9.2,7.9,8.1,1.1,0.4,10.5,22.1,1.9,0.6,2.5,0.086,-0.4,-1.7,-2.1,-0.1
Cory Alexander,alexaco01,DEN,PG,25,36,778,11.0,0.467,0.404,0.169,1.0,10.3,5.5,26.6,2.4,0.5,19.8,20.3,-0.2,0.0,-0.3,-0.016,-2.1,-1.3,-3.4,-0.3
Cory Carr,carrco01,CHI,SG,23,42,624,5.1,0.372,0.139,0.148,1.4,8.2,4.6,20.2,1.8,0.9,16.7,20.8,-1.6,0.4,-1.2,-0.089,-6.7,-1.5,-8.2,-1.0
Cuttino Mobley,moblecu01,HOU,PG,23,49,1456,12.2,0.537,0.365,0.272,1.9,6.7,4.5,13.7,1.6,1.1,14.8,17.2,1.6,0.8,2.3,0.077,-0.6,-0.4,-1.1,0.4
Dale Davis,davisda01,IND,PF,29,50,1374,16.6,0.559,0.0,0.407,13.6,22.1,18.0,2.7,0.8,3.0,10.8,13.9,3.0,1.5,4.5,0.157,1.6,-0.7,0.9,1.0
Dale Ellis,ellisda01,SEA,SF,38,48,1232,13.1,0.581,0.549,0.177,2.3,8.5,5.4,5.3,1.1,0.2,9.6,17.3,2.3,0.0,2.4,0.092,1.4,-1.8,-0.4,0.5
Damon Jones,jonesda01,"NJN,BOS",PG,22,24,344,13.7,0.494,0.521,0.143,1.9,12.8,7.2,20.1,2.0,0.0,11.8,18.5,0.4,0.3,0.7,0.095,0.4,0.1,0.5,0.2
Damon Stoudamire,stoudda01,POR,PG,25,50,1673,14.7,0.462,0.226,0.194,2.9,8.4,5.8,32.8,1.6,0.2,13.9,21.7,1.7,1.8,3.6,0.102,0.8,-0.7,0.1,0.9
Dan Majerle,majerda01,MIA,SG,33,48,1624,10.2,0.529,0.681,0.154,1.7,13.0,7.7,15.4,1.3,0.3,14.7,11.4,1.6,1.9,3.5,0.103,0.0,1.1,1.0,1.3
Dana Barros,barroda01,BOS,PG,31,50,1156,17.7,0.576,0.431,0.197,1.5,8.9,5.1,29.9,2.4,0.3,17.9,19.0,2.5,0.9,3.4,0.139,2.5,-0.5,2.0,1.2
Danny Ferry,ferryda01,CLE,PF,32,50,1058,11.0,0.562,0.328,0.111,1.9,10.3,6.1,9.7,1.2,0.8,11.2,16.1,1.0,0.7,1.7,0.077,-0.8,-0.7,-1.4,0.2
Danny Fortson,fortsda01,DEN,PF,22,50,1417,18.7,0.564,0.008,0.598,16.6,31.3,23.7,4.0,1.2,1.1,13.6,18.0,3.6,0.7,4.4,0.148,0.4,-2.3,-1.9,0.0
Danny Manning,mannida01,PHO,PF,32,50,1184,15.4,0.52,0.023,0.29,6.0,15.7,10.8,16.2,1.6,2.4,13.7,19.7,1.4,1.2,2.6,0.104,-0.5,0.6,0.1,0.6
Danny Schayes,schayda01,ORL,C,39,19,143,1.9,0.431,0.0,0.276,2.4,9.1,5.7,4.5,0.4,1.1,19.7,12.9,-0.2,0.1,0.0,-0.008,-7.2,-0.4,-7.6,-0.2
Darrell Armstrong,armstda01,ORL,PG,30,50,1502,22.2,0.575,0.362,0.341,4.0,10.0,7.0,40.8,3.9,0.2,20.8,22.9,3.8,2.7,6.4,0.205,4.2,2.4,6.7,3.3
Darrick Martin,martida01,LAC,PG,27,37,941,11.6,0.475,0.381,0.273,0.6,5.7,3.0,25.6,2.5,0.3,17.7,18.3,0.4,-0.2,0.2,0.01,-1.2,-1.7,-2.9,-0.2
David Robinson,robinda01,SAS,C,33,49,1554,24.9,0.564,0.002,0.689,11.4,23.4,17.8,12.1,2.4,5.3,13.6,23.8,4.0,4.4,8.4,0.261,3.2,3.5,6.7,3.4
David Vaughn,vaughda02,NJN,PF,25,10,103,13.5,0.599,0.0,0.417,13.2,23.8,18.3,1.7,1.0,5.6,27.9,16.9,0.0,0.1,0.2,0.08,-5.1,-0.8,-5.9,-0.1
David Wesley,wesleda01,CHO,PG,28,50,1848,16.9,0.561,0.312,0.35,1.5,8.4,5.1,31.3,2.9,0.4,18.4,19.8,3.1,1.7,4.8,0.124,1.5,0.2,1.7,1.7
David Wingate,wingada01,NYK,SG,35,20,92,4.2,0.438,0.0,0.0,4.0,6.2,5.1,9.2,2.4,0.0,27.3,11.5,-0.1,0.1,0.0,-0.001,-5.7,0.9,-4.9,-0.1
DeJuan Wheat,wheatde01,VAN,PG,25,46,590,12.8,0.479,0.311,0.285,2.2,6.9,4.5,31.4,2.4,0.3,18.1,20.6,0.2,0.1,0.3,0.024,-0.8,-1.6,-2.4,-0.1
Dean Garrett,garrede01,MIN,C,32,49,1054,13.6,0.533,0.0,0.221,9.7,18.2,13.6,4.1,1.5,3.2,10.3,11.8,1.5,1.4,2.9,0.131,-1.2,0.4,-0.8,0.3
Dee Brown,brownde01,TOR,PG,30,49,1377,13.9,0.529,0.705,0.111,1.2,7.5,4.3,18.8,2.2,0.4,13.4,19.7,1.8,0.6,2.5,0.086,2.0,-1.3,0.7,1.0
Dell Curry,curryde01,MIL,SG,34,42,864,18.7,0.603,0.432,0.101,2.6,9.2,5.9,10.3,2.3,0.3,11.4,21.9,2.0,0.6,2.6,0.144,4.4,-0.5,4.0,1.3
Dennis Rodman,rodmade01,LAL,PF,37,23,657,8.0,0.388,0.043,0.848,11.2,34.1,22.9,6.2,0.8,1.3,32.9,6.5,-0.1,0.9,0.8,0.056,-2.0,0.0,-2.0,0.0
Dennis Scott,scottde01,"NYK,MIN",SF,30,36,738,10.1,0.516,0.455,0.146,1.2,8.0,4.5,8.7,1.1,0.3,7.7,15.0,0.7,0.5,1.2,0.08,-1.1,-0.6,-1.8,0.0
Derek Anderson,anderde01,CLE,SG,24,38,978,16.5,0.529,0.22,0.525,2.6,11.5,7.1,28.5,2.7,0.3,17.5,23.4,1.1,1.0,2.1,0.105,1.3,0.3,1.6,0.9
Derek Fisher,fishede01,LAL,PG,24,50,1131,12.1,0.497,0.369,0.3,2.2,7.1,4.7,25.8,2.8,0.1,20.5,14.9,1.0,0.7,1.7,0.072,-0.6,0.0,-0.6,0.4
Derek Harper,harpede01,LAL,PG,37,45,1120,12.8,0.506,0.402,0.11,1.4,5.5,3.5,25.4,2.1,0.3,14.6,14.4,1.6,0.4,2.0,0.086,0.6,-0.7,-0.1,0.5
Derek Strong,stronde01,ORL,PF,30,44,695,12.1,0.499,0.011,0.55,10.8,16.1,13.4,4.1,1.2,0.8,14.2,17.0,0.6,1.0,1.6,0.109,-2.0,-0.5,-2.5,-0.1
Derrick Coleman,colemde01,CHO,PF,31,37,1178,15.6,0.496,0.081,0.468,8.0,24.2,16.4,12.1,1.1,2.6,15.5,23.3,0.4,1.6,2.0,0.081,-0.3,-0.4,-0.7,0.4
Derrick McKey,mckeyde01,IND,SF,32,13,244,12.2,0.504,0.019,0.327,8.9,11.0,10.0,8.6,2.7,1.2,16.8,14.0,0.2,0.2,0.4,0.089,-1.0,0.7,-0.3,0.1
Detlef Schrempf,schrede01,SEA,SF,36,50,1765,18.4,0.573,0.157,0.443,5.0,19.4,12.1,18.0,1.2,1.1,13.6,19.5,4.7,1.1,5.8,0.158,2.1,-0.1,2.0,1.8
Dickey Simpkins,simpkdi01,CHI,C,26,50,1448,13.4,0.53,0.003,0.747,8.6,19.6,13.8,8.4,1.4,0.7,14.3,16.3,1.5,1.3,2.9,0.095,-1.6,-0.8,-2.5,-0.2
Dikembe Mutombo,mutomdi01,ATL,C,32,50,1829,18.8,0.584,0.0,0.843,12.4,26.5,19.5,5.7,0.5,6.0,16.9,14.3,3.7,4.2,7.9,0.206,1.3,2.5,3.7,2.6
Dirk Nowitzki,nowitdi01,DAL,PF,20,47,958,12.8,0.491,0.202,0.381,4.8,14.3,9.5,8.4,1.6,2.0,15.7,22.3,0.1,0.7,0.8,0.04,-1.8,-0.7,-2.5,-0.1
Dominique Wilkins,wilkido01,ORL,SF,39,27,252,15.4,0.445,0.144,0.318,13.6,19.2,16.4,12.7,0.9,0.3,13.3,31.2,-0.1,0.3,0.3,0.053,0.0,-2.4,-2.4,0.0
Don MacLean,macledo01,SEA,PF,29,17,365,13.4,0.476,0.208,0.503,5.6,15.0,10.3,7.9,0.7,1.0,11.4,27.2,0.1,0.1,0.2,0.032,-1.5,-3.2,-4.7,-0.3
Don Reid,reiddo01,DET,PF,25,47,935,12.5,0.58,0.0,0.454,8.6,13.7,11.1,6.0,1.6,3.7,14.7,12.4,1.4,1.3,2.7,0.139,-1.9,1.4,-0.5,0.4
Donyell Marshall,marshdo01,GSW,SF,25,48,1250,16.9,0.484,0.146,0.245,9.6,19.9,14.6,9.7,2.0,2.2,12.8,22.3,1.1,2.0,3.0,0.117,0.6,0.7,1.3,1.0
Doug Christie,chrisdo01,TOR,SG,28,50,1768,16.9,0.501,0.248,0.378,3.8,9.8,6.8,19.4,3.5,1.1,13.6,22.5,2.5,1.7,4.2,0.113,1.0,0.5,1.5,1.6
Doug Overton,overtdo01,"ORL,NJN,PHI",PG,29,24,244,10.8,0.496,0.083,0.238,3.0,6.7,4.8,17.1,1.1,0.3,17.7,20.6,0.0,0.1,0.1,0.023,-2.1,-1.7,-3.8,-0.1
Doug West,westdo01,VAN,SG,31,14,294,11.5,0.533,0.031,0.385,2.0,8.2,5.0,11.4,2.9,1.8,13.6,13.7,0.3,0.1,0.4,0.066,-3.0,1.5,-1.5,0.0
Drew Barry,barrydr01,SEA,SG,25,17,183,9.0,0.49,0.75,0.406,1.9,10.8,6.3,23.6,2.0,0.4,24.1,12.3,0.1,0.1,0.2,0.048,-3.1,0.4,-2.7,0.0
Duane Causwell,causwdu01,MIA,C,30,19,137,8.1,0.546,0.0,0.343,13.3,17.3,15.5,2.8,0.0,6.0,30.9,21.0,-0.2,0.2,0.0,-0.007,-7.6,0.6,-7.0,-0.2
Duane Ferrell,ferredu01,GSW,SF,33,8,46,-2.3,0.159,0.0,0.286,11.4,2.4,7.0,0.0,1.2,1.6,6.0,16.2,-0.2,0.0,-0.2,-0.157,-8.2,-3.4,-11.6,-0.1
Dwayne Schintzius,schindw01,BOS,C,30,16,67,0.7,0.31,0.0,0.25,11.4,20.7,15.9,17.4,0.0,3.3,36.0,18.5,-0.3,0.1,-0.2,-0.138,-11.1,0.0,-11.1,-0.2
Earl Boykins,boykiea01,"NJN,CLE",PG,22,22,221,7.2,0.405,0.228,0.038,4.0,5.6,4.7,28.4,1.5,0.0,19.9,21.5,-0.4,0.1,-0.3,-0.07,-4.0,-2.4,-6.5,-0.3
Ed Gray,grayed01,ATL,SG,23,30,337,4.8,0.368,0.231,0.203,2.5,7.2,4.9,7.4,2.0,0.2,12.8,31.7,-1.1,0.4,-0.7,-0.096,-6.1,-1.6,-7.7,-0.5
Eddie Johnson,johnsed03,HOU,SF,39,3,18,10.2,0.462,0.077,0.0,0.0,12.2,6.5,14.1,0.0,0.0,13.3,39.2,-0.1,0.0,-0.1,-0.134,-8.7,-6.5,-15.1,-0.1
Eddie Jones,jonesed02,"LAL,CHO",SF,27,50,1881,18.5,0.546,0.239,0.455,3.2,8.7,6.1,17.3,3.5,2.2,11.5,20.0,3.8,2.2,6.0,0.153,2.3,2.1,4.4,3.0
Elden Campbell,campbel01,"LAL,CHO",C,30,49,1459,18.1,0.528,0.002,0.578,10.5,21.1,16.0,8.8,1.4,3.6,12.1,21.3,2.3,1.9,4.3,0.14,0.2,-0.3,-0.1,0.7
Eldridge Recasner,recasel01,CHO,PG,31,44,708,11.1,0.552,0.326,0.212,3.5,9.1,6.4,22.5,1.3,0.1,22.4,17.4,0.4,0.4,0.8,0.052,-1.3,-1.5,-2.8,-0.1
Elliot Perry,perryel01,"MIL,NJN",PG,29,35,290,11.5,0.449,0.233,0.136,2.6,10.9,6.6,28.6,3.7,0.0,23.7,22.0,-0.4,0.3,-0.1,-0.011,-3.1,-0.4,-3.4,-0.1
Eric Montross,montrer01,DET,C,27,46,577,9.1,0.505,0.013,0.4,9.5,20.0,14.7,3.9,1.2,3.8,14.5,9.1,0.4,0.9,1.3,0.106,-3.6,1.2,-2.4,-0.1
Eric Murdock,murdoer01,NJN,PG,30,15,401,12.3,0.474,0.193,0.228,0.8,9.3,4.8,27.9,2.9,0.4,18.8,17.0,0.1,0.3,0.4,0.048,-2.1,0.5,-1.6,0.0
Eric Piatkowski,piatker01,LAC,SG,28,49,1242,15.3,0.555,0.396,0.245,3.5,10.2,6.7,7.6,1.9,0.4,10.3,18.8,2.5,-0.2,2.3,0.091,1.8,-1.5,0.3,0.7
Eric Riley,rileyer01,BOS,C,28,35,337,11.8,0.577,0.0,0.574,11.7,21.6,16.5,5.8,1.4,5.6,27.8,12.4,0.2,0.5,0.7,0.102,-4.8,1.8,-2.9,-0.1
Eric Snow,snower01,PHI,PG,25,48,1716,12.9,0.499,0.06,0.431,1.7,9.5,5.5,29.5,3.2,0.0,21.1,13.9,1.3,2.5,3.8,0.105,-1.7,1.6,-0.1,0.8
Eric Washington,washier01,DEN,SG,24,38,761,9.5,0.517,0.527,0.174,5.1,8.5,6.8,6.5,1.7,1.7,14.7,13.8,0.5,-0.1,0.3,0.022,-1.5,-0.8,-2.3,-0.1
Eric Williams,willier01,DEN,SF,26,38,780,10.7,0.494,0.119,0.635,4.9,7.2,6.0,8.0,1.8,0.7,14.9,19.1,0.5,-0.2,0.2,0.015,-2.0,-1.5,-3.4,-0.3
Erick Dampier,dampier01,GSW,C,23,50,1414,11.8,0.439,0.0,0.493,12.1,16.9,14.4,6.4,1.0,3.0,15.4,18.7,-0.2,1.8,1.5,0.051,-2.9,-0.4,-3.4,-0.5
Erick Strickland,stricer01,DAL,SG,25,33,567,18.0,0.499,0.267,0.294,2.4,14.1,8.2,19.9,3.8,0.3,12.6,23.1,0.7,0.7,1.3,0.112,0.4,1.4,1.8,0.6
Ervin Johnson,johnser02,MIL,C,31,50,1027,14.5,0.544,0.0,0.556,14.3,23.2,18.8,2.9,1.6,4.6,16.7,13.1,1.4,1.6,3.0,0.14,-1.1,0.2,-0.8,0.3
Etdrick Bohannon,bohanet01,WAS,SF,25,2,4,0.0,,,,0.0,0.0,0.0,0.0,0.0,0.0,,0.0,0.0,0.0,0.0,-0.017,-3.0,-1.6,-4.6,0.0
Felipe López,lopezfe01,VAN,SG,24,47,1218,11.8,0.498,0.116,0.356,6.6,9.5,8.0,9.5,2.2,0.9,15.8,19.6,0.3,0.2,0.5,0.021,-2.2,-1.1,-3.3,-0.4
Felton Spencer,spencfe01,GSW,C,31,26,159,9.8,0.473,0.0,0.788,11.8,19.3,15.5,0.0,1.7,4.7,16.8,14.9,0.0,0.3,0.3,0.078,-6.0,1.3,-4.7,-0.1
Fred Hoiberg,hoibefr01,IND,SG,26,12,87,4.0,0.402,0.429,0.286,2.8,12.0,7.5,7.1,0.0,0.0,11.3,14.7,0.0,0.0,0.0,-0.014,-4.5,-1.6,-6.1,-0.1
Gary Grant,grantga01,POR,PG,33,2,7,18.1,0.0,0.0,0.0,0.0,0.0,0.0,59.7,7.7,0.0,0.0,6.5,0.0,0.0,0.0,0.149,2.2,7.4,9.6,0.0
Gary Payton,paytoga01,SEA,PG,30,50,2008,23.1,0.519,0.304,0.299,3.5,10.6,7.0,41.3,2.9,0.4,12.9,27.1,6.0,1.2,7.2,0.172,5.1,0.0,5.1,3.6
Gary Trent,trentga01,DAL,PF,24,45,1362,20.8,0.51,0.008,0.39,10.4,18.6,14.5,11.0,1.1,1.2,8.6,26.0,3.0,1.0,4.0,0.14,2.6,-1.4,1.2,1.1
George Lynch,lynchge01,PHI,SF,28,43,1315,12.8,0.461,0.066,0.241,9.5,15.3,12.3,10.1,3.5,1.3,17.0,16.0,0.1,2.5,2.6,0.096,-1.3,1.9,0.6,0.9
George McCloud,mccloge01,PHO,SF,31,48,1245,13.6,0.591,0.512,0.269,3.1,12.2,7.6,10.0,1.9,0.9,11.9,15.3,2.3,1.0,3.3,0.127,0.4,0.3,0.6,0.8
Gerald Brown,brownge02,PHO,SG,23,33,236,7.3,0.42,0.112,0.157,2.4,8.5,5.4,21.7,1.1,0.3,18.8,22.9,-0.4,0.1,-0.3,-0.06,-4.4,-2.4,-6.7,-0.3
Gerald Wilkins,wilkige01,ORL,SG,35,3,28,-14.8,0.101,0.0,0.222,0.0,4.2,2.1,5.1,0.0,0.0,23.3,20.9,-0.2,0.0,-0.2,-0.381,-15.2,-4.9,-20.1,-0.1
Gerard King,kingge02,SAS,SF,26,19,63,13.6,0.525,0.0,1.286,11.4,13.5,12.5,10.2,1.7,1.1,15.4,19.1,0.1,0.1,0.2,0.166,-2.9,1.0,-1.9,0.0
Gheorghe Mureșan,muresgh01,NJN,C,27,1,1,-90.6,0.0,0.0,0.0,0.0,0.0,0.0,0.0,0.0,0.0,50.0,88.3,-0.1,0.0,-0.1,-2.519,-68.9,-23.2,-92.1,0.0
Glen Rice,ricegl01,LAL,SF,31,27,985,15.2,0.542,0.341,0.227,1.1,10.4,5.9,12.2,0.9,0.4,9.4,22.0,2.0,0.3,2.2,0.108,1.6,-2.0,-0.3,0.4
Glenn Robinson,robingl01,MIL,SF,26,47,1579,19.7,0.523,0.104,0.213,5.7,15.3,10.5,12.5,1.6,2.1,11.4,28.2,2.5,1.5,4.0,0.122,2.7,-0.8,1.9,1.5
Grant Hill,hillgr01,DET,SF,26,50,1852,23.9,0.543,0.017,0.473,4.3,19.3,11.7,33.6,2.4,1.2,16.0,29.6,4.5,2.8,7.3,0.189,4.8,1.4,6.2,3.8
Grant Long,longgr01,ATL,PF,32,50,1380,15.6,0.529,0.05,0.655,8.6,16.5,12.6,7.3,2.3,0.9,13.8,18.3,2.3,2.6,4.9,0.17,-0.3,1.7,1.5,1.2
Greg Anthony,anthogr01,POR,PG,31,50,806,16.6,0.55,0.498,0.355,2.1,6.8,4.5,21.1,4.4,0.3,15.9,19.6,1.3,1.5,2.8,0.165,0.9,3.1,4.1,1.2
Greg Foster,fostegr01,UTA,PF,30,42,458,6.3,0.401,0.029,0.152,8.1,13.6,11.1,9.4,0.7,1.3,14.0,17.9,-0.4,0.5,0.1,0.011,-5.3,-0.8,-6.1,-0.5
Greg Minor,minorgr01,BOS,SG,27,44,765,9.7,0.475,0.137,0.235,4.4,13.0,8.6,10.3,1.4,0.6,14.4,15.4,0.2,0.6,0.8,0.048,-2.4,-0.6,-2.9,-0.2
Greg Ostertag,ostergr01,UTA,C,25,48,1340,12.8,0.523,0.0,0.582,10.3,20.6,15.8,2.8,0.5,7.4,14.7,10.9,1.2,2.6,3.8,0.136,-1.5,2.2,0.8,0.9
Hakeem Olajuwon,olajuha01,HOU,C,36,50,1784,23.1,0.559,0.018,0.375,7.4,22.8,15.7,9.5,2.5,4.8,14.1,25.9,3.2,3.3,6.5,0.175,1.4,1.8,3.2,2.3
Harvey Grant,grantha01,PHI,PF,33,47,798,6.6,0.404,0.036,0.173,5.1,11.0,8.0,4.8,1.4,1.6,10.4,11.5,-0.2,0.9,0.8,0.047,-3.3,0.5,-2.8,-0.2
Haywoode Workman,workmha01,MIL,PG,33,29,815,14.1,0.524,0.276,0.276,2.1,12.8,7.6,33.1,2.2,0.1,24.8,14.9,0.9,0.7,1.6,0.091,0.5,-0.2,0.3,0.5
Herb Williams,willihe01,NYK,C,40,6,34,12.2,0.563,0.0,0.25,10.8,10.0,10.4,0.0,0.0,4.6,18.4,15.4,0.0,0.0,0.1,0.094,-0.6,-1.0,-1.5,0.0
Hersey Hawkins,hawkihe01,SEA,SG,32,50,1644,14.0,0.554,0.441,0.324,3.5,10.6,7.1,12.0,2.6,0.8,14.6,15.1,2.6,0.9,3.5,0.102,0.2,0.7,0.9,1.2
Horace Grant,grantho01,ORL,PF,33,50,1660,13.3,0.455,0.004,0.154,8.0,16.7,12.3,9.3,1.5,2.7,8.3,14.5,1.4,2.7,4.1,0.118,-0.6,1.3,0.7,1.1
Hot Rod Williams,williho01,DAL,C,36,25,403,7.4,0.388,0.0,0.303,10.0,13.2,11.6,5.3,1.7,3.2,25.8,5.7,0.0,0.3,0.4,0.045,-3.1,1.5,-1.6,0.0
Howard Eisley,eisleho01,UTA,PG,26,50,1038,11.7,0.527,0.159,0.255,1.5,9.0,5.5,32.0,1.6,0.1,23.8,21.1,0.2,1.1,1.3,0.061,-1.9,-0.5,-2.4,-0.1
Hubert Davis,davishu01,DAL,SG,28,50,1378,10.9,0.545,0.363,0.126,0.2,6.8,3.5,10.8,0.8,0.2,12.0,15.9,1.6,0.0,1.6,0.057,-0.6,-1.8,-2.4,-0.1
Isaac Austin,austiis01,ORL,C,29,49,1259,12.0,0.457,0.015,0.347,7.5,14.5,10.9,12.8,2.0,2.1,17.9,22.9,-0.9,2.1,1.2,0.045,-2.6,0.8,-1.8,0.1
Isaiah Rider,rideris01,POR,SG,27,47,1385,13.7,0.486,0.183,0.243,5.1,11.0,8.2,14.0,1.0,0.5,12.4,25.3,1.0,1.5,2.5,0.086,-0.1,-1.2,-1.3,0.3
J.R. Henderson,hendejr01,VAN,SF,22,30,331,9.0,0.419,0.052,0.469,7.0,9.8,8.4,11.7,1.5,0.9,13.5,18.6,-0.2,0.0,-0.2,-0.025,-2.9,-1.9,-4.8,-0.2
J.R. Reid,reidjr01,"CHO,LAL",PF,30,41,1029,13.7,0.547,0.004,0.495,5.3,18.4,12.1,7.9,1.9,0.7,13.1,17.5,1.4,1.1,2.5,0.115,-1.2,0.3,-1.0,0.3
Jacque Vaughn,vaughja01,UTA,PG,23,19,87,13.3,0.542,0.267,0.8,1.5,13.1,7.7,24.4,3.2,0.0,25.7,30.0,0.0,0.1,0.1,0.069,-4.5,0.5,-4.0,0.0
Jahidi White,whiteja01,WAS,PF,22,20,191,9.4,0.517,0.0,1.094,13.7,21.9,17.7,0.8,0.8,4.3,25.2,15.3,-0.1,0.2,0.2,0.039,-5.3,-0.8,-6.1,-0.2
Jalen Rose,roseja01,IND,SF,26,49,1238,14.4,0.479,0.131,0.319,3.3,11.3,7.4,13.6,2.2,0.9,11.3,24.7,0.8,1.0,1.8,0.069,-1.0,-0.2,-1.2,0.2
Jamal Mashburn,mashbja01,MIA,SF,26,24,855,15.1,0.519,0.101,0.35,3.7,16.1,10.3,17.0,1.3,0.3,14.9,23.3,0.7,1.1,1.8,0.104,0.2,-0.4,-0.2,0.4
James Cotton,cottoja02,SEA,SG,23,10,59,12.2,0.482,0.167,1.0,3.9,15.8,9.8,0.0,2.7,0.0,10.4,22.2,0.0,0.0,0.1,0.071,-2.9,-1.4,-4.2,0.0
James Robinson,robinja02,"LAC,MIN",PG,28,31,506,10.7,0.451,0.4,0.222,3.8,10.7,7.0,18.0,2.3,1.2,17.8,21.8,-0.3,0.3,-0.1,-0.006,-1.8,-0.5,-2.4,0.0
Jamie Feick,feickja01,"MIL,NJN",PF,24,28,852,14.2,0.552,0.0,0.448,13.8,24.2,18.7,4.5,1.5,1.5,17.5,10.1,1.2,0.9,2.2,0.123,-0.6,-1.6,-2.2,0.0
Jamie Watson,watsoja01,MIA,SF,26,3,18,1.9,0.5,0.0,0.0,0.0,6.3,3.4,9.0,0.0,0.0,33.3,8.2,0.0,0.0,0.0,-0.024,-3.3,-0.4,-3.7,0.0
Jaren Jackson,jacksja01,SAS,SG,31,47,861,12.5,0.5,0.518,0.137,2.9,9.6,6.5,9.6,2.6,0.7,10.9,18.3,0.6,1.5,2.1,0.119,-0.6,1.7,1.0,0.7
Jason Caffey,caffeja01,GSW,PF,25,35,876,10.2,0.481,0.004,0.354,9.4,15.7,12.5,3.6,1.5,0.8,19.0,20.0,-0.5,1.0,0.5,0.028,-3.9,-0.9,-4.8,-0.6
Jason Kidd,kiddja01,PHO,PG,25,50,2060,22.5,0.527,0.176,0.342,4.8,14.5,9.6,44.0,3.0,0.7,15.7,21.4,5.8,2.3,8.1,0.188,4.4,1.1,5.5,3.9
Jason Sasser,sasseja01,VAN,SF,25,6,39,10.7,0.463,0.0,0.182,5.9,15.4,10.6,9.4,2.8,0.0,14.4,16.3,0.0,0.0,0.0,0.017,-3.8,-0.3,-4.1,0.0
Jason Williams,willija02,SAC,PG,23,50,1805,12.8,0.483,0.524,0.17,0.8,8.1,4.5,25.2,2.6,0.0,17.7,19.1,0.7,1.3,2.1,0.055,-0.6,-0.3,-1.0,0.5
Jayson Williams,willija01,NJN,C,30,30,1020,14.5,0.474,0.009,0.39,15.1,24.4,19.5,5.3,1.2,4.3,15.3,13.0,0.9,1.3,2.2,0.102,-1.1,0.1,-1.0,0.3
Jeff Hornacek,hornaje01,UTA,SG,35,48,1435,17.8,0.575,0.18,0.312,3.0,10.1,6.8,24.7,2.0,0.7,13.8,19.7,3.5,1.8,5.3,0.176,2.4,1.0,3.4,1.9
Jeff McInnis,mcinnje01,WAS,PG,24,35,427,11.0,0.444,0.261,0.209,2.4,3.4,2.9,27.7,2.4,0.2,17.0,19.0,0.0,0.2,0.2,0.019,-1.3,-0.5,-1.8,0.0
Jeff Sheppard,sheppje01,ATL,SG,24,18,185,8.7,0.447,0.179,0.333,3.8,10.0,7.0,15.5,0.9,0.0,13.5,13.2,0.1,0.2,0.3,0.073,-2.5,0.8,-1.7,0.0
Jelani McCoy,mccoyje01,SEA,C,21,26,331,21.1,0.704,0.0,0.553,9.3,18.3,13.8,2.2,1.8,4.5,9.6,14.3,1.1,0.3,1.4,0.201,2.0,0.5,2.5,0.4
Jerald Honeycutt,honeyje01,"MIL,PHI",PF,24,16,102,4.4,0.412,0.531,0.313,3.4,10.5,6.9,4.9,2.7,1.6,19.8,20.3,-0.2,0.1,-0.1,-0.027,-5.5,0.4,-5.1,-0.1
Jermaine O'Neal,onealje01,POR,PF,20,36,311,13.6,0.457,0.012,0.422,16.2,19.7,18.0,6.9,0.7,3.4,12.5,16.5,0.3,0.5,0.8,0.125,-1.9,-0.1,-2.1,0.0
Jerome James,jamesje01,SAC,C,23,16,42,11.4,0.41,0.0,0.5,15.1,27.5,21.3,4.2,2.4,9.1,23.5,38.9,-0.2,0.1,-0.1,-0.137,-11.4,0.5,-10.9,-0.1
Jerome Kersey,kerseje01,SAS,SF,36,45,699,7.4,0.352,0.07,0.07,7.2,13.3,10.4,9.4,2.9,1.4,12.7,15.7,-0.9,1.5,0.6,0.04,-4.9,2.0,-2.9,-0.1
Jerome Williams,willije01,DET,PF,25,50,1154,18.2,0.558,0.0,0.641,16.6,20.4,18.5,3.4,3.0,0.5,11.4,14.8,2.9,1.9,4.8,0.201,1.9,-0.1,1.7,1.1
Jerry Stackhouse,stackje01,DET,SG,24,42,1188,15.2,0.509,0.258,0.506,2.7,8.4,5.5,18.5,1.6,1.3,16.9,28.7,0.9,1.0,1.9,0.076,0.5,-1.3,-0.8,0.4
Jim Jackson,jacksji01,POR,SG,28,49,1175,13.1,0.499,0.243,0.273,3.7,11.7,7.8,18.5,2.0,0.4,16.5,19.3,0.9,1.6,2.5,0.101,-0.8,0.7,0.0,0.6
Jim McIlvaine,mcilvji01,NJN,C,26,22,269,9.5,0.447,0.0,0.118,12.1,10.0,11.1,1.2,1.8,8.7,19.5,10.9,0.0,0.3,0.3,0.053,-5.9,2.3,-3.6,-0.1
Jimmy Oliver,oliveji01,PHO,SG,29,2,11,2.7,0.5,0.333,0.0,0.0,0.0,0.0,0.0,0.0,0.0,0.0,12.6,0.0,0.0,0.0,0.02,-4.0,-3.9,-7.9,0.0
Joe Dumars,dumarjo01,DET,SG,35,38,1116,15.1,0.568,0.631,0.174,1.3,6.2,3.7,21.5,1.1,0.1,12.3,18.3,2.6,0.6,3.2,0.137,3.2,-1.5,1.7,1.1
Joe Kleine,kleinjo01,PHO,C,37,31,374,6.6,0.429,0.027,0.162,8.3,12.7,10.4,4.8,1.1,0.2,11.2,11.0,0.1,0.2,0.3,0.037,-4.2,-1.4,-5.6,-0.3
Joe Smith,smithjo02,MIN,C,23,43,1418,16.6,0.486,0.006,0.36,11.3,17.1,14.0,7.9,1.2,3.5,9.8,20.8,2.0,1.7,3.7,0.126,0.0,-0.5,-0.4,0.6
Joe Wolf,wolfjo01,CHO,PF,34,3,12,-14.5,0.0,0.0,2.0,0.0,9.4,4.9,0.0,0.0,0.0,0.0,7.4,0.0,0.0,0.0,-0.179,-20.4,-1.6,-22.0,-0.1
John Coker,cokerjo01,WAS,C,27,14,98,9.6,0.461,0.0,0.194,8.2,18.3,13.1,0.0,0.5,1.5,5.6,16.8,0.1,0.1,0.1,0.066,-3.5,-1.7,-5.2,-0.1
John Crotty,crottjo01,"POR,SEA",PG,29,27,382,15.1,0.545,0.29,0.403,2.4,7.0,4.7,28.1,1.5,0.0,18.4,21.3,0.7,0.0,0.8,0.095,0.7,-2.1,-1.4,0.1
John Starks,starkjo01,GSW,SG,33,50,1686,13.9,0.447,0.37,0.137,2.0,8.4,5.2,25.2,2.2,0.2,9.7,22.5,1.5,1.5,3.0,0.085,0.4,0.4,0.8,1.2
John Stockton,stockjo01,UTA,PG,36,50,1410,21.9,0.571,0.122,0.412,2.9,9.3,6.3,48.3,3.2,0.7,18.5,20.1,4.2,2.2,6.4,0.217,4.1,1.9,6.1,2.8
John Thomas,thomajo02,TOR,C,23,39,593,13.7,0.586,0.008,0.39,12.6,13.6,13.1,4.5,1.6,1.2,12.7,12.6,1.2,0.4,1.5,0.125,-0.6,-1.3,-1.9,0.0
John Wallace,wallajo01,TOR,SF,24,48,812,15.9,0.489,0.0,0.424,7.6,16.9,12.2,11.4,0.8,4.0,14.3,27.4,0.4,0.7,1.0,0.061,-0.9,-1.4,-2.2,-0.1
Johnny Newman,newmajo01,CLE,SF,35,50,949,9.2,0.526,0.243,0.335,2.0,8.0,5.0,8.1,1.6,1.0,12.5,16.9,0.5,0.7,1.2,0.059,-2.7,-0.4,-3.1,-0.3
Johnny Taylor,taylojo01,DEN,SF,24,36,724,9.5,0.497,0.343,0.116,4.6,11.7,8.1,5.7,2.1,1.7,14.0,15.1,0.2,0.0,0.2,0.014,-2.4,-0.6,-3.0,-0.2
Jon Barry,barryjo01,SAC,SG,29,43,736,15.9,0.609,0.572,0.609,3.6,10.1,6.9,21.6,3.6,0.4,21.2,12.9,1.6,0.8,2.4,0.156,0.3,2.5,2.8,0.9
Jonathan Kerner,kernejo01,ORL,C,24,1,5,-15.2,0.0,0.0,0.0,0.0,0.0,0.0,0.0,0.0,0.0,0.0,9.1,0.0,0.0,0.0,-0.177,-19.6,-2.4,-22.1,0.0
Jud Buechler,buechju01,DET,SF,30,50,1056,12.2,0.553,0.617,0.075,3.3,12.1,7.7,9.1,1.9,1.0,7.8,12.1,1.7,1.2,2.9,0.131,1.1,1.0,2.1,1.1
Juwan Howard,howarju01,WAS,SF,25,36,1430,17.1,0.51,0.005,0.242,7.2,16.9,12.0,14.0,1.6,0.7,12.4,24.6,1.5,1.2,2.8,0.093,0.9,-0.6,0.3,0.8
Karl Malone,malonka01,UTA,PF,35,49,1832,25.6,0.577,0.001,0.602,7.7,22.1,15.4,23.0,1.9,1.2,13.8,30.5,6.2,3.4,9.6,0.252,5.3,1.4,6.7,4.0
Keith Askins,askinke01,MIA,SF,31,33,415,3.5,0.404,0.468,0.129,3.1,9.2,6.4,3.9,2.3,0.5,16.6,9.4,-0.3,0.5,0.2,0.029,-5.2,1.7,-3.5,-0.2
Keith Booth,boothke01,CHI,SF,24,39,432,7.0,0.354,0.066,0.278,6.5,19.5,12.7,16.8,2.8,1.9,18.7,22.7,-1.4,0.6,-0.8,-0.088,-6.5,0.5,-6.0,-0.4
Keith Closs,closske01,LAC,C,22,15,87,17.5,0.584,0.043,0.435,6.4,28.8,17.0,0.0,1.9,7.8,18.0,17.4,0.1,0.1,0.2,0.107,-2.0,1.2,-0.8,0.0
Keith Van Horn,vanhoke01,NJN,PF,23,42,1576,19.6,0.519,0.07,0.396,7.6,18.1,12.6,8.3,1.4,2.4,13.1,28.5,2.3,1.4,3.7,0.113,2.0,-0.8,1.2,1.3
Kelly McCarty,mccarke01,DEN,SG,23,2,4,31.7,0.667,0.0,0.0,56.0,29.9,43.3,0.0,0.0,0.0,40.0,56.6,0.0,0.0,0.0,-0.238,2.3,-9.9,-7.6,0.0
Kelvin Cato,catoke01,POR,C,24,43,545,14.5,0.476,0.008,0.519,10.8,20.6,15.9,5.7,2.3,7.7,14.6,15.6,0.2,1.4,1.6,0.144,-3.3,3.3,0.1,0.3
Kendall Gill,gillke01,NJN,SF,30,50,1606,14.8,0.441,0.029,0.282,4.0,13.3,8.4,13.8,4.4,1.2,9.6,20.3,0.3,2.2,2.6,0.076,-1.8,2.4,0.6,1.1
Kenny Anderson,anderke01,BOS,PG,28,34,1010,16.7,0.513,0.067,0.283,2.6,9.1,5.7,32.5,1.7,0.1,15.0,20.9,1.8,0.6,2.4,0.116,1.1,-1.0,0.1,0.5
Keon Clark,clarkke01,DEN,C,23,28,409,11.3,0.483,0.013,0.463,9.9,17.5,13.6,4.0,1.3,5.4,17.9,13.0,0.1,0.2,0.2,0.029,-3.0,0.0,-3.0,-0.1
Kerry Kittles,kittlke01,NJN,SG,24,46,1570,13.5,0.446,0.258,0.186,3.5,10.4,6.7,13.3,2.6,1.2,9.1,20.5,0.6,1.2,1.8,0.054,-0.1,0.1,0.0,0.8
Kevin Garnett,garneke01,MIN,PF,22,47,1780,22.4,0.493,0.016,0.229,9.7,22.0,15.4,21.3,2.3,3.5,12.0,27.8,2.4,3.0,5.4,0.146,3.6,1.7,5.3,3.3
Kevin Ollie,ollieke01,"SAC,ORL",PG,26,8,72,3.7,0.381,0.0,0.5,0.0,10.4,5.2,5.7,2.1,0.9,14.9,12.0,-0.1,0.1,0.0,-0.015,-7.4,0.6,-6.7,-0.1
Kevin Willis,willike02,TOR,C,36,42,1216,15.6,0.489,0.004,0.347,10.3,23.2,16.7,10.3,1.2,1.8,14.3,22.4,1.1,1.2,2.4,0.093,-0.9,-1.5,-2.4,-0.1
Khalid Reeves,reevekh01,DET,PG,26,11,112,6.8,0.46,0.143,0.667,3.3,4.4,3.8,15.9,2.0,0.0,20.5,14.5,0.0,0.1,0.1,0.025,-4.8,-1.0,-5.8,-0.1
Kobe Bryant,bryanko01,LAL,SG,20,50,1896,18.9,0.549,0.13,0.375,3.3,12.7,8.1,17.5,2.0,1.9,14.7,25.3,3.7,1.5,5.2,0.13,2.1,-0.1,2.1,1.9
Korleone Young,youngko01,DET,SF,20,3,15,31.3,0.597,0.4,0.2,16.2,16.4,16.3,18.8,0.0,0.0,8.4,37.6,0.1,0.0,0.1,0.28,9.9,-0.5,9.4,0.0
Kornél Dávid,davidko01,CHI,SF,27,50,902,13.6,0.528,0.004,0.457,8.8,14.2,11.3,8.6,1.4,1.4,14.1,17.7,1.0,0.7,1.7,0.09,-1.5,-0.9,-2.4,-0.1
Kurt Thomas,thomaku01,NYK,PF,26,50,1182,13.1,0.489,0.003,0.293,8.5,19.6,14.3,8.9,2.1,1.1,14.9,19.8,0.2,2.3,2.5,0.1,-2.1,1.2,-0.8,0.4
LaPhonso Ellis,ellisla01,ATL,PF,28,20,539,11.8,0.47,0.026,0.321,5.5,18.1,11.8,6.8,0.8,1.0,13.6,21.9,0.0,0.8,0.8,0.074,-2.4,-0.2,-2.6,-0.1
Lamond Murray,murrala01,LAC,SF,25,50,1317,14.3,0.473,0.178,0.272,5.0,13.0,8.7,8.7,2.4,1.1,13.3,25.7,0.1,0.2,0.3,0.01,-0.2,-1.8,-2.1,0.0
Larry Hughes,hughela01,PHI,PG,20,50,988,16.7,0.474,0.126,0.365,9.6,12.7,11.1,15.3,2.4,1.1,12.4,25.2,0.9,1.5,2.4,0.117,1.3,0.2,1.5,0.9
Larry Johnson,johnsla02,NYK,PF,29,49,1639,14.6,0.554,0.201,0.358,6.8,13.4,10.2,13.5,1.1,0.5,14.4,18.1,2.8,2.1,4.9,0.144,0.9,0.3,1.2,1.3
Latrell Sprewell,sprewla01,NYK,SF,28,37,1233,16.7,0.503,0.149,0.369,4.1,10.6,7.5,15.0,2.1,0.1,11.6,26.5,1.3,1.7,3.0,0.117,1.1,0.2,1.3,1.1
Lawrence Funderburke,fundela01,SAC,PF,28,47,936,18.5,0.597,0.017,0.401,11.4,13.6,12.5,5.3,1.2,1.6,12.9,18.4,2.4,0.7,3.1,0.159,1.7,-0.9,0.7,0.6
Lee Mayberry,maybele01,VAN,PG,28,9,126,7.2,0.472,0.526,0.263,0.0,2.9,1.4,29.5,3.0,0.0,34.2,11.7,-0.1,0.0,-0.1,-0.029,-4.8,-1.1,-5.9,-0.1
Lindsey Hunter,hunteli01,DET,PG,28,49,1755,13.9,0.517,0.292,0.17,1.8,9.9,5.9,19.7,2.7,0.4,14.0,17.7,2.0,2.0,4.0,0.109,0.1,1.1,1.1,1.4
Litterial Green,greenli01,CLE,PG,28,1,2,-19.7,0.0,0.0,0.0,0.0,0.0,0.0,0.0,0.0,0.0,0.0,24.4,0.0,0.0,0.0,-0.59,-16.6,-10.4,-27.0,0.0
Loren Meyer,meyerlo01,DEN,C,26,14,70,-2.8,0.277,0.179,0.071,6.4,20.5,13.2,2.4,0.0,3.1,12.2,21.3,-0.3,0.0,-0.3,-0.19,-13.2,-3.7,-16.9,-0.3
Lorenzen Wright,wrighlo02,LAC,C,23,48,1135,14.7,0.512,0.004,0.45,14.0,24.2,18.8,4.8,1.2,2.4,13.4,14.4,1.7,0.5,2.2,0.093,-0.9,-1.7,-2.6,-0.2
Loy Vaught,vaughlo01,DET,PF,30,37,481,10.2,0.394,0.006,0.09,9.1,28.1,18.6,4.0,1.7,1.0,9.5,17.6,-0.3,0.8,0.5,0.05,-3.3,-1.0,-4.3,-0.3
Luc Longley,longllu01,PHO,C,30,39,933,13.5,0.524,0.0,0.262,7.2,20.6,13.8,8.1,1.3,1.7,14.1,18.6,0.8,1.0,1.8,0.092,-2.3,-0.2,-2.5,-0.1
Lucious Harris,harrilu01,NJN,SG,28,36,602,11.0,0.477,0.276,0.265,3.7,8.9,6.2,8.9,1.6,0.8,8.2,16.1,0.5,0.3,0.8,0.063,-1.8,-1.2,-3.0,-0.2
Makhtar N'Diaye,ndiayma01,VAN,PF,25,4,27,3.9,0.434,0.0,1.0,12.8,8.9,10.9,5.8,0.0,2.8,14.8,11.5,0.0,0.0,0.0,0.026,-8.0,-2.7,-10.6,-0.1
Malik Rose,rosema01,SAS,PF,24,47,608,19.7,0.535,0.005,0.726,17.7,16.0,16.8,8.4,3.6,2.5,17.4,24.6,1.0,1.6,2.6,0.204,-1.1,1.8,0.6,0.4
Malik Sealy,sealyma01,MIN,SF,28,31,731,11.1,0.487,0.1,0.264,3.3,11.4,7.0,7.8,2.2,0.5,11.3,17.5,0.4,0.7,1.1,0.074,-2.9,0.4,-2.6,-0.1
Marcus Camby,cambyma01,NYK,C,24,46,945,17.6,0.537,0.0,0.395,13.2,18.2,15.8,2.4,1.7,6.1,11.3,17.5,1.4,2.0,3.5,0.176,-0.4,1.8,1.4,0.8
Mario Bennett,bennema01,CHI,PF,25,3,19,10.9,0.451,0.0,0.667,11.9,19.6,15.6,0.0,2.9,0.0,11.4,21.7,0.0,0.0,0.0,0.065,-4.3,0.8,-3.5,0.0
Mario Elie,eliema01,SAS,SG,35,47,1291,14.5,0.593,0.323,0.36,3.3,8.3,6.0,11.5,1.9,0.6,13.7,16.0,2.6,1.9,4.5,0.169,0.7,1.6,2.3,1.4
Mark Baker,bakerla01,TOR,PG,29,1,2,-46.6,0.0,0.0,0.0,0.0,0.0,0.0,0.0,0.0,0.0,50.0,45.4,-0.1,0.0,-0.1,-1.289,-39.4,-24.3,-63.7,0.0
Mark Bryant,bryanma01,CHI,PF,33,45,1204,12.1,0.513,0.003,0.316,8.6,14.4,11.4,8.0,1.5,1.0,14.6,18.1,0.5,1.0,1.5,0.06,-2.6,-0.8,-3.4,-0.4
Mark Davis,davisma02,MIA,SF,25,4,35,-3.1,0.521,0.0,1.0,7.4,16.1,12.1,4.6,1.6,0.0,44.8,22.1,-0.1,0.1,-0.1,-0.122,-14.5,-2.2,-16.7,-0.1
Mark Hendrickson,hendrma01,NJN,PF,24,22,399,12.3,0.545,0.011,0.568,7.1,12.0,9.4,5.4,1.6,0.2,12.0,13.8,0.7,0.2,0.9,0.105,-1.9,-1.9,-3.8,-0.2
Mark Jackson,jacksma01,IND,PG,33,49,1382,17.9,0.513,0.313,0.24,2.9,12.7,7.9,45.4,1.7,0.2,21.4,16.0,3.0,0.9,3.8,0.134,3.7,-0.7,3.0,1.8
Mark Macon,maconma01,DET,SG,29,7,69,-0.4,0.225,0.15,0.0,5.3,3.6,4.4,9.2,4.0,1.2,23.1,17.9,-0.3,0.1,-0.2,-0.162,-6.3,0.7,-5.5,-0.1
Mark Pope,popema01,IND,SF,26,4,26,-8.5,0.134,0.571,0.143,9.3,9.0,9.1,0.0,0.0,0.0,11.8,15.5,-0.1,0.0,-0.1,-0.23,-13.4,-5.7,-19.2,-0.1
Mark Strickland,stricma01,MIA,PF,28,32,357,14.7,0.529,0.01,0.257,9.5,16.4,13.2,4.7,1.1,1.7,10.4,17.4,0.5,0.5,1.0,0.136,-0.2,-0.3,-0.6,0.1
Mark West,westma01,ATL,C,38,49,499,6.5,0.381,0.0,0.763,11.6,17.7,14.7,4.4,0.5,3.3,17.7,9.0,-0.1,0.8,0.7,0.067,-4.7,1.0,-3.7,-0.2
Marko Milič,milicma01,PHO,SG,21,11,53,3.9,0.4,0.05,0.0,6.5,4.5,5.5,6.3,3.0,1.4,23.1,22.7,-0.2,0.0,-0.1,-0.124,-7.3,-0.9,-8.2,-0.1
Marlon Garnett,garnema01,BOS,PG,23,24,205,6.5,0.426,0.451,0.392,1.6,10.2,5.8,13.0,1.3,0.4,16.7,15.6,-0.1,0.1,0.0,0.002,-4.0,-0.9,-4.9,-0.2
Marty Conlon,conloma01,MIA,C,31,7,35,-3.3,0.288,0.0,0.154,3.7,12.9,8.6,4.9,0.0,2.1,17.8,23.8,-0.2,0.0,-0.1,-0.194,-13.1,-3.4,-16.5,-0.1
Matt Bullard,bullama01,HOU,PF,31,41,413,9.6,0.494,0.544,0.088,2.7,8.8,5.9,7.0,1.7,0.7,10.6,15.1,0.2,0.2,0.5,0.052,-0.8,-0.6,-1.3,0.1
Matt Geiger,geigema01,PHI,C,29,50,1540,17.1,0.532,0.009,0.319,10.1,17.3,13.7,7.4,1.4,2.1,13.8,21.6,2.4,2.3,4.7,0.147,0.6,-0.2,0.3,0.9
Matt Harpring,harprma01,ORL,SF,22,50,1114,13.0,0.533,0.078,0.447,9.0,13.4,11.2,7.1,1.5,0.4,16.0,18.6,1.2,1.5,2.6,0.113,-1.5,-0.3,-1.7,0.1
Matt Maloney,malonma01,HOU,PG,27,15,186,2.2,0.32,0.536,0.393,1.3,4.7,3.1,16.1,1.2,0.0,29.9,11.8,-0.4,0.0,-0.3,-0.083,-5.4,-1.4,-6.8,-0.2
Maurice Taylor,tayloma01,LAC,PF,22,46,1505,15.2,0.505,0.009,0.305,7.4,11.8,9.5,8.9,0.6,1.4,13.5,26.7,1.2,-0.5,0.7,0.024,-0.7,-3.5,-4.2,-0.9
Michael Curry,currymi01,MIL,SF,30,50,1146,8.7,0.507,0.073,0.383,2.0,9.2,5.7,10.5,2.0,0.5,13.3,11.6,0.9,0.8,1.7,0.07,-3.0,0.7,-2.3,-0.1
Michael Dickerson,dickemi01,HOU,SG,23,50,1558,11.5,0.554,0.355,0.156,2.1,4.0,3.1,10.4,0.9,0.5,11.8,16.9,2.0,0.2,2.2,0.069,-0.4,-1.7,-2.1,0.0
Michael Doleac,doleami01,ORL,C,21,49,780,13.7,0.503,0.0,0.3,9.7,12.4,11.0,4.8,1.3,1.6,7.9,19.1,1.2,1.1,2.2,0.138,-2.2,-0.1,-2.3,0.0
Michael Finley,finlemi01,DAL,SF,25,50,2051,19.2,0.517,0.155,0.258,3.8,10.7,7.2,19.9,1.7,0.5,9.9,24.2,4.4,0.9,5.4,0.126,2.8,-0.9,2.0,2.1
Michael Hawkins,hawkimi01,SAC,PG,26,24,203,7.2,0.436,0.475,0.075,5.2,7.8,6.5,18.5,0.7,0.3,23.9,11.4,0.0,0.1,0.0,0.011,-2.5,-1.2,-3.7,-0.1
Michael Olowokandi,olowomi01,LAC,C,23,45,1279,11.8,0.445,0.0,0.296,10.5,23.2,16.5,3.4,1.1,3.2,15.9,19.0,-0.8,0.5,-0.3,-0.01,-2.9,-2.1,-5.0,-1.0
Michael Smith,smithmi02,VAN,PF,26,48,1098,14.3,0.574,0.007,0.889,14.2,23.5,18.8,7.2,2.3,1.2,23.0,10.9,1.3,0.9,2.3,0.099,-0.6,-0.4,-1.0,0.3
Michael Stewart,stewami01,TOR,C,23,42,394,8.8,0.477,0.0,0.472,12.5,16.7,14.6,2.0,0.5,5.4,15.8,8.7,0.3,0.4,0.7,0.079,-4.5,-0.4,-4.9,-0.3
Micheal Williams,willimi02,TOR,PG,32,2,15,-6.5,0.2,0.0,0.0,7.6,0.0,3.9,0.0,0.0,0.0,16.7,18.1,-0.1,0.0,-0.1,-0.259,-7.9,-5.4,-13.3,0.0
Mike Bibby,bibbymi01,VAN,PG,20,50,1758,14.8,0.487,0.122,0.279,2.0,7.2,4.6,35.1,2.4,0.2,17.7,21.5,1.1,0.2,1.3,0.035,-0.2,-1.6,-1.8,0.1
Mikki Moore,mooremi01,DET,C,23,2,6,35.7,1.064,0.0,2.0,0.0,20.5,10.2,0.0,0.0,0.0,0.0,14.9,0.1,0.0,0.1,0.527,15.2,3.0,18.2,0.0
Miles Simon,simonmi01,ORL,SG,23,5,19,-7.2,0.2,0.4,0.0,6.0,6.2,6.1,0.0,2.8,0.0,37.5,19.1,-0.1,0.0,-0.1,-0.289,-13.5,-3.8,-17.4,-0.1
Mitch Richmond,richmmi01,WAS,SG,33,50,1912,15.5,0.527,0.275,0.365,1.8,8.9,5.2,11.4,1.8,0.4,12.7,25.7,2.2,1.0,3.3,0.082,0.9,-1.2,-0.2,0.9
Mitchell Butler,butlemi02,CLE,SG,28,31,418,12.6,0.549,0.209,0.23,4.0,9.4,6.7,10.8,2.0,0.8,15.9,21.2,0.1,0.3,0.5,0.053,-0.7,-1.0,-1.7,0.0
Monty Williams,willimo01,DEN,SF,27,1,6,-7.6,0.174,0.0,1.0,0.0,0.0,0.0,0.0,0.0,0.0,0.0,21.7,0.0,0.0,0.0,-0.341,-10.3,-9.6,-20.0,0.0
Moochie Norris,norrimo01,SEA,PG,25,12,140,7.6,0.404,0.375,0.4,3.3,13.3,8.2,27.1,2.7,0.0,25.4,20.4,-0.3,0.1,-0.2,-0.057,-4.0,-0.3,-4.3,-0.1
Mookie Blaylock,blaylmo01,ATL,PG,31,48,1763,16.7,0.463,0.386,0.14,3.0,11.8,7.4,31.7,3.2,0.4,14.3,21.5,1.5,3.2,4.7,0.127,2.1,1.9,4.0,2.7
Muggsy Bogues,boguemu01,GSW,PG,34,36,714,15.3,0.539,0.039,0.234,2.3,8.7,5.5,30.9,3.3,0.1,21.7,13.5,0.9,0.8,1.7,0.117,-0.7,2.2,1.5,0.6
Nazr Mohammed,mohamna01,PHI,C,21,26,121,10.0,0.41,0.0,0.5,17.0,18.6,17.8,3.0,2.2,2.6,19.0,23.7,-0.2,0.2,0.0,0.013,-5.8,-1.7,-7.5,-0.2
Negele Knight,knighne01,TOR,PG,31,6,56,2.4,0.41,0.125,0.5,2.0,10.5,6.2,22.5,1.0,0.0,41.8,13.6,-0.1,0.0,-0.1,-0.112,-7.7,-2.5,-10.2,-0.1
Nick Anderson,anderni01,ORL,SF,31,47,1581,15.3,0.493,0.433,0.253,3.7,16.9,10.2,10.7,2.2,0.7,10.4,22.8,1.3,2.6,3.9,0.118,1.5,0.6,2.1,1.7
Nick Van Exel,vanexni01,DEN,PG,27,50,1802,16.7,0.488,0.304,0.228,0.9,6.6,3.6,38.6,1.2,0.1,12.5,24.3,3.2,-1.0,2.2,0.058,2.6,-3.4,-0.8,0.6
Olden Polynice,polynol01,SEA,C,34,48,1481,11.8,0.461,0.003,0.263,14.2,19.0,16.6,4.7,0.7,1.5,10.9,13.7,1.3,0.7,2.0,0.065,-1.4,-2.2,-3.6,-0.6
Oliver Miller,milleol01,SAC,C,28,4,35,8.3,0.455,0.0,0.0,21.2,3.0,12.1,0.0,0.0,3.6,26.7,18.3,0.0,0.0,0.0,-0.052,-4.0,-4.2,-8.2,-0.1
Othella Harrington,harriot01,HOU,PF,25,41,903,16.1,0.559,0.0,0.401,10.0,21.1,15.9,3.0,0.4,1.9,14.6,21.8,1.3,0.9,2.2,0.115,-1.5,-1.9,-3.4,-0.3
Otis Thorpe,thorpot01,WAS,PF,36,49,1539,15.0,0.569,0.005,0.241,7.1,18.5,12.7,11.4,1.5,0.9,15.3,17.2,2.3,1.4,3.7,0.116,-0.5,0.2,-0.3,0.6
P.J. Brown,brownpj01,MIA,PF,29,50,1611,15.8,0.527,0.0,0.306,9.3,16.2,13.0,7.7,1.6,2.2,11.3,18.7,2.6,2.6,5.1,0.153,0.1,0.8,0.8,1.2
Pat Garrity,garripa01,PHO,PF,22,39,538,13.0,0.557,0.106,0.329,5.5,10.8,8.1,5.7,0.8,0.4,9.3,18.4,0.9,0.2,1.1,0.101,-1.1,-1.9,-3.0,-0.1
Patrick Ewing,ewingpa01,NYK,C,36,38,1300,19.4,0.491,0.004,0.407,7.0,26.5,17.1,7.0,1.3,6.0,12.9,28.4,0.2,3.1,3.3,0.123,0.1,1.8,1.9,1.3
Paul Grant,grantpa01,"MIN,MIL",C,25,6,13,-4.6,0.333,0.0,0.0,8.0,0.0,4.3,0.0,4.2,0.0,25.0,27.9,-0.1,0.0,-0.1,-0.253,-16.2,-3.3,-19.6,-0.1
Paul Pierce,piercpa01,BOS,SF,21,48,1632,19.2,0.54,0.315,0.301,7.8,13.6,10.6,12.3,2.6,2.2,13.4,23.1,2.9,2.0,4.9,0.144,3.4,0.3,3.7,2.3
Peja Stojaković,stojape01,SAC,SF,21,48,1025,13.5,0.496,0.477,0.198,4.4,10.2,7.4,10.8,2.0,0.4,11.6,19.1,1.0,0.7,1.7,0.081,0.5,-0.5,0.1,0.5
Pete Chilcutt,chilcpe01,VAN,PF,30,46,697,9.4,0.462,0.395,0.099,4.8,15.1,9.9,7.4,1.7,1.3,13.5,13.7,0.0,0.2,0.3,0.019,-1.7,-0.7,-2.4,-0.1
Peter Aluma,alumape01,SAC,C,25,2,5,3.1,0.5,0.0,0.0,21.2,21.0,21.1,0.0,10.0,12.7,50.0,34.1,0.0,0.0,0.0,-0.206,-26.4,6.6,-19.8,0.0
Pooh Richardson,richapo01,LAC,PG,32,11,130,10.7,0.371,0.167,0.111,0.9,11.6,5.9,37.6,1.7,0.0,19.2,16.3,-0.1,0.0,-0.1,-0.038,-1.8,-3.1,-4.9,-0.1
Popeye Jones,jonespo01,BOS,PF,28,18,206,12.4,0.462,0.02,0.333,14.9,13.5,14.2,11.2,1.3,0.0,10.7,14.2,0.3,0.1,0.5,0.113,-1.4,-1.8,-3.2,-0.1
Raef LaFrentz,lafrera01,DEN,C,22,12,387,18.9,0.553,0.24,0.372,9.5,17.9,13.6,3.8,1.2,3.1,5.7,18.6,1.1,0.1,1.2,0.144,2.9,-1.5,1.4,0.3
Randell Jackson,jacksra02,WAS,PF,23,27,271,11.6,0.467,0.065,0.296,12.6,10.6,11.6,5.2,0.6,3.1,17.6,25.2,-0.2,0.1,-0.1,-0.014,-3.2,-2.4,-5.6,-0.2
Randy Brown,brownra02,CHI,PG,30,39,1139,12.6,0.469,0.031,0.323,2.7,11.4,6.8,25.1,3.3,0.5,18.0,18.4,-0.3,1.3,1.0,0.041,-2.9,1.5,-1.4,0.2
Randy Livingston,livinra01,PHO,PG,23,1,22,27.2,0.676,0.0,0.25,0.0,10.8,5.3,26.3,4.8,0.0,10.1,20.7,0.1,0.0,0.1,0.275,2.4,4.7,7.1,0.1
Rashard Lewis,lewisra02,SEA,SF,19,20,145,4.5,0.404,0.115,0.269,10.2,9.7,9.9,4.6,3.0,0.5,25.6,24.4,-0.5,0.1,-0.4,-0.136,-7.5,-2.0,-9.5,-0.3
Rasheed Wallace,wallara01,POR,PF,24,49,1414,16.7,0.566,0.065,0.376,4.8,14.5,9.8,7.8,1.8,2.9,12.6,20.5,2.6,2.4,5.0,0.169,0.2,1.8,2.0,1.4
Rasho Nesterović,nestera01,MIN,C,22,2,30,3.5,0.311,0.0,0.167,10.4,20.2,14.9,5.0,0.0,0.0,7.2,20.3,-0.1,0.0,0.0,-0.049,-6.5,-3.1,-9.7,-0.1
Ray Allen,allenra02,MIL,SG,23,50,1719,18.9,0.564,0.309,0.29,4.1,10.7,7.4,18.8,1.7,0.3,13.9,24.5,4.2,1.1,5.2,0.146,3.5,-1.0,2.4,1.9
Reggie Jordan,jordare01,MIN,SG,31,27,296,9.8,0.361,0.0,0.704,9.5,13.1,11.1,19.4,2.1,1.3,16.5,12.6,0.0,0.3,0.3,0.049,-3.2,0.9,-2.3,0.0
Reggie Miller,millere01,IND,SG,33,50,1787,18.7,0.59,0.41,0.368,1.7,7.2,4.5,11.4,1.2,0.4,8.9,22.9,6.0,0.4,6.4,0.172,4.3,-1.2,3.2,2.3
Reggie Slater,slatere01,TOR,PF,28,30,263,11.3,0.486,0.0,1.049,15.7,15.1,15.4,3.3,0.6,0.9,17.4,24.7,0.1,0.1,0.2,0.04,-3.9,-3.5,-7.3,-0.4
Rex Chapman,chapmre01,PHO,SG,31,38,1183,11.8,0.46,0.329,0.198,1.2,9.2,5.1,15.2,1.5,0.6,9.8,21.6,0.3,0.6,0.9,0.035,-1.0,-1.5,-2.5,-0.1
Rex Walters,waltere01,MIA,SG,28,33,506,6.9,0.48,0.4,0.242,2.6,8.9,6.0,19.0,1.1,0.4,23.3,13.4,0.0,0.5,0.5,0.046,-3.1,0.4,-2.7,-0.1
Rick Brunson,brunsri01,NYK,PG,26,17,95,6.2,0.294,0.238,0.857,3.9,8.4,6.2,33.2,5.2,0.0,29.3,20.7,-0.4,0.2,-0.2,-0.105,-5.8,2.5,-3.3,0.0
Rick Fox,foxri01,LAL,SF,29,44,944,13.6,0.534,0.288,0.27,3.3,7.6,5.5,15.5,1.6,0.8,13.2,20.3,1.4,0.4,1.8,0.091,-0.3,-1.0,-1.2,0.2
Rick Mahorn,mahorri01,PHI,PF,40,16,127,1.5,0.302,0.0,0.444,6.3,15.0,10.5,2.5,2.1,0.6,21.8,9.8,-0.2,0.2,0.0,-0.014,-7.6,0.1,-7.5,-0.2
Ricky Davis,davisri01,CHO,SG,19,46,557,12.9,0.462,0.06,0.295,8.9,8.9,8.9,19.2,2.9,0.9,19.3,23.8,-0.4,0.5,0.2,0.015,-1.6,-0.5,-2.1,0.0
Rik Smits,smitsri01,IND,C,32,49,1271,20.2,0.527,0.003,0.209,6.9,18.5,12.8,8.7,0.8,3.0,9.8,28.9,2.3,1.2,3.4,0.13,1.3,-0.7,0.6,0.9
Robert Horry,horryro01,LAL,PF,28,38,744,13.5,0.565,0.308,0.315,9.0,14.7,11.9,11.2,2.5,3.8,22.8,13.0,0.8,0.9,1.7,0.109,-0.1,2.0,1.9,0.7
Robert Pack,packro01,DAL,PG,29,25,468,17.1,0.522,0.023,0.506,2.1,6.5,4.3,30.7,2.3,0.2,18.7,25.7,0.6,0.2,0.7,0.077,0.8,-1.0,-0.2,0.2
Robert Traylor,traylro01,MIL,C,21,49,786,17.0,0.548,0.005,0.398,12.5,15.4,14.0,8.2,3.1,4.6,15.1,16.9,1.3,1.2,2.5,0.152,-0.8,1.7,0.9,0.6
Rod Strickland,stricro02,WAS,PG,32,44,1632,20.2,0.488,0.07,0.391,3.9,11.4,7.6,45.9,2.5,0.2,16.7,24.0,2.8,1.3,4.1,0.12,3.4,-0.3,3.1,2.1
Rodney Rogers,rogerro01,LAC,SF,27,47,968,14.7,0.51,0.212,0.34,7.5,14.8,10.9,13.9,2.6,1.7,16.2,19.1,0.9,0.3,1.2,0.062,-0.5,-0.1,-0.6,0.3
Rodrick Rhodes,rhodero01,"HOU,VAN",SG,25,13,156,0.7,0.341,0.135,0.481,6.8,6.0,6.4,11.9,1.7,1.0,24.1,24.5,-0.7,0.0,-0.7,-0.201,-8.2,-3.2,-11.4,-0.4
Ron Harper,harpero01,CHI,SG,35,35,1107,14.7,0.451,0.218,0.259,5.0,14.7,9.6,20.6,3.0,2.4,13.0,21.2,-0.2,1.4,1.2,0.053,0.1,1.3,1.4,1.0
Ron Mercer,mercero01,BOS,SG,22,41,1551,13.5,0.463,0.042,0.149,2.6,8.8,5.6,12.2,2.3,0.6,10.6,24.2,0.1,1.2,1.3,0.039,-1.5,-0.8,-2.3,-0.1
Rony Seikaly,seikaro01,NJN,C,33,9,88,0.5,0.269,0.0,0.9,6.0,21.3,13.2,3.5,2.4,5.0,26.4,19.0,-0.5,0.1,-0.3,-0.177,-11.2,-0.2,-11.3,-0.2
Roshown McLeod,mcleoro01,ATL,SF,23,34,348,11.3,0.443,0.061,0.276,4.1,12.7,8.4,8.8,0.3,0.2,11.2,27.8,-0.1,0.4,0.3,0.035,-2.8,-2.0,-4.8,-0.2
Ruben Patterson,patteru01,LAL,SF,23,24,144,14.3,0.503,0.118,0.608,14.1,10.3,12.2,2.2,1.8,1.5,15.7,24.0,0.1,0.1,0.2,0.07,-1.5,-2.5,-4.1,-0.1
Rusty LaRue,larueru01,CHI,PG,25,43,732,8.9,0.452,0.41,0.078,1.4,8.0,4.5,16.2,2.5,0.3,13.2,16.6,-0.3,0.5,0.3,0.016,-3.7,0.0,-3.7,-0.3
Ryan Stack,stackry01,CLE,PF,23,18,199,9.7,0.513,0.0,0.541,12.3,9.5,10.9,4.3,0.6,4.5,16.4,13.4,0.2,0.1,0.4,0.086,-3.9,-1.1,-5.0,-0.2
Sam Cassell,cassesa01,"NJN,MIL",PG,29,8,199,23.1,0.552,0.108,0.538,3.0,5.9,4.4,35.1,2.5,0.0,14.8,31.0,0.7,0.1,0.8,0.187,4.5,0.1,4.6,0.3
Sam Jacobson,jacobsa01,LAL,PG,23,2,12,20.6,0.68,0.2,0.4,0.0,28.6,14.6,0.0,0.0,0.0,14.5,25.8,0.0,0.0,0.0,0.185,-4.0,-0.2,-4.2,0.0
Sam Mack,macksa01,"VAN,HOU",SF,28,44,1083,15.4,0.576,0.57,0.151,1.6,8.6,5.1,9.3,1.7,0.3,7.5,19.0,2.6,0.3,2.8,0.126,1.7,-0.8,0.9,0.8
Sam Mitchell,mitchsa01,MIN,SF,35,50,1344,14.1,0.472,0.073,0.316,4.2,11.5,7.6,12.0,1.4,0.9,5.4,20.6,1.9,1.1,3.0,0.108,-0.4,-0.4,-0.9,0.4
Sam Perkins,perkisa01,IND,PF,37,48,789,12.1,0.526,0.45,0.3,5.5,15.1,10.4,5.2,1.1,1.3,8.9,15.1,1.2,0.5,1.7,0.103,0.9,-0.3,0.7,0.5
Samaki Walker,walkesa01,DAL,PF,22,39,568,12.6,0.491,0.005,0.516,9.0,19.3,14.1,1.9,0.9,2.0,13.7,21.8,0.1,0.5,0.6,0.047,-2.9,-1.7,-4.7,-0.4
Scot Pollard,pollasc01,SAC,C,23,16,259,18.0,0.576,0.0,0.377,15.5,17.8,16.7,2.3,1.5,4.4,6.6,12.5,0.7,0.3,1.1,0.2,0.1,0.8,1.0,0.2
Scott Burrell,burresc01,NJN,SF,28,32,706,12.6,0.468,0.346,0.202,4.8,14.4,9.3,10.7,3.0,1.1,9.2,15.6,0.6,0.7,1.4,0.092,-0.7,1.4,0.7,0.5
Scott Williams,willisc01,"PHI,MIL",C,30,7,46,7.3,0.349,0.0,0.412,7.8,28.4,18.3,3.2,3.6,3.5,16.6,24.8,-0.2,0.1,-0.1,-0.054,-9.3,0.1,-9.2,-0.1
Scottie Pippen,pippesc01,HOU,SF,33,50,2011,16.8,0.53,0.351,0.303,3.9,14.2,9.4,24.4,2.6,1.3,18.8,19.7,2.5,2.3,4.9,0.116,1.4,1.1,2.5,2.3
Sean Elliott,elliose01,SAS,SF,30,50,1509,12.6,0.493,0.235,0.276,2.8,12.5,7.9,13.3,0.9,0.8,11.1,19.7,1.3,2.2,3.5,0.113,-0.5,0.3,-0.2,0.7
Sean Marks,marksse01,TOR,PF,23,8,28,7.8,0.619,0.0,0.25,0.0,4.2,2.1,0.0,1.9,0.0,25.3,19.2,0.0,0.0,0.0,-0.036,-4.8,-2.7,-7.5,0.0
Sean Rooks,rooksse01,LAL,C,29,36,315,9.1,0.489,0.025,0.608,12.5,14.1,13.3,4.3,0.3,2.1,17.3,17.3,0.2,0.2,0.3,0.052,-4.6,-2.1,-6.7,-0.4
Shammond Williams,willish01,ATL,PG,23,2,4,33.8,0.543,0.0,4.0,0.0,0.0,0.0,39.2,0.0,0.0,0.0,32.5,0.0,0.0,0.0,0.446,7.0,-0.3,6.8,0.0
Shandon Anderson,andersh01,UTA,SG,25,50,1072,12.8,0.511,0.113,0.344,6.0,8.8,7.5,9.7,2.0,0.7,13.6,21.6,0.7,1.3,2.0,0.088,-1.0,-0.1,-1.2,0.3
Shaquille O'Neal,onealsh01,LAL,C,26,49,1705,30.6,0.584,0.001,0.563,13.1,22.6,18.0,14.4,1.1,3.5,10.0,32.4,7.2,1.9,9.0,0.255,7.5,-0.4,7.1,3.9
Shareef Abdur-Rahim,abdursh01,VAN,SF,22,50,2021,20.7,0.53,0.04,0.492,6.5,15.4,10.9,17.6,1.8,2.0,14.6,28.9,3.7,0.9,4.6,0.108,2.9,-0.9,2.0,2.1
Shawn Bradley,bradlsh01,DAL,C,26,49,1294,19.6,0.527,0.011,0.33,11.2,22.9,17.0,5.2,1.5,8.9,12.3,16.1,2.1,2.2,4.2,0.157,0.0,2.3,2.3,1.4
Shawn Kemp,kempsh01,CLE,PF,29,42,1475,23.6,0.578,0.003,0.677,11.4,22.0,16.8,14.9,1.8,2.5,14.5,28.9,4.2,2.1,6.3,0.205,3.8,0.4,4.2,2.3
Shawn Respert,respesh01,PHO,SG,26,12,99,11.4,0.458,0.361,0.278,2.3,13.2,7.7,13.2,2.7,0.0,11.0,21.2,0.0,0.1,0.1,0.046,-2.4,0.6,-1.8,0.0
Sherman Douglas,douglsh01,LAC,PG,32,30,842,11.5,0.48,0.05,0.397,2.1,6.3,4.1,24.9,1.7,0.3,19.2,17.2,0.2,-0.3,-0.1,-0.004,-1.5,-2.5,-4.1,-0.4
Stacey Augmon,augmost01,POR,SF,30,48,874,13.0,0.501,0.011,0.437,6.4,9.9,8.3,10.6,3.5,1.5,12.6,12.4,1.0,1.6,2.6,0.142,-1.0,3.7,2.7,1.0
Stanley Roberts,roberst01,HOU,C,28,6,33,9.7,0.424,0.0,0.615,15.2,23.2,19.5,0.0,0.0,2.1,19.5,29.3,-0.1,0.0,-0.1,-0.083,-7.1,-5.6,-12.6,-0.1
Stephon Marbury,marbust01,"MIN,NJN",PG,21,49,1895,20.8,0.519,0.223,0.315,2.0,6.6,4.2,44.0,1.6,0.3,14.0,27.2,4.5,0.8,5.3,0.134,4.3,-1.6,2.7,2.2
Steve Henson,hensost01,DET,PG,30,4,25,5.6,0.694,0.0,1.0,0.0,0.0,0.0,18.5,2.2,0.0,51.0,11.2,0.0,0.0,0.0,-0.015,-2.9,-0.6,-3.6,0.0
Steve Kerr,kerrst01,SAS,PG,33,44,734,9.9,0.507,0.46,0.201,1.0,5.5,3.4,10.6,1.7,0.3,10.4,13.4,0.7,0.9,1.6,0.103,-1.6,1.1,-0.5,0.3
Steve Nash,nashst01,DAL,PG,24,40,1269,10.9,0.471,0.417,0.146,2.8,7.3,5.0,27.2,1.6,0.1,19.9,15.1,0.6,0.3,1.0,0.037,-1.0,-1.4,-2.4,-0.1
Steve Smith,smithst01,ATL,SG,29,36,1314,17.9,0.526,0.257,0.417,4.5,8.9,6.7,19.0,1.5,0.6,13.4,26.4,2.7,1.7,4.4,0.162,2.9,0.2,3.1,1.7
Stojko Vranković,vrankst01,LAC,C,35,2,12,10.7,0.25,0.0,0.0,37.2,20.9,29.5,0.0,0.0,0.0,0.0,15.1,0.0,0.0,0.0,0.011,0.4,-9.7,-9.3,0.0
Tariq Abdul-Wahad,abdulta01,SAC,SG,24,49,1205,11.8,0.486,0.052,0.334,6.3,9.9,8.1,6.5,2.1,0.8,13.0,19.0,0.5,0.9,1.4,0.058,-2.5,-0.5,-3.0,-0.3
Terrell Brandon,brandte01,"MIL,MIN",PG,28,36,1217,19.5,0.463,0.093,0.154,2.5,10.6,6.4,44.0,2.8,0.6,12.0,23.0,1.9,1.2,3.2,0.126,2.6,0.6,3.2,1.6
Terry Cummings,cummite01,GSW,PF,37,50,1011,16.2,0.479,0.002,0.269,9.8,17.3,13.5,10.8,2.5,0.7,10.9,23.4,1.1,1.5,2.6,0.122,-0.9,0.8,-0.1,0.4
Terry Davis,daviste01,WAS,C,31,37,578,10.6,0.579,0.0,0.413,9.9,18.4,14.0,2.7,1.0,0.4,12.8,9.9,0.9,0.4,1.4,0.113,-1.7,-0.6,-2.3,0.0
Terry Dehere,deherte01,"SAC,VAN",SG,27,26,291,8.5,0.471,0.459,0.082,2.7,7.0,4.8,16.1,1.3,0.8,15.4,16.3,0.0,0.0,0.0,0.0,-2.3,-2.0,-4.2,-0.2
Terry Mills,millste01,MIA,PF,31,1,29,6.7,0.507,0.5,0.25,13.5,3.9,8.3,0.0,2.0,0.0,25.3,20.3,0.0,0.0,0.0,-0.015,-1.9,-4.9,-6.8,0.0
Terry Porter,portete01,MIA,PG,35,50,1365,16.9,0.603,0.381,0.4,1.2,10.5,6.2,19.6,2.0,0.6,14.5,18.4,3.3,1.7,5.0,0.178,1.9,1.0,2.9,1.7
Theo Ratliff,ratlith01,PHI,PF,25,50,1627,16.9,0.539,0.0,0.547,9.7,19.6,14.5,3.3,1.5,7.3,15.0,17.1,2.1,3.3,5.4,0.159,-0.7,2.0,1.3,1.4
Thurl Bailey,baileth01,UTA,PF,37,43,543,11.5,0.476,0.011,0.194,8.7,12.1,10.6,8.7,0.9,3.9,12.4,19.1,0.2,0.7,0.9,0.083,-2.9,0.3,-2.6,-0.1
Tim Duncan,duncati01,SAS,PF,22,50,1963,23.2,0.541,0.008,0.424,9.7,22.2,16.3,12.1,1.2,4.4,12.7,27.2,4.0,4.7,8.7,0.213,2.7,1.8,4.5,3.2
Tim Hardaway,hardati01,MIA,PG,32,48,1772,18.8,0.511,0.414,0.198,1.1,8.7,5.2,39.6,1.8,0.3,13.8,26.5,3.4,1.9,5.4,0.146,4.2,-0.9,3.3,2.4
Tim Legler,legleti01,WAS,SG,32,30,377,9.1,0.506,0.304,0.052,2.4,10.1,6.2,9.3,0.6,0.6,10.6,16.1,0.2,0.1,0.3,0.04,-1.7,-1.4,-3.2,-0.1
Tim Thomas,thomati01,"PHI,MIL",SF,21,50,812,16.0,0.545,0.244,0.401,7.3,11.3,9.3,10.3,1.8,1.2,12.3,21.7,1.5,0.7,2.2,0.13,1.0,-0.5,0.5,0.5
Toby Bailey,baileto01,PHO,SG,23,27,249,11.3,0.425,0.058,0.151,11.0,14.3,12.6,8.6,1.9,0.6,10.7,19.0,0.0,0.2,0.2,0.041,-2.6,-1.6,-4.2,-0.1
Todd Fuller,fulleto02,UTA,C,24,42,462,9.1,0.486,0.0,0.403,8.0,18.0,13.3,2.3,0.7,2.3,15.6,17.9,-0.1,0.7,0.6,0.059,-4.3,-0.5,-4.8,-0.3
Tom Gugliotta,guglito01,PHO,PF,29,43,1563,20.0,0.545,0.012,0.38,9.6,19.0,14.2,13.6,2.0,1.0,11.6,22.4,3.7,1.7,5.4,0.165,2.0,-0.2,1.8,1.5
Tom Hammonds,hammoto01,MIN,PF,31,49,716,9.4,0.5,0.0,0.419,7.8,13.9,10.6,4.3,0.6,0.7,13.1,15.0,0.5,0.5,1.0,0.065,-3.6,-1.4,-5.0,-0.6
Toni Kukoč,kukocto01,CHI,SF,30,44,1654,18.6,0.49,0.183,0.287,4.4,18.4,11.1,31.8,1.6,0.5,12.5,27.5,1.3,1.5,2.8,0.082,3.3,-0.3,3.0,2.1
Tony Battie,battito01,BOS,C,22,50,1121,15.5,0.541,0.011,0.216,9.4,21.1,15.0,7.7,1.4,4.6,12.7,14.1,1.7,1.6,3.3,0.139,-0.9,1.2,0.2,0.6
Tony Delk,delkto01,GSW,PG,25,36,630,11.6,0.433,0.261,0.281,1.8,7.5,4.6,26.6,1.4,0.7,13.7,23.2,0.0,0.4,0.4,0.029,-0.9,-0.9,-1.8,0.1
Tony Massenburg,masseto01,VAN,PF,31,43,1143,15.9,0.527,0.005,0.399,8.4,18.2,13.2,4.0,1.2,2.5,12.3,20.9,1.3,0.5,1.8,0.076,-1.1,-1.8,-2.9,-0.2
Tracy McGrady,mcgratr01,TOR,SF,19,49,1106,20.6,0.504,0.091,0.408,12.4,16.7,14.6,19.1,2.5,4.5,15.0,21.9,1.8,1.4,3.3,0.143,2.9,1.1,4.1,1.7
Tracy Murray,murratr01,WAS,SF,27,36,653,9.6,0.456,0.435,0.177,3.1,11.5,7.2,6.8,1.7,0.7,10.2,20.1,-0.1,0.4,0.3,0.025,-1.6,-1.0,-2.6,-0.1
Travis Best,besttr01,IND,PG,26,49,1043,14.1,0.507,0.193,0.272,2.2,6.8,4.6,27.3,2.2,0.3,15.4,18.5,1.5,0.6,2.1,0.097,-0.1,-0.1,-0.3,0.5
Travis Knight,knightr01,LAL,C,24,37,525,12.8,0.546,0.008,0.223,7.7,20.5,14.2,9.3,2.1,3.7,19.7,15.3,0.4,0.7,1.1,0.102,-2.9,1.9,-1.1,0.1
Travis Williams,willitr01,CHO,SF,29,8,62,8.8,0.508,0.0,0.308,11.9,23.7,18.1,5.5,1.7,1.2,28.9,15.9,0.0,0.1,0.0,0.029,-5.1,0.2,-4.9,0.0
Trevor Winter,wintetr01,MIN,C,25,1,5,-4.3,,,,20.8,48.5,33.6,0.0,0.0,0.0,,0.0,0.0,0.0,0.0,0.202,-24.4,-0.6,-25.0,0.0
Troy Hudson,hudsotr01,LAC,PG,22,25,524,14.1,0.507,0.313,0.253,3.2,9.6,6.2,29.7,1.1,0.3,18.6,17.7,0.7,-0.2,0.5,0.043,0.9,-3.1,-2.2,0.0
Tyrone Corbin,corbity01,ATL,SF,36,47,1066,11.4,0.475,0.355,0.239,4.1,11.8,8.0,7.8,1.6,0.5,10.4,18.2,0.7,1.5,2.2,0.098,-1.0,0.6,-0.4,0.4
Tyrone Hill,hillty01,"MIL,PHI",PF,30,38,1104,12.3,0.487,0.0,0.56,12.3,18.5,15.4,5.4,1.7,1.2,15.0,16.5,0.7,1.5,2.2,0.095,-2.0,-0.5,-2.5,-0.2
Tyrone Nesby,nesbyty01,LAC,SF,23,50,1288,17.0,0.543,0.237,0.328,4.9,11.5,8.0,11.3,3.2,1.2,10.3,18.2,2.7,0.4,3.1,0.117,1.2,0.5,1.8,1.2
Tyronn Lue,luety01,LAL,PG,21,15,188,11.2,0.505,0.246,0.323,1.3,2.4,1.9,21.6,1.4,0.0,12.9,20.4,0.2,0.0,0.2,0.062,-1.3,-2.3,-3.6,-0.1
Tyson Wheeler,wheelty01,DEN,PG,23,1,3,76.1,1.064,1.0,2.0,0.0,0.0,0.0,100.0,0.0,0.0,0.0,28.4,0.1,0.0,0.1,1.367,42.5,8.5,51.1,0.0
Vernon Maxwell,maxweve01,SAC,SG,33,46,1007,12.6,0.522,0.549,0.271,1.4,7.5,4.5,12.1,1.5,0.2,12.4,22.8,1.1,0.5,1.6,0.074,-0.4,-1.1,-1.5,0.1
Vin Baker,bakervi01,SEA,PF,27,34,1162,12.5,0.461,0.007,0.366,8.4,12.6,10.5,8.7,1.5,2.2,13.0,22.8,-0.2,0.6,0.4,0.016,-2.4,-1.4,-3.9,-0.5
Vince Carter,cartevi01,TOR,SF,22,50,1760,19.6,0.516,0.086,0.35,6.1,12.6,9.3,17.2,1.7,3.3,11.1,25.6,3.6,1.4,5.0,0.136,3.1,-0.4,2.8,2.1
Vinny Del Negro,delnevi01,MIL,PG,32,48,1093,12.3,0.481,0.111,0.185,1.6,9.6,5.6,25.5,1.7,0.2,15.9,15.2,1.0,0.6,1.6,0.07,-0.4,-0.5,-0.9,0.3
Vitaly Potapenko,potapvi01,"CLE,BOS",C,23,50,1394,13.6,0.52,0.002,0.376,9.3,18.6,13.9,9.4,1.3,2.0,17.2,19.1,0.7,1.5,2.2,0.076,-1.6,-0.4,-2.0,0.0
Vlade Divac,divacvl01,SAC,C,30,50,1761,18.0,0.533,0.077,0.458,8.4,21.5,15.0,19.2,1.2,1.8,16.4,19.4,3.1,2.1,5.2,0.142,1.2,0.9,2.2,1.8
Vladimir Stepania,stepavl01,SEA,C,22,23,313,11.3,0.445,0.024,0.32,9.8,17.9,13.8,6.9,1.7,5.5,18.3,25.3,-0.5,0.3,-0.1,-0.022,-6.0,-0.2,-6.2,-0.3
Voshon Lenard,lenarvo01,MIA,SG,25,12,190,12.0,0.489,0.443,0.139,2.7,7.1,5.1,10.3,0.9,0.4,7.7,23.6,0.1,0.2,0.3,0.073,-0.7,-2.9,-3.5,-0.1
Walt Williams,williwa02,POR,SF,28,48,1044,16.3,0.566,0.415,0.308,4.1,11.4,7.9,13.3,1.9,2.0,13.8,20.0,2.1,1.6,3.7,0.169,2.2,1.4,3.6,1.5
Walter McCarty,mccarwa01,BOS,PF,24,32,659,8.9,0.448,0.282,0.322,6.0,13.9,9.8,9.3,1.9,1.4,16.5,16.4,-0.2,0.7,0.5,0.035,-3.7,-0.2,-4.0,-0.3
Wesley Person,persowe01,CLE,SG,27,45,1342,14.4,0.546,0.458,0.121,1.8,11.6,6.7,11.9,1.5,1.0,8.2,18.2,1.6,1.0,2.6,0.094,2.3,-0.3,1.9,1.3
Will Perdue,perduwi01,SAS,C,33,37,445,11.7,0.63,0.0,0.433,8.9,25.0,17.4,6.4,1.1,1.5,23.5,9.8,0.5,1.0,1.5,0.16,-2.6,1.7,-0.9,0.1
William Cunningham,cunniwi01,"TOR,NJN",C,24,16,162,0.5,0.159,0.0,0.111,8.4,10.8,9.6,0.9,0.3,4.9,20.9,6.5,-0.3,0.1,-0.2,-0.054,-8.9,-1.4,-10.3,-0.3
Willie Burton,burtowi01,CHO,SF,30,3,18,0.6,0.228,0.143,0.571,27.4,12.6,19.7,0.0,0.0,0.0,10.2,25.7,-0.1,0.0,-0.1,-0.193,-6.3,-7.9,-14.2,-0.1
Zydrunas Ilgauskas,ilgauzy01,CLE,C,23,5,171,17.5,0.541,0.0,0.526,12.8,20.0,16.4,4.9,1.3,3.3,11.4,22.6,0.3,0.2,0.5,0.134,0.8,-0.8,0.0,0.1
