Player,PlayerID,Tms,Pos,Age,G,MP,PER,TS%,3PAr,FTr,ORB%,DRB%,TRB%,AST%,STL%,BLK%,TOV%,USG%,OWS,DWS,WS,WS/48,OBPM,DBPM,BPM,VORP
Aaron Gordon,gordoaa01,DEN,PF,26,75,2376,15.3,0.602,0.312,0.276,6.1,14.3,10.3,11.6,0.9,1.7,12.5,19.7,3.2,2.0,5.2,0.105,0.5,-1.1,-0.6,0.9
Aaron Henry,henryaa01,PHI,SF,22,6,17,-7.4,0.2,0.2,0.0,0.0,6.5,3.3,0.0,0.0,10.6,28.6,18.5,-0.1,0.0,-0.1,-0.306,-14.0,-2.4,-16.5,-0.1
Aaron Holiday,holidaa01,"WAS,PHO",PG,25,63,1021,12.6,0.544,0.305,0.201,2.6,10.3,6.5,20.7,2.0,0.7,15.4,18.7,0.5,0.9,1.5,0.068,-1.9,0.3,-1.7,0.1
Aaron Nesmith,nesmiaa01,BOS,SF,22,52,574,7.3,0.507,0.632,0.143,2.9,13.6,8.4,5.4,1.7,0.8,13.8,17.2,-0.4,0.9,0.4,0.038,-4.9,0.7,-4.3,-0.3
Aaron Wiggins,wiggiaa01,OKC,SG,23,50,1209,10.3,0.556,0.409,0.252,4.3,11.0,7.6,8.5,1.2,0.8,12.6,15.3,0.5,0.8,1.2,0.048,-3.4,-0.9,-4.3,-0.7
Abdel Nader,naderab01,PHO,SF,28,14,145,4.9,0.431,0.4,0.286,3.0,16.6,10.0,5.9,2.7,2.5,21.8,15.0,-0.3,0.3,0.0,-0.009,-7.1,2.2,-5.0,-0.1
Ade Murkey,murkead01,SAC,SG,24,1,1,0.0,,,,0.0,0.0,0.0,0.0,0.0,0.0,,0.0,0.0,0.0,0.0,-0.017,-7.4,-2.3,-9.7,0.0
Admiral Schofield,schofad01,ORL,SF,24,38,469,7.5,0.538,0.612,0.116,3.8,16.3,10.0,7.9,0.4,1.0,13.4,14.5,-0.1,0.3,0.3,0.027,-4.2,-1.2,-5.4,-0.4
Ahmad Caver,caverah01,IND,PG,25,1,1,76.2,1.0,0.0,0.0,0.0,0.0,0.0,0.0,0.0,0.0,0.0,42.8,0.0,0.0,0.0,1.204,30.2,6.3,36.5,0.0
Al Horford,horfoal01,BOS,C,35,69,2005,16.7,0.574,0.466,0.167,6.0,22.2,14.3,16.4,1.2,4.2,9.6,14.8,3.7,3.8,7.6,0.181,1.4,2.9,4.3,3.2
Alec Burks,burksal01,NYK,SG,30,81,2318,13.7,0.559,0.534,0.363,2.1,16.6,9.2,15.7,1.8,1.1,9.7,17.7,3.2,2.9,6.1,0.126,-0.4,1.2,0.8,1.7
Aleem Ford,fordal03,ORL,SF,24,5,74,0.5,0.35,0.75,0.0,2.8,18.6,10.7,3.8,0.7,0.0,16.7,14.0,-0.2,0.1,-0.2,-0.103,-9.1,-2.2,-11.4,-0.2
Aleksej Pokusevski,pokusal01,OKC,PF,20,61,1233,12.0,0.485,0.432,0.11,6.0,20.8,13.3,16.5,1.5,2.9,16.4,20.0,-1.1,1.5,0.4,0.014,-2.7,0.1,-2.6,-0.2
Alex Caruso,carusal01,CHI,SG,27,41,1147,11.7,0.528,0.492,0.285,3.3,11.2,7.3,18.5,3.0,1.1,16.5,13.3,0.7,1.2,2.0,0.082,-2.2,2.3,0.2,0.6
Alex Len,lenal01,SAC,C,28,39,620,13.1,0.577,0.119,0.358,9.0,19.3,14.1,10.6,1.0,3.5,17.4,17.1,0.4,0.5,0.9,0.07,-3.2,0.3,-2.9,-0.1
Alfonzo McKinnie,mckinal01,CHI,SF,29,17,206,5.6,0.457,0.443,0.131,7.1,10.9,9.0,3.2,0.5,1.3,9.8,15.3,-0.2,0.1,-0.1,-0.015,-5.6,-3.4,-9.0,-0.4
Alize Johnson,johnsal02,"CHI,WAS,NOP",PF,25,23,167,10.7,0.463,0.103,0.308,18.8,22.1,20.4,7.1,1.5,0.0,21.3,14.8,0.0,0.1,0.1,0.041,-3.6,-1.8,-5.5,-0.1
Alperen Şengün,sengual01,HOU,C,19,72,1489,16.0,0.552,0.223,0.442,10.1,18.9,14.5,19.1,1.9,4.1,18.8,22.0,0.8,1.3,2.1,0.068,-1.6,0.6,-1.0,0.4
Amir Coffey,coffeam01,LAC,SG,24,69,1567,13.0,0.598,0.545,0.251,1.8,11.2,6.7,11.4,1.2,0.8,8.0,15.8,2.3,1.5,3.8,0.116,-0.3,0.0,-0.3,0.7
Andre Drummond,drumman01,"PHI,BRK",C,28,73,1437,21.0,0.574,0.007,0.379,18.0,34.1,26.2,13.7,2.7,4.2,18.5,19.0,2.0,3.1,5.1,0.17,-0.1,1.4,1.3,1.2
Andre Iguodala,iguodan01,GSW,SF,38,31,603,12.3,0.478,0.612,0.165,3.9,13.9,9.1,24.7,2.2,3.5,17.7,11.4,0.5,1.1,1.6,0.125,-0.9,3.7,2.7,0.7
Andrew Wiggins,wiggian01,GSW,SF,26,73,2329,15.0,0.56,0.392,0.231,4.1,10.9,7.6,10.8,1.6,2.1,9.0,23.1,1.8,3.4,5.1,0.105,0.3,0.1,0.4,1.4
Anfernee Simons,simonan01,POR,SG,22,57,1681,15.3,0.583,0.555,0.146,1.6,8.5,4.9,22.2,0.9,0.4,11.9,24.8,2.0,-0.1,1.9,0.055,1.9,-2.7,-0.7,0.5
Anthony Davis,davisan02,LAL,C,28,40,1404,23.9,0.578,0.101,0.351,8.1,22.0,15.1,14.7,1.7,5.7,9.3,27.1,2.6,2.0,4.5,0.155,2.6,1.2,3.8,2.0
Anthony Edwards,edwaran01,MIN,SG,20,72,2466,16.5,0.56,0.484,0.225,2.6,12.5,7.5,17.4,2.0,1.8,12.2,26.4,1.8,2.4,4.3,0.084,1.6,-0.4,1.2,2.0
Anthony Gill,gillan01,WAS,PF,29,44,463,14.7,0.682,0.239,0.477,8.0,12.2,10.2,8.3,0.5,2.0,12.0,14.4,1.1,0.2,1.4,0.14,-0.6,-1.3,-1.9,0.0
Anthony Lamb,lamban01,SAS,SF,24,2,8,-0.5,0.0,1.0,0.0,0.0,13.2,6.6,27.9,0.0,0.0,0.0,10.6,0.0,0.0,0.0,-0.138,-6.2,-1.8,-8.0,0.0
Armoni Brooks,brookar01,"HOU,TOR",SG,23,54,844,8.4,0.483,0.862,0.073,2.5,10.9,6.7,10.4,1.6,1.2,8.3,16.4,-0.1,0.4,0.2,0.014,-2.6,-1.3,-3.9,-0.4
Arnoldas Kulboka,kulboar01,CHO,SF,24,2,5,-10.7,0.0,1.0,0.0,0.0,0.0,0.0,0.0,0.0,0.0,0.0,8.5,0.0,0.0,0.0,-0.217,-14.7,-7.1,-21.8,0.0
Austin Reaves,reaveau01,LAL,SG,23,61,1418,11.5,0.6,0.525,0.371,3.4,11.2,7.3,10.3,1.0,1.3,9.8,12.4,2.1,0.8,2.9,0.097,-1.3,-0.6,-1.9,0.0
Austin Rivers,riverau01,DEN,SG,29,67,1480,7.2,0.546,0.66,0.126,1.5,6.9,4.3,8.0,1.7,0.4,12.8,12.6,0.1,1.1,1.2,0.037,-3.5,-0.3,-3.8,-0.7
Avery Bradley,bradlav01,LAL,SG,31,62,1406,7.8,0.55,0.6,0.051,2.4,8.0,5.2,4.5,1.8,0.6,9.6,12.1,0.3,0.9,1.2,0.04,-3.5,-0.1,-3.6,-0.6
Ayo Dosunmu,dosunay01,CHI,SG,22,77,2110,11.2,0.596,0.348,0.146,1.4,9.9,5.7,16.5,1.4,1.2,15.9,14.1,1.7,1.3,3.0,0.069,-1.9,-0.1,-2.0,0.0
B.J. Johnson,johnsbj01,ORL,SF,26,4,65,12.1,0.52,0.4,0.0,9.7,14.7,12.2,0.0,0.0,1.4,0.0,16.7,0.1,0.0,0.1,0.065,-0.7,-3.9,-4.6,0.0
Bam Adebayo,adebaba01,MIA,C,24,56,1825,21.8,0.608,0.008,0.466,8.7,26.1,17.5,17.5,2.2,2.6,14.4,25.0,3.6,3.5,7.2,0.188,1.7,2.1,3.8,2.7
Ben McLemore,mclembe01,POR,SG,28,64,1285,11.7,0.567,0.774,0.163,1.0,8.1,4.4,7.3,1.4,0.8,8.7,21.3,0.7,0.2,0.8,0.031,-0.7,-2.5,-3.2,-0.4
Bismack Biyombo,biyombi01,PHO,C,29,36,506,17.3,0.596,0.0,0.49,13.7,21.5,17.7,6.2,1.1,4.6,12.4,17.1,0.9,0.9,1.8,0.17,-1.7,0.4,-1.3,0.1
Blake Griffin,griffbl01,BRK,PF,32,56,958,13.7,0.518,0.463,0.243,7.0,18.6,13.0,15.0,1.4,1.3,8.2,16.9,1.2,0.9,2.1,0.106,-0.6,0.1,-0.6,0.3
Boban Marjanović,marjabo01,DAL,C,33,23,128,18.5,0.615,0.057,0.314,6.9,27.0,16.9,4.8,0.0,2.1,15.8,33.3,-0.1,0.2,0.1,0.045,-3.2,-1.2,-4.4,-0.1
Bobby Portis,portibo01,MIL,C,26,72,2028,17.7,0.571,0.388,0.13,9.6,24.4,17.2,6.4,1.3,2.4,8.9,21.3,2.9,2.6,5.5,0.131,1.2,-1.0,0.2,1.1
Bogdan Bogdanović,bogdabo01,ATL,SG,29,63,1848,15.4,0.562,0.578,0.145,1.7,13.0,7.4,15.5,1.8,0.7,7.7,21.6,2.5,1.2,3.7,0.095,1.5,-0.2,1.3,1.5
Bojan Bogdanović,bogdabo02,UTA,PF,32,69,2131,15.7,0.599,0.504,0.28,3.1,11.8,7.6,8.7,0.8,0.0,10.2,23.7,3.6,1.6,5.2,0.118,1.6,-1.6,0.0,1.1
Bol Bol,bolbo01,DEN,PF,22,14,81,13.5,0.565,0.148,0.185,5.7,21.4,13.8,9.1,0.6,2.2,12.0,18.0,0.0,0.1,0.1,0.065,-0.5,-0.4,-1.0,0.0
Bones Hyland,hylanbo01,DEN,PG,21,69,1310,14.4,0.558,0.627,0.219,1.2,14.4,8.0,21.2,1.5,1.4,12.1,23.8,1.1,1.3,2.4,0.088,0.3,-0.7,-0.4,0.5
Brad Wanamaker,wanambr01,"IND,WAS",PG,32,23,320,7.5,0.472,0.221,0.325,2.1,11.6,6.8,22.4,1.1,1.6,20.7,14.9,-0.1,0.1,0.0,0.004,-5.3,-0.5,-5.8,-0.3
Bradley Beal,bealbr01,WAS,SG,28,40,1439,17.5,0.539,0.272,0.263,3.0,11.4,7.3,30.8,1.2,0.9,13.6,30.8,0.6,0.7,1.4,0.046,2.0,-1.2,0.8,1.0
Brandon Boston Jr.,bostobr01,LAC,SG,20,51,760,11.2,0.481,0.342,0.222,2.4,12.7,7.7,10.1,1.7,1.5,8.0,22.4,-0.5,0.9,0.4,0.026,-2.9,-0.4,-3.3,-0.3
Brandon Clarke,clarkbr01,MEM,PF,25,64,1246,23.7,0.66,0.049,0.291,11.1,17.8,14.4,10.3,1.5,4.9,6.3,17.7,4.4,1.9,6.3,0.241,3.1,1.1,4.2,2.0
Brandon Goodwin,goodwbr01,CLE,PG,26,36,502,11.8,0.501,0.357,0.247,3.1,11.4,7.4,26.0,2.5,0.2,17.4,18.2,0.1,0.7,0.7,0.069,-2.6,1.1,-1.6,0.1
Brandon Ingram,ingrabr01,NOP,SF,24,55,1869,18.7,0.554,0.23,0.328,2.0,17.3,9.5,27.8,0.9,1.3,11.8,29.3,2.5,1.3,3.9,0.099,2.6,-0.6,2.0,1.9
Brandon Knight,knighbr03,DAL,PG,30,5,65,13.0,0.561,0.68,0.32,0.0,13.7,6.8,18.6,0.8,0.0,12.3,22.5,0.1,0.1,0.1,0.091,-2.7,-1.9,-4.6,0.0
Brandon Williams,willibr03,POR,PG,22,24,640,11.0,0.476,0.376,0.344,3.1,9.8,6.4,23.1,1.8,1.5,15.2,25.9,-0.7,0.2,-0.5,-0.037,-2.6,-3.1,-5.7,-0.6
Braxton Key,keybr01,"PHI,DET",SF,24,11,197,13.7,0.508,0.292,0.181,6.8,21.4,13.7,8.9,2.5,5.0,12.4,19.4,-0.1,0.3,0.2,0.052,-3.8,0.6,-3.3,-0.1
Brodric Thomas,thomabr01,BOS,SG,25,12,60,10.0,0.52,0.5,0.278,3.7,14.1,9.0,26.0,0.8,1.5,22.9,19.2,0.0,0.1,0.1,0.052,-3.6,0.8,-2.8,0.0
Brook Lopez,lopezbr01,MIL,C,33,13,298,16.0,0.57,0.405,0.176,6.9,11.9,9.4,3.0,1.3,4.8,7.8,21.9,0.3,0.3,0.7,0.108,-0.7,-0.7,-1.3,0.1
Bruce Brown,brownbr01,BRK,SF,25,72,1774,15.0,0.575,0.186,0.253,6.3,14.7,10.6,11.5,2.1,2.6,9.1,15.0,2.8,2.0,4.8,0.13,-0.4,1.1,0.7,1.2
Bruno Fernando,fernabr01,"BOS,HOU",C,23,30,152,21.2,0.671,0.036,0.436,13.0,26.6,19.8,7.5,0.3,6.5,17.6,22.4,0.2,0.2,0.4,0.14,-0.4,0.2,-0.1,0.1
Bryn Forbes,forbebr01,"SAS,DEN",SG,28,75,1286,11.5,0.574,0.547,0.161,0.9,6.9,3.9,8.3,0.9,0.3,8.8,21.2,0.8,0.6,1.4,0.054,-0.7,-2.2,-2.9,-0.3
Buddy Hield,hieldbu01,"SAC,IND",SG,29,81,2499,12.9,0.548,0.652,0.116,2.9,12.8,7.8,13.8,1.4,0.9,11.7,22.4,0.8,1.1,1.9,0.036,0.5,-1.7,-1.2,0.5
C.J. Miles,milescj01,BOS,SG,34,1,2,-7.8,,,,0.0,0.0,0.0,0.0,0.0,0.0,,0.0,0.0,0.0,0.0,0.03,-16.3,0.0,-16.3,0.0
CJ Elleby,ellebcj01,POR,SF,21,58,1174,9.2,0.491,0.409,0.273,6.0,15.6,10.6,10.6,1.5,1.6,14.0,14.8,-0.1,0.5,0.4,0.016,-3.8,-1.5,-5.3,-1.0
CJ McCollum,mccolcj01,"POR,NOP",SG,30,62,2145,18.3,0.553,0.403,0.146,2.6,11.5,6.9,26.1,1.6,1.0,9.3,27.5,2.6,1.0,3.6,0.081,3.2,-1.3,1.9,2.1
Cade Cunningham,cunnica01,DET,PG,20,64,2088,13.1,0.504,0.352,0.163,2.9,16.2,9.2,29.1,1.8,1.9,17.5,27.5,-2.4,1.9,-0.5,-0.011,-1.1,-0.5,-1.6,0.2
Caleb Martin,martica02,MIA,SF,26,60,1372,14.8,0.611,0.378,0.227,5.9,13.0,9.5,7.0,2.1,2.3,10.3,16.3,1.9,2.1,4.0,0.139,0.1,0.9,1.1,1.1
Cam Reddish,reddica01,"ATL,NYK",SF,22,49,1012,12.8,0.543,0.451,0.275,2.7,8.6,5.7,7.0,2.3,1.4,11.1,22.2,0.2,0.8,1.0,0.046,-1.0,-0.3,-1.3,0.2
Cam Thomas,thomaca02,BRK,SG,20,67,1176,11.7,0.519,0.346,0.209,1.5,13.1,7.5,9.7,1.4,0.6,9.1,22.1,0.0,0.8,0.8,0.033,-1.9,-1.4,-3.4,-0.4
Cameron Johnson,johnsca02,PHO,PF,25,66,1730,15.2,0.625,0.644,0.188,2.7,14.0,8.5,7.7,1.6,0.8,6.7,17.5,3.2,2.4,5.6,0.156,2.0,0.7,2.7,2.1
Cameron McGriff,mcgrica01,POR,SF,24,3,46,12.5,0.47,0.429,0.143,13.8,22.3,17.9,9.4,0.0,2.1,0.0,14.0,0.1,0.0,0.1,0.097,-1.0,-3.0,-4.0,0.0
Cameron Oliver,oliveca01,ATL,SF,25,2,43,21.4,0.705,0.2,0.2,5.1,10.1,7.6,11.1,1.1,2.1,0.0,16.6,0.2,0.0,0.2,0.219,2.3,-0.6,1.7,0.0
Cameron Payne,payneca01,PHO,PG,27,58,1278,13.8,0.5,0.359,0.152,2.1,12.3,7.3,30.7,1.5,1.2,14.1,24.6,0.2,1.8,1.9,0.073,-0.4,0.4,0.0,0.7
Caris LeVert,leverca01,"IND,CLE",SG,27,58,1781,15.1,0.525,0.3,0.226,2.7,10.7,6.7,22.0,1.4,1.1,10.3,25.4,1.2,1.0,2.2,0.059,0.0,-1.2,-1.2,0.4
Carlik Jones,jonesca03,"DAL,DEN",PG,24,5,23,-1.8,0.202,0.111,0.222,4.8,9.7,7.3,26.7,2.2,0.0,23.3,25.1,-0.2,0.0,-0.1,-0.285,-11.3,-4.2,-15.5,-0.1
Carmelo Anthony,anthoca01,LAL,PF,37,69,1793,14.8,0.579,0.549,0.22,3.7,13.5,8.6,5.6,1.3,2.6,6.9,20.4,2.2,1.4,3.6,0.097,0.4,-0.8,-0.5,0.7
Carsen Edwards,edwarca01,DET,SG,23,4,79,5.5,0.378,0.533,0.033,2.6,5.8,4.1,26.2,1.2,0.0,14.1,19.2,-0.1,0.0,-0.1,-0.075,-6.0,-3.4,-9.3,-0.1
Cassius Stanley,stanlca01,DET,SG,22,9,155,8.0,0.516,0.37,0.217,3.3,10.3,6.6,3.9,1.6,1.2,10.6,15.6,0.0,0.1,0.1,0.021,-4.9,-1.0,-5.8,-0.2
Cassius Winston,winstca01,WAS,PG,23,7,39,6.0,0.549,0.545,0.364,0.0,2.8,1.4,24.4,0.0,0.0,19.0,18.0,0.0,0.0,0.0,0.015,-5.9,-3.5,-9.3,-0.1
Cat Barber,barbeca01,ATL,PG,27,3,13,-11.2,0.0,0.0,1.0,8.5,16.7,12.6,26.7,0.0,0.0,14.8,22.7,-0.1,0.0,-0.1,-0.45,-15.8,-7.6,-23.5,-0.1
Cedi Osman,osmande01,CLE,SF,26,66,1462,13.3,0.563,0.628,0.229,1.9,9.0,5.5,14.1,1.8,0.6,9.6,21.1,1.3,1.6,2.9,0.094,-0.3,0.5,0.2,0.8
Chandler Hutchison,hutchch01,PHO,SF,25,6,22,1.0,0.694,0.0,1.0,0.0,23.8,12.2,10.5,0.0,0.0,58.1,13.5,-0.1,0.0,0.0,-0.086,-8.0,-0.5,-8.5,0.0
Charles Bassey,bassech01,PHI,PF,21,23,168,21.5,0.66,0.085,0.255,14.9,26.1,20.6,6.5,1.5,9.1,13.3,16.1,0.4,0.3,0.8,0.22,-0.3,2.2,1.9,0.2
Charlie Brown Jr.,brownch02,"DAL,PHI",SG,24,22,177,6.5,0.346,0.308,0.256,9.0,11.2,10.1,4.5,2.8,2.0,10.3,12.3,-0.2,0.2,0.0,0.012,-5.2,0.4,-4.8,-0.1
Chaundee Brown Jr.,brownch05,"LAL,ATL",SG,23,5,104,6.4,0.447,0.563,0.188,1.1,15.7,8.4,5.1,0.9,0.0,2.8,14.9,0.0,0.0,0.0,0.002,-4.3,-2.4,-6.6,-0.1
Cheick Diallo,diallch01,DET,C,25,3,31,12.3,0.517,0.0,0.75,13.3,29.4,20.9,0.0,1.6,0.0,8.6,16.1,0.0,0.0,0.1,0.108,-4.2,-3.3,-7.5,0.0
Chimezie Metu,metuch01,SAC,C,24,60,1279,13.4,0.546,0.414,0.203,2.9,25.9,14.3,6.9,1.9,2.2,11.1,18.5,0.1,1.4,1.5,0.056,-1.6,0.1,-1.5,0.2
Chris Boucher,bouchch01,TOR,PF,29,80,1690,17.9,0.57,0.397,0.334,10.9,21.3,15.8,2.2,1.4,4.3,6.0,17.8,3.5,2.4,6.0,0.169,0.5,-0.4,0.0,0.9
Chris Chiozza,chiozch01,GSW,PG,26,34,372,4.4,0.407,0.654,0.037,2.7,7.7,5.3,22.5,1.7,0.0,28.0,13.4,-0.5,0.5,0.0,-0.004,-5.7,-0.2,-6.0,-0.4
Chris Duarte,duartch01,IND,SG,24,55,1541,12.3,0.537,0.411,0.18,2.9,13.6,8.2,10.9,1.8,0.6,11.8,21.1,0.2,0.7,0.9,0.029,-1.2,-1.1,-2.3,-0.1
Chris Paul,paulch01,PHO,PG,36,65,2139,20.8,0.581,0.27,0.274,1.1,12.8,7.1,44.5,2.7,0.8,15.6,19.7,5.8,3.6,9.4,0.21,3.1,2.3,5.4,4.0
Chris Silva,silvach01,"MIN,MIA",PF,25,10,91,11.6,0.641,0.0,0.8,16.5,28.2,22.4,10.6,0.0,1.2,28.3,13.8,0.1,0.1,0.3,0.137,-5.0,0.1,-4.9,-0.1
Christian Wood,woodch01,HOU,C,26,68,2094,19.1,0.595,0.383,0.378,5.7,30.4,18.0,12.2,1.2,2.8,11.0,23.3,2.9,2.0,4.9,0.112,2.1,-0.4,1.6,1.9
Chuma Okeke,okekech01,ORL,PF,23,70,1749,12.0,0.501,0.645,0.113,2.8,18.2,10.5,10.1,2.7,2.2,8.6,16.4,-0.3,2.5,2.2,0.06,-1.6,1.5,-0.1,0.8
Clint Capela,capelca01,ATL,C,27,74,2042,21.4,0.604,0.002,0.28,15.0,31.9,23.5,6.6,1.3,4.1,6.1,15.5,5.6,2.7,8.3,0.195,2.2,-0.1,2.0,2.1
Coby White,whiteco01,CHI,PG,21,61,1675,12.6,0.564,0.548,0.141,1.1,11.0,6.1,15.0,0.8,0.6,9.3,19.8,1.6,0.8,2.4,0.067,-0.4,-1.7,-2.1,0.0
Cody Martin,martico01,CHO,SF,26,71,1866,12.7,0.579,0.376,0.253,4.6,11.7,8.1,12.4,2.3,1.6,11.5,12.1,2.4,1.5,3.9,0.101,-1.2,0.7,-0.5,0.7
Cody Zeller,zelleco01,POR,C,29,27,355,17.2,0.627,0.044,0.544,14.9,24.1,19.3,9.4,1.1,1.7,14.6,15.9,0.9,0.2,1.1,0.143,-1.2,-1.0,-2.2,0.0
Cole Anthony,anthoco01,ORL,PG,21,65,2059,13.5,0.519,0.429,0.277,1.6,16.2,8.9,28.9,1.1,0.8,14.2,25.1,-0.1,1.7,1.6,0.038,-0.6,-0.6,-1.2,0.4
Collin Sexton,sextoco01,CLE,SG,23,11,316,11.2,0.523,0.298,0.258,4.6,7.9,6.3,11.9,1.6,0.0,15.6,27.9,-0.4,0.3,-0.1,-0.009,-3.5,-0.6,-4.1,-0.2
Corey Kispert,kispeco01,WAS,SF,22,77,1801,10.9,0.586,0.623,0.121,3.3,9.4,6.4,6.7,1.0,1.0,8.5,14.6,1.6,0.7,2.3,0.061,-0.8,-1.5,-2.3,-0.1
Cory Joseph,josepco01,DET,PG,30,65,1600,11.4,0.579,0.393,0.283,1.9,10.3,5.9,21.8,1.3,1.0,15.9,14.3,1.7,0.8,2.5,0.075,-2.0,-0.1,-2.1,0.0
Craig Sword,swordcr01,WAS,SG,28,3,19,14.2,0.75,0.25,0.0,0.0,0.0,0.0,7.7,10.4,0.0,20.0,11.7,0.0,0.0,0.1,0.158,-8.6,10.0,1.4,0.0
D'Angelo Russell,russeda01,MIN,PG,25,65,2077,16.3,0.544,0.531,0.246,1.3,10.1,5.6,33.1,1.4,1.0,13.2,25.1,2.9,1.5,4.4,0.101,2.2,-1.5,0.8,1.4
D.J. Augustin,augusdj01,"HOU,LAL",PG,34,55,883,9.7,0.61,0.739,0.194,1.4,7.0,4.2,16.8,0.9,0.1,18.9,14.3,0.7,0.1,0.8,0.043,-1.2,-2.4,-3.6,-0.4
D.J. Wilson,wilsodj01,TOR,PF,25,4,54,27.9,0.773,0.133,0.667,1.9,31.8,16.1,14.6,4.6,1.8,9.3,17.0,0.2,0.1,0.4,0.328,1.8,3.2,5.0,0.1
DaQuan Jeffries,jeffrda01,MEM,SG,24,3,9,8.4,0.5,0.5,0.0,0.0,23.8,11.6,14.0,0.0,0.0,0.0,9.1,0.0,0.0,0.0,0.099,-5.8,0.9,-4.9,0.0
Daishen Nix,nixda01,HOU,SG,19,24,261,8.1,0.48,0.388,0.448,2.9,11.0,6.9,21.5,2.7,0.0,24.5,17.3,-0.3,0.1,-0.2,-0.033,-5.4,-1.0,-6.4,-0.3
Dakota Mathias,mathida01,MEM,SG,26,6,16,11.0,0.5,1.0,0.0,0.0,13.4,6.5,8.0,3.0,0.0,0.0,15.4,0.0,0.0,0.0,0.114,-1.4,1.7,0.3,0.0
Dalano Banton,bantoda01,TOR,SF,22,64,696,10.0,0.463,0.252,0.218,5.6,14.1,9.7,19.8,2.0,1.4,19.3,16.9,-0.4,0.8,0.4,0.03,-3.4,0.4,-3.0,-0.2
Damian Jones,jonesda03,SAC,C,26,56,1017,18.3,0.701,0.109,0.492,7.9,18.5,13.2,10.2,1.2,4.0,15.4,16.2,2.4,0.9,3.3,0.156,-0.2,0.5,0.3,0.6
Damian Lillard,lillada01,POR,PG,31,29,1056,18.5,0.55,0.514,0.328,1.3,11.6,6.2,34.0,0.8,1.0,11.6,29.3,1.7,0.1,1.7,0.079,4.0,-2.7,1.3,0.9
Damion Lee,leeda03,GSW,SG,29,63,1256,10.9,0.561,0.488,0.196,2.4,14.9,8.8,7.1,1.5,0.5,8.4,15.8,0.9,1.8,2.7,0.102,-2.4,0.4,-2.0,0.0
Damyean Dotson,dotsoda01,NYK,SG,27,2,21,6.4,0.5,0.25,0.0,0.0,10.4,5.1,6.9,0.0,0.0,0.0,8.3,0.0,0.0,0.0,0.045,-3.7,-1.2,-4.9,0.0
Daniel Gafford,gaffoda01,WAS,C,23,72,1444,21.8,0.708,0.002,0.372,12.1,19.0,15.6,7.3,1.0,5.8,12.0,16.7,4.4,1.6,6.0,0.198,1.1,0.5,1.6,1.3
Daniel Oturu,oturuda01,TOR,C,22,3,27,13.4,0.549,0.167,0.833,3.8,17.0,10.0,0.0,0.0,7.2,0.0,13.0,0.0,0.0,0.1,0.121,-2.7,-2.6,-5.3,0.0
Daniel Theis,theisda01,"HOU,BOS",C,29,47,977,13.2,0.595,0.368,0.247,6.6,18.8,12.7,6.3,1.0,2.9,12.5,16.2,0.9,1.0,1.9,0.093,-1.9,-0.2,-2.1,0.0
Danilo Gallinari,gallida01,ATL,PF,33,66,1672,14.3,0.579,0.492,0.261,2.3,17.8,10.1,8.5,0.8,0.6,5.4,18.4,2.8,0.8,3.6,0.105,1.0,-1.2,-0.2,0.8
Danny Green,greenda02,PHI,SF,34,62,1353,9.5,0.561,0.847,0.044,2.7,10.1,6.5,6.5,2.2,2.5,12.1,12.3,0.3,1.6,1.9,0.067,-1.4,0.8,-0.5,0.5
Danuel House Jr.,houseda01,"HOU,NYK,UTA",SF,28,42,727,10.6,0.555,0.591,0.293,2.8,13.8,8.4,8.4,1.4,2.1,12.9,15.2,0.4,0.7,1.0,0.068,-1.3,0.2,-1.1,0.2
Darius Bazley,bazleda01,OKC,PF,21,69,1924,12.6,0.515,0.414,0.262,3.7,19.8,11.6,7.7,1.5,3.4,11.1,18.3,-0.5,2.2,1.8,0.044,-2.1,0.3,-1.8,0.1
Darius Garland,garlada01,CLE,PG,22,68,2430,19.0,0.576,0.387,0.205,1.8,8.2,5.1,39.9,1.8,0.3,16.2,27.8,3.8,2.5,6.3,0.125,3.4,-0.8,2.6,2.8
Darren Collison,collida01,LAL,PG,34,3,37,-0.2,0.286,0.429,0.0,0.0,11.6,5.8,6.8,1.3,0.0,12.5,9.3,-0.1,0.0,-0.1,-0.07,-10.0,-0.9,-10.9,-0.1
David Duke Jr.,dukeda01,BRK,PG,22,22,341,10.0,0.444,0.343,0.194,9.8,11.5,10.7,6.6,2.0,1.8,7.1,15.9,0.0,0.3,0.3,0.048,-3.0,-0.9,-3.9,-0.2
David Johnson,johnsda08,TOR,SG,20,2,2,-20.0,0.0,1.0,0.0,0.0,0.0,0.0,0.0,0.0,0.0,0.0,21.4,0.0,0.0,0.0,-0.495,-19.1,-8.7,-27.8,0.0
David Nwaba,nwabada01,HOU,SF,29,46,609,15.3,0.567,0.278,0.381,7.4,20.0,13.6,8.5,2.2,2.9,9.3,15.8,0.8,0.5,1.3,0.105,-0.6,0.0,-0.6,0.2
Davion Mitchell,mitchda01,SAC,PG,23,75,2076,10.8,0.489,0.38,0.101,1.7,7.0,4.4,22.5,1.3,1.0,11.5,20.6,-0.5,0.6,0.1,0.003,-2.1,-1.7,-3.8,-0.9
Davon Reed,reedda01,DEN,SG,26,48,668,12.2,0.624,0.534,0.093,2.4,15.2,9.0,10.7,1.8,1.2,8.7,12.1,0.9,0.7,1.6,0.117,-0.6,0.3,-0.3,0.3
Day'Ron Sharpe,sharpda01,BRK,PF,20,32,391,20.7,0.593,0.047,0.275,23.2,21.4,22.3,6.7,1.2,3.4,15.2,21.7,0.8,0.5,1.2,0.152,-0.3,-2.5,-2.8,-0.1
De'Aaron Fox,foxde01,SAC,PG,24,59,2083,17.4,0.549,0.228,0.319,1.3,10.9,6.0,26.8,1.6,1.0,11.9,29.1,1.5,1.0,2.5,0.058,0.6,-1.2,-0.6,0.7
De'Andre Hunter,huntede01,ATL,SF,24,53,1577,10.6,0.547,0.339,0.289,1.8,10.4,6.1,6.1,1.1,1.2,9.6,19.9,0.4,0.7,1.1,0.034,-2.4,-1.5,-3.9,-0.8
De'Anthony Melton,meltode01,MEM,SG,23,73,1657,15.2,0.529,0.535,0.173,4.0,17.1,10.4,16.0,3.0,2.1,13.0,21.3,0.9,2.8,3.7,0.107,0.3,1.6,1.9,1.6
DeAndre Jordan,jordade01,"LAL,PHI",C,33,48,622,17.2,0.641,0.0,0.28,14.7,31.4,23.1,4.9,0.9,5.0,18.7,13.9,0.9,1.0,1.9,0.145,-1.5,0.1,-1.4,0.1
DeAndre' Bembry,bembrde01,"BRK,MIL",SF,27,56,1026,11.9,0.601,0.163,0.158,4.6,12.5,8.6,8.6,2.3,2.2,11.6,11.2,1.1,1.1,2.2,0.104,-2.2,1.5,-0.7,0.3
DeJon Jarreau,jarrede01,IND,SG,24,1,1,0.0,,,,0.0,0.0,0.0,0.0,0.0,0.0,,0.0,0.0,0.0,0.0,-0.022,-6.5,-1.5,-8.0,0.0
DeMar DeRozan,derozde01,CHI,PF,32,76,2743,23.1,0.59,0.093,0.386,2.3,13.7,8.0,23.3,1.2,0.8,9.2,31.8,7.0,1.8,8.8,0.154,3.4,-0.9,2.5,3.1
DeMarcus Cousins,couside01,"MIL,DEN",C,31,48,718,18.2,0.567,0.377,0.386,11.7,29.1,20.6,15.2,2.4,2.7,18.3,28.1,0.3,1.3,1.6,0.104,-1.8,0.2,-1.6,0.1
Dean Wade,wadede01,CLE,PF,25,51,980,10.1,0.584,0.654,0.138,3.6,13.1,8.5,7.3,1.5,0.6,6.5,11.1,1.1,1.1,2.3,0.111,-1.9,1.3,-0.6,0.4
Deandre Ayton,aytonde01,PHO,C,23,58,1713,21.9,0.656,0.027,0.204,9.6,27.1,18.6,7.6,1.1,2.1,10.7,21.4,4.1,3.1,7.3,0.203,2.2,0.6,2.8,2.1
Deividas Sirvydis,sirvyde01,DET,SG,21,3,27,0.1,0.15,0.7,0.0,0.0,25.3,12.0,4.9,5.4,3.3,0.0,15.9,-0.1,0.1,-0.1,-0.139,-10.8,2.2,-8.7,0.0
Dejounte Murray,murrade01,SAS,PG,25,68,2366,22.3,0.533,0.237,0.199,3.5,21.6,12.5,40.6,2.8,0.8,11.8,27.3,3.9,3.4,7.3,0.149,3.7,1.7,5.4,4.4
Delon Wright,wrighde01,ATL,SG,29,77,1452,13.8,0.576,0.431,0.234,3.8,12.7,8.3,16.6,3.1,1.2,13.2,10.3,2.2,1.5,3.6,0.121,-0.2,2.4,2.2,1.6
Deni Avdija,avdijde01,WAS,SF,21,82,1984,11.6,0.536,0.447,0.235,3.0,20.5,11.9,11.8,1.5,1.9,12.0,16.3,0.6,1.8,2.4,0.058,-2.1,0.4,-1.7,0.1
Dennis Schröder,schrode01,"BOS,HOU",SG,28,64,1837,13.0,0.539,0.345,0.254,2.0,10.5,6.3,24.2,1.4,0.4,15.1,22.6,1.0,1.9,2.9,0.076,-1.5,-0.4,-1.9,0.0
Dennis Smith Jr.,smithde03,POR,PG,24,37,638,13.2,0.474,0.143,0.339,3.3,12.2,7.6,30.5,3.4,1.9,19.0,18.2,-0.1,0.5,0.4,0.031,-2.8,1.2,-1.7,0.1
Denzel Valentine,valende01,"CLE,UTA",SG,28,24,222,8.1,0.523,0.712,0.0,4.6,16.1,10.4,7.0,1.8,0.0,15.4,15.5,-0.1,0.3,0.2,0.039,-3.1,0.4,-2.7,0.0
Derrick Favors,favorde01,OKC,C,30,39,653,13.6,0.534,0.088,0.137,9.0,20.2,14.5,5.9,1.3,1.7,4.5,13.4,0.8,0.7,1.4,0.105,-2.3,0.3,-2.1,0.0
Derrick Jones Jr.,jonesde02,CHI,PF,24,51,899,13.0,0.633,0.313,0.359,7.6,13.6,10.6,4.4,1.4,3.2,11.7,12.5,1.4,0.8,2.2,0.119,-1.5,0.5,-0.9,0.2
Derrick Rose,rosede01,NYK,PG,33,26,636,16.9,0.541,0.336,0.113,3.5,9.8,6.6,27.5,1.7,1.9,11.9,22.5,0.8,0.7,1.4,0.108,2.3,0.0,2.3,0.7
Derrick Walton,waltode01,DET,PG,26,3,108,5.9,0.342,0.5,0.154,1.9,8.4,5.0,26.4,3.2,3.3,28.4,15.4,-0.3,0.1,-0.2,-0.071,-5.3,1.0,-4.3,-0.1
Derrick White,whitede01,"SAS,BOS",SG,27,75,2199,14.8,0.549,0.461,0.294,1.8,10.7,6.3,22.9,1.4,2.3,11.6,19.9,2.8,2.3,5.1,0.111,0.4,0.6,0.9,1.6
Desmond Bane,banede01,MEM,SF,23,76,2266,17.6,0.592,0.475,0.141,2.1,13.6,7.7,13.5,1.9,1.1,8.7,23.1,4.5,2.7,7.2,0.153,2.5,0.3,2.7,2.7
Devin Booker,bookede01,PHO,SG,25,68,2345,21.3,0.576,0.336,0.255,2.1,13.2,7.8,22.4,1.6,1.0,9.3,32.0,4.3,3.3,7.6,0.156,3.9,0.2,4.1,3.6
Devin Cannady,cannade01,ORL,PG,25,5,145,8.6,0.531,0.841,0.159,0.7,3.7,2.2,10.0,1.7,1.9,9.6,15.5,0.0,0.1,0.1,0.033,-2.8,-0.4,-3.2,0.0
Devin Vassell,vassede01,SAS,SF,21,71,1937,13.3,0.54,0.497,0.13,2.4,14.3,8.3,9.7,1.9,1.8,6.7,18.9,1.3,2.0,3.3,0.082,-0.5,0.0,-0.5,0.7
Devon Dotson,dotsode01,CHI,PG,22,11,85,9.8,0.538,0.391,0.391,1.3,10.5,6.0,23.9,0.6,0.0,15.6,16.6,0.1,0.0,0.1,0.048,-3.4,-1.5,-4.9,-0.1
Devontae Cacok,cacokde01,SAS,PF,25,15,121,20.2,0.675,0.0,0.226,6.9,29.7,18.2,6.9,3.2,4.9,8.1,12.9,0.3,0.3,0.5,0.206,0.7,3.5,4.2,0.2
Devonte' Graham,grahade01,NOP,PG,26,76,2162,12.1,0.514,0.691,0.172,1.9,7.3,4.5,21.0,1.6,0.5,10.7,19.5,1.6,1.2,2.8,0.062,0.2,-1.2,-1.0,0.5
Dewayne Dedmon,dedmode01,MIA,C,32,67,1065,15.9,0.632,0.162,0.345,11.4,29.4,20.6,6.7,1.1,4.2,17.3,16.9,1.5,2.0,3.5,0.157,-2.2,1.1,-1.0,0.3
Didi Louzada,louzama01,"NOP,POR",SG,22,9,129,6.4,0.517,0.697,0.061,4.1,10.6,7.2,5.3,0.8,1.5,12.9,13.0,0.0,0.0,0.0,-0.005,-4.1,-3.4,-7.5,-0.2
Dillon Brooks,brookdi01,MEM,SF,26,32,885,15.5,0.515,0.283,0.202,3.4,8.8,6.0,15.4,1.9,0.8,8.0,28.8,0.7,0.9,1.6,0.087,-1.0,-0.8,-1.8,0.0
Domantas Sabonis,sabondo01,"IND,SAC",C,25,62,2136,21.9,0.637,0.162,0.429,10.3,29.0,19.5,23.6,1.3,1.1,17.5,22.3,5.3,1.8,7.1,0.159,3.2,0.9,4.1,3.2
Donovan Mitchell,mitchdo01,UTA,SG,25,67,2266,21.6,0.572,0.475,0.227,2.7,10.6,6.8,27.7,2.2,0.5,11.7,32.9,4.7,2.5,7.2,0.152,4.6,-0.3,4.3,3.6
Donte DiVincenzo,divindo01,"MIL,SAC",SG,25,42,1006,11.3,0.51,0.649,0.247,4.3,14.0,9.1,16.1,2.3,0.7,16.2,18.9,-0.1,0.9,0.7,0.035,-1.8,-0.5,-2.3,-0.1
Dorian Finney-Smith,finnedo01,DAL,PF,28,80,2644,12.5,0.604,0.629,0.12,5.1,10.7,7.9,8.2,1.7,1.3,9.9,13.8,3.4,3.2,6.6,0.121,0.1,0.7,0.8,1.9
Doug McDermott,mcderdo01,SAS,PF,30,51,1223,11.4,0.593,0.551,0.11,1.5,8.4,4.9,7.3,0.5,0.4,8.1,18.3,1.1,0.5,1.6,0.062,-0.4,-2.1,-2.5,-0.1
Draymond Green,greendr01,GSW,PF,31,46,1329,14.3,0.582,0.21,0.354,3.8,23.2,13.8,32.5,2.2,3.6,31.9,14.3,0.8,2.8,3.6,0.131,-1.4,4.6,3.2,1.8
Drew Eubanks,eubandr01,"SAS,POR",C,24,71,1245,18.0,0.638,0.062,0.35,11.0,22.2,16.5,10.1,1.2,2.8,15.9,17.5,2.2,1.1,3.4,0.13,-0.5,-0.9,-1.4,0.2
Duane Washington Jr.,washidu02,IND,PG,21,48,968,10.2,0.521,0.504,0.143,0.5,9.3,4.8,13.0,1.3,0.3,11.2,22.6,-0.2,0.2,0.0,-0.002,-1.9,-2.8,-4.8,-0.7
Duncan Robinson,robindu01,MIA,SG,27,79,2043,10.6,0.573,0.86,0.084,1.4,9.8,5.6,9.3,1.0,0.7,7.4,17.7,1.9,2.0,3.9,0.092,-0.3,-0.3,-0.6,0.7
Dwight Howard,howardw01,LAL,C,36,60,971,18.2,0.657,0.068,0.667,13.1,26.3,19.7,5.0,1.7,3.3,14.2,14.6,2.2,1.3,3.5,0.174,-0.2,0.0,-0.2,0.4
Dwight Powell,poweldw01,DAL,C,30,82,1798,18.1,0.725,0.092,0.529,10.7,14.3,12.5,8.1,1.0,2.0,11.5,14.0,6.0,2.2,8.2,0.219,0.4,0.5,0.9,1.3
Dylan Windler,windldy01,CLE,SF,25,50,459,8.8,0.519,0.714,0.184,5.2,16.0,10.7,10.0,1.5,0.6,13.1,11.8,0.2,0.6,0.8,0.084,-2.9,1.2,-1.7,0.0
Dāvis Bertāns,bertada01,"WAS,DAL",PF,29,56,807,9.4,0.531,0.836,0.145,1.7,14.3,8.0,5.5,1.0,1.3,6.1,17.3,0.2,0.7,0.9,0.053,-1.7,-0.9,-2.6,-0.1
Ed Davis,davised01,CLE,C,32,31,201,9.3,0.632,0.0,0.875,7.9,26.9,17.6,4.5,0.7,4.0,18.4,6.0,0.2,0.3,0.5,0.126,-4.2,2.5,-1.8,0.0
Elfrid Payton,paytoel01,PHO,PG,27,50,549,7.9,0.397,0.103,0.183,4.2,12.8,8.6,23.0,2.2,1.0,19.9,18.5,-1.0,0.8,-0.2,-0.014,-4.6,1.2,-3.5,-0.2
Elijah Hughes,hugheel01,"UTA,POR",SG,23,36,434,5.4,0.426,0.66,0.063,1.5,13.4,7.3,7.2,1.6,1.8,10.3,16.5,-0.6,0.3,-0.4,-0.043,-5.2,-1.7,-6.9,-0.5
Emanuel Terry,terryem01,PHO,PF,25,3,18,-0.1,0.0,0.0,0.0,48.9,40.6,44.7,12.2,2.7,0.0,50.0,23.9,-0.1,0.0,-0.1,-0.256,-13.0,-5.3,-18.3,-0.1
Emmanuel Mudiay,mudiaem01,SAC,PG,25,2,11,12.3,0.399,0.0,2.0,0.0,0.0,0.0,43.4,4.4,0.0,21.0,18.6,0.0,0.0,0.0,0.023,-2.7,1.5,-1.2,0.0
Enes Freedom,kanteen01,BOS,C,29,35,411,15.0,0.585,0.052,0.289,16.5,25.4,21.0,2.7,0.6,3.1,15.5,13.9,0.6,0.7,1.4,0.16,-1.2,-0.2,-1.4,0.1
Eric Bledsoe,bledser01,LAC,PG,32,54,1361,12.5,0.514,0.348,0.25,2.2,11.6,7.1,24.1,2.5,1.2,18.3,20.5,-0.5,1.8,1.3,0.047,-2.1,1.3,-0.8,0.4
Eric Gordon,gordoer01,HOU,SG,33,57,1669,12.1,0.614,0.534,0.239,1.0,6.5,3.7,14.1,0.8,1.0,14.6,18.6,1.5,-0.1,1.4,0.04,-0.1,-2.2,-2.3,-0.1
Eric Paschall,pascher01,UTA,PF,25,58,736,13.9,0.612,0.46,0.366,4.6,10.9,7.9,7.1,0.6,0.6,9.0,17.7,1.4,0.5,2.0,0.128,0.5,-1.0,-0.5,0.3
Eugene Omoruyi,omorueu01,DAL,SF,24,4,18,17.0,0.518,0.4,0.8,12.3,30.9,21.6,15.8,0.0,0.0,0.0,16.9,0.1,0.0,0.1,0.201,3.3,0.7,4.0,0.0
Evan Fournier,fournev01,NYK,SG,29,80,2358,12.3,0.554,0.641,0.117,1.5,8.2,4.8,11.9,1.7,0.8,9.4,20.8,1.5,2.2,3.7,0.075,-0.4,-0.3,-0.7,0.7
Evan Mobley,mobleev01,CLE,PF,20,69,2331,16.1,0.549,0.111,0.304,6.9,19.8,13.5,11.6,1.2,4.4,12.4,20.4,1.5,3.7,5.2,0.107,-0.9,1.5,0.6,1.5
Facundo Campazzo,campafa01,DEN,PG,30,65,1184,11.1,0.503,0.652,0.264,2.2,8.6,5.5,24.1,2.6,1.8,16.9,14.7,0.6,1.3,2.0,0.081,-2.1,1.3,-0.8,0.4
Feron Hunt,huntfe01,NYK,SF,22,2,8,-3.0,0.0,0.0,0.0,13.2,0.0,6.7,16.0,6.3,0.0,33.3,16.4,-0.1,0.0,0.0,-0.234,-12.3,1.0,-11.3,0.0
Frank Jackson,jacksfr01,DET,PG,23,53,1164,10.6,0.53,0.578,0.215,1.7,6.7,4.0,7.6,1.1,0.7,6.7,20.9,0.3,0.4,0.7,0.031,-1.8,-1.7,-3.5,-0.4
Frank Kaminsky,kaminfr01,PHO,C,28,9,181,21.3,0.635,0.227,0.303,6.7,17.3,12.1,10.1,2.1,3.4,6.3,19.0,0.5,0.3,0.9,0.228,2.4,2.5,4.9,0.3
Frank Ntilikina,ntilila01,DAL,PG,23,58,685,10.4,0.513,0.498,0.112,1.9,10.9,6.4,14.7,2.0,0.9,11.7,17.4,0.1,0.9,0.9,0.065,-2.9,0.9,-2.0,0.0
Franz Wagner,wagnefr01,ORL,SF,20,79,2429,14.7,0.559,0.278,0.225,3.6,11.9,7.7,15.7,1.4,1.3,10.0,21.2,2.1,1.9,4.0,0.079,-0.4,-0.3,-0.7,0.8
Fred VanVleet,vanvlfr01,TOR,PG,27,65,2462,17.3,0.552,0.585,0.202,1.8,11.4,6.4,26.7,2.3,1.4,12.5,23.7,3.9,2.8,6.7,0.131,3.1,0.5,3.6,3.5
Freddie Gillespie,gillefr01,ORL,PF,24,9,119,9.5,0.419,0.045,0.318,11.5,20.5,16.0,5.9,1.2,6.9,16.6,10.9,-0.1,0.2,0.1,0.049,-5.6,1.0,-4.6,-0.1
Furkan Korkmaz,korkmfu01,PHI,SG,24,67,1414,10.2,0.502,0.566,0.179,1.8,11.9,6.9,13.1,1.2,0.6,8.6,17.6,0.1,1.1,1.2,0.041,-2.0,-1.1,-3.1,-0.4
Gabe Vincent,vincega01,MIA,PG,25,68,1589,10.6,0.551,0.63,0.105,1.6,7.3,4.5,19.4,2.0,0.8,15.4,17.8,0.7,1.9,2.5,0.076,-1.9,0.5,-1.4,0.2
Gabe York,yorkga01,IND,SG,28,2,21,12.7,0.435,0.857,0.714,0.0,10.8,5.3,25.1,4.7,4.1,9.8,20.8,0.0,0.0,0.0,0.059,-3.7,2.2,-1.5,0.0
Gabriel Deck,deckga01,OKC,PF,26,7,56,11.5,0.643,0.286,0.0,1.8,9.3,5.5,13.7,0.9,0.0,12.5,12.3,0.1,0.0,0.1,0.08,-1.2,-1.3,-2.5,0.0
Gabriel Lundberg,lundbga01,PHO,SG,27,4,44,7.7,0.342,0.421,0.0,5.0,11.9,8.5,31.5,3.3,0.0,13.6,21.5,-0.1,0.1,0.0,-0.005,-5.3,0.5,-4.8,0.0
Garrett Temple,templga01,NOP,SG,35,59,1098,8.6,0.494,0.627,0.139,2.9,11.8,7.2,9.2,1.9,2.0,11.8,13.9,-0.1,1.0,0.8,0.037,-2.8,0.3,-2.5,-0.1
Garrison Mathews,mathega01,HOU,SG,25,65,1712,11.0,0.602,0.837,0.39,2.0,10.2,6.1,5.3,1.6,1.3,7.1,14.4,2.2,0.5,2.8,0.078,-1.3,-1.0,-2.3,-0.1
Gary Clark,clarkga01,NOP,PF,27,38,378,11.4,0.547,0.795,0.114,6.6,20.1,13.2,6.4,1.7,1.8,9.8,11.6,0.3,0.4,0.7,0.092,0.1,0.0,0.1,0.2
Gary Harris,harriga01,ORL,SG,27,61,1730,10.9,0.571,0.546,0.172,2.2,5.3,3.7,9.5,1.6,0.5,9.3,16.4,1.1,1.0,2.2,0.06,-2.0,-0.4,-2.4,-0.2
Gary Payton II,paytoga02,GSW,PG,29,71,1247,17.8,0.679,0.349,0.169,6.5,14.9,10.8,7.6,3.8,1.7,9.8,14.3,2.5,2.6,5.2,0.199,0.3,3.4,3.7,1.8
Gary Trent Jr.,trentga02,TOR,SG,23,70,2448,14.7,0.546,0.502,0.188,1.1,7.7,4.2,8.8,2.5,0.8,5.8,21.8,3.1,2.5,5.6,0.11,-0.1,0.3,0.2,1.3
George Hill,hillge01,MIL,SG,35,54,1253,10.2,0.552,0.487,0.225,3.3,9.7,6.6,12.4,1.6,0.5,11.9,11.7,1.3,1.0,2.3,0.087,-2.2,0.6,-1.5,0.1
George King,kingge03,DAL,SF,28,4,19,-12.3,0.085,0.8,0.4,0.0,29.3,14.6,0.0,0.0,0.0,14.5,16.3,-0.1,0.0,-0.1,-0.296,-16.5,-3.5,-20.1,-0.1
Georges Niang,niangge01,PHI,PF,28,76,1736,10.7,0.594,0.687,0.105,1.6,11.3,6.5,8.7,0.9,0.7,9.1,16.8,1.5,1.3,2.8,0.077,-0.8,-1.1,-1.9,0.0
Georgios Kalaitzakis,kalaige01,"MIL,OKC",SF,23,13,214,8.6,0.536,0.388,0.448,3.0,7.3,5.1,8.8,2.5,0.9,20.0,20.2,-0.3,0.2,-0.1,-0.024,-5.1,-1.9,-7.0,-0.3
Giannis Antetokounmpo,antetgi01,MIL,PF,27,67,2204,32.1,0.633,0.194,0.615,6.6,30.4,18.7,31.7,1.6,4.0,12.2,34.9,9.2,3.7,12.9,0.281,7.6,3.5,11.2,7.4
Goga Bitadze,bitadgo01,IND,C,22,50,729,18.0,0.595,0.317,0.373,11.9,15.3,13.5,11.2,1.4,5.0,13.6,19.9,1.3,0.6,1.9,0.122,-0.2,-0.6,-0.8,0.2
Goran Dragić,dragigo01,"TOR,BRK",PG,35,21,498,10.0,0.474,0.417,0.219,2.9,11.3,7.1,22.9,1.9,0.7,17.0,17.2,-0.1,0.4,0.4,0.034,-2.8,-0.4,-3.3,-0.2
Gordon Hayward,haywago01,CHO,SF,31,49,1564,15.1,0.57,0.357,0.241,2.5,12.8,7.6,16.1,1.4,1.3,10.6,20.7,1.9,1.0,2.8,0.087,0.1,-0.8,-0.7,0.5
Gorgui Dieng,dienggo01,ATL,C,32,44,371,17.3,0.624,0.607,0.232,9.5,26.1,17.8,12.7,1.5,3.1,13.9,16.9,0.8,0.4,1.2,0.155,1.4,0.8,2.1,0.4
Grant Williams,willigr01,BOS,PF,23,77,1875,11.2,0.635,0.597,0.22,3.8,11.8,7.9,5.7,1.0,2.8,11.6,12.6,2.4,2.6,5.1,0.13,-1.4,1.1,-0.4,0.8
Grayson Allen,allengr01,MIL,SG,26,66,1805,12.7,0.609,0.684,0.13,1.9,10.9,6.5,7.6,1.2,1.0,6.7,15.2,2.8,1.4,4.2,0.11,0.6,-0.2,0.5,1.1
Greg Brown III,browngr01,POR,SF,20,48,640,11.0,0.515,0.321,0.342,6.3,17.3,11.6,8.1,2.0,3.7,14.1,17.2,-0.1,0.5,0.4,0.029,-4.0,-0.7,-4.7,-0.4
Greg Monroe,monrogr01,"MIN,WAS,MIL,UTA",C,31,14,195,19.5,0.566,0.0,0.404,16.9,18.8,17.7,16.2,2.0,4.8,15.2,17.3,0.4,0.3,0.7,0.169,-0.3,0.7,0.4,0.1
Hamidou Diallo,diallha01,DET,SG,23,58,1269,15.7,0.541,0.177,0.266,5.6,18.7,11.8,9.8,2.7,1.2,9.0,21.8,0.6,1.5,2.1,0.079,-1.2,0.7,-0.5,0.5
Harrison Barnes,barneha02,SAC,PF,29,77,2587,15.7,0.623,0.432,0.495,3.4,14.9,9.1,10.5,1.0,0.5,10.4,18.8,5.0,1.0,6.0,0.112,1.5,-1.3,0.2,1.4
Hassan Whiteside,whiteha01,UTA,C,32,65,1162,22.9,0.662,0.0,0.506,16.2,29.9,23.3,3.4,0.9,7.8,11.6,17.1,3.4,2.3,5.8,0.238,0.6,1.4,2.1,1.2
Hassani Gravett,graveha01,ORL,PG,25,8,171,10.1,0.629,0.684,0.105,0.6,12.4,6.5,17.0,1.4,0.5,18.5,12.3,0.1,0.1,0.3,0.071,-2.4,0.2,-2.3,0.0
Haywood Highsmith,highsha01,MIA,SF,25,19,163,7.0,0.446,0.609,0.109,7.1,10.9,9.0,5.1,0.6,1.9,5.9,14.0,0.0,0.2,0.1,0.041,-3.3,-1.3,-4.6,-0.1
Herbert Jones,joneshe01,NOP,PF,23,78,2335,12.3,0.573,0.293,0.283,4.5,9.6,7.0,10.0,2.7,2.5,13.4,13.7,2.1,2.5,4.6,0.096,-2.0,1.5,-0.5,0.9
Ignas Brazdeikis,brazdig01,ORL,SF,23,42,536,10.2,0.52,0.463,0.17,4.5,9.7,7.1,10.7,0.9,0.5,7.8,17.7,0.2,0.3,0.5,0.041,-2.7,-1.6,-4.3,-0.3
Immanuel Quickley,quickim01,NYK,PG,22,78,1802,14.6,0.543,0.547,0.278,1.8,13.1,7.4,24.5,1.5,0.2,10.9,22.2,2.5,1.8,4.2,0.113,0.2,0.0,0.2,1.0
Isaac Bonga,bongais01,TOR,SF,22,15,69,8.7,0.363,0.308,0.615,6.0,5.0,5.5,7.3,5.8,2.8,10.8,11.5,-0.1,0.1,0.1,0.06,-5.4,5.0,-0.4,0.0
Isaac Okoro,okorois01,CLE,SF,21,67,1981,10.4,0.589,0.364,0.36,4.1,7.1,5.6,8.5,1.4,1.0,10.4,12.4,2.4,1.9,4.2,0.103,-2.4,0.7,-1.7,0.1
Isaiah Hartenstein,harteis01,LAC,C,23,68,1216,22.0,0.664,0.082,0.361,10.5,18.2,14.5,20.5,2.0,5.4,16.5,18.4,3.3,2.2,5.5,0.215,1.4,3.1,4.5,2.0
Isaiah Jackson,jacksis01,IND,PF,20,36,541,20.5,0.607,0.078,0.427,12.2,18.7,15.4,2.9,2.3,8.4,14.0,22.5,0.7,0.7,1.4,0.126,-1.6,0.1,-1.5,0.1
Isaiah Joe,joeis01,PHI,SG,22,55,609,7.7,0.519,0.763,0.175,1.1,9.0,5.1,8.1,1.1,0.4,9.1,15.5,0.0,0.4,0.4,0.035,-3.1,-1.5,-4.6,-0.4
Isaiah Livers,liveris01,DET,SF,23,19,383,11.1,0.629,0.711,0.156,4.0,12.5,8.0,8.0,1.7,1.6,13.5,12.4,0.4,0.3,0.7,0.085,-1.3,-0.2,-1.5,0.0
Isaiah Roby,robyis01,OKC,PF,23,45,948,18.3,0.607,0.307,0.359,8.0,15.6,11.8,12.1,1.8,3.3,10.3,19.0,1.8,1.1,2.9,0.147,0.4,0.2,0.6,0.6
Isaiah Stewart,stewais01,DET,C,20,71,1816,14.0,0.55,0.094,0.21,12.8,24.5,18.4,6.9,0.6,3.9,13.7,14.6,1.6,1.8,3.4,0.091,-2.5,-0.8,-3.3,-0.6
Isaiah Thomas,thomais02,"LAL,DAL,CHO",PG,32,22,333,12.0,0.516,0.497,0.156,1.3,8.1,4.6,15.7,1.0,1.4,7.8,24.8,0.0,0.1,0.2,0.026,-1.9,-2.6,-4.5,-0.2
Isaiah Todd,toddis01,WAS,PF,20,12,74,4.7,0.349,0.615,0.231,4.6,13.3,9.0,7.3,2.7,2.3,12.3,19.6,-0.2,0.1,-0.2,-0.104,-5.7,-1.2,-6.9,-0.1
Ish Smith,smithis01,"CHO,WAS",PG,33,65,1126,12.5,0.465,0.156,0.056,2.4,11.1,6.8,31.5,2.0,1.8,15.0,20.1,-0.3,0.9,0.5,0.023,-2.2,-0.6,-2.9,-0.2
Ish Wainright,wainris01,PHO,PF,27,45,359,9.4,0.494,0.567,0.115,8.3,7.9,8.1,5.3,2.7,1.5,10.6,14.7,0.0,0.6,0.6,0.079,-3.0,1.0,-2.0,0.0
Ivica Zubac,zubaciv01,LAC,C,24,76,1852,19.2,0.66,0.0,0.459,12.8,23.7,18.4,9.8,1.0,3.5,16.1,16.8,4.3,2.9,7.2,0.187,-0.1,0.8,0.7,1.3
JT Thor,thorjt01,CHO,PF,19,33,262,9.7,0.525,0.491,0.364,4.4,13.1,8.7,9.2,1.5,4.0,13.6,12.0,0.1,0.2,0.3,0.058,-3.1,0.1,-3.0,-0.1
Ja Morant,moranja01,MEM,PG,22,57,1889,24.4,0.575,0.218,0.353,4.2,14.1,9.0,34.1,1.7,1.0,12.6,33.7,4.6,2.1,6.7,0.171,6.2,-0.1,6.1,3.9
JaMychal Green,greenja01,DEN,PF,31,67,1085,14.1,0.587,0.379,0.284,8.6,19.9,14.5,7.6,1.9,2.2,13.4,17.2,1.2,1.4,2.7,0.118,-2.0,0.1,-1.8,0.0
JaQuori McLaughlin,mclauja01,DAL,PG,24,4,11,-2.9,0.0,0.5,0.0,0.0,0.0,0.0,22.3,0.0,0.0,0.0,8.2,0.0,0.0,0.0,-0.101,-9.4,-4.2,-13.6,0.0
JaVale McGee,mcgeeja01,PHO,C,34,74,1172,22.6,0.651,0.02,0.319,15.3,29.7,22.7,5.4,0.9,6.1,15.8,22.8,2.4,2.6,4.9,0.201,-0.1,0.9,0.8,0.8
Jabari Parker,parkeja01,BOS,PF,26,12,112,14.8,0.632,0.421,0.237,5.0,21.7,13.5,7.9,1.8,0.8,16.0,19.6,0.1,0.2,0.3,0.141,-0.4,1.1,0.7,0.1
Jaden McDaniels,mcdanja02,MIN,PF,21,70,1803,10.3,0.553,0.455,0.128,4.4,13.2,8.7,6.1,1.4,2.9,11.4,15.3,0.7,1.7,2.4,0.065,-2.9,-0.1,-2.9,-0.4
Jaden Springer,sprinja01,PHI,SG,19,2,6,26.4,1.0,0.0,0.0,18.9,18.3,18.6,0.0,0.0,30.0,50.0,15.0,0.0,0.0,0.0,0.138,8.3,8.8,17.1,0.0
Jae Crowder,crowdja01,PHO,PF,31,67,1886,11.3,0.541,0.671,0.165,1.8,18.0,10.1,8.3,2.4,1.4,8.6,14.6,0.9,3.4,4.3,0.11,-1.3,2.4,1.1,1.5
Jae'Sean Tate,tateja01,HOU,SF,26,78,2056,14.3,0.567,0.277,0.252,7.2,15.3,11.2,16.9,1.7,1.8,14.6,19.6,1.9,1.1,3.0,0.071,-1.3,-0.5,-1.8,0.1
Jahmi'us Ramsey,ramseja01,SAC,SG,20,19,134,7.9,0.468,0.31,0.241,3.2,7.4,5.3,7.9,0.4,0.6,7.2,22.2,-0.1,0.0,-0.1,-0.047,-3.5,-3.4,-6.9,-0.2
Jaime Echenique,echenja01,WAS,C,24,1,3,0.0,,,,0.0,0.0,0.0,0.0,0.0,0.0,,0.0,0.0,0.0,0.0,-0.012,-5.5,-3.0,-8.5,0.0
Jake Layman,laymaja01,MIN,SF,27,34,231,9.0,0.5,0.479,0.247,2.7,14.3,8.4,5.3,1.4,2.1,11.0,16.4,-0.1,0.2,0.1,0.024,-3.3,-0.6,-3.9,-0.1
Jakob Poeltl,poeltja01,SAS,C,26,68,1970,20.8,0.613,0.002,0.287,13.9,20.0,16.9,14.0,1.1,5.0,12.7,18.3,4.4,2.5,6.9,0.168,0.9,0.7,1.6,1.7
Jalen Brunson,brunsja01,DAL,PG,25,79,2524,17.1,0.583,0.25,0.211,1.9,11.7,6.8,24.3,1.3,0.1,10.1,21.9,4.9,2.7,7.5,0.143,0.9,0.0,0.9,1.9
Jalen Green,greenja05,HOU,SG,19,67,2138,12.5,0.547,0.48,0.247,1.7,10.0,5.8,13.1,1.0,0.8,11.3,23.7,0.5,0.2,0.7,0.015,-0.5,-2.4,-2.9,-0.5
Jalen Johnson,johnsja05,ATL,PF,20,22,120,11.3,0.59,0.317,0.171,1.8,21.8,11.9,3.7,1.2,1.5,17.0,19.3,-0.1,0.1,0.0,0.013,-3.9,-1.1,-4.9,-0.1
Jalen McDaniels,mcdanja01,CHO,SF,24,55,895,12.7,0.595,0.425,0.283,4.3,16.0,10.1,8.7,1.4,2.3,11.2,15.3,1.0,0.7,1.7,0.093,-1.9,-0.4,-2.3,-0.1
Jalen Smith,smithja04,"PHO,IND",PF,21,51,925,18.4,0.595,0.349,0.291,12.0,24.5,18.2,3.9,0.8,3.9,9.6,20.3,1.7,1.1,2.8,0.145,0.9,-1.4,-0.5,0.3
Jalen Suggs,suggsja01,ORL,PG,20,48,1307,8.6,0.455,0.358,0.297,2.1,11.7,6.9,24.9,2.2,1.3,18.7,25.3,-3.0,1.3,-1.6,-0.06,-5.3,-0.2,-5.6,-1.2
James Bouknight,bouknja01,CHO,SG,21,31,304,10.1,0.459,0.348,0.22,7.6,10.6,9.1,11.9,1.1,0.3,8.8,23.7,-0.1,0.1,0.0,0.001,-3.4,-3.7,-7.1,-0.4
James Ennis III,ennisja01,"BRK,LAC,DEN",SF,31,7,56,17.7,0.553,0.333,0.208,9.9,13.1,11.6,7.4,1.7,3.1,7.1,22.0,0.1,0.1,0.1,0.114,-0.1,-1.0,-1.1,0.0
James Harden,hardeja01,"BRK,PHI",PG,32,65,2419,20.9,0.583,0.452,0.54,2.6,19.7,11.3,40.3,1.7,1.3,18.8,27.2,4.9,2.7,7.6,0.152,3.7,0.3,4.1,3.7
James Johnson,johnsja01,BRK,PF,34,62,1191,10.3,0.513,0.277,0.179,4.8,14.6,9.8,14.5,1.2,2.6,12.7,13.7,0.6,1.1,1.7,0.068,-2.7,0.6,-2.2,-0.1
Jamorko Pickett,pickeja01,DET,PF,24,13,176,7.6,0.491,0.78,0.04,3.5,16.8,9.8,5.8,0.0,3.6,8.9,13.6,0.0,0.1,0.1,0.015,-2.8,-2.1,-5.0,-0.1
Jared Butler,butleja02,UTA,SG,21,42,360,12.1,0.509,0.583,0.106,1.6,11.8,6.8,26.0,2.3,2.0,17.3,23.1,0.0,0.5,0.4,0.057,-2.3,0.7,-1.6,0.0
Jared Harper,harpeja01,NOP,PG,24,5,43,36.9,0.666,0.462,0.154,5.0,0.0,2.6,64.1,4.6,2.2,6.7,29.7,0.3,0.1,0.4,0.422,14.2,3.1,17.3,0.2
Jaren Jackson Jr.,jacksja02,MEM,PF,22,78,2126,17.0,0.535,0.387,0.333,5.7,16.9,11.2,5.8,1.6,7.4,9.9,25.4,1.7,3.7,5.4,0.121,-0.9,0.8,-0.1,1.0
Jarred Vanderbilt,vandeja01,MIN,PF,22,74,1880,15.3,0.612,0.039,0.363,12.0,23.9,17.8,6.7,2.5,2.4,14.8,10.9,3.1,2.9,6.0,0.153,-0.8,1.0,0.2,1.1
Jarrett Allen,allenja01,CLE,C,23,56,1809,23.0,0.698,0.018,0.428,12.0,24.5,18.4,8.2,1.2,3.7,12.7,18.1,5.4,3.0,8.5,0.225,2.7,1.2,3.9,2.7
Jarrett Culver,culveja01,MEM,SG,22,37,338,8.7,0.433,0.348,0.252,3.9,11.1,7.4,13.0,2.8,1.3,11.8,20.6,-0.4,0.5,0.1,0.012,-5.7,0.3,-5.4,-0.3
Jarron Cumberland,cumbeja01,POR,SG,24,3,12,8.4,0.5,0.5,0.0,8.8,19.0,13.7,11.6,0.0,0.0,0.0,7.2,0.0,0.0,0.0,0.079,-4.4,-2.2,-6.6,0.0
Javin DeLaurier,delauja01,MIL,C,23,1,3,15.6,,,,0.0,34.6,17.7,0.0,16.0,0.0,,0.0,0.0,0.0,0.0,0.26,-4.8,11.8,7.0,0.0
Javonte Green,greenja02,CHI,SF,28,65,1519,14.0,0.637,0.311,0.295,6.8,13.6,10.2,5.3,2.2,1.8,7.6,11.5,2.9,1.5,4.4,0.139,-0.6,0.7,0.1,0.8
Javonte Smart,smartja01,"MIL,MIA",PG,22,17,200,5.1,0.407,0.45,0.1,2.7,10.0,6.5,10.4,1.5,1.5,14.9,15.9,-0.3,0.2,-0.2,-0.038,-5.9,-0.8,-6.6,-0.2
Jaxson Hayes,hayesja02,NOP,C,21,70,1398,18.5,0.68,0.143,0.472,8.9,16.2,12.5,4.7,1.2,3.8,10.1,16.4,3.7,1.3,5.1,0.174,0.6,-0.3,0.2,0.8
Jay Huff,huffja01,LAL,C,23,4,20,0.6,0.0,0.667,0.0,5.4,16.1,10.8,5.9,2.4,4.5,25.0,8.6,-0.1,0.0,0.0,-0.117,-8.3,0.9,-7.4,0.0
Jay Scrubb,scrubja01,LAC,SG,21,18,121,9.3,0.486,0.457,0.217,1.8,11.9,7.0,9.7,1.6,2.1,12.2,20.8,-0.1,0.1,0.0,0.002,-4.4,-0.4,-4.8,-0.1
Jaylen Brown,brownja02,BOS,SF,25,66,2220,18.9,0.574,0.381,0.261,2.6,16.7,9.8,17.9,1.6,0.7,11.6,30.5,2.3,3.4,5.8,0.124,1.9,0.1,2.1,2.2
Jaylen Hoard,hoardja01,OKC,SF,22,7,240,18.0,0.536,0.278,0.156,12.7,23.5,18.0,11.6,1.2,1.9,7.7,18.7,0.3,0.3,0.6,0.118,1.2,-2.1,-0.9,0.1
Jaylen Morris,morrija01,SAS,SG,26,3,16,-11.4,0.129,0.333,0.667,0.0,13.2,6.6,14.0,0.0,0.0,11.4,23.1,-0.1,0.0,-0.1,-0.376,-15.8,-5.7,-21.5,-0.1
Jaylen Nowell,nowelja01,MIN,SG,22,62,975,16.8,0.581,0.387,0.223,2.4,11.4,6.8,20.2,1.3,1.0,7.4,21.0,2.1,0.7,2.8,0.138,1.5,-0.7,0.8,0.7
Jaysean Paige,paigeja01,DET,PG,27,1,7,-22.2,0.0,0.667,0.0,0.0,16.3,7.7,18.1,0.0,0.0,25.0,24.5,-0.1,0.0,-0.1,-0.574,-25.0,-6.5,-31.5,0.0
Jayson Tatum,tatumja01,BOS,SF,23,76,2731,21.8,0.578,0.416,0.3,3.5,20.2,12.1,21.1,1.4,1.6,10.9,32.1,5.0,4.6,9.6,0.169,4.3,0.6,4.9,4.8
Jeff Dowtin,dowtije01,"GSW,MIL,ORL",PG,24,9,108,6.8,0.353,0.346,0.077,7.9,9.8,8.9,12.7,2.2,0.9,15.7,12.8,-0.1,0.1,0.0,-0.01,-5.7,0.1,-5.6,-0.1
Jeff Green,greenje02,DEN,C,35,75,1849,12.5,0.627,0.318,0.374,2.6,11.1,7.0,7.3,0.7,1.3,10.3,16.3,2.7,1.2,3.9,0.101,-1.2,-1.2,-2.5,-0.2
Jemerrio Jones,jonesje01,LAL,SF,26,2,15,14.8,0.667,0.0,0.0,14.4,7.1,10.8,0.0,3.2,0.0,0.0,8.6,0.0,0.0,0.1,0.17,-1.1,0.1,-1.0,0.0
Jerami Grant,grantje01,DET,PF,27,47,1500,16.1,0.556,0.363,0.371,1.9,12.4,6.9,12.5,1.4,2.9,9.5,25.7,1.2,1.1,2.3,0.075,1.4,-0.2,1.2,1.2
Jeremiah Robinson-Earl,robinje02,OKC,C,21,49,1087,11.7,0.526,0.509,0.167,7.0,19.1,13.0,6.7,1.3,1.3,10.1,15.4,0.4,1.0,1.5,0.065,-1.9,-0.3,-2.2,-0.1
Jeremy Lamb,lambje01,"IND,SAC",SF,29,56,935,13.3,0.521,0.49,0.305,3.0,15.3,9.1,12.3,1.6,2.0,8.6,19.7,0.6,0.6,1.2,0.063,-0.4,-0.5,-0.8,0.3
Jericho Sims,simsje01,NYK,PF,23,41,555,11.6,0.674,0.0,0.537,11.6,21.3,16.4,5.3,1.0,3.9,23.1,6.9,0.7,0.8,1.5,0.128,-2.8,1.1,-1.7,0.0
Jevon Carter,carteje01,"BRK,MIL",PG,26,66,905,9.6,0.531,0.672,0.071,1.7,11.2,6.6,14.0,1.3,1.4,11.5,14.0,0.5,0.7,1.2,0.062,-1.8,-0.4,-2.2,-0.1
Jimmy Butler,butleji01,MIA,SF,32,57,1931,23.6,0.592,0.14,0.549,6.1,13.5,9.9,26.4,2.4,1.5,10.5,26.5,6.2,2.9,9.2,0.228,4.5,1.9,6.3,4.0
Jock Landale,landajo01,SAS,C,26,54,589,16.0,0.597,0.436,0.201,11.1,13.5,12.3,10.6,0.8,2.0,12.3,18.1,1.0,0.4,1.5,0.121,0.7,-1.1,-0.4,0.2
Joe Harris,harrijo01,BRK,SF,30,14,423,9.6,0.624,0.71,0.048,1.3,12.8,7.2,4.5,0.8,0.4,11.2,14.5,0.3,0.2,0.5,0.06,-0.9,-0.5,-1.4,0.1
Joe Ingles,inglejo01,UTA,SF,34,45,1122,10.0,0.551,0.789,0.077,1.2,11.2,6.4,19.0,1.0,0.4,13.5,13.2,1.3,0.9,2.2,0.094,-0.7,0.5,-0.3,0.5
Joe Johnson,johnsjo02,BOS,SG,40,1,2,38.7,1.0,0.0,0.0,0.0,0.0,0.0,0.0,0.0,0.0,0.0,22.0,0.0,0.0,0.0,0.335,12.1,2.8,15.0,0.0
Joe Wieskamp,wieskjo01,SAS,SG,22,29,205,7.1,0.494,0.768,0.232,2.0,5.2,3.6,5.5,0.9,1.2,3.1,13.1,0.1,0.1,0.1,0.035,-2.9,-1.1,-3.9,-0.1
Joel Ayayi,ayayijo01,WAS,SG,21,7,20,3.4,0.167,0.167,0.0,5.6,10.9,8.3,25.4,0.0,0.0,0.0,13.3,0.0,0.0,0.0,-0.098,-4.3,-1.7,-6.0,0.0
Joel Embiid,embiijo01,PHI,C,27,68,2297,31.2,0.616,0.188,0.602,7.2,31.1,19.4,23.5,1.7,3.9,11.3,37.2,7.9,4.1,12.0,0.252,7.2,2.0,9.2,6.5
John Collins,collijo01,ATL,PF,24,54,1663,18.7,0.61,0.273,0.262,6.2,21.5,13.9,8.9,1.0,3.0,7.7,20.5,3.6,1.4,5.1,0.146,1.5,0.0,1.5,1.5
John Konchar,konchjo01,MEM,SG,25,72,1292,14.0,0.615,0.481,0.187,6.9,20.1,13.3,10.6,1.7,1.5,9.3,9.9,2.4,1.8,4.2,0.155,0.2,1.3,1.5,1.2
Jon Teske,teskejo01,MEM,C,24,3,8,1.5,0.0,0.0,2.0,0.0,26.8,13.1,13.8,6.0,0.0,0.0,9.6,0.0,0.0,0.0,-0.08,-8.5,3.7,-4.8,0.0
Jonas Valančiūnas,valanjo01,NOP,C,29,74,2240,21.2,0.617,0.168,0.308,10.9,31.2,20.8,14.0,0.9,2.6,14.4,23.8,4.6,2.7,7.3,0.156,2.0,-0.1,1.9,2.2
Jonathan Kuminga,kuminjo01,GSW,SF,19,70,1185,15.2,0.6,0.324,0.413,5.1,16.1,10.8,8.4,1.3,1.8,12.0,22.7,1.3,1.8,3.0,0.123,-1.3,-0.2,-1.5,0.1
Jordan Bell,belljo01,CHI,C,27,1,2,29.9,,,,56.6,0.0,28.1,0.0,24.4,0.0,,0.0,0.0,0.0,0.0,0.6,-8.1,10.8,2.7,0.0
Jordan Clarkson,clarkjo01,UTA,SG,29,79,2141,14.9,0.532,0.536,0.156,3.5,10.2,7.0,14.5,1.5,0.7,9.8,26.8,1.5,2.0,3.5,0.079,0.5,-1.2,-0.6,0.7
Jordan Goodwin,goodwjo01,WAS,SG,23,2,6,-20.4,0.0,0.333,0.0,0.0,18.2,9.2,0.0,0.0,0.0,0.0,22.2,-0.1,0.0,-0.1,-0.533,-24.7,-9.4,-34.1,0.0
Jordan McLaughlin,mclaujo01,MIN,PG,25,62,902,13.4,0.535,0.425,0.2,2.6,8.8,5.6,26.1,3.0,1.1,14.9,11.8,1.3,1.0,2.3,0.123,-1.2,1.6,0.4,0.6
Jordan Nwora,nworajo01,MIL,SF,23,62,1185,9.9,0.506,0.491,0.093,3.4,16.1,9.9,7.0,1.0,1.4,10.6,19.4,-0.4,1.1,0.6,0.025,-2.7,-1.5,-4.1,-0.6
Jordan Poole,poolejo01,GSW,SG,22,76,2283,16.1,0.598,0.548,0.251,1.7,10.5,6.2,21.0,1.3,1.0,13.7,26.0,3.1,2.9,6.0,0.126,1.3,-0.3,1.0,1.7
Jordan Schakel,schakjo01,WAS,SG,23,4,30,-1.2,0.21,0.545,0.182,7.5,21.8,14.8,0.0,1.6,0.0,7.8,19.1,-0.2,0.0,-0.1,-0.204,-8.6,-4.4,-13.0,-0.1
Jose Alvarado,alvarjo01,NOP,PG,23,54,834,16.4,0.52,0.374,0.18,3.2,10.2,6.6,26.9,4.2,0.8,11.2,18.4,1.0,1.1,2.1,0.121,-0.5,2.4,1.9,0.8
Josh Christopher,chrisjo01,HOU,SG,20,74,1334,12.2,0.534,0.378,0.226,4.3,11.1,7.7,17.3,2.3,0.9,17.2,21.1,-0.4,0.7,0.3,0.01,-2.2,-1.3,-3.5,-0.5
Josh Giddey,giddejo01,OKC,SG,19,54,1700,13.3,0.478,0.318,0.118,5.8,19.8,12.7,32.3,1.5,1.1,19.5,22.2,-1.3,1.7,0.4,0.01,-1.2,0.3,-1.0,0.4
Josh Green,greenjo02,DAL,SG,21,67,1039,11.9,0.578,0.305,0.176,5.6,11.7,8.6,11.0,2.2,1.2,13.8,13.9,1.0,1.4,2.4,0.111,-2.4,1.4,-1.0,0.3
Josh Hart,hartjo01,"NOP,POR",SG,26,54,1791,16.1,0.61,0.374,0.371,3.7,20.7,12.0,18.9,1.7,0.7,14.7,18.6,2.8,1.5,4.4,0.117,0.5,0.5,1.0,1.4
Josh Jackson,jacksjo02,"DET,SAC",SF,24,51,830,9.5,0.491,0.433,0.257,2.6,16.4,9.2,10.0,1.5,2.4,12.3,19.7,-0.7,0.7,0.0,0.001,-4.1,-0.4,-4.5,-0.5
Josh Okogie,okogijo01,MIN,SG,23,49,516,9.0,0.526,0.452,0.49,5.9,8.7,7.3,6.2,2.4,2.2,15.4,12.1,0.1,0.5,0.7,0.062,-3.7,0.9,-2.7,-0.1
Josh Richardson,richajo01,"BOS,SAS",SG,28,65,1600,12.8,0.573,0.461,0.202,2.8,9.4,6.2,10.1,1.7,1.6,10.2,17.6,1.6,2.0,3.5,0.106,-0.6,0.7,0.1,0.9
Joshua Primo,primojo01,SAS,SG,19,50,965,7.1,0.487,0.507,0.219,3.5,8.9,6.1,10.6,1.0,2.0,16.1,15.4,-0.6,0.6,0.0,0.001,-3.9,-1.1,-5.0,-0.7
Jrue Holiday,holidjr01,MIL,PG,31,67,2207,19.8,0.593,0.336,0.189,3.4,10.9,7.2,31.8,2.4,1.3,15.0,23.5,4.5,2.4,6.9,0.15,2.9,0.3,3.2,2.9
Juan Toscano-Anderson,toscaju01,GSW,SF,28,73,994,11.0,0.561,0.37,0.298,3.2,15.8,9.7,17.6,2.4,1.6,20.4,14.7,0.3,1.8,2.0,0.098,-3.2,2.4,-0.8,0.3
Juancho Hernangómez,hernaju01,"BOS,SAS,UTA",PF,26,40,445,11.5,0.542,0.651,0.321,7.0,17.1,12.2,6.0,1.6,2.0,11.7,13.4,0.3,0.6,0.9,0.095,-0.7,0.1,-0.6,0.2
Julius Randle,randlju01,NYK,PF,27,72,2544,15.7,0.509,0.313,0.322,5.2,25.5,15.1,25.1,1.0,1.5,14.7,28.7,-0.3,3.4,3.1,0.059,0.4,0.2,0.5,1.6
Justin Anderson,anderju01,"CLE,IND",SF,28,16,316,10.4,0.493,0.621,0.2,1.4,15.0,8.1,14.2,1.2,1.7,7.2,15.1,0.2,0.2,0.4,0.054,-1.9,-1.3,-3.2,-0.1
Justin Champagnie,champju01,TOR,SF,20,36,281,13.6,0.571,0.418,0.134,13.5,14.3,13.9,5.4,1.4,1.4,10.1,12.0,0.5,0.3,0.8,0.138,-1.3,-0.7,-2.0,0.0
Justin Holiday,holidju01,"IND,SAC",SF,32,74,2057,9.5,0.543,0.728,0.094,1.5,8.8,5.1,8.6,1.3,1.4,9.2,15.8,0.8,0.6,1.4,0.033,-1.4,-0.8,-2.2,-0.1
Justin Jackson,jacksju01,"BOS,PHO",SF,26,7,37,7.7,0.472,0.6,0.133,3.0,16.9,10.1,7.1,0.0,0.0,5.9,19.7,0.0,0.0,0.0,0.032,-2.2,-1.1,-3.3,0.0
Justin Robinson,robinju01,"MIL,SAC,DET",PG,24,25,304,3.6,0.404,0.656,0.086,1.4,6.0,3.7,14.0,1.4,0.3,15.0,16.0,-0.5,0.2,-0.3,-0.055,-6.4,-1.3,-7.6,-0.4
Justise Winslow,winslju01,"LAC,POR",SF,25,48,774,13.1,0.479,0.257,0.257,7.0,20.9,14.0,16.1,2.2,2.9,14.6,18.9,-0.3,1.1,0.8,0.048,-2.7,1.0,-1.7,0.1
Jusuf Nurkić,nurkiju01,POR,C,27,56,1579,20.0,0.586,0.093,0.447,11.2,32.6,21.5,16.6,1.9,2.1,16.6,23.6,2.0,1.7,3.6,0.11,0.1,0.2,0.3,0.9
Juwan Morgan,morgaju01,"TOR,BOS",PF,24,2,31,8.3,0.833,0.667,0.0,6.6,7.4,7.0,4.2,0.0,0.0,0.0,4.1,0.1,0.0,0.1,0.124,-3.3,-3.9,-7.2,0.0
KZ Okpala,okpalkz01,MIA,PF,22,21,244,10.4,0.521,0.377,0.159,5.2,13.7,9.5,8.3,0.8,3.0,6.3,14.4,0.2,0.3,0.5,0.097,-3.2,0.4,-2.8,-0.1
Kai Jones,joneska01,CHO,C,21,21,63,9.2,0.628,0.143,0.571,5.0,13.7,9.2,8.6,0.8,3.0,25.5,15.9,0.0,0.0,0.0,0.009,-5.2,-1.4,-6.6,-0.1
Karl-Anthony Towns,townska01,MIN,C,26,74,2476,24.1,0.64,0.301,0.385,8.2,23.6,15.7,18.0,1.4,3.2,13.7,27.8,7.1,3.2,10.3,0.199,4.5,0.5,5.0,4.4
Keifer Sykes,sykeske01,IND,PG,28,32,566,5.9,0.456,0.474,0.089,1.5,7.4,4.4,14.9,1.0,0.6,14.3,17.4,-0.5,0.1,-0.5,-0.04,-4.4,-2.5,-6.9,-0.7
Keita Bates-Diop,bateske01,SAS,SF,26,59,956,12.4,0.578,0.209,0.232,6.8,18.7,12.7,5.7,1.4,1.2,13.4,14.8,0.6,1.0,1.6,0.08,-2.1,-0.5,-2.6,-0.1
Kelan Martin,martike03,"IND,BOS",SF,26,30,450,9.4,0.484,0.439,0.076,4.1,9.6,6.8,6.7,1.4,1.7,7.3,18.1,-0.1,0.2,0.0,0.005,-2.6,-1.0,-3.6,-0.2
Keldon Johnson,johnske04,SAS,SF,22,75,2392,15.2,0.574,0.395,0.231,3.5,16.7,10.0,9.5,1.2,0.5,7.6,21.3,2.9,2.0,4.9,0.098,0.7,-1.2,-0.5,0.9
Keljin Blevins,blevike01,POR,SF,26,31,349,4.8,0.41,0.649,0.099,4.9,9.5,7.1,7.7,1.8,0.3,12.8,16.5,-0.6,0.1,-0.5,-0.066,-5.6,-2.9,-8.5,-0.6
Kelly Olynyk,olynyke01,DET,C,30,40,764,16.7,0.561,0.416,0.311,7.3,18.3,12.5,23.3,2.0,2.2,15.1,21.5,0.8,0.8,1.6,0.104,0.5,1.0,1.6,0.7
Kelly Oubre Jr.,oubreke01,CHO,SF,26,76,1999,14.9,0.56,0.593,0.203,4.1,12.0,8.0,6.2,1.8,1.5,6.2,23.0,1.8,1.4,3.3,0.079,0.2,-1.6,-1.4,0.3
Kemba Walker,walkeke02,NYK,PG,31,37,948,13.9,0.537,0.538,0.192,1.6,11.2,6.3,22.2,1.4,0.7,10.7,20.8,1.0,0.9,1.8,0.093,0.7,-0.2,0.4,0.6
Kenrich Williams,willike04,OKC,SF,27,49,1072,13.3,0.532,0.382,0.174,7.1,14.1,10.5,15.3,2.0,0.9,11.9,15.6,0.8,1.0,1.8,0.081,-1.3,1.1,-0.3,0.5
Kent Bazemore,bazemke01,LAL,SF,32,39,545,6.0,0.451,0.576,0.122,2.6,11.0,6.8,8.1,2.2,1.5,12.5,13.2,-0.4,0.5,0.1,0.006,-5.1,0.8,-4.3,-0.3
Kentavious Caldwell-Pope,caldwke01,WAS,SG,28,77,2329,12.6,0.568,0.492,0.186,2.0,10.3,6.2,9.1,1.8,0.9,9.8,19.0,1.4,1.4,2.8,0.058,-0.9,-0.6,-1.5,0.3
Kenyon Martin Jr.,martike04,HOU,SF,21,79,1656,14.3,0.603,0.321,0.235,5.3,14.5,9.9,9.4,1.0,2.2,9.4,16.3,2.3,0.6,2.9,0.084,0.0,-1.2,-1.2,0.4
Keon Johnson,johnske07,"LAC,POR",SG,19,37,697,8.7,0.453,0.368,0.188,3.7,9.1,6.3,16.3,2.0,1.7,13.5,21.2,-0.8,0.4,-0.5,-0.031,-4.0,-2.0,-5.9,-0.7
Kessler Edwards,edwarke02,BRK,SF,21,48,987,8.3,0.516,0.509,0.071,5.0,13.8,9.5,4.1,1.4,2.2,13.2,13.8,-0.2,0.9,0.6,0.031,-3.1,-0.8,-3.8,-0.5
Kevin Durant,duranke01,BRK,PF,33,55,2047,25.6,0.634,0.269,0.367,1.6,19.6,10.8,29.1,1.1,2.3,12.9,31.2,6.4,2.0,8.4,0.198,6.4,0.7,7.2,4.8
Kevin Huerter,huertke01,ATL,SG,23,74,2188,11.9,0.57,0.541,0.068,1.6,11.0,6.4,13.2,1.2,1.1,10.4,17.5,1.8,1.0,2.8,0.062,-0.5,-0.7,-1.2,0.4
Kevin Knox,knoxke01,"NYK,ATL",SF,22,30,222,10.9,0.491,0.635,0.259,6.8,14.8,10.7,6.5,0.9,0.8,6.9,20.0,0.1,0.2,0.2,0.047,-1.9,-2.2,-4.1,-0.1
Kevin Love,loveke01,CLE,PF,33,74,1665,19.6,0.594,0.627,0.26,5.9,29.2,17.8,15.3,0.8,1.0,10.4,25.1,3.2,2.5,5.7,0.164,4.3,0.1,4.5,2.7
Kevin Pangos,pangoke01,CLE,PG,29,24,166,6.5,0.408,0.565,0.087,1.4,5.9,3.7,24.6,0.9,0.0,12.8,14.6,-0.1,0.1,0.1,0.016,-4.7,-1.4,-6.1,-0.2
Kevin Porter Jr.,porteke02,HOU,PG,21,61,1907,13.5,0.531,0.511,0.239,2.5,13.0,7.7,30.7,1.7,1.0,17.7,24.1,0.0,0.8,0.8,0.021,-0.1,-1.6,-1.6,0.2
Kevon Looney,looneke01,GSW,C,25,82,1732,15.7,0.586,0.003,0.343,13.5,23.8,18.8,13.2,1.4,2.9,13.8,12.2,3.5,3.2,6.8,0.187,-0.9,1.7,0.9,1.3
Khem Birch,birchkh01,TOR,C,29,55,991,13.2,0.534,0.07,0.355,12.7,13.5,13.1,7.6,1.5,2.6,11.1,11.2,1.5,1.1,2.6,0.126,-1.7,0.4,-1.3,0.2
Khris Middleton,middlkh01,MIL,SF,30,66,2141,18.1,0.577,0.425,0.285,2.1,15.3,8.8,25.5,1.7,0.8,14.2,26.7,3.2,2.2,5.3,0.119,1.9,-0.3,1.6,1.9
Killian Hayes,hayeski01,DET,PG,20,66,1647,9.3,0.461,0.364,0.161,2.2,12.0,6.9,24.6,2.3,1.9,18.4,15.7,-1.0,1.5,0.5,0.014,-4.3,0.8,-3.5,-0.6
Killian Tillie,tilliki02,MEM,C,23,36,461,7.6,0.452,0.677,0.063,4.7,9.1,6.8,5.9,2.4,2.9,9.1,12.8,-0.1,0.6,0.6,0.058,-3.8,1.1,-2.7,-0.1
Kira Lewis Jr.,lewiski01,NOP,PG,20,24,341,9.8,0.466,0.397,0.082,2.9,10.0,6.3,21.7,1.6,0.3,14.7,22.3,-0.3,0.2,-0.1,-0.017,-2.8,-1.2,-4.0,-0.2
Klay Thompson,thompkl01,GSW,SG,31,32,941,16.7,0.547,0.517,0.089,1.8,12.4,7.3,16.1,0.8,1.7,6.7,29.6,0.6,1.2,1.8,0.091,2.6,-1.6,1.1,0.7
Kris Dunn,dunnkr01,POR,PG,27,14,336,12.5,0.482,0.108,0.176,2.8,13.6,8.0,35.1,3.3,0.9,22.5,18.3,-0.1,0.3,0.2,0.024,-4.6,-0.8,-5.4,-0.3
Kristaps Porziņģis,porzikr01,"DAL,WAS",PF,26,51,1481,23.7,0.577,0.329,0.373,7.7,23.1,15.4,13.7,1.3,5.0,8.3,29.5,3.2,2.4,5.6,0.18,3.3,0.6,3.9,2.2
Kyle Anderson,anderky01,MEM,PF,28,69,1484,14.4,0.506,0.232,0.224,4.8,21.6,13.0,16.2,2.5,2.7,12.1,16.2,1.0,2.5,3.5,0.113,-0.9,2.1,1.2,1.2
Kyle Guy,guyky01,MIA,SG,24,19,186,9.5,0.526,0.615,0.185,2.5,7.8,5.2,13.5,1.9,0.6,15.6,19.9,-0.1,0.2,0.1,0.035,-3.1,-0.3,-3.4,-0.1
Kyle Kuzma,kuzmaky01,WAS,PF,26,66,2204,15.2,0.547,0.401,0.234,3.6,24.3,14.1,16.3,0.9,2.2,14.1,24.2,0.0,2.0,2.0,0.044,0.2,-0.4,-0.2,1.0
Kyle Lowry,lowryky01,MIA,PG,35,63,2133,15.0,0.6,0.609,0.278,1.8,13.0,7.5,32.3,1.6,0.8,19.3,18.2,3.7,2.7,6.4,0.143,1.1,0.8,1.9,2.1
Kyrie Irving,irvinky01,BRK,PG,29,29,1091,21.4,0.592,0.388,0.209,1.6,10.8,6.3,25.2,1.8,1.4,9.8,29.4,2.4,0.9,3.3,0.147,4.2,-1.2,3.0,1.4
LaMarcus Aldridge,aldrila01,BRK,C,36,47,1050,19.6,0.604,0.1,0.223,7.8,18.7,13.4,6.3,0.6,4.0,8.0,22.4,2.1,1.0,3.1,0.141,1.3,-0.6,0.7,0.7
LaMelo Ball,ballla01,CHO,PG,20,75,2422,19.7,0.554,0.451,0.194,4.7,17.4,11.0,35.7,2.4,1.2,15.3,28.2,3.4,2.5,5.8,0.116,3.3,0.2,3.4,3.3
Lamar Stevens,stevela01,CLE,PF,24,63,1015,11.3,0.544,0.204,0.235,5.2,12.5,8.9,6.5,1.5,1.6,10.4,17.1,0.4,1.2,1.6,0.078,-3.2,0.3,-2.9,-0.2
Lance Stephenson,stephla01,"ATL,IND",SG,31,46,814,13.6,0.536,0.279,0.248,1.6,16.0,8.7,30.2,1.4,0.4,16.7,22.6,0.4,0.4,0.8,0.048,-1.6,-1.6,-3.1,-0.2
Landry Shamet,shamela01,PHO,SG,24,69,1437,10.2,0.55,0.689,0.167,1.2,8.0,4.7,9.7,0.9,0.6,7.3,16.8,1.1,1.5,2.6,0.085,-0.9,-0.4,-1.2,0.3
Langston Galloway,gallola01,"BRK,MIL",SG,30,7,107,0.7,0.269,0.615,0.0,3.1,14.7,9.0,13.7,0.4,0.0,18.8,12.8,-0.3,0.1,-0.2,-0.1,-8.0,-1.8,-9.8,-0.2
Larry Nance Jr.,nancela02,"POR,NOP",PF,29,46,1040,14.4,0.59,0.283,0.231,7.4,19.3,13.1,11.4,2.0,1.9,12.0,12.8,1.5,0.8,2.3,0.104,-0.5,0.4,-0.1,0.5
Lauri Markkanen,markkla01,CLE,PF,24,61,1878,14.7,0.582,0.541,0.226,3.5,16.5,10.2,6.6,1.2,1.4,6.5,19.5,2.7,2.3,5.0,0.127,0.4,-0.1,0.4,1.1
LeBron James,jamesle01,LAL,SF,37,56,2084,26.2,0.619,0.367,0.275,3.3,20.4,11.8,30.6,1.7,2.5,12.5,32.3,5.2,2.3,7.5,0.172,6.9,0.8,7.7,5.1
Leandro Bolmaro,bolmale01,MIN,SF,21,35,241,5.4,0.419,0.333,0.241,6.9,12.3,9.6,11.0,1.2,0.0,17.9,12.6,-0.1,0.2,0.0,0.004,-5.1,-0.7,-5.8,-0.2
Lindell Wigginton,wiggili01,MIL,PG,23,19,199,10.2,0.524,0.426,0.574,1.6,11.5,6.7,15.7,1.2,0.5,13.6,19.0,0.0,0.1,0.2,0.044,-3.2,-1.9,-5.0,-0.2
Lindy Waters III,waterli01,OKC,SG,24,25,465,13.0,0.562,0.834,0.029,1.3,15.0,8.1,8.1,2.0,1.6,5.8,17.5,0.3,0.5,0.8,0.081,-0.8,-0.8,-1.6,0.1
Lonnie Walker IV,walkelo01,SAS,SG,23,70,1612,12.3,0.512,0.462,0.194,1.2,10.7,5.9,13.4,1.3,1.0,7.9,23.6,0.1,1.1,1.2,0.037,-1.2,-1.3,-2.5,-0.2
Lonzo Ball,balllo01,CHI,PG,24,35,1212,14.5,0.575,0.679,0.073,3.3,14.3,8.8,20.0,2.6,2.2,17.2,17.4,0.8,1.4,2.2,0.088,0.9,1.6,2.5,1.4
Lou Williams,willilo02,ATL,PG,35,56,799,12.1,0.5,0.319,0.244,2.2,9.7,6.0,18.6,1.7,0.3,10.8,21.7,0.2,0.4,0.6,0.034,-2.0,-1.4,-3.4,-0.3
Louis King,kinglo02,SAC,SF,22,10,104,8.1,0.438,0.574,0.213,0.0,12.7,6.3,12.5,0.9,0.8,0.0,21.2,0.0,0.0,0.0,0.0,-3.0,-1.6,-4.6,-0.1
Luguentz Dort,dortlu01,OKC,SF,22,51,1665,12.3,0.541,0.539,0.263,2.3,10.9,6.5,8.6,1.3,1.0,9.8,23.3,0.2,1.1,1.4,0.04,-1.5,-0.7,-2.3,-0.1
Luka Dončić,doncilu01,DAL,PG,22,65,2301,25.1,0.571,0.406,0.349,2.7,26.0,14.3,46.0,1.6,1.4,15.3,37.4,3.8,3.8,7.6,0.159,6.4,1.8,8.2,5.9
Luka Garza,garzalu01,DET,C,23,32,389,15.6,0.535,0.333,0.415,15.3,12.3,13.9,8.3,1.1,1.4,9.4,21.1,0.5,0.2,0.8,0.093,-0.5,-2.0,-2.5,-0.1
Luke Kennard,kennalu01,LAC,SG,25,70,1919,13.3,0.619,0.662,0.121,1.1,11.2,6.3,11.2,1.1,0.3,8.2,16.8,2.8,1.7,4.5,0.113,0.8,-0.3,0.5,1.2
Luke Kornet,kornelu01,"CLE,MIL,BOS",C,26,15,103,16.6,0.506,0.185,0.222,14.0,16.4,15.2,12.4,1.4,2.6,0.0,12.7,0.2,0.2,0.4,0.194,-0.9,0.4,-0.5,0.0
M.J. Walker,walkemj01,PHO,SG,23,2,8,-3.3,0.0,0.5,0.0,0.0,13.1,6.7,13.8,12.0,0.0,0.0,21.5,-0.1,0.0,0.0,-0.276,-15.8,6.2,-9.6,0.0
Mac McClung,mccluma01,"CHI,LAL",SG,23,2,25,5.2,0.621,0.5,0.167,0.0,12.9,6.5,5.2,1.9,3.6,31.8,16.3,0.0,0.0,0.0,-0.043,-8.4,-1.2,-9.6,0.0
Malachi Flynn,flynnma01,TOR,PG,23,44,537,11.7,0.488,0.492,0.131,1.9,11.3,6.4,18.5,1.9,0.7,6.3,16.5,0.5,0.5,1.0,0.092,-1.8,0.4,-1.5,0.1
Malcolm Brogdon,brogdma01,IND,PG,29,36,1206,18.0,0.557,0.343,0.308,3.0,14.3,8.6,26.9,1.2,1.0,11.1,24.6,2.2,0.4,2.7,0.106,2.8,-0.5,2.3,1.3
Malcolm Hill,hillma01,"ATL,CHI",SF,26,19,212,12.7,0.619,0.692,0.269,5.8,12.6,9.2,5.0,1.6,1.2,4.9,12.7,0.4,0.2,0.6,0.126,-1.1,-0.5,-1.6,0.0
Malik Beasley,beaslma01,MIN,SG,25,79,1976,11.9,0.544,0.749,0.071,1.4,11.2,6.2,8.5,1.0,0.6,4.7,19.4,1.7,1.2,2.9,0.069,0.7,-1.5,-0.7,0.7
Malik Fitts,fittsma01,"UTA,BOS",PF,24,15,63,10.7,0.553,0.526,0.0,3.5,25.2,14.7,12.7,0.0,0.0,9.5,14.6,0.1,0.1,0.1,0.097,-0.6,-0.5,-1.1,0.0
Malik Monk,monkma01,LAL,SG,23,76,2139,14.4,0.597,0.535,0.142,1.9,11.0,6.4,15.2,1.4,1.2,12.2,20.1,2.3,1.4,3.6,0.081,0.5,-1.0,-0.5,0.8
Malik Newman,newmama01,CLE,PG,24,1,8,28.6,0.68,0.2,0.4,0.0,13.5,6.9,27.8,0.0,0.0,14.5,38.1,0.0,0.0,0.0,0.179,6.3,0.1,6.4,0.0
Mamadi Diakite,diakima01,OKC,PF,25,13,188,11.6,0.54,0.106,0.234,9.2,23.3,16.1,1.6,1.3,4.5,11.9,13.5,0.1,0.3,0.3,0.08,-5.9,0.9,-5.0,-0.1
Marcus Garrett,garrema01,MIA,SG,23,12,128,4.7,0.28,0.19,0.238,8.1,12.2,10.2,7.0,2.0,2.5,7.9,8.8,-0.1,0.2,0.1,0.032,-6.4,1.0,-5.4,-0.1
Marcus Morris,morrima03,LAC,PF,32,54,1564,13.7,0.549,0.398,0.214,1.8,14.0,8.1,11.3,0.9,1.0,8.4,23.2,0.9,1.5,2.4,0.074,-0.3,-1.0,-1.4,0.3
Marcus Smart,smartma01,BOS,PG,27,71,2296,13.6,0.54,0.501,0.249,2.0,10.5,6.4,25.6,2.6,0.7,16.6,18.3,1.9,3.7,5.6,0.116,-1.2,1.7,0.5,1.5
Markelle Fultz,fultzma01,ORL,PG,23,18,360,17.7,0.517,0.097,0.177,1.2,13.2,7.2,48.9,2.7,1.3,17.5,27.5,0.0,0.4,0.4,0.053,-0.1,0.4,0.2,0.2
Markieff Morris,morrima02,MIA,PF,32,17,298,10.9,0.547,0.342,0.079,6.6,10.5,8.6,12.1,1.0,0.4,14.5,20.6,0.0,0.3,0.3,0.054,-1.5,-0.4,-1.9,0.0
Marko Simonovic,simonma01,CHI,C,22,9,35,10.2,0.428,0.333,0.733,16.2,16.0,16.1,0.0,1.4,2.5,9.2,27.5,0.0,0.0,0.0,-0.011,-6.1,-5.0,-11.1,-0.1
Markus Howard,howarma02,DEN,SG,22,31,176,16.1,0.567,0.693,0.228,1.3,6.1,3.8,6.2,2.5,0.0,5.9,29.4,0.1,0.2,0.3,0.082,0.8,-2.0,-1.2,0.0
Marquese Chriss,chrisma01,DAL,PF,24,34,346,14.8,0.518,0.187,0.246,10.6,22.5,16.5,7.7,1.9,3.1,10.3,21.5,0.2,0.6,0.8,0.108,-3.8,0.0,-3.8,-0.2
Marvin Bagley III,baglema01,"SAC,DET",PF,22,48,1146,15.7,0.551,0.217,0.226,9.7,22.6,16.0,5.2,0.9,1.4,7.4,19.8,1.2,0.9,2.0,0.085,-0.5,-1.8,-2.3,-0.1
Mason Jones,jonesma05,LAL,SG,23,4,51,17.8,0.625,0.267,1.0,2.1,18.9,10.5,10.9,1.9,0.0,4.4,19.0,0.2,0.0,0.2,0.201,-1.2,0.3,-0.9,0.0
Mason Plumlee,plumlma01,CHO,C,31,73,1793,14.7,0.603,0.006,0.534,10.2,23.3,16.7,16.4,1.6,2.7,20.2,11.7,2.7,2.0,4.7,0.127,-1.5,1.5,0.0,0.9
Matisse Thybulle,thybuma01,PHI,SG,24,66,1685,11.2,0.594,0.48,0.143,2.8,7.1,5.0,6.1,3.4,3.8,10.9,9.5,1.2,2.5,3.7,0.107,-2.2,3.3,1.1,1.3
Matt Mooney,moonema01,NYK,SG,24,1,2,-20.0,0.0,1.0,0.0,0.0,0.0,0.0,0.0,25.0,0.0,50.0,43.8,-0.1,0.0,0.0,-0.915,-33.9,11.5,-22.3,0.0
Matt Ryan,ryanma01,BOS,SF,24,1,5,3.5,0.3,1.0,0.0,0.0,0.0,0.0,0.0,9.9,0.0,0.0,44.0,0.0,0.0,0.0,-0.25,-9.9,-3.8,-13.7,0.0
Matt Thomas,thomama02,CHI,SG,27,40,459,9.9,0.564,0.679,0.149,0.7,11.5,6.1,5.8,0.9,0.6,5.3,14.5,0.3,0.2,0.6,0.058,-1.2,-1.4,-2.6,-0.1
Maurice Harkless,harklma01,SAC,SF,28,47,863,7.7,0.561,0.558,0.155,1.5,12.7,7.1,3.6,1.6,2.4,13.8,11.2,-0.1,0.6,0.5,0.026,-3.7,0.4,-3.3,-0.3
Max Strus,strusma01,MIA,SF,25,68,1587,12.7,0.614,0.784,0.094,1.7,12.5,7.2,8.8,0.9,1.1,8.8,18.1,2.0,1.7,3.6,0.11,1.4,-0.4,0.9,1.2
Maxi Kleber,klebima01,DAL,PF,30,59,1450,11.0,0.537,0.72,0.184,5.4,21.5,13.4,6.5,1.0,3.6,10.9,13.3,0.7,2.3,3.0,0.098,-1.6,1.2,-0.4,0.6
McKinley Wright IV,wrighmc01,MIN,PG,23,5,19,9.5,0.833,0.667,0.0,0.0,0.0,0.0,20.9,0.0,0.0,25.0,8.8,0.0,0.0,0.0,0.092,-1.4,-2.8,-4.2,0.0
Melvin Frazier,frazime01,OKC,SG,25,3,120,-0.4,0.313,0.438,0.146,4.2,7.0,5.6,1.2,0.4,0.0,5.5,19.5,-0.4,0.0,-0.4,-0.16,-9.7,-6.7,-16.4,-0.4
Micah Potter,pottemi01,DET,C,23,3,31,13.6,0.505,0.182,0.182,13.3,18.4,15.7,0.0,1.6,2.9,7.8,17.8,0.0,0.0,0.0,0.073,-4.0,-3.0,-7.1,0.0
Michael Porter Jr.,portemi01,DEN,SF,23,9,265,7.5,0.416,0.466,0.087,3.9,20.4,12.4,8.9,1.9,0.7,10.1,19.7,-0.5,0.3,-0.2,-0.032,-3.9,0.5,-3.5,-0.1
Mikal Bridges,bridgmi01,PHO,SF,25,82,2854,14.4,0.627,0.364,0.183,2.9,10.0,6.5,8.7,1.6,1.1,6.8,15.0,5.2,3.7,8.9,0.15,0.5,1.1,1.6,2.6
Mike Conley,conlemi01,UTA,PG,34,72,2058,17.2,0.572,0.523,0.205,2.6,8.8,5.8,27.7,2.3,0.9,12.5,20.9,4.4,2.3,6.7,0.157,2.4,0.7,3.1,2.7
Mike Muscala,muscami01,OKC,C,30,43,592,19.7,0.63,0.657,0.23,3.6,19.1,11.2,6.2,1.5,4.1,4.9,20.9,1.4,0.7,2.1,0.17,3.8,1.2,5.0,1.1
Miles Bridges,bridgmi02,CHO,PF,23,80,2837,17.9,0.593,0.383,0.274,3.3,17.8,10.4,15.7,1.3,2.2,9.9,22.6,5.0,2.3,7.2,0.123,1.8,-0.3,1.5,2.5
Miles McBride,mcbrimi01,NYK,PG,21,40,372,6.1,0.393,0.63,0.111,1.1,11.2,6.1,15.9,1.9,0.3,4.2,13.9,-0.1,0.4,0.2,0.032,-5.5,1.0,-4.5,-0.2
Mitchell Robinson,robinmi01,NYK,C,23,72,1848,20.7,0.722,0.0,0.528,16.8,19.1,17.9,3.2,1.6,7.1,12.4,11.4,5.3,3.2,8.5,0.221,1.0,1.2,2.2,2.0
Miye Oni,onimi01,UTA,SG,24,16,44,0.4,0.265,0.889,0.111,2.6,14.4,8.7,14.2,0.0,0.0,9.6,10.3,-0.1,0.0,0.0,-0.032,-7.6,-0.3,-7.9,-0.1
Mo Bamba,bambamo01,ORL,C,23,71,1824,16.5,0.582,0.455,0.118,8.5,24.6,16.5,7.4,1.0,5.9,10.6,17.2,1.8,2.7,4.5,0.118,-0.2,0.9,0.7,1.2
Monte Morris,morrimo01,DEN,PG,26,75,2239,14.7,0.583,0.406,0.109,1.4,9.6,5.6,21.4,1.2,0.6,8.8,17.4,3.9,1.5,5.4,0.116,0.8,-0.8,0.0,1.1
Montrezl Harrell,harremo01,"WAS,CHO",C,28,71,1641,23.2,0.68,0.031,0.533,10.0,18.7,14.4,13.9,0.9,2.3,9.5,20.2,6.1,1.2,7.3,0.213,3.7,0.1,3.9,2.4
Moritz Wagner,wagnemo01,ORL,C,24,63,960,18.1,0.623,0.508,0.326,4.6,21.0,12.8,15.4,1.0,1.2,11.0,22.9,1.8,1.0,2.8,0.138,1.5,0.1,1.6,0.9
Moses Brown,brownmo01,"DAL,CLE",C,22,40,345,18.5,0.612,0.0,0.667,12.7,30.5,21.7,0.4,1.0,4.2,12.5,20.7,0.5,0.7,1.2,0.16,-2.4,-0.9,-3.3,-0.1
Moses Moody,moodymo01,GSW,SG,19,52,607,10.5,0.573,0.601,0.197,3.2,11.0,7.2,5.3,0.6,1.6,6.1,15.2,0.6,0.7,1.3,0.101,-1.4,-1.1,-2.5,-0.1
Moses Wright,wrighmo01,"LAC,DAL",PF,23,4,14,18.3,0.47,0.25,0.75,7.9,15.9,11.9,16.8,0.0,6.5,0.0,17.1,0.0,0.0,0.1,0.18,1.1,0.4,1.4,0.0
Mychal Mulder,muldemy01,"ORL,MIA",PG,27,17,239,3.7,0.438,0.701,0.052,0.9,9.8,5.3,3.0,0.8,0.8,9.2,15.8,-0.4,0.1,-0.2,-0.05,-5.9,-1.8,-7.7,-0.3
Myles Powell,powelmy01,PHI,PG,24,11,52,0.2,0.364,0.353,0.118,2.2,10.6,6.4,8.0,1.0,0.0,14.4,18.0,-0.2,0.0,-0.1,-0.109,-10.5,-2.2,-12.7,-0.1
Myles Turner,turnemy01,IND,C,25,42,1235,17.4,0.615,0.466,0.267,5.8,21.3,13.4,5.1,1.1,8.3,10.9,17.1,1.7,1.4,3.1,0.12,0.1,1.4,1.4,1.1
Naji Marshall,marshna01,NOP,SF,24,55,735,12.3,0.505,0.39,0.346,5.6,16.0,10.7,12.3,2.2,1.0,12.9,20.8,0.0,0.7,0.8,0.05,-2.7,-0.5,-3.2,-0.2
Nassir Little,littlna01,POR,SF,21,42,1088,13.5,0.575,0.489,0.298,5.7,18.7,11.9,7.4,1.1,3.3,10.1,15.8,1.2,0.6,1.7,0.076,-0.9,-0.6,-1.5,0.2
Nate Hinton,hintona01,IND,SG,22,2,2,-45.2,0.0,0.0,0.0,0.0,0.0,0.0,0.0,0.0,0.0,50.0,42.8,-0.1,0.0,-0.1,-1.231,-28.1,-14.5,-42.6,0.0
Nathan Knight,knighna01,MIN,PF,24,37,267,18.7,0.603,0.148,0.682,12.5,21.8,17.1,11.9,1.2,2.9,13.6,20.7,0.6,0.3,1.0,0.171,-0.7,0.1,-0.6,0.1
Naz Reid,reidna01,MIN,C,22,77,1215,17.2,0.588,0.349,0.313,8.8,18.0,13.3,8.7,1.6,5.6,13.2,21.4,1.5,1.6,3.2,0.125,-0.5,0.5,0.0,0.6
Neemias Queta,quetane01,SAC,C,22,14,120,12.7,0.495,0.0,0.447,12.6,15.6,14.1,7.2,0.4,5.8,11.7,18.4,0.0,0.1,0.1,0.051,-4.1,-1.0,-5.1,-0.1
Nemanja Bjelica,bjeline01,GSW,C,33,71,1142,14.2,0.573,0.436,0.237,6.1,21.5,14.1,19.8,1.8,2.2,18.7,17.8,1.0,2.1,3.0,0.128,-0.9,2.3,1.4,1.0
Nerlens Noel,noelne01,NYK,C,27,25,562,11.8,0.581,0.05,0.5,9.0,18.1,13.5,5.7,2.7,5.4,21.5,7.3,0.4,1.0,1.5,0.128,-3.1,3.3,0.3,0.3
Nic Claxton,claxtni01,BRK,C,22,47,974,18.6,0.672,0.0,0.352,10.4,18.9,14.8,6.4,1.2,4.7,11.1,15.1,2.3,1.2,3.5,0.171,0.3,0.2,0.4,0.6
Nick Richards,richani01,CHO,C,24,50,367,15.9,0.689,0.0,0.478,9.7,15.2,12.4,4.9,1.2,5.4,18.1,15.4,0.6,0.3,1.0,0.125,-2.6,-0.2,-2.8,-0.1
Nickeil Alexander-Walker,alexani01,"NOP,UTA",SG,23,65,1466,10.5,0.475,0.497,0.16,2.7,11.5,7.1,16.1,1.5,1.5,11.3,24.1,-1.1,1.1,0.1,0.003,-1.8,-1.1,-2.9,-0.3
Nicolas Batum,batumni01,LAC,PF,33,59,1462,13.5,0.608,0.698,0.098,2.2,15.8,9.2,9.7,1.9,2.4,9.0,13.3,1.6,2.1,3.7,0.123,0.5,1.8,2.3,1.6
Nik Stauskas,stausni01,"MIA,BOS",SG,28,8,39,10.5,0.541,0.714,0.429,3.0,5.7,4.4,7.3,0.0,0.0,5.7,20.0,0.0,0.0,0.1,0.078,-0.9,-2.7,-3.6,0.0
Nikola Jokić,jokicni01,DEN,C,26,74,2476,32.8,0.661,0.22,0.357,9.6,35.5,23.0,42.6,2.2,2.3,15.6,31.9,10.8,4.5,15.2,0.296,9.2,4.5,13.7,9.8
Nikola Vučević,vucevni01,CHI,C,31,73,2418,18.2,0.533,0.287,0.105,6.6,30.7,18.7,15.2,1.4,2.5,10.1,24.5,1.4,3.2,4.5,0.09,0.8,0.1,0.9,1.8
Norman Powell,powelno01,"POR,LAC",SF,28,45,1458,16.3,0.603,0.418,0.385,1.5,9.7,5.4,10.8,1.4,1.4,8.9,23.1,2.4,0.4,2.8,0.093,1.2,-1.5,-0.3,0.6
Norvel Pelle,pelleno01,UTA,C,28,3,19,12.2,0.6,0.0,0.0,17.9,16.7,17.3,0.0,0.0,4.6,28.6,16.0,0.0,0.0,0.0,0.038,-3.0,-4.1,-7.1,0.0
OG Anunoby,anunoog01,TOR,SF,24,48,1728,14.8,0.549,0.455,0.169,4.4,12.6,8.3,11.0,2.1,1.4,9.7,20.5,1.8,1.9,3.7,0.104,0.4,0.1,0.5,1.1
Obi Toppin,toppiob01,NYK,PF,23,72,1230,18.3,0.614,0.357,0.262,5.9,17.7,11.7,10.9,1.0,2.6,9.6,20.8,2.5,1.5,3.9,0.153,1.7,0.3,2.0,1.2
Olivier Sarr,sarrol01,OKC,C,22,22,421,14.0,0.672,0.287,0.287,8.2,14.6,11.4,6.9,0.7,3.3,16.2,13.9,0.7,0.3,1.0,0.116,-2.7,-1.3,-4.0,-0.2
Omer Yurtseven,yurtsom01,MIA,C,23,56,706,17.4,0.546,0.045,0.247,13.9,33.0,23.6,11.0,1.2,3.0,13.0,19.9,0.8,1.4,2.1,0.145,-1.4,0.4,-1.0,0.2
Onyeka Okongwu,okongon01,ATL,C,21,48,992,19.8,0.714,0.0,0.487,12.8,18.4,15.6,7.6,1.5,5.4,13.8,14.0,3.1,1.1,4.2,0.202,0.0,0.8,0.8,0.7
Oshae Brissett,brissos01,IND,SF,23,67,1564,12.9,0.53,0.468,0.324,7.6,18.1,12.8,6.4,1.4,1.6,8.5,17.3,1.4,0.9,2.2,0.069,-0.5,-1.7,-2.2,-0.1
Otto Porter Jr.,porteot01,GSW,PF,28,63,1396,15.9,0.581,0.519,0.147,6.9,21.0,14.2,9.6,2.4,2.0,7.7,15.0,2.2,2.7,4.9,0.168,1.0,2.1,3.1,1.8
P.J. Tucker,tuckepj01,MIA,PF,36,71,1981,11.3,0.593,0.451,0.143,5.8,16.2,11.1,10.6,1.5,0.8,12.7,11.7,2.4,2.6,5.0,0.121,-0.8,1.4,0.6,1.3
P.J. Washington,washipj01,CHO,PF,23,65,1768,13.6,0.588,0.566,0.152,4.8,15.5,10.1,11.2,1.5,3.3,12.6,15.6,1.8,1.6,3.4,0.091,-0.2,0.2,-0.1,0.9
PJ Dozier,doziepj01,DEN,SG,25,18,340,8.7,0.463,0.485,0.131,4.8,15.6,10.3,11.3,1.6,1.6,11.0,15.2,-0.1,0.4,0.3,0.038,-3.0,1.0,-2.0,0.0
Paris Bass,basspa01,PHO,SF,26,2,7,13.9,0.436,0.333,0.333,31.5,29.9,30.6,0.0,6.9,0.0,22.5,54.6,0.0,0.0,0.0,-0.17,-11.2,-1.2,-12.4,0.0
Pascal Siakam,siakapa01,TOR,PF,27,68,2578,20.3,0.565,0.181,0.314,5.1,20.1,12.2,23.0,1.6,1.6,11.6,25.8,4.9,3.2,8.1,0.151,2.7,0.8,3.5,3.6
Pat Connaughton,connapa01,MIL,SG,29,65,1691,13.4,0.62,0.746,0.109,2.9,14.0,8.6,6.6,1.7,0.9,6.3,14.0,2.8,1.6,4.4,0.125,0.8,0.4,1.2,1.4
Patrick Beverley,beverpa01,MIN,PG,33,58,1476,14.8,0.539,0.555,0.305,4.4,13.2,8.7,24.5,2.2,3.4,12.9,16.1,2.3,1.7,4.1,0.132,0.6,2.1,2.7,1.7
Patrick Williams,willipa01,CHI,PF,20,17,422,12.7,0.637,0.284,0.402,4.6,13.8,9.2,4.8,1.0,1.8,11.8,14.2,0.6,0.3,0.9,0.099,-0.9,-0.7,-1.5,0.0
Patty Mills,millspa02,BRK,PG,33,81,2346,10.4,0.563,0.715,0.074,0.9,6.2,3.6,10.6,1.1,0.6,8.2,16.4,1.9,0.9,2.8,0.058,-0.3,-1.4,-1.7,0.2
Paul George,georgpa01,LAC,SF,31,31,1077,18.6,0.538,0.404,0.233,1.2,19.2,10.5,28.1,3.0,1.0,15.2,33.7,-0.6,1.9,1.3,0.057,1.7,1.9,3.6,1.5
Paul Millsap,millspa01,"BRK,PHI",PF,36,33,376,10.8,0.458,0.304,0.209,12.3,20.7,16.6,10.4,1.3,3.1,13.1,16.7,0.0,0.5,0.5,0.061,-3.7,0.3,-3.4,-0.1
Paul Reed,reedpa01,PHI,C,22,38,302,21.4,0.568,0.083,0.146,16.6,17.4,17.0,8.3,5.5,4.2,8.9,16.7,0.6,0.7,1.3,0.212,-0.8,2.9,2.1,0.3
Paul Watson,watsopa01,OKC,SF,27,9,156,5.7,0.432,0.743,0.057,1.9,16.1,8.9,7.2,0.9,1.8,10.0,11.0,-0.1,0.1,0.0,0.001,-4.8,-0.6,-5.4,-0.1
Payton Pritchard,pritcpa01,BOS,SG,24,71,1001,15.0,0.578,0.657,0.056,3.5,10.8,7.2,20.4,1.2,0.5,9.7,18.6,1.8,1.2,3.1,0.148,1.7,0.1,1.9,1.0
Petr Cornelie,cornepe01,DEN,PF,26,13,38,9.6,0.418,0.533,0.267,21.3,19.9,20.6,10.8,1.3,2.4,19.3,24.0,-0.1,0.0,0.0,-0.015,-6.1,-2.7,-8.8,-0.1
Precious Achiuwa,achiupr01,TOR,C,22,73,1725,12.7,0.503,0.259,0.217,8.7,21.7,14.9,6.9,1.1,2.3,11.3,18.5,0.4,2.1,2.5,0.07,-2.0,-0.6,-2.6,-0.2
Quentin Grimes,grimequ01,NYK,SG,21,46,786,10.7,0.565,0.804,0.081,3.2,9.8,6.4,8.5,2.0,1.4,10.3,15.1,0.6,0.9,1.4,0.087,-1.2,0.9,-0.3,0.3
Quinndary Weatherspoon,weathqu01,GSW,SG,25,11,73,12.0,0.647,0.238,0.238,3.1,17.4,10.5,10.1,0.7,1.3,11.5,15.7,0.1,0.1,0.2,0.148,-4.5,0.1,-4.4,0.0
R.J. Hampton,hamptrj01,ORL,SG,20,64,1402,8.5,0.481,0.4,0.256,1.7,12.9,7.3,16.9,1.4,0.8,14.6,18.4,-1.3,1.1,-0.2,-0.005,-4.0,-0.1,-4.1,-0.7
RJ Barrett,barrerj01,NYK,SF,21,70,2417,13.7,0.511,0.338,0.34,2.9,15.5,9.1,14.9,0.9,0.7,9.9,27.6,0.1,2.2,2.3,0.046,-0.3,-1.3,-1.6,0.2
RJ Nembhard Jr.,nembhrj01,CLE,SG,22,14,63,8.0,0.38,0.111,0.222,5.4,6.9,6.1,26.1,0.8,0.0,13.2,16.0,0.0,0.0,0.0,0.01,-4.4,-1.5,-5.9,-0.1
Rajon Rondo,rondora01,"LAL,CLE",PG,35,39,697,10.9,0.496,0.5,0.148,2.4,14.4,8.5,33.1,2.1,0.8,26.6,16.0,-0.1,0.8,0.7,0.048,-2.4,0.7,-1.7,0.1
Raul Neto,netora01,WAS,PG,29,70,1372,12.4,0.538,0.272,0.245,1.1,9.6,5.4,22.9,2.0,0.2,13.9,18.4,0.7,0.8,1.5,0.053,-2.5,-0.5,-3.0,-0.4
Rayjon Tucker,tuckera01,"DEN,MIL",SG,24,5,71,17.7,0.869,0.556,0.778,4.7,7.5,6.1,18.1,2.7,0.0,7.6,7.9,0.3,0.1,0.4,0.243,2.3,1.2,3.5,0.1
Reggie Bullock,bullore01,DAL,SF,30,68,1902,9.2,0.558,0.782,0.096,1.9,12.2,7.0,6.1,1.1,0.7,7.1,13.3,1.2,2.0,3.2,0.08,-1.4,0.0,-1.4,0.3
Reggie Jackson,jacksre01,LAC,SG,31,75,2337,12.1,0.488,0.419,0.133,1.8,10.2,6.1,24.6,1.2,0.5,11.8,27.6,-1.7,2.0,0.4,0.008,-1.4,-1.6,-2.9,-0.6
Reggie Perry,perryre01,"POR,IND",PF,21,10,187,15.6,0.537,0.203,0.19,8.5,19.5,13.8,11.1,2.4,3.2,11.4,22.4,0.1,0.2,0.2,0.058,-3.1,-1.0,-4.1,-0.1
Richaun Holmes,holmeri01,SAC,C,28,45,1074,17.8,0.689,0.017,0.3,9.3,22.9,16.1,6.8,0.8,3.3,14.2,15.8,2.4,0.9,3.2,0.145,-0.4,-0.1,-0.5,0.4
Ricky Rubio,rubiori01,CLE,PG,31,34,970,14.0,0.488,0.423,0.251,1.7,14.1,8.0,34.6,2.5,0.6,16.5,24.9,-0.1,1.4,1.3,0.064,-1.0,1.2,0.2,0.5
Rob Edwards,edwarro01,OKC,SG,25,2,11,-0.8,0.375,1.0,0.0,0.0,28.5,14.0,0.0,0.0,0.0,20.0,19.6,-0.1,0.0,0.0,-0.181,-8.3,-2.9,-11.2,0.0
Robert Covington,covinro01,"POR,LAC",PF,31,71,1940,12.4,0.572,0.681,0.139,3.3,18.9,11.0,6.8,2.6,4.4,12.4,13.5,0.8,2.4,3.2,0.08,-1.6,1.8,0.2,1.1
Robert Williams,williro04,BOS,C,24,61,1804,22.1,0.745,0.003,0.245,14.6,20.5,17.6,9.7,1.5,6.8,13.4,11.5,6.0,3.9,9.9,0.262,2.4,3.1,5.5,3.4
Robert Woodard II,woodaro01,SAC,SF,22,12,42,2.1,0.207,0.25,0.125,12.8,15.7,14.3,9.0,1.1,2.1,5.6,18.3,-0.2,0.0,-0.1,-0.147,-6.8,-3.6,-10.4,-0.1
Robin Lopez,lopezro01,ORL,C,33,36,612,13.7,0.57,0.03,0.271,11.7,10.0,10.9,14.4,0.2,2.7,16.5,18.9,0.5,0.3,0.8,0.064,-2.4,-1.4,-3.8,-0.3
Rodney Hood,hoodro01,"MIL,LAC",SF,29,52,709,7.2,0.493,0.58,0.121,2.3,9.1,5.8,6.9,1.0,0.8,6.2,10.7,0.2,0.5,0.7,0.048,-3.1,-0.3,-3.3,-0.2
Rodney McGruder,mcgruro01,DET,SG,30,51,754,11.6,0.577,0.649,0.116,4.2,12.1,8.0,9.6,1.4,0.8,9.2,14.8,0.7,0.4,1.2,0.075,-0.7,-0.7,-1.4,0.1
Romeo Langford,langfro01,"BOS,SAS",SG,22,48,771,9.2,0.52,0.445,0.22,4.3,10.7,7.6,3.7,1.4,1.9,7.1,12.9,0.3,1.0,1.3,0.082,-2.3,1.0,-1.4,0.1
Royce O'Neale,onealro01,UTA,SF,28,77,2406,10.3,0.608,0.689,0.126,3.0,13.4,8.4,10.5,1.8,1.2,14.4,9.9,2.7,2.8,5.5,0.109,-0.8,1.7,0.8,1.7
Rudy Gay,gayru01,UTA,PF,35,55,1038,13.0,0.539,0.536,0.208,6.0,19.1,12.8,7.8,1.2,1.6,10.2,19.3,0.8,1.3,2.1,0.097,-0.7,-0.3,-1.0,0.3
Rudy Gobert,goberru01,UTA,C,29,66,2120,24.7,0.732,0.008,0.864,12.9,36.3,25.0,5.1,1.0,5.7,14.5,16.9,7.3,4.3,11.7,0.264,2.9,1.7,4.6,3.6
Rui Hachimura,hachiru01,WAS,PF,23,42,943,14.9,0.579,0.323,0.173,3.0,15.6,9.4,7.9,1.2,0.8,7.4,20.9,0.9,0.6,1.4,0.073,0.2,-1.7,-1.5,0.1
Russell Westbrook,westbru01,LAL,PG,33,78,2678,15.0,0.512,0.215,0.324,4.4,18.8,11.6,31.6,1.3,0.7,17.3,27.3,-0.6,2.3,1.7,0.03,-0.7,-0.9,-1.6,0.2
Ryan Arcidiacono,arcidry01,NYK,PG,27,10,76,6.1,0.667,0.75,0.0,0.0,11.5,5.7,7.5,0.7,0.0,20.0,8.6,0.0,0.1,0.1,0.052,-4.6,0.0,-4.6,-0.1
Saben Lee,leesa01,DET,PG,22,37,604,13.8,0.499,0.339,0.401,3.1,13.0,7.8,26.2,2.9,1.8,14.7,17.3,0.3,0.7,0.9,0.073,-1.9,1.5,-0.4,0.2
Saddiq Bey,beysa01,DET,SF,22,82,2704,14.0,0.529,0.537,0.224,4.1,14.1,8.8,13.8,1.3,0.5,7.1,21.3,2.4,1.6,4.0,0.071,0.9,-1.2,-0.3,1.2
Sam Dekker,dekkesa01,TOR,PF,27,1,1,0.0,,,,0.0,0.0,0.0,0.0,0.0,0.0,,0.0,0.0,0.0,0.0,0.003,-6.2,-3.4,-9.6,0.0
Sam Hauser,hausesa01,BOS,SF,24,26,158,14.8,0.65,0.88,0.0,3.5,16.0,9.9,9.1,0.3,1.2,3.8,14.5,0.4,0.2,0.6,0.171,2.7,-0.3,2.3,0.2
Sam Merrill,merrisa01,MEM,SG,25,6,58,7.5,0.485,0.958,0.167,1.8,11.1,6.3,9.0,0.0,0.0,7.2,19.6,0.0,0.0,0.0,0.029,-2.2,-3.4,-5.6,-0.1
Sandro Mamukelashvili,mamuksa01,MIL,PF,22,41,407,14.7,0.618,0.452,0.191,9.3,12.0,10.7,7.4,1.1,2.1,10.7,14.6,0.8,0.3,1.1,0.135,0.6,-1.0,-0.3,0.2
Santi Aldama,aldamsa01,MEM,PF,21,32,360,10.2,0.452,0.364,0.242,9.4,16.1,12.6,7.7,0.8,2.5,9.9,18.4,-0.1,0.4,0.3,0.044,-4.2,-1.5,-5.7,-0.3
Scottie Barnes,barnesc01,TOR,PF,20,74,2617,16.3,0.552,0.207,0.231,7.7,15.8,11.5,14.7,1.5,2.1,11.7,19.0,3.7,2.9,6.6,0.122,0.5,0.4,0.9,1.9
Scottie Lewis,lewissc01,CHO,SG,21,2,7,14.6,0.568,,,0.0,0.0,0.0,16.2,6.9,0.0,0.0,5.3,0.0,0.0,0.0,0.164,0.0,5.9,6.0,0.0
Scotty Hopson,hopsosc01,OKC,SG,32,1,18,0.1,0.5,0.25,0.0,0.0,5.8,2.9,8.1,0.0,0.0,33.3,14.4,-0.1,0.0,0.0,-0.132,-8.7,-2.9,-11.6,0.0
Sekou Doumbouya,doumbse01,LAL,PF,21,2,16,40.7,0.717,0.25,0.5,13.5,26.8,20.2,0.0,9.0,11.1,17.0,31.6,0.0,0.1,0.1,0.3,8.8,10.0,18.8,0.1
Semi Ojeleye,ojelese01,"MIL,LAC",PF,27,30,406,6.7,0.438,0.505,0.293,7.2,12.0,9.7,2.9,0.8,1.4,7.5,12.8,-0.1,0.3,0.2,0.029,-4.1,-1.6,-5.8,-0.4
Serge Ibaka,ibakase01,"LAC,MIL",C,32,54,877,14.4,0.579,0.334,0.149,7.7,22.2,15.1,8.4,0.6,3.3,12.0,17.8,0.8,1.1,2.0,0.108,-1.3,-0.2,-1.5,0.1
Seth Curry,curryse01,"PHI,BRK",SG,31,64,2135,13.7,0.615,0.506,0.127,1.1,9.1,5.2,16.3,1.2,0.6,12.3,18.5,2.7,1.5,4.2,0.095,0.3,-0.9,-0.6,0.8
Shai Gilgeous-Alexander,gilgesh01,OKC,PG,23,56,1942,20.9,0.557,0.282,0.385,1.9,13.0,7.4,31.1,1.8,2.2,11.1,30.8,2.8,1.8,4.6,0.113,2.9,0.5,3.4,2.7
Shake Milton,miltosh01,PHI,PG,25,55,1179,11.9,0.517,0.33,0.181,2.9,10.4,6.7,17.6,1.2,1.3,9.2,18.3,0.7,1.0,1.7,0.069,-1.6,-0.6,-2.2,-0.1
Shaq Buchanan,buchash01,MEM,PG,25,2,10,0.6,0.25,0.5,0.0,10.2,10.7,10.5,24.9,4.8,0.0,33.3,24.6,-0.1,0.0,0.0,-0.23,-11.2,0.1,-11.2,0.0
Shaquille Harrison,harrish01,BRK,SG,28,2,23,4.6,0.333,0.333,0.0,4.9,13.8,9.5,16.6,2.1,3.9,25.0,15.0,-0.1,0.0,0.0,-0.067,-9.0,0.7,-8.3,0.0
Sharife Cooper,coopesh01,ATL,PG,20,13,39,-5.4,0.25,0.429,0.0,0.0,14.0,7.0,16.3,0.0,0.0,26.3,21.3,-0.2,0.0,-0.2,-0.297,-11.3,-5.0,-16.3,-0.1
Skylar Mays,mayssk01,ATL,SG,24,28,220,11.7,0.589,0.391,0.141,2.5,9.9,6.2,10.8,1.6,0.0,12.8,15.5,0.2,0.1,0.3,0.061,-1.2,-0.8,-2.0,0.0
Solomon Hill,hillso01,ATL,PF,30,13,139,3.3,0.2,0.65,0.0,4.8,13.3,9.1,10.3,1.4,1.3,4.8,6.6,-0.1,0.1,0.0,-0.006,-5.1,1.2,-4.0,-0.1
Spencer Dinwiddie,dinwisp01,"WAS,DAL",PG,28,67,1980,15.1,0.543,0.449,0.343,2.6,13.0,7.8,25.7,1.1,0.6,10.9,21.4,2.7,1.4,4.1,0.098,0.8,-0.4,0.3,1.1
Stanley Johnson,johnsst04,LAL,PF,25,48,1094,10.5,0.564,0.418,0.295,3.4,11.9,7.6,9.8,1.9,1.1,11.0,12.5,0.9,0.9,1.8,0.079,-2.8,0.1,-2.7,-0.2
Stephen Curry,curryst01,GSW,PG,33,64,2211,21.4,0.601,0.613,0.243,1.7,14.4,8.3,30.4,1.9,1.0,13.2,30.8,4.6,3.4,8.0,0.173,5.4,0.4,5.8,4.4
Sterling Brown,brownst02,DAL,SG,26,49,628,8.4,0.495,0.594,0.097,4.6,21.8,13.2,7.5,1.1,1.0,12.5,13.2,-0.1,0.9,0.8,0.061,-3.4,0.5,-2.9,-0.1
Steven Adams,adamsst01,MEM,C,28,76,1999,17.6,0.56,0.003,0.518,17.9,22.0,19.9,16.1,1.6,2.7,19.6,12.0,3.8,3.0,6.8,0.163,1.0,1.0,2.0,2.0
Svi Mykhailiuk,mykhasv01,TOR,SF,24,56,716,9.6,0.509,0.573,0.158,2.9,11.5,7.0,8.8,1.8,0.5,11.3,16.9,0.1,0.7,0.8,0.052,-2.7,-0.2,-2.9,-0.2
T.J. McConnell,mccontj01,IND,PG,29,27,652,15.1,0.525,0.159,0.111,3.4,12.2,7.7,28.7,2.2,1.3,11.7,16.2,1.0,0.4,1.3,0.098,-0.4,1.4,0.9,0.5
Tacko Fall,fallta01,CLE,C,26,11,59,11.3,0.398,0.0,0.583,13.4,29.4,21.6,4.6,0.0,9.1,16.6,13.6,-0.1,0.1,0.1,0.043,-4.1,0.8,-3.4,0.0
Taj Gibson,gibsota01,NYK,C,36,52,946,12.0,0.606,0.229,0.313,9.8,16.3,13.0,4.9,1.2,4.2,12.5,10.0,1.4,1.2,2.7,0.135,-3.0,1.0,-2.0,0.0
Talen Horton-Tucker,hortota01,LAL,SG,21,60,1511,11.0,0.503,0.338,0.232,2.6,11.1,6.9,14.9,1.9,1.7,12.1,19.2,-0.2,1.2,1.1,0.033,-3.2,-0.2,-3.3,-0.5
Taurean Prince,princta02,MIN,PF,27,69,1177,12.4,0.589,0.587,0.21,2.3,13.8,7.9,8.1,1.9,1.9,11.1,17.0,1.0,1.2,2.2,0.09,-1.0,0.0,-0.9,0.3
Terance Mann,mannte01,LAC,SF,25,81,2317,13.4,0.572,0.301,0.238,4.9,14.3,9.7,13.1,1.2,0.8,9.9,16.0,3.1,2.4,5.5,0.113,-0.8,0.2,-0.6,0.8
Terence Davis,daviste02,SAC,SG,24,30,536,14.6,0.543,0.558,0.165,2.2,17.0,9.5,11.9,2.2,1.8,10.3,25.6,0.0,0.5,0.5,0.044,-0.6,-0.4,-0.9,0.2
Terrence Ross,rosste01,ORL,SG,30,63,1448,10.0,0.515,0.477,0.235,1.5,10.3,5.9,12.5,0.9,0.8,10.9,20.5,-0.5,0.9,0.3,0.011,-2.5,-1.1,-3.7,-0.6
Terry Rozier,roziete01,CHO,SG,27,73,2458,17.6,0.566,0.508,0.151,2.4,11.3,6.8,19.7,1.8,1.0,7.2,23.2,4.3,1.6,5.9,0.115,2.4,-0.7,1.7,2.3
Terry Taylor,taylote01,IND,SG,22,33,714,19.0,0.656,0.173,0.232,14.6,12.2,13.4,8.6,1.0,1.0,8.7,15.9,2.2,0.2,2.4,0.16,2.2,-2.7,-0.6,0.3
Thaddeus Young,youngth01,"SAS,TOR",PF,33,52,845,17.0,0.548,0.176,0.18,9.8,16.8,13.1,17.7,3.1,2.0,15.0,17.4,0.9,1.3,2.2,0.126,0.1,2.1,2.2,0.9
Thanasis Antetokounmpo,antetth01,MIL,SF,29,48,473,12.5,0.577,0.109,0.359,9.2,13.4,11.3,6.5,1.6,2.4,14.9,15.7,0.4,0.5,0.9,0.095,-3.5,-0.1,-3.5,-0.2
Theo Pinson,pinsoth01,DAL,SF,26,19,148,11.9,0.553,0.769,0.256,1.5,14.3,7.9,15.9,1.7,1.2,10.3,14.7,0.2,0.2,0.4,0.122,-1.5,1.0,-0.5,0.1
Thomas Bryant,bryanth01,WAS,C,24,27,439,16.6,0.607,0.284,0.27,6.7,20.4,13.6,7.9,0.7,4.1,10.3,18.7,0.7,0.4,1.1,0.118,-0.4,-0.7,-1.0,0.1
Théo Maledon,maledth01,OKC,PG,20,51,908,10.6,0.5,0.473,0.315,2.2,12.8,7.4,18.5,1.7,1.1,15.3,20.3,-0.5,0.8,0.3,0.015,-3.7,-0.7,-4.4,-0.6
Tim Frazier,fraziti01,"ORL,CLE",PG,31,12,208,3.3,0.398,0.378,0.2,2.5,7.1,4.8,22.5,0.7,0.4,23.5,13.3,-0.3,0.1,-0.2,-0.046,-6.8,-1.8,-8.6,-0.3
Tim Hardaway Jr.,hardati02,DAL,SG,29,42,1245,12.7,0.52,0.574,0.194,1.2,12.8,7.0,11.4,1.5,0.4,5.6,22.0,0.5,1.5,2.0,0.077,-0.4,0.2,-0.2,0.6
Timothé Luwawu-Cabarrot,luwawti01,ATL,SF,26,52,685,9.3,0.556,0.656,0.22,2.7,10.3,6.6,7.7,1.3,0.8,8.9,14.3,0.6,0.3,0.9,0.061,-2.3,-1.0,-3.3,-0.2
Tobias Harris,harrito02,PHI,PF,29,73,2543,15.9,0.566,0.269,0.198,3.4,18.1,10.9,15.9,0.9,1.5,9.5,21.7,3.0,2.6,5.6,0.105,0.6,-0.6,0.0,1.3
Tomáš Satoranský,satorto01,"NOP,SAS,WAS",SG,30,55,906,10.2,0.461,0.277,0.283,3.3,12.1,7.7,27.0,1.6,0.5,17.6,12.6,0.5,0.6,1.0,0.056,-3.3,-0.3,-3.6,-0.4
Tony Bradley,bradlto01,CHI,C,24,55,549,14.9,0.6,0.0,0.236,13.8,24.3,19.1,6.7,0.9,5.2,20.0,13.6,0.6,0.7,1.3,0.112,-2.0,0.2,-1.8,0.0
Tony Snell,snellto01,"POR,NOP",SG,30,53,823,6.3,0.541,0.749,0.023,2.1,12.0,6.9,4.7,1.0,1.1,9.9,10.1,0.2,0.2,0.4,0.023,-3.4,-0.8,-4.2,-0.5
Torrey Craig,craigto01,"IND,PHO",SF,31,78,1596,11.0,0.556,0.531,0.118,5.9,15.4,10.7,7.6,1.4,2.0,12.6,14.3,0.9,1.4,2.3,0.07,-1.7,-0.1,-1.8,0.1
Trae Young,youngtr01,ATL,PG,23,76,2652,25.4,0.603,0.395,0.358,2.1,9.6,5.9,46.7,1.3,0.2,14.5,34.4,9.0,1.0,10.0,0.181,7.1,-2.0,5.2,4.8
Trayvon Palmer,palmetr01,DET,SG,27,1,17,-5.7,0.0,0.0,0.0,0.0,13.4,6.4,0.0,0.0,0.0,50.0,5.0,-0.1,0.0,0.0,-0.133,-13.1,-1.8,-15.0,-0.1
Tre Jones,jonestr01,SAS,PG,22,69,1148,15.0,0.545,0.15,0.268,2.6,11.6,7.1,27.0,1.8,0.5,10.8,15.6,1.9,0.9,2.9,0.121,-0.9,0.4,-0.5,0.4
Tre Mann,manntr01,OKC,PG,20,60,1367,10.2,0.501,0.463,0.139,1.9,11.2,6.4,10.7,1.7,0.8,10.2,22.0,-1.0,1.0,0.1,0.002,-3.3,-1.1,-4.3,-0.8
Tre Scott,scotttr01,CLE,SF,25,2,11,20.4,0.5,0.167,0.0,10.3,9.8,10.1,0.0,4.5,8.1,0.0,24.1,0.0,0.0,0.0,0.138,-4.8,1.9,-3.0,0.0
Tremont Waters,watertr01,"TOR,WAS",PG,24,3,50,5.4,0.357,0.643,0.0,0.0,9.2,4.3,18.2,5.0,0.0,22.2,15.5,-0.1,0.1,0.0,-0.042,-7.8,0.1,-7.7,-0.1
Trendon Watford,watfotr01,POR,SF,21,48,869,15.8,0.59,0.142,0.352,7.0,18.6,12.6,14.6,1.4,3.2,12.5,17.6,1.4,0.5,1.9,0.104,-1.4,-0.4,-1.7,0.1
Trent Forrest,forretr01,UTA,PG,23,60,765,10.9,0.554,0.174,0.31,3.4,10.5,7.1,18.6,1.9,0.7,21.4,12.8,0.5,0.8,1.3,0.084,-2.3,1.2,-1.0,0.2
Trevelin Queen,queentr01,HOU,SG,24,10,74,18.2,0.619,0.727,0.121,10.3,13.4,11.9,8.8,3.2,1.2,16.8,23.9,0.1,0.1,0.1,0.08,2.7,-0.8,1.9,0.1
Trevor Ariza,arizatr01,LAL,SF,36,24,462,7.0,0.449,0.747,0.182,2.3,16.7,9.5,7.5,1.3,1.2,9.3,11.0,-0.2,0.4,0.2,0.02,-3.3,-0.2,-3.4,-0.2
Trey Burke,burketr01,DAL,PG,29,42,441,10.0,0.475,0.381,0.107,1.0,7.3,4.2,20.7,1.4,0.0,10.4,25.6,-0.4,0.4,0.0,0.003,-3.6,-1.4,-5.0,-0.3
Trey Lyles,lylestr01,"DET,SAC",PF,26,75,1537,16.4,0.588,0.372,0.432,6.0,21.2,13.4,9.0,0.9,1.9,9.8,20.7,2.4,1.2,3.5,0.111,0.5,-0.8,-0.3,0.7
Trey Murphy III,murphtr02,NOP,SF,21,62,864,12.5,0.558,0.671,0.184,5.9,13.1,9.4,6.2,1.3,0.8,5.1,15.7,1.3,0.6,1.9,0.104,0.2,-1.4,-1.2,0.2
Tristan Thompson,thomptr01,"SAC,IND,CHI",PF,30,57,897,14.9,0.541,0.011,0.434,14.7,20.8,17.7,5.5,1.2,2.0,12.4,17.5,0.9,0.8,1.6,0.087,-1.6,-1.5,-3.1,-0.3
Troy Brown Jr.,browntr01,CHI,SF,22,66,1055,10.1,0.525,0.516,0.101,4.2,17.4,10.8,8.2,1.7,0.4,8.8,12.3,0.5,0.9,1.4,0.065,-1.7,-0.2,-1.8,0.1
Ty Jerome,jeromty01,OKC,SG,24,48,801,11.3,0.488,0.567,0.143,2.4,7.7,5.0,21.3,1.8,0.6,9.6,20.8,0.0,0.5,0.5,0.032,-2.2,-0.2,-2.3,-0.1
Tyler Cook,cookty01,CHI,PF,24,20,200,13.0,0.643,0.0,0.842,9.1,20.7,14.9,2.0,1.0,1.7,11.8,13.0,0.4,0.2,0.5,0.127,-3.0,-1.1,-4.1,-0.1
Tyler Hall,hallty01,NYK,SG,24,1,2,0.0,,,,0.0,0.0,0.0,0.0,0.0,0.0,,0.0,0.0,0.0,0.0,0.007,-8.1,-0.5,-8.5,0.0
Tyler Herro,herroty01,MIA,SG,22,66,2151,16.2,0.561,0.391,0.195,1.7,15.4,8.7,20.9,1.0,0.4,12.5,28.8,1.3,2.4,3.8,0.084,1.6,-0.9,0.7,1.5
Tyler Johnson,johnsty01,"PHI,SAS",PG,29,6,91,7.1,0.425,0.65,0.0,3.5,10.7,7.1,9.5,1.6,2.8,9.1,10.5,0.0,0.1,0.1,0.033,-3.9,0.8,-3.0,0.0
Tyrell Terry,terryty01,MEM,PG,21,2,3,20.0,1.0,0.0,0.0,0.0,0.0,0.0,0.0,0.0,0.0,0.0,13.7,0.0,0.0,0.0,0.222,-3.4,2.5,-0.9,0.0
Tyrese Haliburton,halibty01,"SAC,IND",SG,21,77,2695,18.2,0.595,0.428,0.209,2.5,10.3,6.3,34.1,2.4,1.6,16.7,19.0,5.2,1.8,7.0,0.125,2.7,-0.1,2.6,3.1
Tyrese Maxey,maxeyty01,PHI,PG,21,75,2650,16.2,0.594,0.311,0.247,1.1,8.9,5.1,19.1,1.0,1.1,7.4,20.2,5.4,1.9,7.3,0.132,1.3,-0.7,0.6,1.8
Tyrone Wallace,wallaty01,NOP,SG,27,6,75,2.5,0.383,0.4,0.25,0.0,12.1,5.9,1.8,2.0,1.3,8.3,13.9,-0.2,0.1,-0.1,-0.057,-7.7,-0.6,-8.2,-0.1
Tyus Jones,jonesty01,MEM,PG,25,73,1549,16.5,0.544,0.371,0.12,1.1,11.0,5.9,28.2,2.0,0.1,7.3,16.6,3.4,1.6,5.1,0.158,1.2,0.5,1.7,1.4
Udoka Azubuike,azubuud01,UTA,C,22,17,195,17.6,0.743,0.0,0.224,10.5,28.8,19.9,0.0,0.3,5.0,18.2,14.7,0.3,0.3,0.6,0.157,-1.8,0.4,-1.4,0.0
Udonis Haslem,hasleud01,MIA,C,41,13,83,8.6,0.495,0.129,0.097,5.6,28.2,17.1,7.4,0.6,1.3,13.4,20.0,-0.1,0.1,0.1,0.033,-6.4,-0.7,-7.1,-0.1
Usman Garuba,garubus01,HOU,PF,19,24,239,12.9,0.51,0.455,0.159,9.6,28.7,19.1,9.6,2.0,4.1,11.3,9.4,0.2,0.3,0.5,0.105,-1.8,0.9,-0.9,0.1
Vernon Carey Jr.,careyve01,"CHO,WAS",C,20,7,44,15.8,0.534,0.0,1.0,19.9,9.8,14.8,0.0,2.2,1.9,13.8,21.6,0.0,0.0,0.1,0.068,-3.0,-4.5,-7.5,-0.1
Victor Oladipo,oladivi01,MIA,SG,29,8,173,16.8,0.608,0.493,0.26,2.0,12.9,7.5,26.3,1.4,0.6,16.4,25.1,0.2,0.2,0.4,0.124,1.8,-0.5,1.3,0.1
Vit Krejci,krejcvi01,OKC,SG,21,30,690,8.5,0.529,0.587,0.132,2.6,12.6,7.5,11.9,1.3,1.1,14.1,12.9,0.1,0.5,0.6,0.042,-4.3,-1.0,-5.3,-0.6
Vlatko Čančar,cancavl01,DEN,PF,24,15,176,12.7,0.657,0.293,0.341,5.2,14.1,9.8,13.2,0.6,1.5,16.0,14.0,0.3,0.1,0.4,0.114,-0.9,-0.9,-1.7,0.0
Wayne Ellington,ellinwa01,LAL,SG,34,43,810,9.9,0.593,0.89,0.046,1.3,8.9,5.1,5.0,1.4,0.5,7.3,13.8,0.6,0.4,1.0,0.062,-0.7,-0.6,-1.4,0.1
Wayne Selden,seldewa01,NYK,SG,27,3,19,4.3,0.434,0.5,1.0,0.0,5.8,2.8,7.2,0.0,0.0,0.0,13.3,0.0,0.0,0.0,0.016,-4.3,-1.6,-5.9,0.0
Wendell Carter Jr.,cartewe01,ORL,C,22,62,1852,18.4,0.601,0.313,0.303,7.9,29.1,18.5,15.4,0.9,2.1,13.1,20.9,2.6,2.4,5.0,0.129,1.0,0.6,1.6,1.7
Wenyen Gabriel,gabriwe01,"BRK,LAC,LAL",PF,24,26,358,12.5,0.549,0.255,0.382,11.8,17.2,14.5,5.6,0.7,2.7,11.1,17.4,0.4,0.3,0.7,0.09,-3.7,-2.1,-5.9,-0.4
Wes Iwundu,iwundwe01,ATL,SF,27,3,82,7.1,0.557,0.278,0.222,4.0,13.3,8.7,0.0,0.6,0.0,4.8,11.1,0.1,0.0,0.1,0.046,-4.1,-2.7,-6.8,-0.1
Wesley Matthews,matthwe02,MIL,SG,35,49,1002,6.9,0.536,0.714,0.127,3.2,6.4,4.9,4.6,1.1,0.8,7.2,10.7,0.6,0.6,1.2,0.056,-3.0,-0.3,-3.3,-0.3
Will Barton,bartowi01,DEN,SG,31,71,2277,13.4,0.548,0.48,0.142,2.2,14.1,8.3,17.6,1.2,1.2,11.8,20.8,1.2,1.9,3.2,0.067,0.4,-0.9,-0.5,0.9
Willie Cauley-Stein,caulewi01,"DAL,PHI",C,28,20,183,8.3,0.474,0.057,0.057,7.9,16.4,12.2,7.5,1.7,1.5,16.3,10.6,0.0,0.3,0.2,0.066,-4.1,1.1,-3.0,0.0
Willy Hernangómez,hernawi01,NOP,C,27,50,839,22.2,0.582,0.037,0.431,18.5,26.3,22.3,11.9,1.2,2.2,11.6,22.5,2.2,0.9,3.2,0.18,1.8,-1.5,0.2,0.5
Xavier Moon,moonxa01,LAC,SG,27,10,137,16.2,0.545,0.275,0.098,1.6,9.0,5.4,27.0,2.5,1.9,10.1,19.0,0.2,0.2,0.3,0.121,-1.1,1.0,-0.1,0.1
Xavier Sneed,sneedxa01,"MEM,UTA",SF,24,9,39,0.4,0.25,0.8,0.0,5.5,10.9,8.3,3.3,0.0,0.0,0.0,11.0,-0.1,0.0,0.0,-0.056,-6.9,-3.7,-10.6,-0.1
Xavier Tillman Sr.,tillmxa01,MEM,PF,23,53,701,15.1,0.51,0.227,0.329,9.6,14.5,12.0,11.6,3.3,1.9,12.1,16.4,0.6,1.2,1.8,0.121,-1.1,1.8,0.7,0.5
Yuta Watanabe,watanyu01,TOR,SF,27,38,445,11.5,0.524,0.572,0.29,4.2,19.0,11.2,6.6,1.2,3.5,10.9,16.8,0.1,0.6,0.7,0.075,-1.9,0.0,-2.0,0.0
Yves Pons,ponsyv01,MEM,SF,22,12,71,5.9,0.385,0.563,0.125,7.2,10.6,8.8,1.7,0.7,5.0,5.6,10.3,0.0,0.1,0.0,0.03,-4.9,-1.7,-6.6,-0.1
Zach Collins,colliza01,SAS,PF,24,28,502,16.4,0.594,0.265,0.419,9.5,22.5,16.0,16.3,1.2,3.8,19.7,19.2,0.6,0.7,1.2,0.118,-1.2,1.0,-0.2,0.2
Zach LaVine,lavinza01,CHI,SF,26,67,2328,20.0,0.605,0.401,0.316,1.1,13.8,7.4,20.8,0.9,0.9,11.2,28.8,4.5,1.3,5.8,0.12,3.9,-1.5,2.4,2.6
Zavier Simpson,simpsza01,OKC,PG,24,4,174,7.7,0.406,0.154,0.096,1.2,11.4,6.2,25.2,1.4,2.1,15.6,15.9,-0.2,0.1,-0.1,-0.018,-6.0,-1.9,-7.9,-0.3
Zeke Nnaji,nnajize01,DEN,PF,21,41,698,13.5,0.629,0.43,0.349,9.3,14.1,11.8,3.4,1.1,1.7,9.7,14.9,1.2,0.6,1.8,0.123,-0.7,-1.6,-2.2,0.0
Ziaire Williams,willizi02,MEM,SF,20,62,1346,9.7,0.559,0.571,0.13,2.0,8.2,5.0,6.3,1.2,0.8,8.4,14.9,1.1,1.1,2.2,0.08,-2.4,-0.6,-3.0,-0.3
Zylan Cheatham,cheatzy01,UTA,SF,26,1,5,-23.8,0.0,0.667,0.0,0.0,0.0,0.0,0.0,0.0,0.0,0.0,26.1,-0.1,0.0,-0.1,-0.61,-19.3,-11.3,-30.6,0.0
