Player,PlayerID,Tms,Pos,Age,G,MP,PER,TS%,3PAr,FTr,ORB%,DRB%,TRB%,AST%,STL%,BLK%,TOV%,USG%,OWS,DWS,WS,WS/48,OBPM,DBPM,BPM,VORP
Aaron Brooks,brookaa01,HOU,PG,23,51,608,13.1,0.535,0.484,0.218,2.5,7.9,5.2,23.5,1.1,0.6,15.1,21.8,0.6,0.8,1.4,0.112,-0.5,0.2,-0.2,0.3
Aaron Gray,grayaa01,CHI,C,23,61,613,13.9,0.529,0.005,0.485,12.5,18.7,15.5,11.4,1.8,2.0,18.7,22.0,0.1,0.8,0.8,0.066,-3.6,0.0,-3.5,-0.2
Aaron Williams,williaa01,LAC,C,36,30,297,10.3,0.54,0.0,0.327,5.8,18.0,11.9,4.9,2.1,3.8,17.1,11.8,0.0,0.4,0.4,0.072,-4.5,2.0,-2.5,0.0
Acie Law,lawac01,ATL,PG,23,56,865,7.7,0.455,0.143,0.203,1.6,6.0,3.8,20.4,1.8,0.0,17.8,16.5,-0.5,0.4,-0.1,-0.007,-4.2,-1.0,-5.2,-0.7
Adonal Foyle,foylead01,ORL,C,32,82,774,9.9,0.464,0.0,0.222,11.0,19.6,15.5,3.4,1.1,4.2,16.0,11.8,0.0,1.3,1.3,0.08,-3.1,1.2,-1.9,0.0
Adrian Griffin,griffad01,"CHI,SEA",SG,33,35,307,8.7,0.406,0.0,0.118,10.0,11.4,10.7,13.4,2.8,0.5,20.8,14.5,-0.3,0.3,0.0,0.001,-4.1,1.1,-3.0,-0.1
Al Harrington,harrial01,GSW,C,27,81,2190,15.6,0.547,0.442,0.206,5.0,16.9,10.7,8.9,1.6,0.5,8.2,21.1,3.7,1.7,5.4,0.118,1.0,-0.8,0.2,1.2
Al Horford,horfoal01,ATL,C,21,81,2540,14.7,0.539,0.007,0.317,11.4,24.5,18.0,7.9,1.2,2.2,15.3,16.0,2.4,3.0,5.5,0.103,-1.2,-0.3,-1.6,0.3
Al Jefferson,jeffeal01,MIN,C,23,82,2919,22.7,0.535,0.003,0.273,11.9,24.7,18.1,7.5,1.3,3.2,9.4,27.5,4.8,2.9,7.7,0.127,2.8,-1.2,1.6,2.6
Al Thornton,thornal01,LAC,PF,24,79,2158,12.7,0.504,0.149,0.331,5.2,14.0,9.6,8.4,1.1,1.5,11.4,24.1,-0.5,1.6,1.1,0.025,-1.9,-1.5,-3.4,-0.8
Alando Tucker,tuckeal02,PHO,SF,23,6,48,11.8,0.446,0.182,0.273,10.2,8.7,9.4,0.0,0.0,1.4,0.0,23.0,0.0,0.0,0.0,0.042,-2.8,-4.5,-7.2,-0.1
Alexander Johnson,johnsal01,MIA,PF,24,43,549,8.9,0.554,0.0,0.664,6.9,13.7,10.3,4.0,1.3,1.5,20.6,17.6,-0.1,0.4,0.2,0.019,-5.2,-1.0,-6.2,-0.6
Allen Iverson,iversal01,DEN,SG,32,82,3424,20.9,0.567,0.177,0.512,1.5,6.1,3.8,27.4,2.2,0.2,11.4,26.7,8.9,2.8,11.6,0.163,3.4,-0.7,2.7,4.0
Alonzo Mourning,mournal01,MIA,C,37,25,389,16.2,0.58,0.0,0.8,10.3,18.5,14.3,3.1,0.5,8.6,16.3,18.7,0.3,0.5,0.8,0.098,-2.5,1.1,-1.5,0.1
Amar'e Stoudemire,stoudam01,PHO,C,25,79,2677,27.6,0.656,0.026,0.571,8.2,21.1,15.2,7.5,1.2,4.0,10.3,28.2,10.9,3.8,14.6,0.262,4.2,0.6,4.8,4.6
Amir Johnson,johnsam01,DET,PF,20,62,764,17.5,0.584,0.0,0.333,13.5,23.2,18.4,5.9,1.7,8.5,17.1,14.1,1.1,1.9,3.0,0.19,-2.4,3.7,1.3,0.6
Anderson Varejão,varejan01,CLE,C,25,48,1320,12.0,0.485,0.007,0.278,11.2,23.6,17.2,6.3,1.5,1.6,15.1,13.4,0.5,1.9,2.4,0.086,-2.7,0.1,-2.6,-0.2
Andray Blatche,blatcan01,WAS,PF,21,82,1675,15.5,0.512,0.024,0.287,11.2,18.8,14.9,9.2,1.7,5.7,15.6,19.7,0.8,2.1,3.0,0.085,-2.4,0.7,-1.7,0.1
Andre Barrett,barrean01,LAC,PG,25,4,25,12.5,0.51,0.6,0.4,0.0,4.7,2.3,44.3,0.0,0.0,14.5,12.7,0.0,0.0,0.0,0.078,1.5,-1.7,-0.2,0.0
Andre Brown,brownan01,MEM,PF,26,33,286,13.5,0.502,0.0,0.628,14.4,21.8,18.0,4.4,1.2,1.0,12.3,17.7,0.2,0.2,0.4,0.068,-2.5,-2.2,-4.7,-0.2
Andre Iguodala,iguodan01,PHI,SF,24,82,3242,19.0,0.543,0.24,0.396,3.1,13.4,8.2,20.3,2.8,1.2,12.5,23.8,5.3,4.4,9.6,0.143,2.5,1.5,4.0,4.9
Andre Miller,millean02,PHI,PG,31,82,3016,18.4,0.537,0.029,0.288,3.7,9.1,6.4,32.0,1.8,0.2,13.7,22.6,5.7,2.6,8.3,0.131,2.1,-0.3,1.8,2.9
Andre Owens,owensan01,IND,PG,27,31,392,10.0,0.504,0.374,0.318,3.5,9.6,6.5,17.6,1.6,0.6,16.4,16.1,0.1,0.3,0.4,0.053,-1.4,0.5,-1.0,0.1
Andrea Bargnani,bargnan01,TOR,PF,22,78,1861,10.6,0.495,0.36,0.233,3.2,15.2,9.2,7.4,0.7,1.6,9.9,22.5,-0.3,1.6,1.4,0.036,-2.5,-1.2,-3.7,-0.8
Andrei Kirilenko,kirilan01,UTA,SF,26,72,2217,17.2,0.603,0.213,0.472,6.7,11.9,9.3,18.2,2.0,4.0,17.6,16.1,4.3,2.8,7.1,0.154,3.1,2.0,5.2,4.0
Andrew Bogut,bogutan01,MIL,C,23,78,2720,17.5,0.532,0.008,0.354,10.2,23.4,16.5,12.4,1.2,3.9,14.1,20.2,2.6,2.3,4.8,0.085,0.0,0.0,0.0,1.4
Andrew Bynum,bynuman01,LAL,C,20,35,1008,22.6,0.659,0.0,0.397,12.1,26.6,19.6,9.6,0.6,5.1,13.0,17.5,3.0,1.8,4.8,0.23,2.9,1.3,4.2,1.6
Andris Biedriņš,biedran01,GSW,C,21,76,2078,19.2,0.637,0.0,0.344,12.7,26.2,19.1,5.2,1.3,3.3,12.0,14.4,5.4,2.6,8.0,0.185,1.1,0.1,1.1,1.6
Andrés Nocioni,nocioan01,CHI,SF,28,82,2021,13.6,0.549,0.395,0.277,2.6,17.0,9.5,8.3,0.6,1.7,11.9,24.5,1.5,1.8,3.3,0.077,-0.2,-0.7,-0.8,0.6
Anfernee Hardaway,hardaan01,MIA,SF,36,16,325,9.0,0.469,0.317,0.15,1.1,12.0,6.5,16.8,3.1,0.2,16.9,11.2,-0.1,0.3,0.2,0.036,-3.4,2.3,-1.1,0.1
Antawn Jamison,jamisan01,WAS,PF,31,79,3061,20.3,0.525,0.25,0.309,8.0,23.3,15.4,7.2,1.9,0.9,6.6,25.9,6.0,3.2,9.2,0.144,3.1,-1.3,1.7,2.9
Anthony Carter,cartean01,DEN,PG,32,70,1960,12.8,0.531,0.271,0.179,1.5,9.4,5.5,27.4,2.6,1.0,19.5,13.8,1.6,2.2,3.8,0.092,-1.2,1.2,-0.1,1.0
Anthony Johnson,johnsan02,"ATL,SAC",PG,33,69,1531,11.2,0.517,0.262,0.121,1.7,8.7,5.2,26.3,1.8,0.4,18.3,13.5,1.1,0.9,2.0,0.061,-1.5,-0.2,-1.6,0.1
Anthony Parker,parkean01,TOR,SG,32,82,2634,14.4,0.58,0.367,0.151,2.2,12.9,7.5,10.8,1.6,0.5,9.0,17.4,3.8,2.5,6.2,0.113,0.6,0.2,0.9,1.9
Antoine Walker,walkean02,MIN,PF,31,46,892,11.4,0.455,0.501,0.176,7.1,15.0,10.9,8.0,1.9,0.7,10.2,22.8,-0.5,0.5,0.1,0.004,-0.8,-1.4,-2.2,-0.1
Antoine Wright,wrighan01,"NJN,DAL",SG,23,56,1232,8.4,0.488,0.334,0.204,3.8,10.0,6.9,10.5,1.2,1.3,12.2,15.2,0.0,0.8,0.8,0.029,-2.9,0.0,-3.0,-0.3
Antonio Daniels,daniean01,WAS,PG,32,71,2161,13.7,0.549,0.166,0.49,1.2,10.0,5.5,24.0,1.7,0.1,14.3,13.5,3.5,1.0,4.5,0.099,-0.4,-0.3,-0.8,0.7
Antonio McDyess,mcdyean01,DET,PF,33,78,2285,14.1,0.511,0.003,0.26,10.6,24.3,17.4,6.2,1.5,1.8,10.1,15.3,2.4,4.3,6.7,0.141,-1.1,0.7,-0.5,0.9
Arron Afflalo,afflaar01,DET,SG,22,75,970,10.2,0.494,0.199,0.361,4.4,12.5,8.4,8.1,1.8,0.7,10.9,15.2,0.5,1.4,1.9,0.092,-2.6,1.0,-1.5,0.1
Austin Croshere,croshau01,GSW,PF,32,44,457,13.2,0.573,0.445,0.234,7.4,17.3,12.2,9.0,0.9,1.0,12.7,16.0,0.8,0.3,1.1,0.112,-0.2,-0.8,-1.1,0.1
Awvee Storey,storeaw01,MIL,SG,30,26,259,11.5,0.452,0.079,0.326,13.5,10.9,12.3,10.1,1.4,0.3,8.9,19.4,0.1,0.0,0.2,0.031,-2.7,-2.5,-5.2,-0.2
Baron Davis,davisba01,GSW,PG,28,82,3196,19.8,0.523,0.344,0.278,3.1,10.1,6.4,29.7,2.9,1.0,11.9,25.6,5.9,2.8,8.7,0.131,3.2,0.3,3.6,4.5
Ben Gordon,gordobe01,CHI,SG,24,72,2291,16.4,0.558,0.324,0.274,1.9,9.2,5.4,16.9,1.2,0.3,11.1,26.0,3.6,1.4,5.1,0.106,2.1,-1.2,0.9,1.7
Ben Wallace,wallabe01,"CHI,CLE",C,33,72,2205,12.0,0.408,0.011,0.48,11.6,19.6,15.5,6.9,2.1,4.2,13.6,10.0,0.1,3.5,3.6,0.078,-1.7,1.9,0.2,1.2
Beno Udrih,udrihbe01,SAC,PG,25,65,2080,13.3,0.54,0.194,0.208,2.0,10.2,6.2,22.2,1.4,0.4,16.1,19.8,1.5,0.9,2.4,0.056,-0.2,-1.2,-1.4,0.3
Billy Thomas,thomabi01,"NJN,CLE",SF,32,11,42,-1.9,0.391,0.941,0.118,0.0,5.6,2.7,0.0,1.3,0.0,18.3,23.7,-0.2,0.0,-0.1,-0.165,-8.6,-3.7,-12.3,-0.1
Blake Ahearn,ahearbl01,MIA,PG,23,12,177,9.0,0.495,0.596,0.544,0.7,12.4,6.4,17.2,1.8,0.0,18.5,23.2,-0.1,0.1,0.0,-0.006,-3.5,-1.3,-4.8,-0.1
Bo Outlaw,outlabo01,ORL,PF,36,2,7,8.6,0.667,0.0,0.0,0.0,0.0,0.0,0.0,0.0,0.0,25.0,26.2,0.0,0.0,0.0,-0.071,-5.5,0.8,-4.7,0.0
Bobby Jackson,jacksbo01,"NOH,HOU",SG,34,72,1389,13.5,0.51,0.447,0.16,2.7,12.4,7.5,15.9,1.7,0.3,9.8,20.0,1.3,1.7,3.0,0.105,0.0,0.6,0.6,0.9
Bobby Jones,jonesbo02,"DEN,MEM,HOU,MIA,SAS",SF,24,47,531,9.9,0.548,0.379,0.364,6.2,13.3,9.8,7.9,1.4,0.4,14.7,15.9,0.4,0.4,0.8,0.07,-3.3,-0.4,-3.7,-0.2
Bobby Simmons,simmobo01,MIL,SF,27,70,1521,10.3,0.504,0.345,0.141,5.0,12.8,8.7,8.4,1.7,0.3,12.9,17.9,0.2,0.5,0.7,0.022,-1.9,-1.2,-3.2,-0.4
Bonzi Wells,wellsbo01,"HOU,NOH",SG,31,73,1562,14.4,0.495,0.088,0.399,6.2,17.8,12.0,10.2,2.6,1.5,13.3,22.7,-0.1,3.0,3.0,0.092,-2.0,1.7,-0.3,0.7
Boris Diaw,diawbo01,PHO,PF,25,82,2308,12.0,0.516,0.063,0.2,5.2,12.7,9.3,19.0,1.3,1.1,18.1,16.6,1.1,1.9,3.0,0.063,-1.0,0.2,-0.8,0.7
Boštjan Nachbar,nachbbo01,NJN,PF,27,75,1660,12.4,0.531,0.43,0.322,3.9,14.3,9.1,9.3,1.4,1.0,10.9,21.5,1.0,1.2,2.2,0.064,-0.8,-1.0,-1.8,0.1
Brad Miller,millebr01,SAC,C,31,72,2513,16.8,0.558,0.124,0.424,8.0,23.7,16.0,16.6,1.4,2.3,16.0,18.3,3.8,2.7,6.5,0.125,0.9,0.8,1.7,2.3
Brandan Wright,wrighbr03,GSW,PF,20,38,376,17.2,0.583,0.0,0.357,10.4,18.1,14.1,3.4,0.8,4.3,9.1,16.0,0.8,0.3,1.1,0.142,0.2,-0.6,-0.4,0.2
Brandon Bass,bassbr01,DAL,C,22,79,1557,15.9,0.564,0.008,0.4,9.2,16.3,12.9,6.1,0.8,2.3,12.4,19.8,2.4,1.9,4.3,0.132,-0.2,-0.2,-0.4,0.6
Brandon Roy,roybr01,POR,SG,23,74,2792,19.4,0.531,0.184,0.319,3.4,11.2,7.3,28.2,1.5,0.4,9.3,24.9,5.9,2.1,8.0,0.138,3.2,0.1,3.3,3.6
Brendan Haywood,haywobr01,WAS,C,28,80,2228,18.3,0.582,0.0,0.491,14.0,16.4,15.2,5.2,0.7,5.0,12.9,17.3,4.9,1.9,6.8,0.146,0.6,-0.8,-0.2,1.0
Brent Barry,barrybr01,SAS,SF,36,31,554,16.7,0.655,0.7,0.125,2.6,9.0,5.9,16.1,1.7,0.4,9.6,16.1,1.5,0.8,2.3,0.203,2.4,1.2,3.6,0.8
Brevin Knight,knighbr01,LAC,PG,32,74,1674,11.4,0.453,0.018,0.208,1.0,8.8,4.9,31.1,3.1,0.5,16.0,12.2,0.5,1.6,2.1,0.06,-3.3,1.6,-1.7,0.1
Brian Cardinal,cardibr01,MEM,PF,30,37,440,7.3,0.461,0.643,0.151,6.6,18.0,12.2,7.4,1.1,0.3,14.6,15.9,-0.2,0.2,0.0,0.003,-3.9,-1.3,-5.2,-0.4
Brian Cook,cookbr01,"LAL,ORL",PF,27,51,629,8.6,0.489,0.491,0.09,5.3,14.2,10.0,6.8,1.1,1.4,13.8,20.5,-0.4,0.7,0.4,0.029,-3.1,-0.7,-3.8,-0.3
Brian Scalabrine,scalabr01,BOS,PF,29,48,512,5.1,0.428,0.489,0.213,5.4,12.5,9.2,11.2,0.9,1.3,20.2,11.7,-0.3,0.9,0.6,0.057,-3.8,1.0,-2.8,-0.1
Brian Skinner,skinnbr01,PHO,C,31,66,844,11.4,0.485,0.015,0.318,9.2,21.7,15.9,2.4,1.2,6.0,14.7,14.0,-0.2,1.4,1.2,0.069,-4.1,1.1,-3.0,-0.2
Bruce Bowen,bowenbr01,SAS,SF,36,81,2448,7.0,0.527,0.502,0.161,1.6,9.6,5.6,5.5,1.2,0.7,9.1,9.9,0.9,3.4,4.4,0.085,-2.9,1.5,-1.4,0.4
C.J. Miles,milescj01,UTA,SG,20,60,689,14.2,0.574,0.326,0.22,2.9,10.9,6.9,11.5,2.4,0.9,9.4,18.6,1.1,0.8,1.9,0.134,-0.1,0.7,0.6,0.5
C.J. Watson,watsocj01,GSW,PG,23,32,368,11.0,0.519,0.257,0.287,3.6,5.8,4.7,12.8,2.0,0.0,13.7,15.1,0.3,0.1,0.4,0.056,-2.0,-0.9,-2.8,-0.1
Calvin Booth,boothca01,PHI,C,31,31,204,7.1,0.382,0.0,0.37,3.5,18.8,11.1,5.4,1.6,7.0,11.3,7.8,-0.1,0.4,0.3,0.065,-5.5,3.2,-2.3,0.0
Carl Landry,landrca01,HOU,PF,24,42,711,21.4,0.641,0.005,0.498,15.5,17.3,16.4,5.2,1.3,0.7,8.9,18.8,2.5,1.2,3.7,0.251,1.6,-0.1,1.5,0.6
Carlos Arroyo,arroyca01,ORL,PG,28,62,1269,12.8,0.547,0.241,0.293,0.9,9.0,5.1,26.6,1.1,0.1,16.4,17.0,1.7,1.1,2.8,0.107,-0.5,-0.4,-0.9,0.3
Carlos Boozer,boozeca01,UTA,PF,26,81,2827,21.9,0.581,0.001,0.303,8.6,27.7,18.2,14.2,1.8,1.2,12.5,26.6,5.9,4.3,10.2,0.173,2.5,0.3,2.8,3.5
Carlos Delfino,delfica01,TOR,SG,25,82,1928,13.6,0.527,0.497,0.247,4.0,18.1,11.0,11.3,1.9,0.5,9.7,19.0,1.7,2.3,4.0,0.1,0.0,0.3,0.4,1.2
Carmelo Anthony,anthoca01,DEN,SF,23,77,2806,21.1,0.568,0.111,0.398,7.0,14.9,11.0,16.1,1.7,1.0,12.7,30.2,5.2,3.0,8.2,0.14,2.5,-0.9,1.6,2.5
Caron Butler,butleca01,WAS,SF,27,58,2314,20.7,0.558,0.196,0.278,4.6,15.4,9.8,21.9,3.0,0.7,12.4,24.0,4.8,2.4,7.2,0.15,3.0,1.1,4.1,3.5
Casey Jacobsen,jacobca01,MEM,SG,26,53,547,4.5,0.437,0.626,0.148,2.4,11.0,6.7,5.2,0.5,0.1,11.6,11.3,-0.3,0.0,-0.3,-0.023,-4.0,-1.6,-5.6,-0.5
Cedric Simmons,simmoce01,"CLE,CHI",PF,22,14,87,0.0,0.217,0.0,0.714,7.6,16.2,11.8,0.0,1.2,4.5,24.6,12.6,-0.4,0.1,-0.2,-0.134,-8.5,-0.9,-9.4,-0.2
Channing Frye,fryech01,POR,C,24,78,1342,14.8,0.529,0.022,0.241,9.4,21.6,15.5,7.4,1.2,1.6,9.9,19.6,1.6,1.6,3.2,0.114,-1.9,0.1,-1.8,0.1
Charlie Bell,bellch01,MIL,SG,28,68,1628,10.9,0.49,0.447,0.179,2.1,10.3,6.0,19.9,1.7,0.1,12.7,16.6,1.0,0.3,1.3,0.038,-1.4,-1.1,-2.5,-0.2
Charlie Villanueva,villach01,MIL,PF,23,76,1829,14.9,0.502,0.227,0.193,8.9,21.5,15.0,7.5,0.9,1.5,10.8,24.4,0.9,0.9,1.7,0.045,-0.4,-2.4,-2.8,-0.3
Chauncey Billups,billuch01,DET,PG,31,78,2522,23.6,0.619,0.39,0.498,2.0,8.1,5.0,34.7,2.2,0.5,13.0,23.0,10.2,3.4,13.5,0.257,6.5,1.2,7.7,6.2
Cheikh Samb,sambch01,DET,C,23,4,31,12.0,0.717,0.0,0.5,11.5,15.5,13.5,0.0,1.8,5.1,17.0,8.9,0.1,0.1,0.1,0.178,-4.2,1.9,-2.3,0.0
Chris Andersen,anderch01,NOH,C,29,5,34,6.1,0.342,0.0,0.571,6.7,24.6,15.5,0.0,0.0,9.2,10.2,13.3,-0.1,0.1,0.0,0.012,-6.7,0.2,-6.5,0.0
Chris Bosh,boshch01,TOR,C,23,67,2425,23.8,0.588,0.024,0.544,8.4,20.1,14.2,12.1,1.4,2.2,10.7,27.7,7.0,3.1,10.1,0.2,4.0,0.4,4.4,3.9
Chris Duhon,duhonch01,CHI,PG,25,66,1490,11.1,0.508,0.451,0.233,1.4,7.6,4.4,26.5,1.7,0.1,15.8,13.4,1.3,1.0,2.3,0.075,-1.5,-0.2,-1.7,0.1
Chris Kaman,kamanch01,LAC,C,25,56,2083,17.5,0.538,0.006,0.379,9.5,30.0,19.7,9.3,0.8,5.6,16.7,21.7,0.4,3.2,3.6,0.083,-0.9,1.2,0.3,1.2
Chris Mihm,mihmch01,LAL,C,28,23,278,7.7,0.384,0.0,0.284,11.7,18.8,15.4,6.6,0.7,3.6,13.7,19.6,-0.4,0.4,0.0,-0.004,-6.2,-1.8,-8.0,-0.4
Chris Paul,paulch01,NOH,PG,22,80,3006,28.3,0.576,0.193,0.302,2.4,10.3,6.2,52.2,3.9,0.1,12.1,25.7,13.2,4.6,17.8,0.284,7.2,3.2,10.4,9.3
Chris Quinn,quinnch01,MIA,PG,24,60,1340,13.8,0.559,0.426,0.263,1.0,9.7,5.3,22.5,1.8,0.2,11.7,16.6,1.9,0.7,2.6,0.092,-0.2,-0.3,-0.5,0.5
Chris Richard,richach01,MIN,C,23,52,556,7.9,0.496,0.0,0.31,10.5,17.9,14.1,4.6,0.9,1.7,19.5,10.0,0.1,0.3,0.4,0.037,-4.6,-1.1,-5.7,-0.5
Chris Webber,webbech01,GSW,PF,34,9,126,10.7,0.482,0.0,0.387,1.6,26.5,13.6,19.3,1.5,3.5,23.3,15.8,-0.1,0.2,0.1,0.025,-3.6,2.5,-1.1,0.0
Chris Wilcox,wilcoch01,SEA,PF,25,62,1739,16.3,0.554,0.005,0.389,7.9,19.2,13.6,7.1,1.3,1.5,12.1,21.2,1.7,1.6,3.4,0.093,-0.7,-0.3,-1.0,0.4
Chuck Hayes,hayesch01,HOU,PF,24,79,1575,11.2,0.512,0.014,0.109,9.6,20.8,15.3,8.4,2.9,2.0,21.1,8.5,0.8,3.7,4.4,0.136,-3.2,4.1,0.8,1.1
Chucky Atkins,atkinch01,DEN,SG,33,24,352,8.9,0.449,0.648,0.074,0.9,8.4,4.8,18.7,1.2,0.2,7.4,16.4,0.1,0.2,0.3,0.04,-1.8,-1.1,-3.0,-0.1
Coby Karl,karlco01,LAL,SG,24,17,71,15.8,0.493,0.5,0.385,4.9,16.5,10.9,18.3,2.8,2.0,14.1,22.0,0.0,0.1,0.2,0.106,-0.3,0.7,0.4,0.0
Corey Brewer,breweco01,MIN,SF,21,79,1803,8.3,0.429,0.074,0.226,5.1,13.9,9.4,9.1,2.2,1.1,14.3,15.6,-1.4,1.2,-0.2,-0.005,-4.2,0.1,-4.1,-1.0
Corey Maggette,maggeco01,LAC,SF,28,70,2502,19.3,0.595,0.203,0.681,3.6,14.7,9.1,14.3,1.5,0.2,13.0,27.6,5.1,1.8,6.9,0.133,2.6,-0.7,1.9,2.4
Courtney Sims,simsco01,IND,C,24,3,11,1.1,0.0,0.0,0.0,9.7,10.1,9.9,11.6,0.0,0.0,0.0,3.9,0.0,0.0,0.0,0.008,-6.0,-1.6,-7.5,0.0
Craig Smith,smithcr01,MIN,PF,24,77,1547,16.7,0.59,0.017,0.379,8.9,17.8,13.2,6.6,1.2,0.9,12.6,20.6,2.7,0.9,3.5,0.109,-0.3,-1.0,-1.3,0.3
Cuttino Mobley,moblecu01,LAC,SG,32,77,2702,11.5,0.514,0.221,0.229,2.1,9.7,5.9,13.1,1.5,0.9,11.4,18.5,0.4,1.7,2.1,0.037,-1.7,-0.6,-2.3,-0.2
D.J. Mbenga,mbengdj01,"GSW,LAL",C,27,42,326,9.4,0.465,0.0,0.143,9.4,14.7,12.1,4.3,1.1,5.8,11.8,13.5,0.0,0.4,0.4,0.066,-5.7,0.4,-5.3,-0.3
D.J. Strawberry,strawdj01,PHO,SG,22,33,270,6.2,0.364,0.272,0.207,4.1,7.4,5.9,14.8,2.2,1.5,9.9,18.5,-0.4,0.2,-0.2,-0.031,-5.9,0.3,-5.6,-0.2
Daequan Cook,cookda02,MIA,SG,20,59,1441,7.9,0.48,0.463,0.111,1.6,13.3,7.4,9.1,0.8,0.5,10.5,19.8,-1.0,0.6,-0.4,-0.013,-3.4,-1.9,-5.2,-1.2
Dahntay Jones,jonesda02,SAC,SG,27,25,206,13.5,0.537,0.113,0.962,4.1,15.7,10.0,8.9,2.0,2.3,11.7,18.5,0.2,0.2,0.4,0.096,-1.7,1.1,-0.6,0.1
Damien Wilkins,wilkida02,SEA,SF,28,76,1843,11.3,0.474,0.23,0.214,4.3,10.2,7.2,12.7,1.7,0.7,10.8,19.4,-0.1,1.2,1.0,0.027,-2.0,-0.3,-2.3,-0.2
Damon Jones,jonesda01,CLE,SG,31,67,1336,11.3,0.582,0.76,0.077,0.4,5.9,3.1,15.1,0.8,0.1,8.8,14.0,2.4,0.7,3.0,0.108,0.6,-1.1,-0.4,0.5
Damon Stoudamire,stoudda01,"MEM,SAS",PG,34,60,1037,8.9,0.45,0.442,0.101,2.2,10.8,6.5,24.6,1.5,0.1,18.5,19.1,-0.9,0.8,-0.1,-0.004,-2.7,-1.0,-3.7,-0.4
Dan Dickau,dickada01,LAC,PG,29,67,1040,12.5,0.53,0.365,0.277,1.4,9.4,5.4,27.9,1.6,0.2,14.2,17.2,0.9,0.6,1.5,0.071,-1.4,-0.4,-1.7,0.1
Dan Gadzuric,gadzuda01,MIL,C,29,51,534,10.7,0.443,0.006,0.409,14.2,17.7,15.9,3.2,2.0,3.5,15.8,18.2,-0.4,0.4,0.1,0.006,-4.8,-1.3,-6.1,-0.6
Daniel Gibson,gibsoda01,CLE,PG,21,58,1765,11.7,0.592,0.576,0.226,1.9,6.9,4.3,13.1,1.4,0.6,12.9,15.1,2.7,1.4,4.1,0.111,-0.4,0.0,-0.4,0.7
Danny Granger,grangda01,IND,SF,24,80,2876,16.7,0.571,0.351,0.314,3.4,15.2,9.2,9.6,1.6,2.2,11.1,23.2,4.1,3.2,7.3,0.122,1.3,0.1,1.4,2.5
Darius Songaila,songada01,WAS,C,29,80,1554,11.8,0.496,0.004,0.156,6.0,14.7,10.2,14.2,1.8,0.9,14.7,17.3,0.6,1.2,1.7,0.053,-2.3,-0.3,-2.6,-0.2
Darius Washington,washida01,SAS,SG,22,18,146,9.0,0.493,0.25,0.271,3.3,12.8,8.1,17.1,1.9,0.0,20.7,22.2,-0.2,0.2,0.0,0.012,-4.9,0.2,-4.7,-0.1
Darko Miličić,milicda01,MEM,C,22,70,1663,11.0,0.456,0.002,0.242,8.5,20.2,14.3,5.4,1.0,5.0,15.4,17.5,-1.4,1.6,0.2,0.006,-4.0,0.2,-3.8,-0.8
Darrell Armstrong,armstda01,NJN,PG,39,50,549,8.7,0.499,0.627,0.273,3.6,10.6,7.1,20.5,2.7,0.3,25.0,13.7,-0.2,0.5,0.3,0.024,-3.5,0.8,-2.7,-0.1
Darrick Martin,martida01,TOR,PG,36,17,141,5.8,0.296,0.372,0.14,2.5,3.4,2.9,20.6,2.3,0.0,2.1,15.6,-0.2,0.1,-0.1,-0.021,-5.1,0.5,-4.6,-0.1
Darryl Watkins,watkida01,SAC,C,23,9,71,0.5,0.349,0.0,0.333,8.5,11.4,10.0,0.0,1.4,2.2,28.9,15.2,-0.2,0.0,-0.2,-0.136,-8.4,-3.4,-11.8,-0.2
David Harrison,harrida01,IND,C,25,55,702,8.6,0.539,0.0,0.565,6.5,11.9,9.1,3.0,1.4,6.3,21.5,16.7,-0.5,0.9,0.4,0.03,-7.3,1.4,-5.9,-0.7
David Lee,leeda02,NYK,PF,24,81,2356,18.0,0.606,0.003,0.383,11.3,24.1,17.5,6.7,1.2,1.0,11.8,15.6,5.6,1.8,7.4,0.151,1.1,-0.7,0.4,1.4
David West,westda01,NOH,PF,27,76,2870,19.9,0.535,0.019,0.27,7.2,20.6,13.7,10.6,1.2,2.7,10.2,26.3,4.3,4.0,8.4,0.14,1.3,0.2,1.5,2.6
DeSagana Diop,diopde01,"DAL,NJN",C,26,79,1295,12.5,0.536,0.0,0.389,14.6,20.3,17.5,4.6,1.1,5.1,21.6,9.6,1.0,2.0,3.0,0.113,-1.7,1.1,-0.6,0.5
DeShawn Stevenson,stevede01,WAS,SG,26,82,2564,12.6,0.529,0.529,0.253,1.6,9.3,5.4,15.5,1.4,0.5,10.5,17.4,3.2,0.9,4.1,0.077,0.9,-1.0,-0.2,1.2
Delonte West,westde01,"SEA,CLE",PG,24,61,1533,12.1,0.492,0.284,0.192,2.2,11.9,7.0,23.5,2.0,1.4,18.5,18.3,-0.2,1.5,1.3,0.041,-1.5,0.8,-0.8,0.5
Demetris Nichols,nichode01,"CLE,CHI",SF,23,14,44,-1.9,0.326,0.565,0.0,0.0,13.3,6.4,3.9,0.0,5.3,14.8,27.4,-0.3,0.0,-0.2,-0.234,-8.6,-3.5,-12.1,-0.1
DerMarr Johnson,johnsde03,SAS,SF,27,5,28,17.3,0.571,0.643,0.143,0.0,4.2,2.1,7.2,1.9,0.0,0.0,25.5,0.0,0.0,0.1,0.143,1.7,0.8,2.5,0.0
Derek Anderson,anderde01,CHA,SG,33,28,396,10.0,0.497,0.416,0.304,2.6,12.6,7.5,17.8,1.6,0.2,15.0,19.3,0.0,0.3,0.3,0.032,-2.6,-0.7,-3.2,-0.1
Derek Fisher,fishede01,LAL,PG,33,82,2249,13.8,0.556,0.355,0.242,1.2,6.9,4.2,15.9,1.9,0.1,9.5,18.6,3.7,2.0,5.7,0.121,-0.3,0.0,-0.4,0.9
Deron Williams,willide01,UTA,PG,23,82,3059,20.8,0.595,0.188,0.368,1.4,8.3,4.9,43.6,1.5,0.6,17.7,23.1,8.9,2.3,11.3,0.177,4.9,-1.1,3.8,4.5
Desmond Mason,masonde01,MIL,SF,30,59,1702,12.3,0.519,0.0,0.363,5.0,13.1,8.8,11.3,1.2,1.4,13.0,16.8,1.0,0.5,1.5,0.041,-1.2,-0.9,-2.1,0.0
Devean George,georgde01,DAL,SF,30,53,821,7.0,0.437,0.329,0.164,4.1,14.9,9.6,6.3,1.2,1.2,9.8,14.0,-0.3,1.0,0.7,0.039,-3.4,0.6,-2.8,-0.2
Devin Brown,brownde02,CLE,SG,29,78,1762,11.3,0.494,0.275,0.267,4.1,13.2,8.5,16.1,1.6,0.3,14.3,17.8,0.6,1.7,2.4,0.064,-2.1,-0.1,-2.1,-0.1
Devin Harris,harride01,"DAL,NJN",PG,24,64,2022,17.5,0.573,0.241,0.434,1.6,8.2,5.0,31.1,2.4,0.4,16.3,22.6,3.6,1.9,5.6,0.132,1.2,-0.2,1.0,1.5
Dikembe Mutombo,mutomdi01,HOU,C,41,39,619,14.5,0.591,0.0,0.563,12.6,23.5,18.1,1.2,0.9,5.7,14.6,8.6,0.9,1.4,2.3,0.178,-1.2,2.5,1.3,0.5
Dirk Nowitzki,nowitdi01,DAL,PF,29,77,2769,24.6,0.585,0.167,0.414,4.1,22.8,13.8,17.8,1.0,1.9,9.3,28.8,8.9,4.0,12.9,0.223,5.6,1.0,6.6,6.0
Dominic McGuire,mcguido01,WAS,SG,22,70,695,6.6,0.397,0.058,0.311,8.7,14.9,11.7,8.3,1.5,3.1,25.5,10.4,-0.6,0.6,0.0,-0.003,-4.4,0.1,-4.3,-0.4
Donyell Marshall,marshdo01,"CLE,SEA",PF,34,26,340,9.8,0.455,0.541,0.224,7.8,17.2,12.4,4.4,0.9,3.6,12.2,16.0,-0.1,0.4,0.3,0.042,-2.2,-1.0,-3.1,-0.1
Dorell Wright,wrighdo01,MIA,SF,22,44,1104,14.4,0.537,0.038,0.235,5.1,19.0,11.9,9.4,1.4,3.0,8.2,15.1,1.2,1.1,2.2,0.096,-0.7,0.7,0.1,0.6
Drew Gooden,goodedr01,"CLE,CHI",PF,26,69,2122,13.8,0.495,0.008,0.291,9.1,23.0,15.8,6.5,1.2,2.0,12.8,20.3,0.5,2.8,3.3,0.074,-2.1,-0.7,-2.8,-0.4
Dwayne Jones,jonesdw02,CLE,PF,24,56,472,11.1,0.538,0.021,1.234,16.2,17.7,16.9,3.1,1.1,4.2,19.0,8.6,0.5,0.7,1.2,0.121,-3.7,0.1,-3.6,-0.2
Dwight Howard,howardw01,ORL,C,22,82,3088,22.9,0.619,0.004,0.921,10.9,31.6,21.7,6.1,1.2,4.2,16.1,24.2,6.4,6.4,12.9,0.2,1.6,1.2,2.8,3.7
Dwyane Wade,wadedw01,MIA,SG,26,51,1954,21.5,0.549,0.082,0.498,2.7,10.5,6.6,37.5,2.4,1.5,16.4,33.1,1.8,1.5,3.3,0.082,3.1,-0.2,2.9,2.3
Earl Barron,barroea01,MIA,C,26,46,889,9.4,0.446,0.04,0.266,8.9,17.9,13.3,5.8,1.1,0.7,11.6,22.0,-1.0,0.6,-0.4,-0.019,-5.0,-2.2,-7.2,-1.2
Earl Boykins,boykiea01,CHA,PG,31,36,577,10.0,0.467,0.256,0.343,1.8,5.0,3.4,26.0,1.2,0.0,17.2,19.0,-0.1,0.1,0.0,0.001,-2.0,-2.8,-4.8,-0.4
Earl Watson,watsoea01,SEA,PG,28,78,2269,14.6,0.517,0.177,0.194,2.1,8.7,5.4,36.6,1.5,0.3,17.8,18.8,1.7,1.1,2.9,0.061,0.1,-1.0,-0.9,0.6
Eddie Gill,gilled01,"NJN,SEA",PG,29,14,154,10.9,0.543,0.484,0.29,0.8,15.8,8.3,22.1,2.4,1.0,20.5,13.0,0.1,0.2,0.2,0.077,-2.8,2.1,-0.6,0.1
Eddie House,houseed01,BOS,PG,29,78,1480,13.0,0.534,0.561,0.068,1.6,11.2,6.7,16.9,2.1,0.6,12.2,19.6,1.1,2.8,3.9,0.127,0.4,1.4,1.8,1.4
Eddie Jones,jonesed02,DAL,SG,36,47,922,7.6,0.473,0.644,0.078,2.3,13.8,8.3,10.8,1.5,0.6,13.5,10.9,0.1,1.0,1.1,0.058,-2.3,1.3,-1.0,0.2
Eddy Curry,curryed01,NYK,C,25,59,1530,15.0,0.578,0.0,0.551,8.0,12.6,10.2,3.8,0.5,1.5,15.7,23.5,1.3,0.4,1.7,0.053,-0.8,-2.0,-2.8,-0.3
Eduardo Nájera,najered01,DEN,PF,31,78,1664,12.1,0.57,0.399,0.242,7.5,14.3,11.0,7.8,2.0,1.7,12.7,11.9,2.1,2.0,4.1,0.118,-0.8,1.0,0.2,0.9
Elton Brand,brandel01,LAC,PF,28,8,274,18.0,0.523,0.0,0.412,8.8,18.2,13.5,11.2,0.6,4.1,11.2,25.5,0.2,0.3,0.5,0.08,0.3,-0.6,-0.3,0.1
Emeka Okafor,okafoem01,CHA,C,25,82,2718,17.4,0.553,0.0,0.435,10.7,26.4,18.5,4.5,1.2,3.9,13.8,20.0,2.2,3.6,5.8,0.103,-0.7,-0.4,-1.1,0.6
Eric Piatkowski,piatker01,PHO,SF,37,16,113,8.3,0.561,0.788,0.121,1.1,10.2,6.0,11.8,0.0,0.6,14.7,16.1,0.1,0.0,0.1,0.045,-0.9,-1.6,-2.5,0.0
Eric Snow,snower01,CLE,PG,34,22,305,3.1,0.231,0.053,0.579,1.4,6.2,3.7,19.1,1.7,1.0,17.3,8.6,-0.4,0.3,-0.1,-0.021,-6.7,0.3,-6.4,-0.3
Erick Dampier,dampier01,DAL,C,32,72,1755,15.3,0.645,0.0,0.527,14.1,21.2,17.8,5.4,0.7,4.4,19.0,11.2,3.3,2.8,6.0,0.165,-0.2,1.2,1.1,1.4
Fabricio Oberto,obertfa01,SAS,C,32,82,1644,13.8,0.615,0.003,0.206,11.1,19.6,15.4,9.1,1.2,0.9,13.6,10.9,3.2,2.9,6.1,0.178,-1.2,1.7,0.4,1.0
Francisco Elson,elsonfr01,"SAS,SEA",C,31,63,813,6.9,0.416,0.004,0.157,7.1,21.0,14.2,4.6,1.0,1.8,15.7,17.0,-1.3,1.2,0.0,-0.001,-6.3,0.0,-6.3,-0.9
Francisco García,garcifr01,SAC,SF,26,79,2096,15.1,0.576,0.384,0.277,3.0,11.7,7.4,10.2,2.3,1.8,13.2,20.7,2.4,1.8,4.2,0.097,0.7,0.1,0.8,1.5
Fred Jones,jonesfr01,NYK,SG,28,70,1757,10.9,0.546,0.444,0.292,1.9,9.4,5.5,14.7,1.4,0.8,13.8,14.4,1.7,0.6,2.2,0.061,-1.2,-0.2,-1.3,0.3
Gabe Pruitt,pruitga01,BOS,PG,21,15,95,8.3,0.401,0.308,0.051,1.3,8.3,5.0,22.5,2.8,0.0,11.1,22.0,-0.1,0.2,0.1,0.028,-5.7,0.8,-4.8,-0.1
Gerald Green,greenge01,"MIN,HOU",SF,22,30,362,8.7,0.453,0.258,0.272,4.1,16.9,10.2,12.5,1.2,0.9,15.9,25.1,-0.5,0.2,-0.4,-0.048,-3.2,-1.2,-4.3,-0.2
Gerald Wallace,wallage01,CHA,PF,25,62,2376,17.5,0.547,0.243,0.471,2.8,15.3,9.0,15.9,2.9,1.9,14.1,24.6,1.8,2.8,4.6,0.094,0.8,1.3,2.1,2.5
Gilbert Arenas,arenagi01,WAS,PG,26,13,425,18.2,0.529,0.398,0.49,1.6,12.8,7.0,27.4,2.9,0.2,17.1,31.1,0.2,0.4,0.6,0.07,2.3,0.1,2.4,0.5
Glen Davis,davisgl01,BOS,C,22,69,940,11.3,0.545,0.0,0.679,12.8,13.5,13.2,4.6,1.7,1.7,18.5,17.4,0.6,1.9,2.5,0.128,-3.6,0.7,-3.0,-0.2
Gordan Giriček,giricgo01,"UTA,PHI,PHO",SG,30,56,831,9.8,0.518,0.328,0.086,2.4,10.8,6.7,11.0,1.5,0.4,14.2,19.7,-0.1,0.6,0.5,0.029,-2.4,-0.8,-3.2,-0.3
Grant Hill,hillgr01,PHO,SF,35,70,2222,15.7,0.576,0.146,0.275,4.1,13.1,9.0,13.1,1.5,1.6,10.7,18.0,3.8,2.1,5.9,0.127,0.9,0.5,1.4,1.9
Greg Buckner,buckngr01,MIN,SG,31,31,520,7.2,0.489,0.427,0.188,2.2,12.7,7.2,10.8,2.1,0.3,18.6,13.5,-0.2,0.3,0.1,0.008,-4.4,0.2,-4.1,-0.3
Guillermo Díaz,diazgu01,LAC,SG,22,6,18,9.9,0.403,0.25,1.25,12.7,0.0,6.4,8.5,0.0,0.0,0.0,15.9,0.0,0.0,0.0,0.033,-0.2,-2.7,-2.9,0.0
Hakim Warrick,warriha01,MEM,PF,25,75,1754,16.2,0.555,0.074,0.398,7.8,15.0,11.4,5.2,1.0,1.2,10.0,21.6,2.5,0.8,3.3,0.09,-0.3,-1.6,-1.9,0.0
Hedo Türkoğlu,turkohe01,ORL,SF,28,82,3026,17.8,0.576,0.34,0.321,3.3,14.2,9.0,22.9,1.3,0.6,15.0,24.8,5.6,3.5,9.0,0.143,2.6,0.1,2.7,3.6
Hilton Armstrong,armsthi01,NOH,C,23,65,732,7.7,0.498,0.0,0.473,10.1,16.0,13.0,4.4,1.1,3.6,24.8,15.1,-0.5,1.0,0.5,0.032,-6.3,0.5,-5.8,-0.7
Ian Mahinmi,mahinia01,SAS,C,21,6,23,35.3,0.658,0.0,0.75,0.0,25.3,12.8,9.0,0.0,13.2,11.1,37.4,0.1,0.1,0.2,0.372,0.8,5.8,6.6,0.0
Ike Diogu,dioguik01,IND,PF,24,30,305,17.2,0.543,0.0,0.351,13.3,17.1,15.2,5.7,1.1,0.7,11.4,24.8,0.4,0.3,0.7,0.115,-0.9,-2.3,-3.2,-0.1
Ime Udoka,udokaim01,SAS,PF,30,73,1316,11.5,0.528,0.44,0.155,3.3,17.0,10.2,7.7,2.3,1.0,12.6,16.7,0.2,2.6,2.8,0.102,-2.0,2.2,0.2,0.7
Ira Newble,newblir01,"CLE,SEA,LAL",SG,33,49,698,9.7,0.507,0.282,0.149,7.5,13.1,10.2,4.0,2.1,0.9,15.5,14.2,0.1,0.8,0.9,0.061,-2.9,-0.1,-3.0,-0.2
J.J. Barea,bareajo01,DAL,PG,23,44,460,11.7,0.515,0.318,0.206,1.0,10.5,5.9,20.6,1.6,0.2,15.9,22.3,0.0,0.5,0.5,0.052,-1.7,-0.2,-1.9,0.0
J.J. Redick,redicjj01,ORL,SG,23,34,276,12.7,0.569,0.398,0.315,0.4,8.8,4.8,9.7,0.7,0.0,10.9,22.9,0.3,0.2,0.5,0.091,-1.0,-1.4,-2.4,0.0
J.R. Smith,smithjr01,DEN,SG,22,74,1421,18.1,0.603,0.579,0.264,3.3,8.1,5.8,14.7,2.1,0.6,13.0,25.8,2.5,1.3,3.7,0.126,3.4,-0.8,2.6,1.6
Jacque Vaughn,vaughja01,SAS,PG,32,74,1139,9.2,0.481,0.035,0.283,1.4,6.2,3.8,21.9,1.1,0.1,14.5,15.6,0.3,1.4,1.6,0.069,-3.9,0.4,-3.5,-0.4
Jake Voskuhl,voskuja01,MIL,C,30,44,386,8.7,0.528,0.0,0.363,8.8,21.3,14.8,5.1,1.2,4.3,23.8,14.2,-0.1,0.3,0.2,0.025,-6.3,0.4,-5.9,-0.4
Jamaal Magloire,magloja01,"NJN,DAL",C,29,31,286,1.4,0.377,0.0,0.8,7.7,28.3,18.0,3.7,0.2,2.7,28.7,16.8,-1.0,0.3,-0.6,-0.109,-9.9,-0.9,-10.8,-0.6
Jamaal Tinsley,tinslja01,IND,PG,29,39,1293,12.8,0.458,0.305,0.216,2.0,10.0,5.9,38.8,2.5,0.6,20.4,21.3,-0.6,1.3,0.8,0.028,-1.0,-0.5,-1.5,0.1
Jamal Crawford,crawfja01,NYK,SG,27,80,3190,16.0,0.528,0.355,0.274,1.3,6.3,3.7,22.0,1.3,0.4,11.0,24.6,4.6,0.4,5.0,0.076,2.1,-1.8,0.3,1.9
Jamario Moon,moonja01,TOR,SF,27,78,2166,15.0,0.54,0.212,0.148,5.0,21.6,13.2,6.2,2.0,4.0,7.7,14.4,2.1,3.6,5.7,0.126,0.0,1.9,1.9,2.2
Jameer Nelson,nelsoja01,ORL,PG,25,69,1961,15.5,0.564,0.255,0.25,1.7,12.1,7.1,31.1,1.7,0.1,17.4,19.0,3.4,2.2,5.6,0.136,0.7,0.5,1.2,1.6
James Augustine,augusja01,ORL,PF,23,25,149,10.8,0.533,0.0,0.235,12.9,10.4,11.6,2.1,1.7,1.0,13.8,13.4,0.1,0.2,0.3,0.098,-2.5,-0.3,-2.8,0.0
James Jones,jonesja02,POR,SF,27,58,1276,13.6,0.625,0.627,0.3,4.0,10.8,7.4,4.3,1.0,0.9,7.0,14.8,2.9,0.8,3.7,0.139,1.4,-0.2,1.3,1.1
James Posey,poseyja01,BOS,PF,31,74,1821,12.0,0.587,0.674,0.278,2.1,18.0,10.5,9.5,2.1,0.9,12.3,13.5,2.2,4.0,6.2,0.164,0.0,2.5,2.5,2.1
Jannero Pargo,pargoja01,NOH,SG,28,80,1497,11.9,0.468,0.285,0.124,2.0,8.3,5.1,20.4,1.8,0.3,11.9,24.2,-0.3,1.4,1.1,0.037,-1.8,-0.9,-2.7,-0.3
Jared Dudley,dudleja01,CHA,PF,22,73,1384,13.6,0.528,0.118,0.339,10.0,13.8,11.9,9.3,2.1,0.5,11.1,14.9,1.8,1.1,2.9,0.1,-0.7,0.0,-0.7,0.4
Jared Jeffries,jeffrja01,NYK,SF,26,73,1325,7.9,0.433,0.093,0.344,9.8,11.1,10.4,7.5,1.4,1.3,17.1,12.7,-0.5,0.6,0.1,0.002,-3.4,-0.7,-4.1,-0.7
Jarrett Jack,jackja01,POR,SG,24,82,2229,13.0,0.558,0.306,0.4,1.6,10.7,6.2,22.7,1.5,0.0,19.6,19.3,1.6,1.5,3.2,0.069,-0.8,-0.4,-1.2,0.5
Jarron Collins,collija03,UTA,C,29,70,702,6.1,0.515,0.012,0.902,7.0,13.1,10.1,6.8,0.7,0.7,16.1,8.7,0.5,0.5,1.0,0.07,-3.3,-0.1,-3.4,-0.3
Jarvis Hayes,hayesja01,DET,SF,26,82,1287,13.0,0.52,0.385,0.119,3.2,13.3,8.3,8.1,2.0,0.4,8.1,21.1,1.0,1.9,2.9,0.108,-1.0,0.4,-0.6,0.5
Jason Collins,collija04,"NJN,MEM",C,29,74,1172,3.4,0.481,0.009,0.655,6.2,11.1,8.7,3.1,1.0,1.6,24.8,7.4,-0.5,0.6,0.1,0.005,-6.7,0.0,-6.7,-1.4
Jason Hart,hartja01,UTA,PG,29,57,606,8.0,0.413,0.172,0.25,1.0,10.0,5.5,19.3,2.5,0.4,12.3,16.8,-0.2,0.7,0.4,0.033,-4.1,0.8,-3.3,-0.2
Jason Kapono,kaponja01,TOR,SF,26,81,1530,10.8,0.561,0.237,0.086,2.4,6.9,4.6,6.7,1.2,0.1,10.1,17.7,1.0,0.9,1.9,0.06,-1.9,-0.7,-2.7,-0.3
Jason Kidd,kiddja01,"NJN,DAL",PG,34,80,2906,16.7,0.499,0.393,0.208,3.8,20.0,12.0,44.0,2.5,0.7,23.5,17.9,2.0,3.8,5.9,0.097,1.6,1.3,3.0,3.6
Jason Maxiell,maxieja01,DET,C,24,82,1768,16.7,0.576,0.002,0.605,11.9,17.4,14.6,4.2,0.7,4.2,11.2,17.0,3.4,2.9,6.3,0.171,-0.3,0.2,-0.1,0.8
Jason Richardson,richaja01,CHA,SF,27,82,3149,18.4,0.554,0.408,0.225,2.9,13.3,8.0,15.2,1.9,1.4,9.3,25.9,4.8,2.6,7.4,0.113,3.3,-0.3,3.0,4.0
Jason Smith,smithja02,PHI,PF,21,76,1107,10.7,0.491,0.045,0.265,8.2,16.6,12.3,2.8,1.1,3.6,12.2,16.1,0.2,1.4,1.5,0.067,-3.6,0.1,-3.5,-0.4
Jason Terry,terryja01,DAL,SG,30,82,2579,17.8,0.574,0.36,0.221,1.4,7.7,4.7,17.5,1.8,0.5,7.7,21.7,6.1,2.5,8.6,0.16,2.6,0.4,3.1,3.3
Jason Williams,willija02,MIA,PG,32,67,1886,12.7,0.502,0.5,0.145,0.8,7.6,4.1,27.3,2.3,0.2,13.5,17.0,1.0,1.1,2.1,0.052,-0.5,-0.4,-0.9,0.6
Javaris Crittenton,crittja01,"LAL,MEM",SG,20,50,679,11.0,0.499,0.159,0.446,4.5,13.7,9.1,11.7,1.4,0.2,16.5,21.8,-0.3,0.4,0.1,0.004,-2.7,-1.4,-4.1,-0.4
Jeff Foster,fosteje01,IND,C,31,77,1884,15.7,0.568,0.008,0.389,14.9,23.8,19.3,10.1,1.5,1.3,12.4,11.5,4.0,2.4,6.5,0.165,0.3,0.2,0.5,1.2
Jeff Green,greenje02,SEA,SF,21,80,2253,9.8,0.491,0.101,0.318,4.9,13.4,9.2,8.2,1.0,1.6,15.6,19.4,-1.3,1.5,0.2,0.003,-3.4,-0.6,-4.1,-1.2
Jeff McInnis,mcinnje01,CHA,PG,33,54,1410,6.5,0.461,0.076,0.12,1.3,6.6,3.9,23.4,0.9,0.2,22.5,11.0,-0.2,0.3,0.1,0.002,-4.3,-1.1,-5.4,-1.2
Jelani McCoy,mccoyje01,DEN,C,30,6,33,2.6,0.798,0.0,2.0,3.3,19.3,11.5,0.0,0.0,10.8,68.0,7.6,-0.1,0.1,0.0,-0.036,-9.6,3.5,-6.1,0.0
Jeremy Richardson,richaje01,"MEM,SAS,ATL",SF,23,27,132,4.2,0.457,0.432,0.045,0.9,7.0,4.0,2.2,1.2,0.0,11.8,17.6,-0.2,0.1,-0.1,-0.041,-5.5,-2.3,-7.8,-0.2
Jermaine O'Neal,onealje01,IND,C,29,42,1206,14.4,0.489,0.01,0.318,7.3,18.5,12.8,12.9,0.8,5.4,15.4,24.8,-0.7,1.6,0.9,0.035,-2.7,0.9,-1.8,0.1
Jermareo Davidson,davidje01,CHA,SF,23,38,322,9.8,0.437,0.0,0.224,7.5,14.7,11.1,6.9,1.1,3.5,11.0,21.9,-0.4,0.3,-0.1,-0.012,-4.6,-0.6,-5.2,-0.3
Jerome James,jamesje01,NYK,C,32,2,5,45.3,1.064,0.0,2.0,0.0,70.6,34.2,0.0,0.0,0.0,0.0,16.9,0.1,0.0,0.1,0.613,16.5,4.6,21.2,0.0
Jerry Stackhouse,stackje01,DAL,SG,33,58,1412,13.3,0.523,0.35,0.281,2.8,7.9,5.4,16.7,1.1,0.5,12.7,22.4,1.2,1.1,2.3,0.077,0.3,-1.1,-0.8,0.4
Joakim Noah,noahjo01,CHI,C,22,74,1534,15.5,0.539,0.003,0.529,12.4,18.4,15.3,8.6,2.3,3.3,16.4,15.6,1.5,2.3,3.8,0.12,-1.2,1.0,-0.2,0.7
Joe Johnson,johnsjo02,ATL,SG,26,82,3343,17.3,0.535,0.297,0.253,2.9,9.9,6.4,25.5,1.3,0.4,11.8,25.6,5.3,1.7,7.0,0.1,2.7,-1.5,1.2,2.7
Joe Smith,smithjo02,"CHI,CLE",PF,32,77,1726,16.1,0.524,0.005,0.312,10.3,16.1,13.1,6.7,1.0,2.1,8.7,21.0,2.4,1.8,4.1,0.115,-0.5,-0.6,-1.1,0.4
Joel Anthony,anthojo01,MIA,PF,25,24,498,8.8,0.521,0.0,0.817,9.0,13.4,11.2,0.9,1.0,5.0,17.2,9.4,0.1,0.4,0.6,0.054,-5.3,-0.3,-5.5,-0.4
Joel Przybilla,przybjo01,POR,C,28,77,1819,12.3,0.611,0.004,0.488,12.7,29.3,21.0,2.3,0.4,4.0,23.8,10.4,1.6,2.7,4.3,0.113,-2.6,0.9,-1.7,0.1
Joey Graham,grahajo01,TOR,SF,25,38,331,10.3,0.52,0.027,0.398,6.4,17.7,12.0,7.0,0.5,0.0,14.8,22.2,0.0,0.3,0.3,0.04,-4.3,-2.2,-6.5,-0.4
Johan Petro,petrojo01,SEA,C,22,72,1310,10.0,0.453,0.002,0.198,8.2,22.6,15.4,3.8,1.3,2.3,13.3,18.2,-1.1,1.5,0.4,0.014,-4.8,-0.3,-5.1,-1.0
John Salmons,salmojo01,SAC,SG,28,81,2517,13.9,0.556,0.15,0.325,3.6,12.6,8.2,13.4,1.9,1.0,15.7,19.2,2.0,1.7,3.7,0.071,-0.3,-0.3,-0.6,0.9
Jordan Farmar,farmajo01,LAL,PG,21,82,1690,15.4,0.563,0.487,0.124,2.7,9.1,6.0,20.5,2.3,0.2,14.0,20.2,2.1,1.8,3.9,0.111,1.3,0.0,1.3,1.4
Jorge Garbajosa,garbajo01,TOR,PF,30,7,74,10.4,0.44,0.64,0.0,3.2,20.9,12.0,5.9,2.2,0.0,3.8,16.6,0.0,0.1,0.1,0.047,-0.3,-0.2,-0.5,0.0
Josh Boone,boonejo01,NJN,PF,23,70,1773,14.8,0.543,0.0,0.5,12.5,20.8,16.6,5.3,1.1,2.7,11.4,15.4,1.9,1.8,3.7,0.1,-0.9,-0.9,-1.8,0.1
Josh Childress,childjo01,ATL,SF,24,76,2274,17.8,0.647,0.105,0.48,9.0,10.2,9.6,8.5,1.6,1.4,12.4,15.8,6.0,1.5,7.6,0.16,2.3,-0.3,2.0,2.3
Josh Howard,howarjo01,DAL,SF,27,76,2757,18.3,0.534,0.168,0.308,5.2,16.7,11.2,10.6,1.1,0.9,7.5,25.9,4.8,3.2,8.0,0.14,1.8,-0.6,1.2,2.2
Josh McRoberts,mcrobjo01,POR,PF,20,8,28,20.3,0.6,0.1,0.0,8.4,33.5,21.0,13.7,2.0,0.0,16.7,20.3,0.0,0.0,0.1,0.131,2.0,1.8,3.7,0.0
Josh Powell,poweljo01,LAC,C,25,64,1228,10.7,0.5,0.01,0.276,10.7,20.4,15.6,6.4,0.6,1.4,15.5,15.7,0.1,1.0,1.1,0.042,-3.1,-1.7,-4.9,-0.9
Josh Smith,smithjo03,ATL,PF,22,81,2873,19.0,0.52,0.087,0.414,6.6,20.4,13.5,16.6,2.3,5.9,15.5,25.0,1.2,4.6,5.8,0.097,0.5,2.5,3.0,3.7
José Calderón,caldejo01,TOR,PG,26,82,2484,20.5,0.607,0.26,0.17,1.6,9.7,5.6,42.3,1.9,0.2,14.2,16.8,8.1,2.2,10.2,0.197,4.1,0.4,4.5,4.1
Juan Carlos Navarro,navarju01,MEM,SG,27,82,2117,11.9,0.54,0.564,0.191,1.8,9.4,5.6,13.3,1.1,0.0,13.9,20.2,1.0,0.4,1.4,0.031,-0.3,-2.0,-2.3,-0.2
Juan Dixon,dixonju01,"TOR,DET",PG,29,53,668,11.3,0.488,0.279,0.101,2.7,10.7,6.7,23.3,1.7,0.2,16.7,22.8,-0.3,0.7,0.4,0.026,-1.8,-0.5,-2.3,-0.1
Julian Wright,wrighju01,NOH,SF,20,57,640,15.4,0.581,0.142,0.308,5.9,15.7,10.7,9.5,2.4,1.5,15.1,16.4,0.7,0.9,1.7,0.126,0.3,1.5,1.8,0.6
Justin Williams,williju01,"SAC,HOU",C,23,23,123,13.2,0.42,0.0,0.897,19.5,27.3,23.5,0.0,2.1,3.1,9.0,16.2,0.0,0.2,0.2,0.071,-2.2,-1.2,-3.5,0.0
Juwan Howard,howarju01,DAL,PF,34,50,353,4.1,0.406,0.0,0.219,7.1,19.0,13.3,6.9,0.8,0.4,19.5,11.5,-0.3,0.4,0.1,0.016,-6.2,0.0,-6.2,-0.4
Kaniel Dickens,dickeka01,CLE,PF,29,5,12,6.6,0.333,0.0,0.0,0.0,9.8,4.7,12.7,0.0,6.6,0.0,11.3,0.0,0.0,0.0,0.023,-4.5,1.7,-2.8,0.0
Kareem Rush,rushka01,IND,SG,27,71,1504,10.0,0.5,0.46,0.074,1.3,11.0,6.1,9.3,1.4,1.0,9.5,18.7,-0.2,1.2,1.0,0.033,-1.6,-0.7,-2.3,-0.1
Kasib Powell,powelka01,MIA,SF,26,11,304,9.0,0.424,0.347,0.095,3.1,14.4,8.7,10.0,1.6,0.5,4.8,16.2,-0.2,0.2,0.0,0.006,-3.1,-0.7,-3.8,-0.1
Keith Bogans,boganke01,ORL,SG,27,82,2198,10.9,0.559,0.696,0.187,2.3,11.3,7.0,7.1,1.4,0.3,7.7,14.4,2.6,2.3,4.9,0.106,0.1,0.5,0.6,1.4
Keith Langford,langfke01,SAS,SG,24,2,10,-2.4,0.25,0.0,0.0,0.0,23.3,11.8,0.0,0.0,0.0,0.0,19.2,0.0,0.0,0.0,-0.142,-12.9,-2.2,-15.1,0.0
Kelenna Azubuike,azubuke01,GSW,SG,24,81,1732,13.5,0.534,0.332,0.235,6.4,14.0,10.0,6.1,1.3,1.4,8.2,17.2,2.3,1.1,3.4,0.094,0.0,-0.9,-0.8,0.5
Kendrick Perkins,perkike01,BOS,C,23,78,1912,13.3,0.632,0.003,0.526,9.6,19.3,14.8,6.8,0.9,4.9,22.6,13.5,1.9,4.3,6.2,0.156,-1.9,2.4,0.5,1.2
Kenny Thomas,thomake01,SAC,PF,30,23,281,2.6,0.398,0.0,0.132,7.7,17.7,12.8,6.5,1.1,0.3,34.3,9.7,-0.5,0.2,-0.3,-0.047,-5.9,-0.1,-6.0,-0.3
Kenyon Martin,martike01,DEN,PF,30,71,2159,14.7,0.553,0.016,0.303,5.4,17.5,11.6,6.3,2.0,2.8,10.3,17.4,2.0,3.0,5.0,0.111,-1.6,0.8,-0.8,0.6
Kevin Durant,duranke01,SEA,SG,19,80,2768,15.8,0.519,0.15,0.328,2.8,10.9,6.9,12.0,1.4,1.9,12.9,28.1,0.4,1.9,2.3,0.04,0.5,-0.7,-0.1,1.3
Kevin Garnett,garneke01,BOS,PF,31,71,2328,25.3,0.588,0.011,0.339,7.3,25.1,16.8,19.9,2.3,3.1,10.8,25.5,6.6,6.2,12.9,0.265,4.7,3.5,8.2,6.0
Kevin Martin,martike02,SAC,SG,24,61,2216,21.0,0.618,0.291,0.632,2.6,11.8,7.3,10.1,1.4,0.2,10.1,26.2,7.4,1.1,8.4,0.183,3.8,-1.4,2.4,2.4
Kevin Ollie,ollieke01,PHI,SG,35,40,300,9.7,0.463,0.014,0.217,1.6,6.0,3.8,18.7,1.8,0.0,6.2,12.1,0.3,0.2,0.5,0.084,-3.3,0.6,-2.7,-0.1
Keyon Dooling,doolike01,ORL,PG,27,72,1334,14.1,0.572,0.154,0.456,0.6,7.8,4.4,16.0,1.4,0.3,10.7,19.6,2.4,1.2,3.7,0.132,-0.9,0.3,-0.6,0.5
Kirk Hinrich,hinriki01,CHI,PG,27,75,2380,13.1,0.501,0.301,0.178,1.3,10.6,5.8,30.9,1.9,0.6,15.4,18.9,1.5,2.1,3.6,0.072,-0.9,0.2,-0.8,0.7
Kirk Snyder,snydeki01,"HOU,MIN",SF,24,36,761,13.3,0.573,0.122,0.466,4.4,15.0,9.6,12.9,1.4,1.6,18.6,16.6,0.6,0.5,1.1,0.068,-1.1,-0.7,-1.8,0.0
Kobe Bryant,bryanko01,LAL,SG,29,82,3192,24.2,0.576,0.246,0.439,3.4,14.1,9.0,23.9,2.4,0.9,11.3,31.4,9.5,4.3,13.8,0.208,5.2,0.6,5.8,6.3
Kosta Perović,perovko01,GSW,C,22,7,38,10.3,0.396,0.0,0.6,16.2,20.5,18.3,3.4,0.0,3.8,7.3,15.1,0.0,0.0,0.0,0.06,-3.1,-2.8,-5.9,0.0
Kris Humphries,humphkr01,TOR,PF,22,70,925,15.7,0.512,0.006,0.372,11.4,21.8,16.6,4.9,1.4,2.5,10.8,22.1,0.6,1.3,1.8,0.096,-1.6,-0.7,-2.3,-0.1
Kurt Thomas,thomaku01,"SEA,SAS",C,35,70,1584,14.2,0.514,0.003,0.202,9.2,26.4,17.8,6.5,1.8,2.6,9.6,13.5,1.3,2.7,4.1,0.123,-1.7,1.9,0.1,0.9
Kwame Brown,brownkw01,"LAL,MEM",C,25,38,713,10.1,0.497,0.0,0.69,8.1,20.8,14.7,9.0,1.6,2.3,21.6,14.6,-0.3,1.0,0.6,0.043,-3.3,1.0,-2.3,0.0
Kyle Korver,korveky01,"PHI,UTA",SG,26,75,1732,12.8,0.585,0.515,0.226,1.5,10.5,6.0,8.8,1.3,1.4,10.6,18.3,2.7,1.5,4.2,0.116,0.4,-0.1,0.3,1.0
Kyle Lowry,lowryky01,MEM,PG,21,82,2089,14.3,0.531,0.236,0.588,2.2,11.3,6.7,21.8,2.2,0.8,14.6,18.6,2.1,1.3,3.4,0.078,-1.2,0.3,-0.9,0.6
Kyrylo Fesenko,fesenky01,UTA,C,21,9,70,4.0,0.394,0.0,0.25,24.6,19.0,21.8,3.8,0.0,3.5,31.1,16.5,-0.1,0.1,0.0,-0.031,-8.9,-2.9,-11.9,-0.2
LaMarcus Aldridge,aldrila01,POR,PF,22,76,2649,18.5,0.523,0.006,0.257,9.8,15.8,12.8,8.8,1.1,2.8,8.9,25.3,3.5,2.8,6.2,0.113,0.6,-0.4,0.2,1.5
Lamar Odom,odomla01,LAL,PF,28,77,2921,16.9,0.582,0.142,0.413,7.8,22.7,15.6,13.8,1.3,1.8,14.2,16.5,5.3,4.3,9.7,0.159,1.3,1.0,2.3,3.2
Lance Allred,allrela01,CLE,C,26,3,10,-1.0,0.307,0.0,0.5,0.0,11.8,5.7,0.0,0.0,0.0,0.0,22.1,0.0,0.0,0.0,-0.125,-8.1,-3.0,-11.1,0.0
Larry Hughes,hughela01,"CLE,CHI",PG,29,68,2020,11.9,0.468,0.242,0.235,2.1,11.1,6.5,15.1,2.6,0.7,11.6,22.2,-0.5,2.3,1.8,0.042,-2.3,0.0,-2.3,-0.1
LeBron James,jamesle01,CLE,SF,23,75,3027,29.1,0.568,0.219,0.47,4.9,17.8,11.1,37.3,2.4,2.1,11.4,33.5,10.7,4.6,15.2,0.242,8.2,2.6,10.9,9.8
Leandro Barbosa,barbole01,PHO,SG,25,82,2421,15.8,0.575,0.413,0.209,2.0,8.2,5.4,13.5,1.5,0.5,9.5,22.8,3.9,1.6,5.5,0.109,1.1,-0.9,0.2,1.4
Leon Powe,powele01,BOS,C,24,56,809,20.9,0.629,0.004,0.717,14.9,18.3,16.7,3.3,1.0,1.6,10.8,22.8,2.7,1.6,4.3,0.256,1.0,-0.7,0.2,0.5
Linas Kleiza,kleizli01,DEN,SF,23,79,1889,14.4,0.585,0.42,0.323,5.4,13.5,9.5,7.5,1.1,0.7,10.6,18.9,3.1,1.6,4.7,0.119,0.2,-1.1,-0.9,0.5
Lindsey Hunter,hunteli01,DET,PG,37,24,215,8.8,0.427,0.406,0.141,2.2,5.0,3.6,23.3,3.3,0.7,16.1,17.7,-0.1,0.3,0.2,0.048,-4.2,2.1,-2.1,0.0
Linton Johnson,johnsli01,"PHO,TOR",PF,27,8,63,8.2,0.528,0.158,0.105,9.8,15.2,12.6,9.2,0.0,1.0,20.1,18.0,0.0,0.0,0.0,0.024,-4.4,-2.0,-6.4,-0.1
Loren Woods,woodslo01,HOU,C,29,7,17,13.4,0.6,0.0,0.0,0.0,6.5,3.3,20.1,0.0,0.0,0.0,13.4,0.0,0.0,0.1,0.179,-0.3,1.3,1.1,0.0
Lorenzen Wright,wrighlo02,"ATL,SAC",C,32,18,161,2.5,0.317,0.0,0.286,5.8,21.6,13.8,3.5,1.0,1.4,14.5,7.8,-0.2,0.2,0.0,0.001,-6.9,0.3,-6.6,-0.2
Lou Amundson,amundlo01,PHI,PF,25,16,64,7.4,0.472,0.0,0.438,12.9,9.4,11.1,0.0,0.8,1.2,9.5,14.9,0.0,0.0,0.1,0.043,-6.3,-2.1,-8.5,-0.1
Lou Williams,willilo02,PHI,PG,21,80,1862,16.7,0.523,0.203,0.386,2.6,8.1,5.3,22.6,2.3,0.6,12.4,24.3,2.5,1.8,4.4,0.112,1.3,0.1,1.4,1.6
Luis Scola,scolalu01,HOU,PF,27,82,2024,16.1,0.548,0.004,0.351,9.9,19.3,14.6,8.9,1.6,0.7,12.0,19.8,2.8,3.7,6.5,0.154,-1.0,1.0,0.0,1.0
Luke Jackson,jackslu02,MIA,SF,26,14,228,9.1,0.438,0.375,0.288,3.6,13.9,8.7,12.6,1.9,0.0,9.1,20.6,-0.2,0.2,0.0,-0.004,-3.0,-1.0,-3.9,-0.1
Luke Ridnour,ridnolu01,SEA,PG,26,61,1223,11.3,0.482,0.193,0.247,1.2,7.2,4.2,29.5,1.5,0.8,16.4,17.3,0.3,0.6,0.9,0.035,-2.4,-0.7,-3.1,-0.4
Luke Walton,waltolu01,LAL,SF,27,74,1729,12.3,0.509,0.176,0.228,5.7,12.7,9.3,18.1,1.7,0.8,16.0,16.0,1.2,2.0,3.2,0.088,-0.8,0.5,-0.3,0.7
Luol Deng,denglu01,CHI,SF,22,63,2128,17.0,0.528,0.025,0.296,7.0,14.2,10.4,13.2,1.4,1.1,10.6,23.6,2.4,1.9,4.4,0.098,1.1,-1.0,0.1,1.1
Luther Head,headlu01,HOU,SG,25,73,1379,13.6,0.543,0.472,0.17,1.5,9.4,5.5,16.4,1.7,0.5,12.0,19.3,1.5,2.0,3.5,0.121,-0.1,0.9,0.8,1.0
Maceo Baston,bastoma01,TOR,PF,32,15,103,17.6,0.697,0.0,0.4,10.3,19.7,14.9,4.6,1.0,3.2,12.0,15.3,0.3,0.1,0.4,0.201,-1.4,0.5,-0.9,0.0
Malik Allen,allenma01,"NJN,DAL",PF,29,73,1096,9.8,0.5,0.006,0.076,7.0,13.6,10.4,6.8,0.9,2.2,11.7,16.1,0.1,0.9,1.0,0.045,-3.4,0.0,-3.5,-0.4
Malik Rose,rosema01,NYK,PF,33,49,494,7.3,0.422,0.039,0.283,6.9,17.1,11.9,9.3,1.7,1.1,16.5,22.0,-0.9,0.4,-0.5,-0.052,-6.3,-1.2,-7.5,-0.7
Manu Ginóbili,ginobma01,SAS,SG,30,74,2299,24.3,0.612,0.395,0.449,3.3,14.7,9.1,26.4,2.6,1.1,14.5,28.7,6.6,4.5,11.1,0.232,5.6,2.7,8.3,6.0
Marcin Gortat,gortama01,ORL,C,23,6,41,19.8,0.491,0.0,0.176,23.5,21.6,22.5,8.4,1.3,1.8,9.8,22.7,0.1,0.1,0.1,0.158,-1.3,-2.2,-3.4,0.0
Marco Belinelli,belinma01,GSW,SG,21,33,241,8.2,0.49,0.441,0.097,1.3,5.1,3.1,8.8,1.0,0.0,11.0,19.1,0.0,0.0,0.0,-0.002,-2.2,-2.4,-4.6,-0.2
Marcus Banks,banksma01,"PHO,MIA",PG,26,36,569,12.6,0.579,0.534,0.183,0.9,8.3,4.6,17.7,1.3,1.6,15.2,19.7,0.5,0.3,0.8,0.068,-0.8,-0.7,-1.5,0.1
Marcus Camby,cambyma01,DEN,C,33,79,2758,17.2,0.498,0.031,0.318,9.2,31.1,20.3,12.9,1.5,7.3,14.0,13.0,2.6,5.9,8.5,0.148,0.1,3.3,3.4,3.8
Marcus Vinicius,vincima01,NOH,SF,23,13,69,11.6,0.564,0.6,0.55,1.7,12.1,6.8,4.3,0.8,1.1,10.8,18.8,0.0,0.1,0.1,0.073,-1.2,-1.2,-2.5,0.0
Marcus Williams,willima04,"NJN,SAS,LAC",PF,21,11,36,6.8,0.25,0.0,0.0,12.7,25.8,19.2,14.8,1.4,2.1,0.0,25.7,-0.1,0.0,-0.1,-0.134,-5.0,-2.7,-7.8,-0.1
Mardy Collins,collima01,NYK,SG,23,46,634,5.9,0.378,0.183,0.217,3.3,10.4,6.7,21.4,2.0,1.0,22.6,17.5,-1.4,0.3,-1.0,-0.079,-5.5,-0.9,-6.4,-0.7
Mario West,westma02,ATL,SG,23,64,269,8.6,0.488,0.082,0.531,11.3,9.5,10.4,7.2,2.4,1.1,13.0,11.7,0.2,0.2,0.5,0.082,-4.4,0.6,-3.8,-0.1
Mark Blount,blounma01,MIA,C,32,69,1542,11.4,0.505,0.085,0.268,5.3,15.3,10.2,4.8,1.1,1.8,10.8,19.8,-0.3,1.0,0.7,0.021,-2.9,-1.2,-4.0,-0.8
Mark Madsen,madsema01,MIN,PF,32,20,151,0.2,0.185,0.0,0.632,13.4,15.8,14.6,3.5,1.0,1.1,27.0,9.9,-0.4,0.1,-0.3,-0.102,-8.2,-2.4,-10.6,-0.3
Marko Jarić,jaricma01,MIN,SG,29,75,2189,12.1,0.518,0.241,0.309,2.0,10.1,5.9,21.0,2.3,1.2,17.6,15.0,1.1,1.3,2.4,0.053,-1.5,0.6,-0.9,0.6
Marquis Daniels,daniema01,IND,SG,27,74,1546,11.6,0.487,0.182,0.248,4.6,10.5,7.5,14.1,2.5,0.9,15.3,20.6,-0.7,1.6,0.9,0.028,-2.7,0.3,-2.4,-0.1
Martell Webster,webstma02,POR,SF,21,75,2132,12.0,0.548,0.483,0.253,3.0,13.3,8.2,7.0,1.1,1.0,10.2,18.0,1.8,1.7,3.5,0.079,0.1,-0.2,-0.2,1.0
Marvin Williams,willima02,ATL,SF,21,80,2765,14.5,0.54,0.011,0.446,5.0,14.2,9.6,8.3,1.5,0.9,10.4,20.1,3.6,2.1,5.7,0.099,-0.9,-0.5,-1.4,0.4
Matt Barnes,barnema02,GSW,PF,27,73,1414,12.9,0.51,0.41,0.179,6.8,18.1,12.3,13.5,1.6,1.9,15.1,16.7,1.0,1.3,2.3,0.077,-0.5,0.3,-0.2,0.6
Matt Bonner,bonnema01,SAS,PF,27,68,853,12.4,0.525,0.471,0.151,7.4,19.0,13.3,6.2,0.9,1.5,11.2,19.6,0.5,1.5,2.0,0.11,-1.8,0.3,-1.5,0.1
Matt Carroll,carroma01,CHA,SG,27,80,2016,10.7,0.554,0.409,0.234,1.9,11.1,6.4,5.8,1.2,0.7,8.2,16.1,1.9,1.0,3.0,0.071,-1.2,-0.8,-2.0,0.0
Matt Harpring,harprma01,UTA,SF,31,76,1374,14.1,0.551,0.021,0.432,8.6,12.7,10.7,9.0,1.7,0.8,14.4,21.5,1.4,1.4,2.8,0.096,-1.0,-0.9,-1.9,0.0
Maurice Ager,agerma01,"DAL,NJN",SG,23,26,165,1.8,0.363,0.292,0.185,2.8,6.3,4.6,8.0,0.0,0.4,7.9,21.3,-0.4,0.0,-0.4,-0.114,-6.8,-4.2,-11.1,-0.4
Maurice Evans,evansma01,"LAL,ORL",SG,29,75,1720,13.9,0.571,0.383,0.152,6.4,8.1,7.3,7.5,1.4,0.4,6.4,16.5,3.2,1.6,4.9,0.135,1.2,-0.2,1.0,1.3
Mehmet Okur,okurme01,UTA,C,28,72,2390,15.2,0.556,0.35,0.273,6.8,21.5,14.2,9.0,1.2,1.0,9.9,19.6,4.0,2.7,6.7,0.134,1.3,-0.5,0.8,1.7
Melvin Ely,elyme01,NOH,C,29,52,621,9.0,0.491,0.0,0.322,5.1,22.6,13.6,5.4,0.6,2.3,17.0,18.5,-0.5,0.8,0.3,0.022,-5.1,-0.2,-5.2,-0.5
Metta World Peace,artesro01,SAC,SF,28,57,2172,18.8,0.535,0.23,0.307,5.6,12.1,8.9,16.2,3.1,1.4,11.9,25.5,2.4,2.2,4.7,0.103,2.1,0.7,2.8,2.6
Michael Doleac,doleami01,MIN,C,30,24,257,7.5,0.446,0.0,0.032,7.0,15.4,11.1,4.1,2.0,3.1,15.8,13.3,-0.2,0.2,0.0,0.005,-5.4,1.1,-4.4,-0.2
Michael Finley,finlemi01,SAS,SG,34,82,2204,11.4,0.519,0.469,0.105,1.5,12.0,6.8,8.6,0.7,0.3,6.6,18.5,1.3,2.9,4.2,0.091,-0.5,-0.1,-0.6,0.8
Michael Redd,reddmi01,MIL,SG,28,72,2702,18.8,0.559,0.289,0.394,3.5,10.2,6.7,16.4,1.3,0.4,11.0,27.3,5.6,0.2,5.8,0.104,3.5,-2.1,1.5,2.4
Michael Ruffin,ruffimi01,MIL,C,31,46,632,12.1,0.507,0.0,1.016,16.1,18.6,17.3,5.3,2.6,2.4,17.5,7.7,0.7,0.6,1.2,0.095,-2.0,0.3,-1.8,0.0
Mickaël Gelabale,gelabmi01,SEA,SG,24,39,465,10.5,0.509,0.236,0.115,3.8,9.8,6.8,11.1,1.1,1.4,14.1,17.9,0.0,0.2,0.2,0.021,-2.0,-1.0,-3.1,-0.1
Mickaël Piétrus,pietrmi01,GSW,SF,25,66,1316,12.7,0.549,0.473,0.253,5.2,14.8,9.8,5.1,2.4,2.4,10.0,15.3,1.4,1.4,2.8,0.104,-1.1,0.9,-0.2,0.6
Mike Bibby,bibbymi01,"SAC,ATL",PG,29,48,1573,14.5,0.515,0.411,0.166,1.2,10.6,6.0,30.9,1.8,0.2,15.5,22.0,1.1,0.9,2.1,0.063,0.4,-1.6,-1.3,0.3
Mike Conley,conlemi01,MEM,PG,20,53,1381,12.6,0.502,0.206,0.278,1.7,9.7,5.6,25.3,1.6,0.1,15.2,18.8,0.6,0.5,1.1,0.038,-1.6,-1.3,-3.0,-0.3
Mike Dunleavy,dunlemi02,IND,SG,27,82,2953,17.3,0.605,0.348,0.361,2.1,13.7,7.8,16.1,1.4,0.8,12.8,21.8,5.9,2.6,8.5,0.138,1.9,-0.2,1.7,2.8
Mike Harris,harrimi01,HOU,PF,24,17,159,17.1,0.519,0.037,0.241,17.3,21.0,19.2,3.2,2.0,1.4,13.1,19.7,0.1,0.3,0.5,0.143,-0.1,0.5,0.3,0.1
Mike James,jamesmi01,"HOU,NOH",PG,32,54,720,8.6,0.437,0.334,0.166,2.2,8.7,5.5,13.4,1.6,0.2,10.4,22.1,-0.5,0.9,0.3,0.023,-3.4,-0.4,-3.8,-0.3
Mike Miller,millemi01,MEM,SG,27,70,2474,16.1,0.625,0.436,0.257,2.3,19.0,10.6,16.0,0.7,0.5,16.6,19.8,3.9,1.1,5.0,0.098,2.2,-1.1,1.1,2.0
Mike Wilks,wilksmi01,"DEN,WAS,SEA",PG,28,15,188,8.6,0.543,0.222,0.111,3.0,8.3,5.6,11.3,2.4,0.0,19.2,10.7,0.0,0.2,0.2,0.052,-3.2,0.9,-2.3,0.0
Mikki Moore,mooremi01,SAC,PF,32,82,2385,11.5,0.613,0.004,0.372,8.1,16.2,12.2,5.4,0.7,1.5,16.2,12.7,3.2,1.4,4.6,0.092,-1.8,-0.6,-2.4,-0.3
Mo Williams,willima01,MIL,PG,25,66,2410,17.0,0.566,0.251,0.211,1.7,9.8,5.6,30.0,1.7,0.3,15.3,22.1,4.1,0.5,4.5,0.091,1.7,-1.4,0.3,1.4
Monta Ellis,ellismo01,GSW,SG,22,81,3071,19.0,0.58,0.042,0.34,4.5,9.8,7.0,15.8,2.0,0.6,10.9,21.7,7.1,1.8,9.0,0.14,1.8,-0.3,1.6,2.8
Morris Almond,almonmo01,UTA,SG,22,9,39,2.0,0.368,0.267,0.4,0.0,6.2,3.1,10.5,1.3,0.0,10.2,22.5,-0.1,0.0,-0.1,-0.081,-9.1,-2.9,-12.0,-0.1
Morris Peterson,petermo01,NOH,SG,30,76,1796,11.2,0.549,0.556,0.165,2.3,11.3,6.7,5.5,1.4,0.3,6.9,15.4,2.1,1.7,3.8,0.101,-0.5,0.1,-0.3,0.8
Mouhamed Sene,senesa01,SEA,C,21,13,62,18.2,0.476,0.0,0.708,12.3,15.8,14.1,2.6,0.0,8.1,0.0,22.0,0.1,0.1,0.2,0.121,-1.6,-1.6,-3.2,0.0
Nate Robinson,robinna01,NYK,PG,23,72,1883,15.3,0.526,0.373,0.251,3.0,10.7,6.7,19.7,1.7,0.0,10.6,23.1,2.5,0.7,3.2,0.082,0.8,-0.8,0.0,1.0
Nazr Mohammed,mohamna01,"DET,CHA",C,30,82,1650,15.8,0.533,0.002,0.309,13.5,21.1,17.3,7.6,1.4,2.8,14.4,19.5,1.3,2.0,3.4,0.098,-1.8,-0.5,-2.3,-0.1
Nenad Krstić,krstine01,NJN,C,24,45,812,8.5,0.451,0.007,0.23,5.0,23.6,14.3,5.8,0.6,1.6,11.0,20.9,-0.9,0.7,-0.1,-0.007,-5.4,-1.3,-6.7,-1.0
Nenê,hilarne01,DEN,PF,25,16,266,11.1,0.459,0.014,0.69,12.4,22.8,17.7,7.8,1.6,3.7,18.5,18.1,-0.1,0.4,0.3,0.052,-4.6,0.4,-4.2,-0.1
Nick Collison,collini01,SEA,PF,27,78,2223,15.0,0.537,0.003,0.261,12.5,23.3,17.9,7.9,1.1,1.9,14.2,16.2,2.2,2.3,4.5,0.098,-1.2,-0.2,-1.4,0.3
Nick Fazekas,fazekni01,"DAL,LAC",PF,22,26,269,19.6,0.584,0.024,0.268,14.5,23.7,19.1,7.5,1.6,3.1,12.4,18.0,0.5,0.4,0.8,0.148,0.9,-0.4,0.5,0.2
Nick Young,youngni01,WAS,SG,22,75,1158,11.6,0.527,0.209,0.259,2.3,9.6,5.8,9.6,1.6,0.5,15.0,24.9,-0.1,0.6,0.4,0.017,-2.6,-2.1,-4.7,-0.8
Oleksiy Pecherov,pecheol01,WAS,C,22,35,320,9.6,0.451,0.48,0.248,7.5,16.9,12.1,3.6,1.0,1.3,10.9,22.4,-0.2,0.2,0.0,-0.002,-2.7,-3.4,-6.1,-0.3
Orien Greene,greenor01,SAC,SG,25,7,61,-3.3,0.273,0.091,0.0,0.0,11.4,5.8,6.8,2.5,1.3,38.9,13.2,-0.3,0.1,-0.2,-0.18,-10.9,-0.1,-10.9,-0.1
Othella Harrington,harriot01,CHA,C,34,22,166,5.8,0.469,0.0,0.381,7.6,21.6,14.5,3.8,0.3,1.8,18.3,16.6,-0.2,0.1,0.0,-0.01,-7.6,-1.6,-9.2,-0.3
P.J. Brown,brownpj01,BOS,PF,38,18,209,10.2,0.406,0.024,0.39,17.6,21.0,19.4,6.9,1.3,3.1,17.2,12.9,0.0,0.5,0.5,0.116,-3.5,0.9,-2.7,0.0
Pat Garrity,garripa01,ORL,PF,31,31,284,3.2,0.401,0.463,0.063,3.8,13.6,8.9,6.8,1.1,0.3,17.1,16.0,-0.5,0.3,-0.2,-0.038,-6.5,-0.2,-6.6,-0.3
Patrick O'Bryant,obryapa01,GSW,C,21,24,99,14.0,0.561,0.0,0.172,10.4,21.4,15.7,5.8,2.0,6.6,18.3,16.3,0.1,0.2,0.2,0.105,-5.3,1.4,-3.9,0.0
Pau Gasol,gasolpa01,"MEM,LAL",C,27,66,2351,21.6,0.594,0.018,0.407,7.4,18.7,13.1,15.2,0.6,3.0,10.6,22.1,6.4,2.1,8.4,0.172,3.3,0.1,3.4,3.2
Paul Davis,davispa01,LAC,PF,23,22,194,9.0,0.389,0.0,0.154,14.8,13.2,14.0,8.8,1.6,2.3,11.5,18.6,-0.2,0.2,0.0,-0.007,-5.0,-0.5,-5.5,-0.2
Paul Millsap,millspa01,UTA,PF,22,82,1702,16.1,0.548,0.008,0.456,12.1,20.8,16.5,7.0,2.2,3.5,12.6,18.1,2.5,2.7,5.2,0.148,-0.9,0.8,-0.2,0.8
Paul Pierce,piercpa01,BOS,SF,30,80,2874,19.6,0.599,0.332,0.442,2.3,14.0,8.5,21.8,1.9,1.0,14.4,24.8,6.7,5.7,12.4,0.207,3.3,1.4,4.8,5.0
Peja Stojaković,stojape01,NOH,SF,30,77,2711,15.7,0.581,0.511,0.136,2.7,11.8,7.1,5.6,1.1,0.3,5.3,19.7,5.8,2.4,8.1,0.144,2.5,-0.9,1.7,2.5
Primož Brezec,brezepr01,"CHA,DET,TOR",C,28,50,475,5.4,0.502,0.0,0.426,7.3,12.6,10.0,3.5,0.3,1.2,17.7,13.3,-0.1,0.3,0.2,0.017,-6.1,-1.2,-7.3,-0.6
Quentin Richardson,richaqu01,NYK,SF,27,65,1841,8.5,0.444,0.386,0.159,3.4,16.5,9.7,9.9,1.3,0.6,10.4,16.1,-0.6,0.9,0.3,0.008,-2.3,-0.5,-2.8,-0.4
Quincy Douby,doubyqu01,SAC,PG,23,74,876,9.7,0.495,0.364,0.155,2.3,8.7,5.6,9.8,1.7,1.1,14.2,21.3,-0.5,0.5,0.0,0.0,-2.2,-1.2,-3.4,-0.3
Quinton Ross,rossqu01,LAC,SG,26,76,1505,7.6,0.43,0.063,0.179,4.1,9.1,6.6,9.4,1.5,1.6,7.4,12.0,-0.3,1.0,0.7,0.022,-3.6,0.5,-3.2,-0.4
Raef LaFrentz,lafrera01,POR,C,31,39,291,10.4,0.469,0.066,0.311,11.4,15.7,13.6,3.2,2.3,4.5,12.6,12.9,0.1,0.4,0.5,0.085,-4.8,2.1,-2.7,-0.1
Rafer Alston,alstora01,HOU,PG,31,74,2526,13.2,0.492,0.44,0.148,1.3,10.2,5.8,25.2,2.1,0.5,14.0,20.7,1.0,4.0,5.0,0.095,-0.5,1.0,0.5,1.6
Raja Bell,bellra01,PHO,SG,31,75,2646,10.5,0.561,0.583,0.121,2.2,9.0,5.9,8.6,1.0,0.7,7.6,14.5,3.0,1.5,4.5,0.082,-0.3,-0.5,-0.8,0.8
Rajon Rondo,rondora01,BOS,PG,21,77,2306,15.6,0.515,0.027,0.245,4.3,11.9,8.3,28.2,3.0,0.5,15.7,18.9,2.3,4.9,7.2,0.15,-0.4,2.6,2.1,2.4
Ramon Sessions,sessira01,MIL,PG,21,17,450,16.2,0.507,0.06,0.35,2.0,13.6,7.6,43.5,2.0,0.5,21.0,17.1,0.5,0.2,0.7,0.077,0.2,-1.2,-1.0,0.1
Randolph Morris,morrira01,NYK,C,22,18,181,4.3,0.396,0.0,0.5,7.3,16.2,11.6,1.8,1.2,0.9,11.3,19.8,-0.3,0.1,-0.2,-0.061,-8.7,-2.9,-11.6,-0.4
Randy Foye,foyera01,MIN,PG,24,39,1259,12.7,0.52,0.32,0.141,1.2,10.9,5.9,20.9,1.5,0.2,13.9,20.4,0.7,0.4,1.1,0.042,-0.6,-1.6,-2.2,-0.1
Rashad McCants,mccanra01,MIN,SG,23,75,2020,14.6,0.55,0.37,0.164,2.8,9.2,5.9,14.1,1.7,0.7,14.5,26.4,0.9,0.8,1.7,0.04,0.7,-1.5,-0.8,0.6
Rashard Lewis,lewisra02,ORL,PF,28,81,3076,16.7,0.591,0.487,0.229,3.8,12.2,8.2,10.5,1.7,0.9,10.1,20.7,6.1,3.7,9.8,0.153,2.7,0.4,3.1,4.0
Rasheed Wallace,wallara01,DET,C,33,77,2346,17.2,0.523,0.362,0.172,4.3,21.8,13.0,9.7,2.1,4.3,8.4,20.5,2.5,5.1,7.6,0.155,1.5,2.6,4.1,3.6
Rasho Nesterović,nestera01,TOR,C,31,71,1486,16.1,0.565,0.006,0.105,10.3,17.0,13.6,8.9,0.7,2.8,10.9,17.4,2.3,1.6,3.9,0.125,0.0,-0.1,0.0,0.7
Rasual Butler,butlera01,NOH,SF,28,51,875,8.8,0.46,0.512,0.119,2.1,11.5,6.7,5.9,0.9,1.9,3.5,15.1,0.3,0.8,1.2,0.063,-1.8,-0.1,-1.9,0.0
Ray Allen,allenra02,BOS,SG,32,73,2624,16.4,0.584,0.458,0.24,3.6,8.3,6.1,14.6,1.3,0.5,10.4,21.6,5.6,4.1,9.7,0.177,2.9,0.2,3.0,3.3
Raymond Felton,feltora01,CHA,PG,23,79,2972,13.8,0.5,0.201,0.326,1.4,7.7,4.6,32.4,1.7,0.3,15.7,20.8,2.0,1.4,3.4,0.054,-0.6,-1.5,-2.1,-0.1
Reggie Evans,evansre01,PHI,PF,27,81,1879,11.0,0.463,0.003,0.743,14.0,24.7,19.3,5.0,2.4,0.3,19.0,13.6,-0.3,3.0,2.7,0.068,-3.0,0.0,-3.0,-0.5
Renaldo Balkman,balkmre01,NYK,SF,23,65,952,11.5,0.492,0.065,0.511,9.6,16.4,12.9,6.5,2.4,2.4,14.0,12.5,0.4,0.9,1.3,0.065,-2.9,1.0,-1.8,0.0
Richard Hamilton,hamilri01,DET,SG,29,72,2424,18.2,0.552,0.137,0.215,3.7,7.9,5.8,22.3,1.7,0.3,10.5,24.5,4.8,2.9,7.7,0.152,2.3,0.1,2.3,2.6
Richard Jefferson,jefferi01,NJN,SF,27,82,3200,17.4,0.571,0.16,0.511,3.4,9.0,6.2,15.0,1.2,0.5,10.9,26.1,6.1,1.5,7.6,0.114,1.6,-1.3,0.3,1.8
Richie Frahm,frahmri01,LAC,SG,30,10,163,5.5,0.428,0.463,0.037,2.8,7.1,5.0,8.3,0.6,0.0,9.9,17.2,-0.2,0.0,-0.2,-0.054,-3.6,-1.5,-5.1,-0.1
Ricky Davis,davisri01,MIA,SF,28,82,2963,12.0,0.534,0.343,0.203,2.2,12.2,7.1,16.4,1.6,0.4,15.3,20.0,0.3,1.6,1.9,0.03,-1.0,-1.0,-2.0,0.0
Robert Horry,horryro01,SAS,PF,37,45,583,9.6,0.426,0.588,0.235,7.2,14.8,11.0,11.9,1.9,2.5,14.3,12.6,-0.1,1.1,1.1,0.088,-2.2,2.7,0.4,0.4
Robert Swift,swiftro01,SEA,C,22,8,98,2.9,0.391,0.0,0.118,6.7,13.3,10.0,1.4,2.5,4.4,35.9,12.3,-0.3,0.1,-0.2,-0.074,-8.1,1.6,-6.5,-0.1
Rodney Carney,carnero01,PHI,SF,23,70,1039,12.1,0.478,0.306,0.207,5.7,11.4,8.5,5.0,2.0,1.8,7.4,20.0,0.4,1.2,1.6,0.075,-1.4,-0.3,-1.7,0.1
Rodney Stuckey,stuckro01,DET,PG,21,57,1081,13.8,0.484,0.042,0.408,3.5,10.8,7.1,23.9,2.5,0.4,14.8,23.1,0.4,1.6,2.0,0.09,-2.1,1.1,-1.1,0.3
Roger Mason,masonro01,WAS,PG,27,80,1708,13.8,0.573,0.545,0.118,1.1,8.0,4.5,13.2,1.3,0.9,9.9,18.9,2.8,0.6,3.4,0.096,1.2,-1.2,0.0,0.9
Ronald Dupree,duprero01,"DET,SEA",SF,27,5,21,15.0,0.515,0.0,0.667,5.2,36.2,20.8,6.5,2.4,0.0,0.0,8.0,0.0,0.0,0.1,0.159,0.9,3.4,4.3,0.0
Ronald Murray,murraro01,"DET,IND",PG,28,42,874,13.2,0.483,0.172,0.267,3.0,7.9,5.4,27.5,2.2,0.3,17.0,25.3,-0.5,0.9,0.4,0.024,-1.5,-1.2,-2.7,-0.1
Ronnie Brewer,brewero02,UTA,SG,22,76,2088,18.4,0.612,0.079,0.405,5.7,7.0,6.4,9.7,3.2,0.7,8.5,17.5,5.4,2.4,7.8,0.178,2.2,1.6,3.8,3.1
Ronnie Price,pricero01,UTA,PG,24,61,588,12.3,0.516,0.368,0.186,1.7,7.8,4.8,19.4,2.8,0.4,12.0,19.1,0.5,0.6,1.1,0.094,-1.8,1.1,-0.7,0.2
Ronny Turiaf,turiaro01,LAL,C,25,78,1458,15.0,0.539,0.003,0.469,7.5,15.4,11.6,12.7,1.0,5.3,13.1,16.7,2.0,2.1,4.2,0.137,-1.2,1.9,0.7,1.0
Royal Ivey,iveyro01,MIL,PG,26,75,1437,8.8,0.487,0.283,0.31,3.0,6.8,4.8,16.9,1.6,0.4,14.9,15.8,0.4,0.2,0.5,0.018,-3.3,-1.1,-4.4,-0.9
Ruben Patterson,patteru01,LAC,SF,32,20,327,10.9,0.486,0.023,0.5,8.4,14.2,11.3,8.8,3.3,1.6,20.5,18.6,-0.4,0.4,0.1,0.01,-4.1,1.6,-2.5,0.0
Rudy Gay,gayru01,MEM,SF,21,81,3000,17.4,0.546,0.286,0.233,5.2,13.5,9.3,9.3,1.9,1.9,11.3,25.0,2.9,2.1,5.0,0.08,1.5,-0.6,0.8,2.1
Ryan Bowen,bowenry01,NOH,SF,32,53,660,9.9,0.505,0.01,0.29,9.5,8.2,8.9,5.2,2.6,1.3,11.7,9.0,0.6,0.8,1.5,0.107,-2.5,1.8,-0.8,0.2
Ryan Gomes,gomesry01,MIN,PF,25,82,2434,15.7,0.539,0.209,0.267,6.1,16.8,11.3,9.6,1.4,0.3,9.1,19.5,3.6,1.2,4.8,0.096,1.0,-1.1,-0.1,1.1
Ryan Hollins,holliry01,CHA,PF,23,60,532,11.4,0.565,0.0,0.872,11.4,11.7,11.6,4.0,1.0,4.3,16.1,13.3,0.6,0.4,1.1,0.096,-3.9,0.1,-3.8,-0.2
Salim Stoudamire,stoudsa01,ATL,PG,25,35,402,11.1,0.495,0.472,0.278,1.2,5.8,3.5,11.9,0.9,0.9,9.4,25.2,0.1,0.1,0.3,0.031,-1.0,-2.5,-3.5,-0.1
Sam Cassell,cassesa01,"LAC,BOS",PG,38,55,1274,15.4,0.517,0.143,0.271,1.6,10.8,6.2,31.5,1.5,0.4,14.0,25.1,0.7,1.1,1.8,0.067,-0.3,-0.7,-0.9,0.3
Samuel Dalembert,dalemsa01,PHI,C,26,82,2724,15.6,0.556,0.002,0.398,13.1,24.0,18.5,2.5,0.8,5.6,16.6,15.4,2.6,4.3,6.9,0.121,-1.5,0.5,-1.0,0.7
Sasha Pavlović,pavloal01,CLE,SG,24,51,1188,7.2,0.434,0.283,0.191,3.3,9.2,6.1,11.2,1.3,0.4,11.2,18.8,-0.8,0.9,0.2,0.006,-4.2,-0.7,-4.9,-0.9
Sasha Vujačić,vujacsa01,LAL,SG,23,72,1279,15.1,0.605,0.56,0.189,1.7,11.3,6.7,8.7,1.4,0.3,9.1,19.8,2.4,1.2,3.6,0.136,1.8,-0.7,1.2,1.0
Scot Pollard,pollasc01,BOS,C,32,22,173,8.7,0.597,0.0,0.957,10.2,14.9,12.7,2.5,0.9,2.9,13.3,10.1,0.3,0.3,0.6,0.171,-4.3,2.1,-2.2,0.0
Sean Marks,marksse01,PHO,C,32,19,130,16.1,0.574,0.093,0.442,8.5,21.7,15.6,4.5,1.1,5.0,13.5,20.4,0.1,0.2,0.3,0.121,-3.2,1.1,-2.1,0.0
Sean Williams,willise01,NJN,C,21,73,1278,13.9,0.563,0.0,0.436,10.4,18.8,14.6,3.7,1.1,6.5,16.1,15.5,0.8,1.7,2.5,0.093,-3.3,1.1,-2.2,-0.1
Sebastian Telfair,telfase01,MIN,PG,22,60,1933,10.4,0.462,0.205,0.189,0.9,7.4,4.0,27.7,1.6,0.5,15.6,16.6,0.2,0.5,0.7,0.018,-2.2,-1.0,-3.1,-0.6
Sergio Rodríguez,rodrise01,POR,PG,21,72,628,9.0,0.423,0.296,0.194,2.4,8.4,5.4,31.2,2.1,0.0,19.9,20.0,-0.7,0.5,-0.2,-0.017,-3.1,-0.5,-3.7,-0.3
Shane Battier,battish01,HOU,SF,29,80,2907,11.7,0.561,0.596,0.163,5.2,10.5,7.9,8.0,1.4,2.3,10.5,11.7,3.6,4.6,8.2,0.135,0.0,1.9,2.0,2.9
Shannon Brown,brownsh01,"CLE,CHI",SG,22,21,240,6.3,0.411,0.238,0.23,2.8,6.9,4.7,12.8,2.4,1.0,14.7,30.7,-0.8,0.3,-0.5,-0.102,-5.7,-2.1,-7.9,-0.4
Shaquille O'Neal,onealsh01,"MIA,PHO",C,35,61,1748,17.1,0.589,0.0,0.606,11.4,24.8,18.4,9.1,0.9,3.7,20.4,23.5,0.6,2.3,2.8,0.078,-1.2,0.2,-1.1,0.4
Shareef Abdur-Rahim,abdursh01,SAC,PF,31,6,51,5.5,0.317,0.0,0.286,14.2,9.1,11.6,11.1,1.0,0.0,6.0,14.7,0.0,0.0,0.0,-0.005,-4.4,-2.5,-6.9,-0.1
Shavlik Randolph,randosh01,PHI,PF,24,9,27,15.6,0.286,0.0,0.0,39.2,8.9,24.2,17.8,2.0,8.9,12.5,26.7,-0.1,0.0,0.0,-0.012,-3.2,-2.0,-5.1,0.0
Shawn Marion,mariosh01,"PHO,MIA",PF,29,63,2315,19.2,0.57,0.252,0.191,7.1,23.9,16.0,9.4,2.7,2.5,9.2,18.5,3.5,3.9,7.4,0.153,1.7,1.6,3.3,3.1
Shawne Williams,willish03,IND,SF,21,65,967,12.8,0.522,0.368,0.285,6.0,14.0,9.9,9.8,1.3,2.0,12.2,21.3,0.4,1.0,1.4,0.069,-1.4,-0.4,-1.8,0.0
Shelden Williams,willish02,"ATL,SAC",PF,24,64,776,11.9,0.494,0.009,0.495,10.4,20.5,15.5,3.8,1.5,2.1,11.9,17.0,0.4,0.8,1.2,0.072,-2.7,-0.7,-3.5,-0.3
Smush Parker,parkesm01,"MIA,LAC",PG,26,28,592,7.0,0.42,0.424,0.152,0.8,9.4,5.0,23.6,2.1,0.8,18.3,18.9,-1.1,0.4,-0.6,-0.052,-4.8,-0.7,-5.5,-0.5
Solomon Jones,jonesso01,ATL,PF,23,35,145,6.8,0.451,0.067,0.667,15.3,18.4,16.9,0.0,1.1,2.6,22.1,15.6,-0.1,0.1,0.0,0.0,-6.7,-2.0,-8.8,-0.2
Spencer Hawes,hawessp01,SAC,C,19,71,931,11.6,0.486,0.066,0.182,8.8,20.1,14.6,7.7,0.8,3.3,14.0,19.2,-0.2,0.8,0.6,0.033,-3.2,-0.9,-4.1,-0.5
Stephen Graham,grahast01,IND,SF,25,22,128,21.9,0.669,0.241,0.276,3.3,15.6,9.3,13.5,1.5,0.6,13.3,25.4,0.3,0.1,0.4,0.167,4.2,0.0,4.2,0.2
Stephen Jackson,jacksst02,GSW,SF,29,73,2855,14.9,0.536,0.416,0.307,2.4,9.8,6.0,15.2,1.6,0.7,12.6,23.1,3.2,1.4,4.6,0.077,1.1,-1.2,-0.2,1.3
Stephon Marbury,marbust01,NYK,PG,30,24,805,13.8,0.527,0.279,0.438,2.3,6.1,4.2,23.1,1.4,0.2,13.2,20.3,1.0,0.1,1.1,0.066,0.8,-1.3,-0.5,0.3
Steve Blake,blakest01,POR,PG,27,81,2424,12.0,0.518,0.466,0.1,1.5,7.9,4.7,27.1,1.2,0.1,14.5,15.3,2.5,1.3,3.8,0.075,0.1,-0.6,-0.5,0.9
Steve Francis,francst01,HOU,PG,30,10,199,9.1,0.41,0.298,0.404,4.6,8.4,6.5,22.7,2.4,1.8,17.3,18.6,-0.2,0.3,0.2,0.039,-4.0,2.0,-2.0,0.0
Steve Nash,nashst01,PHO,PG,33,81,2780,21.1,0.641,0.396,0.255,1.2,9.6,5.7,47.3,0.9,0.1,21.6,22.0,9.0,1.4,10.5,0.181,5.8,-1.8,3.9,4.2
Steve Novak,novakst01,HOU,SF,24,35,264,17.3,0.651,0.696,0.039,1.7,13.0,7.5,3.9,0.4,0.8,3.7,18.7,0.7,0.3,1.1,0.196,4.3,-0.1,4.2,0.4
Steven Hunter,huntest01,DEN,C,26,19,120,8.6,0.53,0.0,0.714,9.2,16.8,13.1,0.0,0.0,3.5,16.0,15.5,0.0,0.1,0.1,0.043,-5.5,-2.0,-7.5,-0.2
Stromile Swift,swiftst01,"MEM,NJN",PF,28,56,844,14.8,0.548,0.008,0.411,8.5,18.3,13.4,5.1,0.9,4.8,14.0,19.3,0.6,0.8,1.4,0.078,-2.6,-0.2,-2.8,-0.2
Stéphane Lasme,lasmest01,"GSW,MIA",PF,25,16,303,11.7,0.488,0.0,0.451,10.1,10.8,10.5,1.6,2.3,5.8,15.0,15.6,-0.1,0.3,0.3,0.041,-4.8,0.3,-4.4,-0.2
T.J. Ford,fordtj01,TOR,PG,24,51,1199,20.3,0.533,0.097,0.239,2.3,7.7,4.9,44.4,2.4,0.0,15.0,26.8,2.1,1.1,3.3,0.13,2.8,-0.3,2.5,1.4
Tarence Kinsey,kinseta01,MEM,SG,23,11,96,10.3,0.492,0.184,0.158,3.5,10.6,7.0,3.4,1.6,0.0,6.9,20.2,0.0,0.0,0.0,0.02,-2.7,-0.5,-3.2,0.0
Taurean Green,greenta01,"POR,DEN",SG,21,17,74,7.0,0.446,0.44,0.48,0.0,14.9,7.6,22.3,1.4,0.0,22.9,24.3,-0.2,0.1,-0.1,-0.066,-5.3,-2.2,-7.5,-0.1
Tayshaun Prince,princta01,DET,SF,27,82,2694,15.6,0.516,0.155,0.256,4.8,12.9,8.8,16.5,0.9,1.0,8.0,19.9,4.3,3.2,7.5,0.133,1.7,-0.1,1.6,2.5
Thabo Sefolosha,sefolth01,CHI,SG,23,69,1436,11.4,0.497,0.209,0.247,3.8,16.7,10.0,14.3,2.2,1.6,16.6,17.3,-0.3,1.8,1.5,0.05,-2.3,1.2,-1.0,0.4
Thaddeus Young,youngth01,PHI,PF,19,74,1554,16.5,0.57,0.039,0.21,9.1,14.8,11.9,6.2,2.5,0.4,10.7,17.4,2.6,2.0,4.5,0.14,0.2,0.3,0.5,1.0
Theo Ratliff,ratlith01,"MIN,DET",C,34,26,437,11.9,0.534,0.012,0.506,8.5,15.6,12.0,4.7,0.9,6.7,16.8,13.2,0.2,0.6,0.8,0.091,-2.9,1.8,-1.1,0.1
Thomas Gardner,gardnth01,CHI,SG,22,4,45,4.4,0.44,0.522,0.087,7.3,2.6,5.0,4.0,0.0,0.0,14.3,27.4,-0.1,0.0,-0.1,-0.128,-3.5,-3.7,-7.2,-0.1
Tim Duncan,duncati01,SAS,C,31,78,2651,24.4,0.546,0.003,0.393,10.7,28.3,19.6,15.7,1.1,4.3,11.4,28.2,4.9,6.2,11.1,0.201,3.0,2.2,5.2,4.8
Tim Thomas,thomati01,LAC,PF,30,63,1940,12.2,0.505,0.384,0.217,3.7,15.6,9.6,15.7,1.1,1.1,11.3,20.7,0.3,1.4,1.7,0.042,-0.9,-0.5,-1.4,0.3
Tony Allen,allento01,BOS,SG,26,75,1373,10.7,0.527,0.147,0.465,3.1,11.0,7.3,13.1,2.4,1.3,18.9,19.6,-0.1,2.8,2.7,0.093,-3.4,1.7,-1.7,0.1
Tony Parker,parketo01,SAS,PG,25,69,2312,20.0,0.542,0.063,0.333,1.6,9.6,5.6,34.1,1.3,0.3,12.1,28.2,3.9,3.2,7.0,0.146,2.5,-0.1,2.4,2.6
Tracy McGrady,mcgratr01,HOU,SG,28,66,2440,18.4,0.487,0.226,0.274,2.0,13.5,7.8,29.6,1.5,0.9,9.8,30.4,2.0,3.8,5.8,0.115,2.4,0.5,2.9,3.1
Travis Diener,dienetr01,IND,PG,25,66,1356,12.2,0.494,0.542,0.165,2.0,7.3,4.6,27.7,1.3,0.2,10.7,16.5,1.7,0.8,2.5,0.088,-0.2,-1.1,-1.4,0.2
Travis Outlaw,outlatr01,POR,PF,23,82,2186,15.7,0.499,0.105,0.305,5.2,15.0,10.1,8.9,1.5,2.2,8.9,26.0,0.9,2.3,3.2,0.071,-0.2,-0.1,-0.3,1.0
Trenton Hassell,hassetr01,"DAL,NJN",SG,28,63,773,4.2,0.441,0.067,0.074,3.0,9.3,6.2,7.9,0.9,0.3,13.6,9.7,-0.2,0.5,0.2,0.015,-5.0,-0.2,-5.1,-0.6
Trevor Ariza,arizatr01,"ORL,LAL",SF,22,35,546,16.1,0.568,0.132,0.551,6.4,15.4,11.1,11.8,2.9,1.5,12.0,15.6,0.9,0.9,1.8,0.157,0.4,2.3,2.8,0.7
Troy Hudson,hudsotr01,GSW,PG,31,9,93,5.2,0.416,0.387,0.194,0.0,8.4,4.0,12.7,1.6,0.0,17.2,18.4,-0.2,0.0,-0.1,-0.062,-4.6,-1.7,-6.3,-0.1
Troy Murphy,murphtr01,IND,PF,27,75,2106,16.0,0.573,0.341,0.348,5.5,22.9,14.0,12.3,1.1,1.1,10.7,18.4,3.7,2.5,6.2,0.141,0.9,0.2,1.2,1.7
Tyronn Lue,luety01,"ATL,DAL",PG,30,50,736,11.9,0.543,0.34,0.126,1.4,7.0,4.3,16.8,0.8,0.1,9.2,18.2,1.0,0.3,1.2,0.08,-0.2,-1.2,-1.4,0.1
Tyrus Thomas,thomaty01,CHI,PF,21,74,1330,14.6,0.486,0.014,0.395,8.4,21.1,14.5,11.0,1.9,4.2,13.0,19.7,0.4,2.1,2.4,0.088,-2.2,1.6,-0.6,0.5
Tyson Chandler,chandty01,NOH,C,25,79,2783,17.5,0.632,0.002,0.488,13.2,26.1,19.5,4.4,0.9,2.4,15.6,14.5,5.9,4.1,10.0,0.172,0.7,-0.2,0.4,1.7
Udonis Haslem,hasleud01,MIA,PF,27,49,1805,12.7,0.517,0.0,0.28,7.0,22.7,14.7,6.5,1.1,0.8,10.5,16.7,1.0,1.5,2.5,0.067,-1.8,-0.9,-2.7,-0.3
Viktor Khryapa,khryavi01,CHI,PF,25,9,105,9.7,0.431,0.032,0.452,6.2,15.6,10.7,11.9,2.9,0.0,13.9,18.2,-0.1,0.1,0.0,0.02,-3.3,1.5,-1.8,0.0
Vince Carter,cartevi01,NJN,SG,31,76,2959,18.8,0.55,0.212,0.333,4.4,13.4,8.9,25.2,1.6,0.9,10.9,25.6,5.5,2.2,7.7,0.126,2.6,-0.3,2.4,3.3
Vladimir Radmanović,radmavl01,LAL,SF,27,65,1483,12.6,0.583,0.535,0.149,4.4,11.4,8.0,12.1,1.6,0.6,13.6,16.0,2.0,1.5,3.5,0.113,0.4,-0.2,0.2,0.8
Von Wafer,wafervo01,"DEN,POR",SG,22,29,154,1.0,0.347,0.426,0.197,0.7,13.1,7.0,6.6,0.6,1.5,16.4,22.7,-0.6,0.1,-0.5,-0.163,-7.4,-2.9,-10.3,-0.3
Wally Szczerbiak,szczewa02,"SEA,CLE",SF,30,75,1736,13.9,0.539,0.302,0.242,2.2,11.8,6.9,10.1,0.7,0.5,8.7,22.1,2.0,0.9,2.9,0.079,0.7,-1.1,-0.5,0.7
Walter Herrmann,herrmwa01,"CHA,DET",PF,28,45,373,13.2,0.494,0.444,0.174,6.9,16.1,11.5,8.0,1.0,0.2,7.2,20.8,0.3,0.4,0.7,0.086,0.7,-1.0,-0.3,0.2
Willie Green,greenwi01,PHI,SG,26,74,1970,12.8,0.492,0.206,0.17,1.9,9.1,5.5,13.2,1.5,0.9,10.4,23.9,0.4,1.6,2.1,0.05,-0.9,-0.8,-1.6,0.2
Wilson Chandler,chandwi01,NYK,SF,20,35,685,11.7,0.48,0.124,0.223,6.1,15.3,10.6,8.1,1.1,1.8,9.2,19.2,0.2,0.4,0.5,0.038,-2.9,-1.1,-4.0,-0.3
Yakhouba Diawara,diawaya01,DEN,SG,25,54,542,8.1,0.518,0.493,0.231,4.7,7.6,6.2,9.3,0.7,0.4,9.8,12.8,0.5,0.3,0.7,0.065,-2.6,-1.1,-3.6,-0.2
Yao Ming,mingya01,HOU,C,27,55,2044,22.5,0.587,0.002,0.477,9.6,22.9,16.4,11.5,0.6,4.0,15.1,27.1,4.2,4.1,8.3,0.196,1.8,1.6,3.4,2.8
Yi Jianlian,jianlyi01,MIL,PF,20,66,1647,11.3,0.485,0.04,0.279,7.3,17.7,12.3,5.3,1.1,2.7,13.4,18.4,-0.1,0.9,0.7,0.022,-2.9,-1.1,-3.9,-0.8
Zach Randolph,randoza01,NYK,C,26,69,2244,18.0,0.513,0.076,0.273,9.1,27.6,18.0,11.8,1.4,0.6,13.6,27.4,0.9,2.0,3.0,0.063,0.5,-1.1,-0.6,0.8
Zaza Pachulia,pachuza01,ATL,C,23,62,944,11.0,0.515,0.012,0.624,11.0,19.5,15.3,6.0,1.3,1.0,18.1,18.3,0.2,0.9,1.1,0.054,-3.9,-1.3,-5.1,-0.7
Zydrunas Ilgauskas,ilgauzy01,CLE,C,32,73,2222,18.7,0.522,0.001,0.276,13.1,22.2,17.5,8.5,0.8,4.3,12.0,22.9,2.9,3.2,6.1,0.131,-0.1,-0.3,-0.4,0.9
