Player,PlayerID,Tms,Pos,Age,G,MP,PER,TS%,3PAr,FTr,ORB%,DRB%,TRB%,AST%,STL%,BLK%,TOV%,USG%,OWS,DWS,WS,WS/48,OBPM,DBPM,BPM,VORP
Aaron James,jamesaa01,NOJ,SF,24,52,1059,14.4,0.527,,0.235,5.2,11.7,8.5,8.0,0.8,0.2,,,1.3,0.8,2.1,0.095,-0.4,-1.3,-1.7,0.1
Adrian Dantley,dantlad01,BUF,SF,21,77,2816,18.3,0.601,,0.556,8.9,12.1,10.5,7.7,1.4,0.3,,,8.2,1.6,9.8,0.167,2.7,-1.1,1.6,2.5
Al Eberhard,eberhal01,DET,SF,24,68,1219,11.5,0.534,,0.363,6.5,12.3,9.4,5.1,1.6,0.6,,,1.0,0.8,1.8,0.069,-2.1,-0.6,-2.7,-0.2
Al Skinner,skinnal01,NYN,SG,24,79,2256,15.7,0.49,,0.329,4.8,11.9,8.2,20.8,2.1,1.3,,,0.7,2.6,3.3,0.069,-0.6,0.5,-0.1,1.1
Alex English,englial01,MIL,SF,23,60,648,14.8,0.511,,0.217,10.8,16.1,13.4,5.3,1.2,1.4,,,0.8,0.4,1.2,0.09,-0.1,-1.6,-1.7,0.0
Allan Bristow,bristal01,SAS,SF,25,82,2017,15.4,0.544,,0.345,6.1,11.6,8.9,15.7,1.9,0.0,,,3.2,1.1,4.3,0.101,0.6,-0.9,-0.4,0.8
Allen Murphy,murphal01,LAL,SG,24,2,18,1.8,0.309,,1.4,17.4,5.5,11.3,0.0,0.0,0.0,,,-0.1,0.0,-0.1,-0.229,-5.0,-0.7,-5.7,-0.1
Alvan Adams,adamsal01,PHO,C,22,72,2278,20.2,0.519,,0.303,8.5,22.3,15.4,22.3,1.9,2.1,,,2.3,4.0,6.3,0.134,2.0,1.6,3.6,3.2
Andre McCarter,mccaran01,KCK,PG,23,59,725,11.6,0.488,,0.175,2.2,5.8,3.9,18.6,1.4,0.0,,,0.5,0.4,0.8,0.055,-1.3,-1.2,-2.5,-0.1
Andy Walker,walkean01,NOJ,SF,21,40,438,13.0,0.509,,0.301,5.2,11.3,8.3,10.3,2.0,0.8,,,0.2,0.5,0.7,0.081,-1.7,0.6,-1.1,0.1
Armond Hill,hillar01,ATL,PG,23,81,1825,11.9,0.474,,0.396,2.2,6.2,4.2,30.0,2.1,0.2,,,-0.1,1.0,0.8,0.022,-2.2,-0.6,-2.8,-0.4
Artis Gilmore,gilmoar01,CHI,C,27,82,2877,21.6,0.566,,0.537,11.2,27.7,19.4,11.1,0.7,3.9,,,6.7,5.5,12.2,0.203,2.9,1.3,4.2,4.5
Austin Carr,carrau01,CLE,SG,28,82,2409,15.3,0.496,,0.219,4.9,5.2,5.1,14.3,1.1,0.2,,,3.9,1.4,5.3,0.105,0.9,-1.3,-0.4,1.0
Bill Bradley,bradlbi01,NYK,SF,33,67,1027,9.5,0.492,,0.153,2.8,7.6,5.3,15.5,1.1,0.4,,,0.3,0.5,0.8,0.038,-2.1,-0.3,-2.4,-0.1
Bill Robinzine,robinbi01,KCK,PF,24,75,1594,15.6,0.501,,0.319,10.3,20.9,15.4,8.5,2.4,0.4,,,1.3,2.2,3.4,0.104,-1.2,-0.3,-1.6,0.2
Bill Walton,waltobi01,POR,C,24,65,2264,22.9,0.563,,0.352,9.8,32.3,21.2,15.4,1.3,5.0,,,5.4,4.8,10.2,0.215,4.3,2.3,6.7,5.0
Bill Willoughby,willobi01,ATL,SF,19,39,549,13.4,0.491,,0.373,12.4,20.7,16.5,3.4,1.6,2.3,,,0.3,0.6,0.9,0.081,-0.9,-0.4,-1.3,0.1
Billy Knight,knighbi01,IND,SF,24,78,3117,20.1,0.543,,0.3,6.8,11.5,9.1,13.4,1.7,0.3,,,8.8,1.9,10.7,0.164,3.9,-1.3,2.7,3.7
Billy Paultz,paultbi01,SAS,C,28,82,2694,15.8,0.515,,0.29,7.4,18.7,13.1,11.1,0.9,3.1,,,3.0,2.3,5.3,0.095,0.4,-0.2,0.1,1.5
Bingo Smith,smithbi02,CLE,SF,30,81,2135,15.0,0.478,,0.158,4.2,11.1,7.5,11.3,1.4,0.8,,,2.2,2.0,4.2,0.095,0.2,-0.6,-0.3,0.9
Bird Averitt,averibi01,BUF,SG,24,75,1136,11.2,0.425,,0.273,1.8,5.2,3.5,18.2,1.2,0.2,,,-1.4,0.3,-1.1,-0.046,-3.6,-2.7,-6.3,-1.2
Bo Lamar,lamarbo01,LAL,PG,25,71,1165,12.8,0.425,,0.121,2.7,5.3,4.0,20.8,2.3,0.1,,,-0.4,0.9,0.5,0.021,-1.7,-1.0,-2.7,-0.2
Bob Bigelow,bigelbo01,KCK,SF,23,29,162,14.7,0.549,,0.243,4.9,12.6,8.6,7.2,0.8,0.3,,,0.3,0.1,0.4,0.117,-1.1,-1.0,-2.0,0.0
Bob Dandridge,dandrbo01,MIL,SF,29,70,2501,17.5,0.514,,0.293,6.0,12.2,9.1,15.4,1.7,0.6,,,4.2,1.2,5.4,0.104,1.9,-1.1,0.8,1.8
Bob Gross,grossbo01,POR,SF,23,82,2232,16.2,0.58,,0.302,8.1,10.0,9.1,14.5,2.1,1.4,,,4.9,2.5,7.4,0.159,2.2,0.7,3.0,2.8
Bob Lanier,laniebo01,DET,C,28,64,2446,23.0,0.573,,0.251,8.5,23.1,15.8,12.9,1.3,2.7,,,7.5,2.8,10.3,0.203,5.1,0.3,5.4,4.6
Bob Love,lovebo01,"CHI,NYN,SEA",SF,34,59,1174,9.8,0.445,,0.308,6.8,10.8,8.7,5.8,0.9,0.3,,,0.1,0.9,1.0,0.04,-2.7,-1.5,-4.2,-0.7
Bob McAdoo,mcadobo01,"BUF,NYK",C,25,72,2798,21.8,0.557,,0.357,7.5,26.6,17.2,11.5,1.2,1.8,,,5.8,3.8,9.6,0.164,3.1,0.1,3.2,3.7
Bob Weiss,weissbo01,WSB,PG,34,62,768,11.3,0.512,,0.278,2.1,7.1,4.6,20.9,3.1,0.5,,,0.5,1.0,1.4,0.089,-1.7,2.6,0.9,0.6
Bob Wilkerson,wilkebo01,SEA,SF,22,78,1552,11.2,0.42,,0.213,6.1,11.2,8.6,15.2,2.1,0.3,,,-0.6,1.6,0.9,0.028,-2.1,-0.1,-2.2,-0.1
Bobby Jones,jonesbo01,DEN,PF,25,82,2419,21.1,0.605,,0.374,7.5,20.8,14.3,15.6,3.3,3.4,,,5.5,5.5,11.0,0.219,3.3,3.6,7.0,5.5
Bobby Wilson,wilsobo03,BOS,SG,26,25,131,6.8,0.379,,0.22,2.3,4.5,3.4,14.7,1.0,0.0,,,-0.2,0.1,-0.1,-0.055,-5.1,-0.8,-6.0,-0.2
Brian Taylor,taylobr01,KCK,PG,25,72,2488,17.6,0.55,,0.276,3.5,6.5,5.0,18.5,3.6,0.4,,,5.1,2.8,7.9,0.152,1.5,1.5,3.0,3.1
Brian Winters,wintebr01,MIL,SG,24,78,2717,16.6,0.533,,0.185,2.4,6.4,4.4,18.0,1.9,0.5,,,5.2,0.8,6.0,0.106,1.5,-0.8,0.7,1.8
Bruce Seals,sealsbr01,SEA,PF,23,81,1977,12.3,0.477,,0.229,5.9,12.8,9.2,6.9,1.1,1.6,,,0.6,1.9,2.4,0.059,-1.9,-0.7,-2.7,-0.3
Bubbles Hawkins,hawkiro01,NYN,SG,22,52,1481,18.2,0.487,,0.31,4.4,6.3,5.3,12.3,2.4,1.0,,,0.5,1.4,1.9,0.063,0.9,-0.4,0.5,0.9
Bud Stallworth,stallbu01,NOJ,SF,27,40,526,12.2,0.472,,0.107,3.5,9.4,6.5,6.9,1.6,1.1,,,-0.1,0.5,0.4,0.04,-2.5,-0.5,-2.9,-0.1
Butch Beard,beardbu01,NYK,PG,29,70,1082,13.4,0.544,,0.372,4.9,10.7,7.9,16.9,2.3,0.2,,,0.9,1.0,2.0,0.088,-0.9,1.0,0.1,0.6
Butch Feher,feherbu01,PHO,SG,22,48,487,15.9,0.603,,0.611,4.0,12.4,8.2,10.8,1.0,0.8,,,1.0,0.5,1.5,0.145,0.9,-0.3,0.6,0.3
Byron Beck,beckby01,DEN,PF,32,53,480,13.2,0.471,,0.179,9.8,10.6,10.2,10.0,1.3,0.1,,,0.3,0.5,0.8,0.078,-1.3,-1.7,-3.1,-0.1
C.J. Kupec,kupeccj01,LAL,SF,24,82,908,12.7,0.497,,0.295,8.7,13.5,11.2,7.7,0.9,0.2,,,0.8,0.7,1.5,0.079,-1.6,-1.7,-3.2,-0.3
Caldwell Jones,jonesca01,PHI,C,26,82,2023,12.3,0.52,,0.274,9.9,22.3,16.5,5.8,0.9,4.9,,,0.7,3.7,4.4,0.103,-1.7,2.1,0.4,1.2
Calvin Murphy,murphca01,HOU,PG,28,82,2764,17.4,0.542,,0.252,2.2,4.5,3.4,20.6,2.5,0.2,,,6.6,1.1,7.7,0.134,1.6,-0.5,1.1,2.2
Campy Russell,russeca02,CLE,SF,25,70,2109,17.3,0.497,,0.369,6.7,13.7,10.1,13.5,1.6,0.6,,,3.2,2.3,5.5,0.126,1.4,-0.3,1.1,1.7
Cazzie Russell,russeca01,LAL,SF,32,82,2583,15.3,0.527,,0.186,3.5,8.0,5.8,11.6,1.5,0.1,,,4.9,1.7,6.6,0.123,0.9,-1.0,-0.1,1.3
Charles Dudley,dudlech01,GSW,PG,26,79,1682,15.7,0.557,,0.482,7.1,10.7,8.9,25.5,1.8,0.2,,,2.7,1.3,4.0,0.115,1.3,-0.1,1.2,1.3
Charles Johnson,johnsch01,GSW,PG,27,79,1196,12.6,0.456,,0.118,4.2,7.7,6.0,10.4,2.9,0.3,,,0.3,1.2,1.4,0.056,-2.1,0.0,-2.1,0.0
Charlie Scott,scottch01,BOS,SG,28,43,1581,14.1,0.482,,0.236,3.3,8.6,5.9,18.6,1.7,0.4,,,0.8,1.7,2.5,0.075,-0.7,0.3,-0.4,0.6
Chris Ford,fordch01,DET,SG,28,82,2539,14.6,0.506,,0.185,3.9,7.1,5.5,17.0,3.1,0.5,,,2.8,2.0,4.7,0.09,0.2,1.0,1.2,2.1
Chuck Terry,terrych01,NYN,SF,26,61,1075,8.8,0.44,,0.195,3.9,9.9,6.7,5.5,2.5,0.5,,,-0.5,1.2,0.7,0.029,-4.0,0.9,-3.1,-0.3
Chuck Williams,willich02,"DEN,BUF",PG,30,65,867,10.2,0.451,,0.414,3.1,8.7,5.9,19.5,1.6,0.2,,,0.0,0.6,0.6,0.035,-2.3,-0.1,-2.4,-0.1
Chuckie Williams,willich03,CLE,SG,23,22,65,8.8,0.354,,0.255,4.5,1.6,3.1,16.4,0.7,0.0,,,-0.2,0.0,-0.2,-0.137,-4.8,-1.7,-6.5,-0.1
Claude Terry,terrycl01,"BUF,ATL",SG,27,45,545,13.2,0.542,,0.23,2.3,6.5,4.3,16.0,1.7,0.1,,,0.8,0.2,1.0,0.088,-1.0,-0.2,-1.3,0.2
Cliff Pondexter,pondecl01,CHI,PF,22,78,996,10.0,0.448,,0.253,8.0,16.8,12.3,5.8,1.6,0.6,,,0.1,1.4,1.5,0.071,-1.9,0.3,-1.6,0.1
Clifford Ray,raycl01,GSW,C,28,77,2018,14.1,0.587,,0.442,9.9,20.9,15.4,6.8,1.6,2.1,,,3.0,2.7,5.7,0.136,0.3,0.7,1.0,1.5
Clyde Mayes,mayescl01,"IND,BUF,POR",PF,23,9,52,6.7,0.294,,0.368,19.3,11.6,15.4,7.7,0.0,4.0,,,-0.2,0.0,-0.1,-0.109,-4.5,-0.4,-4.8,-0.1
Coby Dietrick,dietrco01,SAS,C,28,82,1772,12.8,0.497,,0.268,6.5,15.0,10.8,10.7,2.1,1.6,,,0.7,1.6,2.3,0.061,-1.6,0.2,-1.4,0.3
Corky Calhoun,calhoco01,POR,SF,26,70,743,10.0,0.535,,0.464,5.6,14.2,10.0,5.9,1.4,0.6,,,0.5,0.8,1.3,0.083,-2.4,-0.1,-2.5,-0.1
Cornelius Cash,cashco01,DET,PF,24,6,49,12.0,0.41,,0.261,16.9,16.9,16.9,2.6,1.8,1.1,,,-0.1,0.0,0.0,-0.01,-3.8,-0.8,-4.6,-0.1
Cornell Warner,warneco01,LAL,PF,28,14,170,12.4,0.485,,0.113,12.9,28.1,20.7,8.3,0.3,0.6,,,0.1,0.2,0.3,0.091,-2.4,-0.8,-3.2,-0.1
Curtis Perry,perrycu01,PHO,PF,28,44,1391,12.7,0.493,,0.343,11.6,19.0,15.3,7.7,1.6,1.1,,,0.7,2.0,2.8,0.096,-1.2,0.0,-1.2,0.3
Curtis Rowe,rowecu01,BOS,PF,27,79,2190,12.6,0.542,,0.38,8.5,16.7,12.6,6.7,0.5,1.1,,,2.7,2.5,5.2,0.114,-0.3,0.1,-0.2,1.0
Dale Schlueter,schluda01,PHO,C,31,39,337,8.5,0.409,,0.431,9.6,15.9,12.8,14.3,1.1,1.3,,,-0.4,0.4,0.1,0.009,-4.1,0.7,-3.4,-0.1
Dan Issel,isselda01,DEN,C,28,79,2507,21.2,0.578,,0.435,8.8,19.3,14.2,11.0,1.6,0.6,,,7.1,3.8,10.9,0.208,3.1,-0.4,2.7,3.0
Dan Roundfield,roundda01,IND,PF,23,61,1645,17.6,0.505,,0.326,10.3,20.6,15.3,6.1,1.7,4.1,,,1.7,2.2,3.9,0.115,-0.5,0.1,-0.4,0.7
Darnell Hillman,hillmda01,IND,C,27,82,2302,14.1,0.479,,0.301,9.4,20.1,14.6,9.8,1.8,2.4,,,1.0,2.8,3.8,0.079,-1.6,0.3,-1.3,0.4
Darrell Elston,elstoda01,IND,SG,24,5,40,-1.6,0.168,,0.143,2.4,12.5,7.3,5.9,1.1,0.0,,,-0.2,0.0,-0.2,-0.218,-5.6,-0.7,-6.3,-0.1
Darryl Dawkins,dawkida01,PHI,C,20,59,684,16.5,0.621,,0.367,9.1,23.7,16.8,5.1,0.8,3.6,,,0.9,1.2,2.1,0.15,-0.8,1.0,0.2,0.4
Dave Bing,bingda01,WSB,SG,33,64,1516,15.3,0.503,,0.295,3.7,5.9,4.8,25.5,1.8,0.2,,,1.6,1.3,2.9,0.092,0.1,-0.4,-0.3,0.7
Dave Cowens,cowenda01,BOS,C,28,50,1888,16.8,0.485,,0.262,7.7,28.3,18.1,18.8,1.1,1.3,,,1.1,3.3,4.4,0.113,0.8,1.7,2.6,2.2
Dave Meyers,meyerda01,MIL,PF,23,50,1262,14.0,0.519,,0.501,9.9,18.1,14.0,8.6,1.5,1.3,,,1.2,0.9,2.2,0.082,-0.5,-0.5,-1.1,0.3
Dave Robisch,robisda01,IND,C,27,80,1966,16.5,0.515,,0.316,8.2,19.4,13.7,11.4,1.3,1.0,,,3.2,1.8,5.0,0.122,1.2,-0.9,0.3,1.1
Dave Twardzik,twardda01,POR,PG,26,74,1937,16.3,0.689,,0.66,4.1,6.6,5.4,16.3,2.9,0.4,,,5.3,2.2,7.5,0.186,1.4,1.6,3.0,2.5
Dave Wohl,wohlda01,"HOU,NYN",PG,27,51,986,10.3,0.445,,0.307,1.6,7.0,4.2,21.3,1.8,0.3,,,-0.6,0.8,0.2,0.008,-3.9,-0.4,-4.3,-0.6
David Thompson,thompda01,DEN,SG,22,82,3001,19.8,0.559,,0.383,4.8,6.5,5.7,17.7,1.6,0.9,,,7.6,3.1,10.7,0.172,3.1,-0.6,2.5,3.4
Dean Meminger,meminde01,NYK,SG,28,32,254,8.0,0.466,,0.639,5.1,5.7,5.4,13.2,1.4,0.2,,,0.0,0.1,0.2,0.032,-1.9,0.1,-1.8,0.0
Dean Tolson,tolsode01,SEA,PF,25,60,587,20.8,0.575,,0.657,12.3,15.4,13.8,7.2,2.4,1.9,,,1.2,0.8,2.0,0.166,2.4,0.4,2.8,0.7
Dennis Awtrey,awtrede01,PHO,C,28,72,1760,9.6,0.48,,0.338,6.8,15.0,10.9,13.4,0.6,1.0,,,0.3,1.8,2.1,0.057,-1.6,0.2,-1.4,0.3
Dennis Johnson,johnsde01,SEA,SG,22,81,1667,16.7,0.541,,0.507,9.5,9.1,9.3,10.6,3.3,1.8,,,2.2,2.3,4.5,0.13,1.0,1.7,2.6,2.0
Derrek Dickey,dickede01,GSW,PF,25,49,856,14.0,0.485,,0.177,11.7,16.6,14.2,9.7,1.0,0.7,,,0.9,0.8,1.7,0.093,-0.2,-1.4,-1.6,0.1
Dick Snyder,snydedi01,CLE,SG,32,82,1685,13.3,0.5,,0.215,2.7,6.4,4.5,13.9,1.3,1.0,,,2.2,1.2,3.4,0.097,-0.4,-0.1,-0.6,0.6
Dick Van Arsdale,vanardi01,PHO,SG,33,78,1535,11.1,0.524,,0.333,2.2,6.0,4.1,10.9,1.0,0.2,,,1.7,1.1,2.7,0.086,-1.2,-0.8,-1.9,0.0
Don Adams,adamsdo01,BUF,SF,29,77,1710,11.7,0.466,,0.329,7.6,14.3,10.9,12.1,1.9,0.5,,,0.2,1.4,1.6,0.046,-1.8,0.0,-1.8,0.1
Don Buse,busedo01,IND,PG,26,81,2947,14.1,0.46,,0.227,2.1,6.9,4.4,29.0,4.3,0.3,,,1.5,3.1,4.7,0.076,-0.3,1.9,1.6,2.7
Don Chaney,chanedo01,LAL,SG,30,81,2408,10.2,0.44,,0.18,5.2,8.7,7.0,15.3,2.7,0.7,,,0.4,2.6,2.9,0.058,-1.7,1.5,-0.2,1.1
Don Ford,forddo01,LAL,PF,24,82,1782,11.7,0.485,,0.179,6.1,13.9,10.1,9.6,1.5,0.6,,,1.0,1.8,2.8,0.076,-1.2,-0.2,-1.4,0.3
Doug Collins,collido01,PHI,SG,25,58,2037,16.7,0.569,,0.304,3.3,6.1,4.8,19.6,1.5,0.4,,,4.6,1.6,6.2,0.145,1.4,-0.5,0.8,1.4
Dwight Davis,davisdw01,GSW,PF,27,33,552,8.6,0.511,,0.581,6.2,11.2,8.7,6.2,0.9,0.8,,,0.2,0.4,0.6,0.049,-3.4,-0.8,-4.1,-0.3
Dwight Jones,jonesdw01,HOU,PF,24,74,1239,12.7,0.553,,0.373,9.0,15.8,12.5,5.1,1.5,0.8,,,1.8,0.8,2.6,0.102,-0.5,-0.5,-0.9,0.3
E.C. Coleman,colemec01,NOJ,PF,26,77,2369,9.6,0.489,,0.178,6.2,16.1,11.2,5.8,1.2,0.7,,,0.7,2.6,3.2,0.065,-2.4,0.2,-2.2,-0.1
Earl Monroe,monroea01,NYK,SG,32,77,2656,18.1,0.569,,0.309,1.8,6.9,4.4,19.8,1.5,0.4,,,6.2,1.6,7.8,0.141,2.3,-0.6,1.7,2.5
Earl Tatum,tatumea01,LAL,SG,23,68,1249,16.5,0.49,,0.165,6.9,12.2,9.6,13.5,3.1,0.9,,,0.9,1.7,2.6,0.101,-0.2,0.8,0.6,0.8
Earl Williams,williea01,NYN,C,25,1,7,11.2,0.323,,3.0,13.8,15.3,14.5,18.2,0.0,8.0,,,-0.1,0.0,0.0,-0.328,-4.9,0.0,-4.9,0.0
Ed Ratleff,ratleed01,HOU,SF,26,37,533,10.8,0.462,,0.261,5.1,10.5,7.9,10.6,1.8,0.6,,,0.2,0.3,0.5,0.044,-0.7,-0.3,-0.9,0.1
Elmore Smith,smithel01,"MIL,CLE",C,27,70,1464,14.9,0.499,,0.42,7.8,23.2,15.4,3.9,1.1,5.2,,,0.7,2.2,2.9,0.094,-1.7,1.2,-0.4,0.6
Elvin Hayes,hayesel01,WSB,PF,31,82,3364,19.8,0.544,,0.405,9.0,22.1,15.7,7.1,1.2,3.3,,,6.6,5.5,12.1,0.173,2.1,0.8,2.8,4.1
Eric Fernsten,fernser01,CHI,C,23,5,61,10.0,0.353,,0.733,15.2,12.1,13.7,12.8,0.8,2.7,,,-0.1,0.1,0.0,0.004,-3.8,0.0,-3.9,0.0
Eric Money,moneyer01,DET,PG,21,73,1586,15.8,0.549,,0.181,2.8,5.3,4.0,20.5,2.5,0.5,,,2.4,0.9,3.3,0.099,0.2,0.0,0.2,0.9
Ernie DiGregorio,digreer01,BUF,PG,26,81,2267,12.1,0.462,,0.167,2.3,5.9,4.1,24.1,1.1,0.1,,,0.7,0.5,1.3,0.027,-1.3,-1.8,-3.1,-0.6
Fatty Taylor,taylofa01,DEN,PG,30,79,1548,11.1,0.439,,0.207,6.1,7.8,7.0,22.6,3.7,0.3,,,-0.3,2.5,2.1,0.066,-2.2,2.7,0.5,1.0
Foots Walker,walkefo01,CLE,PG,25,62,1216,16.0,0.504,,0.33,4.4,9.1,6.7,28.1,3.2,0.2,,,1.5,1.6,3.0,0.12,0.0,1.5,1.5,1.1
Frank Oleynick,oleynfr01,SEA,PG,21,50,516,9.6,0.408,,0.238,2.5,6.7,4.5,16.3,1.1,0.4,,,-0.5,0.3,-0.2,-0.018,-3.6,-1.7,-5.3,-0.4
Fred Brown,brownfr01,SEA,SG,28,72,2098,17.4,0.516,,0.171,3.2,8.4,5.7,13.7,2.7,0.5,,,3.9,2.2,6.1,0.14,1.6,0.6,2.2,2.2
Fred Carter,cartefr01,"PHI,MIL",SG,31,61,1112,11.7,0.448,,0.192,5.1,5.7,5.4,15.3,1.6,0.4,,,0.1,0.4,0.4,0.018,-1.7,-1.5,-3.2,-0.4
Fred Foster,fostefr01,BUF,SF,30,59,689,7.7,0.428,,0.178,4.8,6.3,5.6,9.8,1.0,0.0,,,-0.4,0.2,-0.2,-0.017,-4.2,-1.7,-5.9,-0.7
Fred Saunders,saundfr01,BOS,SF,25,68,1051,10.9,0.482,,0.134,6.9,13.9,10.4,11.6,1.1,0.3,,,0.0,1.2,1.2,0.054,-2.9,0.2,-2.7,-0.2
Freddie Boyd,boydfr01,NOJ,PG,26,47,1212,12.6,0.52,,0.241,1.5,5.6,3.6,17.1,1.6,0.3,,,1.3,0.8,2.1,0.083,-1.0,-0.1,-1.2,0.3
Freddie Lewis,lewisfr02,IND,PG,33,32,552,11.3,0.481,,0.387,2.9,5.4,4.1,13.6,1.5,0.2,,,0.4,0.2,0.5,0.047,-2.3,-1.4,-3.7,-0.2
Gail Goodrich,goodrga01,NOJ,SG,33,27,609,16.1,0.496,,0.279,4.0,5.6,4.8,18.8,1.6,0.2,,,0.7,0.4,1.2,0.091,0.7,-1.0,-0.3,0.3
Gar Heard,heardga01,PHO,PF,28,46,1363,12.6,0.431,,0.302,9.5,25.2,17.4,8.9,1.8,2.2,,,-0.8,2.5,1.7,0.062,-2.0,0.7,-1.3,0.2
Gary Brokaw,brokaga01,"MIL,CLE",SG,23,80,1487,13.5,0.49,,0.388,1.5,7.1,4.2,21.0,1.1,1.3,,,1.0,0.6,1.6,0.052,-0.7,-0.9,-1.6,0.1
George Gervin,gervige01,SAS,SF,24,82,2705,21.4,0.604,,0.399,5.2,12.0,8.6,13.1,1.7,1.9,,,8.7,1.8,10.5,0.187,3.9,-0.4,3.5,3.8
George Johnson,johnsge02,"GSW,BUF",C,28,78,1652,14.4,0.495,,0.228,12.4,25.0,18.7,8.3,1.0,5.4,,,0.9,2.6,3.5,0.102,-1.2,1.8,0.6,1.1
George Karl,karlge01,SAS,PG,25,29,251,9.5,0.432,,0.575,1.7,5.3,3.5,21.8,1.7,0.0,,,-0.3,0.1,-0.2,-0.037,-4.2,-1.6,-5.7,-0.3
George McGinnis,mcginge01,PHI,PF,26,79,2769,20.8,0.503,,0.379,12.4,20.1,16.5,16.8,2.6,0.7,,,3.7,4.9,8.6,0.149,2.0,0.2,2.2,2.9
George Trapp,trappge01,DET,PF,28,6,68,11.5,0.536,,0.138,6.1,9.1,7.6,6.0,0.0,0.8,,,0.1,0.0,0.1,0.062,-3.1,-0.8,-3.9,0.0
Glenn Hansen,hansegl01,KCK,SG,24,41,289,15.3,0.464,,0.206,9.7,11.5,10.6,13.0,2.0,0.6,,,0.1,0.3,0.4,0.063,-1.1,-1.1,-2.2,0.0
Glenn McDonald,mcdongl01,MIL,SF,24,9,79,4.6,0.266,,0.118,10.4,5.3,7.9,10.7,2.2,0.0,,,-0.3,0.0,-0.2,-0.145,-4.8,-1.0,-5.8,-0.1
Goo Kennedy,kennego01,HOU,SF,27,32,277,7.8,0.528,,0.138,5.7,14.1,10.1,2.8,1.2,1.0,,,0.1,0.1,0.3,0.045,-2.6,0.0,-2.7,0.0
Gus Gerard,gerargu01,"DEN,BUF",SF,23,65,1048,14.4,0.475,,0.258,8.7,12.3,10.5,12.8,1.8,3.0,,,0.0,1.3,1.3,0.06,-1.5,0.7,-0.8,0.3
Gus Williams,willigu01,GSW,PG,23,82,1930,14.2,0.497,,0.214,3.7,8.5,6.1,19.6,2.8,0.5,,,1.6,1.9,3.6,0.088,-0.7,0.7,0.0,1.0
Harvey Catchings,catchha01,PHI,C,25,53,864,10.0,0.546,,0.382,7.8,18.7,13.5,4.3,1.2,4.5,,,0.2,1.5,1.7,0.092,-2.3,2.4,0.1,0.5
Henry Bibby,bibbyhe01,PHI,PG,27,81,2639,11.5,0.499,,0.402,3.4,6.7,5.2,17.4,1.8,0.1,,,1.8,2.3,4.1,0.074,-1.4,0.0,-1.5,0.4
Henry Dickerson,dickehe01,ATL,PG,25,6,63,8.5,0.548,,0.667,0.0,3.4,1.7,23.7,0.7,0.0,,,0.0,0.0,0.0,0.0,-4.0,-0.5,-4.5,-0.1
Henry Ward,wardhe01,SAS,SG,25,27,171,10.3,0.426,,0.189,6.1,13.7,9.9,4.7,1.5,1.4,,,-0.2,0.1,-0.1,-0.023,-4.6,-1.4,-6.1,-0.2
Herm Gilliam,gillihe01,POR,SG,30,80,1665,12.7,0.467,,0.161,4.0,8.3,6.2,14.1,2.0,0.2,,,0.9,1.5,2.5,0.071,-1.1,-0.6,-1.7,0.1
Howard Porter,porteho01,DET,PF,28,78,2200,13.6,0.509,,0.125,7.3,14.3,10.8,3.2,1.0,1.7,,,2.7,1.4,4.1,0.089,0.1,-1.4,-1.3,0.4
Ira Terrell,terreir01,PHO,SF,22,78,1751,12.8,0.534,,0.323,6.1,17.7,11.9,8.3,1.1,1.5,,,1.3,2.3,3.6,0.097,-0.7,0.2,-0.5,0.7
Jack Marin,marinja01,CHI,SF,32,54,869,11.1,0.485,,0.109,3.2,7.8,5.4,11.4,0.7,0.4,,,0.6,0.7,1.3,0.073,-1.5,-1.0,-2.5,-0.1
Jamaal Wilkes,wilkeja01,GSW,PF,23,76,2579,16.8,0.523,,0.27,6.0,16.7,11.3,11.2,2.2,0.3,,,4.3,2.9,7.3,0.135,1.2,-0.2,1.0,2.0
James Silas,silasja01,SAS,PG,27,22,356,17.1,0.553,,0.754,2.0,7.2,4.6,18.3,1.6,0.4,,,0.6,0.1,0.7,0.099,-0.1,-1.6,-1.7,0.0
Jan van Breda Kolff,vanbrja01,NYN,SF,25,72,2398,12.0,0.52,,0.374,6.3,13.5,9.7,7.3,1.4,1.6,,,2.0,2.5,4.5,0.091,-1.0,0.3,-0.7,0.8
Jerome Anderson,anderje01,IND,SG,23,27,164,10.1,0.487,,0.339,5.2,1.8,3.6,8.3,1.6,0.6,,,0.1,0.0,0.1,0.027,-3.4,-0.8,-4.2,-0.1
Jim Ard,ardji01,BOS,C,28,63,969,9.1,0.419,,0.299,7.9,22.0,15.0,7.1,0.8,1.4,,,-0.6,1.4,0.8,0.039,-3.4,0.8,-2.6,-0.1
Jim Barnett,barneji02,PHI,SG,32,16,231,7.4,0.459,,0.281,3.2,2.9,3.0,13.0,0.8,0.0,,,0.0,0.1,0.1,0.014,-3.4,-1.1,-4.4,-0.2
Jim Brewer,breweji01,CLE,PF,25,81,2672,12.7,0.469,,0.271,10.1,19.2,14.5,9.6,1.7,1.7,,,2.0,3.9,5.8,0.105,0.1,1.2,1.3,2.2
Jim Chones,choneji01,CLE,C,27,82,2378,14.8,0.495,,0.218,8.6,21.2,14.7,6.4,0.6,1.8,,,2.9,3.0,5.9,0.119,-0.2,-0.4,-0.6,0.8
Jim Cleamons,cleamji01,CLE,PG,27,60,2045,12.9,0.476,,0.25,4.8,8.9,6.8,20.2,1.5,0.6,,,2.0,1.8,3.8,0.088,0.1,0.3,0.4,1.2
Jim Eakins,eakinji01,KCK,C,30,82,1338,14.6,0.565,,0.661,8.4,20.0,14.0,11.3,1.0,2.0,,,2.1,1.5,3.6,0.128,-0.4,0.4,0.0,0.7
Jim Fox,foxji01,NYN,C,33,71,1165,13.8,0.517,,0.286,8.3,21.0,14.3,6.7,0.8,1.2,,,1.0,1.3,2.4,0.097,-1.5,-0.7,-2.2,-0.1
Jim McElroy,mcelrji01,NOJ,PG,23,73,2029,12.9,0.524,,0.339,2.7,6.0,4.4,17.7,1.3,0.2,,,2.3,1.2,3.5,0.083,-0.6,-0.6,-1.2,0.4
Jim McMillian,mcmilji01,NYK,SF,28,67,2158,9.9,0.488,,0.134,3.3,11.5,7.5,8.2,1.3,0.1,,,1.1,1.5,2.6,0.057,-0.9,-0.2,-1.1,0.5
Jim Price,priceji01,"MIL,BUF,DEN",PG,27,81,1828,11.8,0.481,,0.182,2.9,9.9,6.5,18.7,3.0,0.6,,,0.1,2.5,2.7,0.07,-2.7,1.8,-0.8,0.6
Jimmy Jones,jonesji01,WSB,PG,32,3,33,3.0,0.279,,0.444,3.2,9.1,6.2,3.7,2.7,0.0,,,-0.1,0.0,-0.1,-0.08,-4.8,0.1,-4.6,0.0
Jo Jo White,whitejo01,BOS,PG,30,82,3333,14.9,0.486,,0.257,2.6,8.6,5.6,21.7,1.6,0.3,,,3.2,3.4,6.5,0.094,0.3,0.1,0.4,2.0
Joe Bryant,bryanjo01,PHI,PF,22,61,612,14.1,0.493,,0.292,7.8,11.2,9.6,11.0,2.6,1.1,,,0.3,0.8,1.2,0.093,-1.1,0.6,-0.5,0.2
Joe Meriweather,meriwjo01,ATL,C,23,74,2068,14.5,0.57,,0.42,10.9,19.9,15.3,5.9,0.9,2.2,,,2.9,1.9,4.8,0.112,-0.6,-0.3,-0.9,0.6
Joe Pace,pacejo01,WSB,C,23,30,119,16.5,0.472,,0.527,14.1,15.2,14.7,4.9,0.8,7.3,,,-0.1,0.2,0.1,0.054,-4.3,0.7,-3.6,0.0
John Brown,brownjo01,ATL,SF,25,77,1405,10.5,0.53,,0.429,5.6,12.4,8.9,10.2,1.5,0.3,,,0.8,0.9,1.7,0.058,-2.3,0.0,-2.3,-0.1
John Drew,drewjo01,ATL,SF,22,74,2688,20.2,0.536,,0.407,10.9,15.9,13.4,8.6,1.7,0.6,,,5.7,2.2,7.9,0.142,3.0,-1.2,1.8,2.6
John Gianelli,gianejo01,"NYK,BUF",C,26,76,1913,11.5,0.476,,0.216,8.3,17.1,12.7,5.9,0.8,2.6,,,0.8,1.7,2.5,0.063,-1.2,-0.2,-1.4,0.3
John Havlicek,havlijo01,BOS,SF,36,79,2913,14.7,0.495,,0.224,3.7,9.1,6.4,20.4,1.3,0.3,,,3.3,2.8,6.1,0.1,0.5,0.0,0.6,1.9
John Johnson,johnsjo01,HOU,SF,29,79,1738,13.0,0.485,,0.19,4.9,11.6,8.4,13.2,1.3,0.7,,,1.6,0.7,2.3,0.064,-0.2,-0.9,-1.2,0.4
John Lambert,lambejo01,CLE,PF,24,63,555,11.7,0.46,,0.229,11.0,17.4,14.1,7.4,1.4,1.8,,,0.3,0.7,1.0,0.087,-1.7,0.5,-1.2,0.1
John Laskowski,laskojo01,CHI,SG,23,47,562,9.8,0.393,,0.142,2.9,8.8,5.8,11.4,2.7,0.2,,,-0.4,0.7,0.4,0.03,-3.0,0.9,-2.1,0.0
John Lucas,lucasjo01,HOU,SG,23,82,2531,15.0,0.512,,0.21,2.5,6.8,4.7,24.7,2.3,0.4,,,3.6,1.2,4.8,0.091,1.1,-0.2,0.9,1.9
John Mengelt,mengejo01,CHI,SG,27,61,1178,12.9,0.499,,0.247,2.5,7.2,4.9,15.1,1.5,0.2,,,1.1,1.1,2.3,0.092,-1.1,-0.3,-1.4,0.2
John Shumate,shumajo01,BUF,PF,24,74,2601,15.9,0.554,,0.556,6.3,21.0,13.6,8.8,1.5,1.6,,,3.5,2.8,6.3,0.117,0.6,0.4,1.0,2.0
John Williamson,willijo01,"NYN,IND",SG,25,72,2481,15.9,0.501,,0.244,1.6,6.3,3.9,13.7,2.0,0.3,,,2.3,1.6,3.9,0.075,-0.3,-0.8,-1.2,0.5
Johnny Davis,davisjo01,POR,SG,21,79,1451,12.8,0.509,,0.394,4.5,4.5,4.5,13.5,1.3,0.4,,,1.7,0.9,2.5,0.084,-0.2,-1.4,-1.6,0.1
Johnny Neumann,neumajo01,"BUF,LAL",SG,25,63,937,11.1,0.438,,0.219,2.6,5.1,3.9,20.0,1.5,0.5,,,-0.6,0.5,0.0,0.0,-3.5,-1.4,-4.9,-0.6
Julius Erving,ervinju01,PHI,SF,26,82,2940,20.9,0.553,,0.375,6.9,16.2,11.8,15.9,2.4,1.9,,,6.8,4.8,11.5,0.188,3.3,1.3,4.5,4.8
Junior Bridgeman,bridgju01,MIL,SF,23,82,2410,14.4,0.494,,0.208,5.5,12.4,8.9,11.7,1.5,0.5,,,2.5,1.1,3.6,0.071,0.2,-1.3,-1.1,0.6
Kareem Abdul-Jabbar,abdulka01,LAL,C,29,82,3016,27.8,0.608,,0.35,9.2,27.2,18.4,16.8,1.5,4.4,,,11.9,5.9,17.8,0.283,6.8,2.6,9.4,8.7
Keith Erickson,erickke01,PHO,SF,32,50,949,11.1,0.508,,0.17,4.1,12.2,8.2,15.4,1.4,0.4,,,0.4,1.0,1.4,0.071,-1.9,0.3,-1.6,0.1
Keith Starr,starrke01,CHI,SG,22,17,65,3.7,0.281,,0.083,9.5,6.5,8.0,12.7,0.7,0.0,,,-0.2,0.0,-0.2,-0.111,-5.3,-0.8,-6.1,-0.1
Ken Charles,charlke01,ATL,SG,25,82,2487,12.0,0.472,,0.299,1.7,5.5,3.6,17.2,2.6,1.0,,,0.5,1.8,2.3,0.044,-1.6,0.7,-0.9,0.7
Kermit Washington,washike01,LAL,PF,25,53,1342,16.0,0.556,,0.492,14.1,23.0,18.7,4.6,1.5,2.0,,,2.2,2.1,4.3,0.153,-0.2,-0.4,-0.6,0.5
Kevin Grevey,greveke01,WSB,SF,23,76,1306,9.9,0.452,,0.225,5.9,8.1,7.0,7.2,1.0,0.4,,,-0.2,1.0,0.7,0.027,-2.7,-1.2,-3.9,-0.6
Kevin Kunnert,kunneke01,HOU,C,25,81,2050,14.8,0.513,,0.184,11.6,23.6,17.8,10.3,0.8,2.8,,,2.1,2.0,4.1,0.097,-0.7,0.3,-0.4,0.8
Kevin Porter,porteke01,DET,PG,26,81,2117,14.7,0.54,,0.22,1.4,3.4,2.4,34.6,1.8,0.2,,,2.1,0.6,2.7,0.062,0.1,-1.8,-1.7,0.2
Kevin Restani,restake01,MIL,PF,25,64,1116,12.2,0.52,,0.072,7.5,16.9,12.1,10.2,1.3,0.5,,,1.2,0.6,1.8,0.079,0.0,-0.5,-0.4,0.5
Kevin Stacom,stacoke01,BOS,SG,25,79,1051,10.1,0.436,,0.132,3.8,5.3,4.5,15.8,0.8,0.1,,,-0.1,0.7,0.6,0.027,-1.8,-1.0,-2.7,-0.2
Kim Hughes,hugheki01,NYN,C,24,81,2081,9.8,0.418,,0.195,8.8,19.2,13.7,6.6,2.7,3.2,,,-1.4,3.7,2.3,0.053,-3.4,2.6,-0.8,0.6
Larry Kenon,kenonla01,SAS,PF,24,78,2936,19.8,0.536,,0.248,10.0,20.7,15.4,11.2,2.4,1.0,,,6.2,3.3,9.5,0.155,2.9,-0.5,2.4,3.3
Larry McNeill,mcneila01,"NYN,GSW",PF,26,24,230,19.6,0.526,,0.545,12.0,21.1,16.5,4.0,2.0,0.5,,,0.4,0.3,0.7,0.15,-1.4,-0.8,-2.1,0.1
Larry Steele,steella01,POR,SG,27,81,1680,16.3,0.555,,0.348,4.4,7.0,5.8,14.1,3.1,0.4,,,3.2,2.0,5.2,0.148,0.5,1.1,1.6,1.5
Larry Wright,wrighla01,WSB,PG,22,78,1421,13.0,0.474,,0.193,2.4,4.7,3.5,23.1,1.8,0.2,,,0.3,1.1,1.4,0.048,-1.8,-0.7,-2.5,-0.2
Len Elmore,elmorle01,IND,C,24,6,46,12.8,0.469,,0.294,14.4,17.3,15.8,5.9,0.0,4.5,,,0.0,0.0,0.0,0.039,-4.0,-0.3,-4.3,0.0
Leon Douglas,douglle01,DET,C,22,82,1626,13.3,0.503,,0.447,11.5,22.0,16.8,5.2,1.2,2.6,,,0.3,1.8,2.1,0.063,-2.4,-0.5,-2.9,-0.4
Leonard Gray,grayle01,"SEA,WSB",PF,25,83,1639,11.4,0.479,,0.267,5.3,13.2,9.2,10.5,1.6,1.0,,,0.0,1.8,1.8,0.053,-2.8,0.3,-2.5,-0.2
Lionel Hollins,hollili01,POR,PG,23,76,2224,15.6,0.477,,0.274,2.4,7.2,4.9,19.7,3.3,0.9,,,1.1,2.9,4.0,0.086,-0.7,0.8,0.1,1.2
Lloyd Neal,nealll01,POR,PF,26,58,955,13.1,0.509,,0.335,9.5,17.8,13.7,8.1,0.4,2.0,,,0.8,1.0,1.8,0.091,-1.3,-0.9,-2.2,0.0
Lloyd Walton,waltoll01,MIL,PG,23,53,678,14.5,0.529,,0.346,2.3,5.5,3.9,26.0,2.6,0.1,,,0.8,0.3,1.1,0.078,0.0,-0.3,-0.3,0.3
Lonnie Shelton,sheltlo01,NYK,PF,21,82,2104,16.7,0.511,,0.269,11.2,20.2,15.8,9.6,2.6,2.4,,,1.2,3.4,4.6,0.105,-0.8,1.2,0.4,1.3
Lou Hudson,hudsolo01,ATL,SG,32,58,1745,14.7,0.494,,0.187,2.9,5.0,3.9,14.9,1.8,0.6,,,1.9,0.8,2.7,0.074,0.2,-0.9,-0.6,0.6
Louie Dampier,dampilo01,SAS,PG,32,80,1634,10.4,0.486,,0.17,1.4,3.4,2.4,18.0,1.3,0.4,,,1.0,0.2,1.2,0.035,-1.1,-1.5,-2.6,-0.2
Louie Nelson,nelsolo01,SAS,SG,25,4,57,8.4,0.527,,0.5,3.7,8.9,6.3,6.4,1.5,0.0,,,0.0,0.0,0.0,0.032,-3.6,-0.3,-3.9,0.0
Lucius Allen,allenlu01,LAL,PG,29,78,2482,15.6,0.497,,0.243,2.4,7.7,5.2,22.2,2.1,0.4,,,2.8,2.1,4.9,0.094,0.3,-0.3,0.0,1.2
M.L. Carr,carrml01,DET,SF,26,82,2643,15.2,0.518,,0.3,8.3,16.4,12.4,8.7,2.8,1.1,,,2.9,3.0,5.9,0.107,0.4,0.7,1.1,2.1
Mack Calvin,calvima01,"LAL,SAS,DEN",PG,29,76,1438,15.5,0.525,,0.621,2.6,4.2,3.4,21.7,1.8,0.1,,,1.9,0.9,2.8,0.092,-0.3,-1.5,-1.8,0.1
Mark Olberding,olberma01,SAS,PF,20,82,1949,14.2,0.579,,0.528,8.6,15.0,11.9,7.8,1.3,0.7,,,3.1,1.2,4.3,0.106,-0.5,-1.2,-1.7,0.2
Marshall Rogers,rogerma01,GSW,PG,23,26,176,9.8,0.408,,0.129,3.4,2.9,3.2,8.2,2.0,0.9,,,-0.3,0.1,-0.2,-0.043,-5.3,-1.6,-6.9,-0.3
Marv Roberts,roberma01,LAL,SF,27,28,209,6.0,0.369,,0.079,4.5,7.6,6.1,11.4,0.9,0.5,,,-0.3,0.1,-0.2,-0.051,-5.1,-1.2,-6.3,-0.3
Marvin Barnes,barnema01,DET,PF,24,53,989,15.0,0.49,,0.345,7.2,19.3,13.3,6.1,1.7,1.7,,,0.3,1.0,1.3,0.063,-1.5,-0.7,-2.3,-0.1
Marvin Webster,webstma01,DEN,C,24,80,1276,16.7,0.542,,0.55,12.5,25.9,19.4,6.5,0.8,4.7,,,1.4,2.5,3.9,0.146,0.0,1.0,0.9,1.0
Maurice Lucas,lucasma01,POR,PF,24,79,2863,18.3,0.516,,0.323,9.9,22.2,16.2,11.5,1.3,1.0,,,4.9,3.9,8.7,0.147,1.6,-0.8,0.8,2.1
Mel Bennett,benneme01,IND,PF,22,67,911,11.5,0.417,,0.636,11.4,13.9,12.6,9.8,1.8,1.9,,,-0.7,0.8,0.1,0.005,-3.6,-0.7,-4.4,-0.5
Mel Daniels,danieme01,NYN,C,32,11,126,10.7,0.432,,0.657,7.6,20.3,13.7,7.0,1.1,4.9,,,-0.2,0.2,0.0,-0.002,-5.0,0.8,-4.3,-0.1
Mel Davis,davisme01,"NYK,NYN",PF,26,56,1094,10.7,0.397,,0.196,8.9,18.8,13.7,9.7,1.3,0.3,,,-1.5,1.2,-0.4,-0.016,-3.3,-1.4,-4.7,-0.7
Mickey Davis,davismi02,MIL,SF,26,19,165,16.8,0.513,,0.368,6.9,11.4,9.1,16.1,1.6,1.2,,,0.3,0.1,0.4,0.102,0.1,-0.3,-0.3,0.2
Mickey Johnson,johnsmi01,CHI,PF,24,81,2847,17.6,0.506,,0.338,10.7,19.6,15.1,10.8,1.7,1.3,,,3.9,4.5,8.5,0.143,0.7,0.2,0.8,2.0
Mike Bantom,bantomi01,"SEA,NYN",PF,25,77,1909,16.8,0.531,,0.411,9.4,16.1,12.6,8.4,1.5,1.4,,,2.6,2.2,4.8,0.12,0.5,-0.3,0.2,1.1
Mike Barr,barrmi01,KCK,SG,26,73,1224,10.3,0.469,,0.204,2.7,8.5,5.5,17.9,1.9,0.8,,,0.4,1.0,1.4,0.054,-1.3,0.5,-0.7,0.4
Mike D'Antoni,dantomi01,SAS,SG,25,2,9,7.2,0.387,,0.667,0.0,22.6,11.4,26.8,0.0,0.0,,,0.0,0.0,0.0,-0.185,-4.8,-0.1,-5.0,0.0
Mike Dunleavy,dunlemi01,PHI,PG,22,32,359,11.9,0.467,,0.31,2.9,6.3,4.7,21.7,1.6,0.3,,,-0.1,0.3,0.2,0.023,-3.7,-0.9,-4.6,-0.3
Mike Flynn,flynnmi01,IND,SG,23,73,1324,14.5,0.473,,0.248,5.4,8.4,6.9,19.2,1.9,0.2,,,1.0,0.7,1.7,0.062,0.0,-1.1,-1.1,0.3
Mike Gale,galemi01,SAS,SG,26,82,2598,13.9,0.509,,0.221,2.2,8.6,5.4,22.7,3.2,0.9,,,1.9,2.2,4.0,0.075,-0.4,1.1,0.7,1.8
Mike Green,greenmi01,SEA,C,25,76,1928,14.5,0.49,,0.357,9.8,17.4,13.4,8.7,1.0,3.6,,,1.4,2.5,3.9,0.097,-0.4,0.5,0.1,1.0
Mike Newlin,newlimi01,HOU,SG,28,82,2119,16.1,0.53,,0.358,2.8,7.5,5.3,21.2,1.3,0.1,,,4.2,0.4,4.7,0.106,1.0,-1.5,-0.5,0.8
Mike Riordan,riordmi01,WSB,SF,31,49,289,5.6,0.393,,0.16,2.5,7.0,4.8,9.0,0.5,0.4,,,-0.3,0.2,-0.1,-0.024,-4.5,-1.0,-5.5,-0.3
Mike Sojourner,sojoumi01,ATL,PF,23,51,551,13.5,0.506,,0.281,9.3,19.1,14.1,5.8,1.2,0.9,,,0.4,0.5,0.9,0.079,-0.6,-0.9,-1.5,0.1
Mitch Kupchak,kupchmi01,WSB,C,22,82,1513,19.3,0.605,,0.413,12.7,20.7,16.8,6.2,0.7,1.1,,,4.1,1.9,5.9,0.188,2.1,-0.7,1.4,1.3
Mo Howard,howarmo01,"CLE,NOJ",SG,22,32,345,14.5,0.516,,0.265,4.8,6.2,5.5,17.9,2.2,1.2,,,0.3,0.3,0.6,0.084,-1.7,0.7,-1.0,0.2
Mo Layton,laytomo01,NYK,SG,28,56,765,14.5,0.527,,0.264,1.5,4.8,3.2,26.8,1.2,0.4,,,0.7,0.4,1.1,0.068,-0.2,-1.5,-1.6,0.1
Monte Towe,towemo01,DEN,PG,23,51,409,10.3,0.436,,0.181,2.1,6.3,4.2,27.6,1.7,0.0,,,-0.3,0.4,0.1,0.013,-3.7,-0.7,-4.5,-0.3
Moses Malone,malonmo01,"BUF,HOU",C,21,82,2506,19.8,0.54,,0.543,19.8,26.7,23.4,4.8,1.3,3.9,,,5.4,3.3,8.7,0.167,2.4,-0.5,1.9,2.5
Nate Thurmond,thurmna01,CLE,C,35,49,997,14.3,0.458,,0.431,11.9,26.7,19.1,10.8,0.8,4.4,,,0.5,1.8,2.3,0.113,-1.0,2.0,1.0,0.8
Nate Williams,willina01,NOJ,SF,26,79,1776,14.7,0.486,,0.212,5.9,10.7,8.3,8.1,1.9,0.5,,,1.0,1.8,2.8,0.077,-0.9,-0.6,-1.4,0.3
Neal Walk,walkne01,NYK,C,28,11,135,12.6,0.516,,0.123,4.0,16.8,10.5,6.2,1.3,1.2,,,0.1,0.1,0.2,0.07,-2.6,-0.1,-2.7,0.0
Nick Weatherspoon,weathni01,"WSB,SEA",SF,26,62,1657,12.8,0.472,,0.209,7.2,19.9,13.3,4.7,1.4,0.9,,,0.6,2.1,2.6,0.076,-1.3,-0.7,-2.0,-0.1
Norm Cook,cookno01,BOS,SF,21,25,138,10.3,0.396,,0.236,7.2,12.0,9.6,5.3,3.2,1.1,,,-0.3,0.2,-0.1,-0.023,-4.9,0.5,-4.4,-0.1
Norm Van Lier,vanlino01,CHI,PG,29,82,3097,13.4,0.485,,0.42,3.6,8.9,6.2,28.4,2.0,0.3,,,1.9,3.6,5.5,0.085,-1.0,0.5,-0.5,1.1
Norton Barnhill,barnhno01,SEA,SG,23,4,10,4.7,0.333,,0.0,19.8,10.7,15.4,15.0,0.0,0.0,,,0.0,0.0,0.0,-0.198,-5.0,-0.3,-5.3,0.0
Ollie Johnson,johnsol01,KCK,SF,27,81,1386,12.6,0.541,,0.258,4.9,11.2,7.9,10.2,1.4,0.8,,,1.9,1.1,2.9,0.102,-0.4,-0.4,-0.7,0.4
Otto Moore,mooreot01,NOJ,C,30,81,2084,11.5,0.445,,0.281,8.0,21.3,14.8,11.2,1.2,2.9,,,-0.3,3.2,2.9,0.067,-1.7,1.7,0.0,1.1
Paul Griffin,griffpa01,NOJ,PF,23,81,1645,13.5,0.617,,0.785,10.0,19.0,14.6,12.9,1.4,1.3,,,1.9,2.2,4.1,0.119,-0.8,1.4,0.5,1.1
Paul McCracken,mccrapa01,CHI,SG,26,9,119,11.6,0.428,,0.383,5.2,8.9,7.0,17.6,2.4,0.0,,,-0.1,0.1,0.0,0.019,-3.5,0.1,-3.4,-0.1
Paul Silas,silaspa01,DEN,PF,33,81,1959,10.8,0.425,,0.446,12.6,18.8,15.8,8.4,1.3,0.6,,,-0.2,2.8,2.5,0.062,-1.7,-0.7,-2.4,-0.2
Paul Westphal,westppa01,PHO,PG,26,81,2600,21.4,0.571,,0.333,2.4,5.5,3.9,29.4,2.3,0.4,,,6.9,2.7,9.6,0.178,3.9,0.1,4.0,4.0
Pete Maravich,maravpe01,NOJ,SG,29,73,3041,19.8,0.492,,0.293,2.9,8.9,6.0,22.3,1.2,0.4,,,4.2,2.2,6.4,0.101,2.7,-1.6,1.1,2.4
Phil Chenier,cheniph01,WSB,SG,26,78,2842,15.8,0.489,,0.218,2.1,8.6,5.4,15.7,1.9,0.7,,,2.9,2.9,5.8,0.098,0.5,0.1,0.5,1.8
Phil Hicks,hicksph01,"HOU,CHI",SF,24,37,262,13.2,0.491,,0.146,10.2,16.1,13.1,13.7,1.5,0.0,,,0.2,0.3,0.5,0.093,-1.6,0.0,-1.6,0.1
Phil Jackson,jacksph01,NYK,PF,31,76,1033,9.4,0.484,,0.306,7.8,15.3,11.6,9.9,1.4,0.9,,,-0.1,1.0,0.9,0.043,-2.9,0.6,-2.3,-0.1
Phil Sellers,selleph01,DET,SG,23,44,329,14.0,0.447,,0.379,6.0,6.9,6.5,10.4,3.0,0.0,,,-0.3,0.2,0.0,-0.007,-3.7,-1.2,-5.0,-0.3
Phil Smith,smithph01,GSW,SG,24,82,2880,16.1,0.525,,0.285,3.5,8.1,5.8,15.8,1.5,0.5,,,5.2,1.8,7.0,0.117,1.2,-1.0,0.2,1.6
Quinn Buckner,bucknqu01,MIL,PG,22,79,2095,13.5,0.45,,0.224,4.5,8.6,6.5,22.5,4.1,0.5,,,-0.5,2.0,1.5,0.035,-2.1,1.7,-0.4,0.9
Ralph Simpson,simpsra01,DET,SG,27,77,1597,14.4,0.462,,0.234,3.1,8.6,5.9,15.4,1.9,0.2,,,0.4,0.8,1.2,0.037,-0.6,-1.5,-2.1,0.0
Randy Denton,dentora01,ATL,C,27,45,700,11.2,0.432,,0.184,12.1,21.2,16.6,6.9,0.9,1.3,,,-0.2,0.6,0.4,0.029,-2.4,-1.3,-3.7,-0.3
Randy Smith,smithra01,BUF,SG,28,82,3094,17.6,0.507,,0.257,4.3,10.6,7.4,22.8,2.5,0.1,,,3.9,2.5,6.4,0.099,1.0,0.1,1.1,2.4
Rich Jones,jonesri01,NYN,SF,30,34,877,12.5,0.449,,0.348,5.3,17.8,11.2,8.3,2.0,0.7,,,-0.5,1.1,0.6,0.033,-3.0,-0.1,-3.1,-0.2
Rich Kelley,kelleri01,NOJ,C,23,76,1505,17.6,0.554,,0.51,13.7,23.9,18.9,18.5,1.3,2.1,,,1.9,2.4,4.3,0.138,0.2,1.7,1.9,1.5
Richard Washington,washiri01,KCK,PF,21,82,2265,14.2,0.467,,0.246,8.9,23.6,16.0,5.4,1.3,2.2,,,0.3,3.0,3.2,0.068,-2.0,-1.1,-3.1,-0.6
Rick Barry,barryri01,GSW,SF,32,79,2904,19.3,0.5,,0.253,2.5,12.2,7.3,23.2,2.6,1.0,,,5.1,3.3,8.4,0.139,2.4,0.5,2.9,3.6
Ricky Sobers,soberri01,PHO,SG,24,79,2005,16.5,0.557,,0.347,4.4,8.1,6.3,18.1,2.1,0.4,,,3.0,2.2,5.3,0.126,0.2,0.2,0.5,1.3
Robert Parish,parisro01,GSW,C,23,77,1384,19.3,0.538,,0.298,14.6,25.1,19.8,7.3,1.8,3.5,,,2.5,2.3,4.8,0.167,0.7,0.3,1.0,1.1
Robin Jones,jonesro01,POR,C,22,63,1065,13.1,0.496,,0.365,10.1,18.3,14.3,9.5,1.5,1.9,,,0.7,1.4,2.2,0.097,-0.2,0.4,0.2,0.6
Roger Brown,brownro02,DET,C,26,43,322,8.7,0.445,,0.464,10.0,19.0,14.5,4.2,2.1,2.9,,,-0.2,0.4,0.2,0.029,-4.2,1.0,-3.3,-0.1
Ron Behagen,behagro01,NOJ,PF,26,60,1170,15.1,0.457,,0.248,12.1,23.4,17.8,10.3,1.6,0.8,,,0.0,1.8,1.8,0.073,-1.4,-0.5,-1.9,0.0
Ron Boone,boonero01,KCK,SG,30,82,3021,17.5,0.521,,0.244,4.2,6.9,5.5,17.2,1.8,0.3,,,6.1,2.0,8.1,0.128,2.0,-1.1,1.0,2.3
Ron Davis,davisro01,ATL,SF,22,7,67,2.1,0.246,,0.371,3.1,8.1,5.6,4.2,4.8,0.0,,,-0.4,0.1,-0.4,-0.256,-6.3,-0.4,-6.8,-0.2
Ron Lee,leero01,PHO,PG,24,82,1849,15.6,0.476,,0.267,5.8,11.6,8.7,21.1,3.8,1.0,,,-0.5,3.2,2.8,0.072,-1.5,2.2,0.8,1.3
Rowland Garrett,garrero01,"CLE,MIL",SF,26,62,598,12.1,0.484,,0.213,6.3,13.1,9.6,6.1,1.6,0.9,,,0.3,0.4,0.8,0.064,-2.0,-0.6,-2.6,-0.1
Rudy Hackett,hackeru01,"NYN,IND",PF,23,6,46,8.9,0.433,,1.4,8.3,19.8,13.9,8.0,0.0,1.1,,,-0.1,0.0,0.0,-0.024,-4.2,-0.2,-4.4,-0.1
Rudy Tomjanovich,tomjaru01,HOU,PF,28,81,3130,17.9,0.552,,0.238,6.2,17.2,11.9,8.3,0.9,0.5,,,8.8,1.5,10.4,0.159,3.2,-1.5,1.7,2.9
Rudy White,whiteru01,HOU,SG,23,46,368,9.6,0.466,,0.236,4.0,8.0,6.1,12.4,1.4,0.1,,,0.1,0.1,0.2,0.025,-1.9,-0.7,-2.6,-0.1
Sam Lacey,laceysa01,KCK,C,28,82,2595,15.8,0.484,,0.364,7.3,22.6,14.7,19.3,2.1,2.8,,,1.6,4.0,5.6,0.104,0.6,2.2,2.7,3.1
Scott Lloyd,lloydsc01,MIL,C,24,69,1025,11.2,0.528,,0.389,8.1,13.1,10.6,4.1,0.9,0.6,,,1.0,0.4,1.3,0.062,-2.2,-1.6,-3.8,-0.5
Scott May,maysc01,CHI,SF,22,72,2369,14.1,0.498,,0.238,6.1,13.2,9.6,9.6,1.6,0.4,,,2.6,2.9,5.4,0.11,0.0,-0.3,-0.3,1.0
Scott Wedman,wedmasc01,KCK,SF,24,81,2743,14.6,0.504,,0.213,6.8,12.5,9.6,11.7,1.6,0.5,,,3.7,2.3,6.0,0.104,0.9,-0.8,0.1,1.4
Sidney Wicks,wickssi01,BOS,PF,27,82,2642,15.4,0.509,,0.458,10.1,20.5,15.3,9.2,1.1,1.2,,,2.2,3.8,6.1,0.11,-0.3,0.3,-0.1,1.3
Slick Watts,wattssl01,SEA,PG,25,79,2627,16.3,0.449,,0.289,3.0,9.2,6.0,34.0,3.7,0.5,,,-0.3,3.6,3.3,0.06,-0.2,0.9,0.7,1.8
Sonny Parker,parkeso01,GSW,SF,21,65,889,16.4,0.57,,0.315,9.6,10.1,9.8,8.6,2.7,1.5,,,2.0,1.0,3.0,0.16,2.3,0.7,3.1,1.1
Spencer Haywood,haywosp01,NYK,PF,27,31,1021,15.6,0.506,,0.292,8.1,20.4,14.4,6.7,0.6,1.5,,,1.1,1.0,2.1,0.096,0.6,-1.2,-0.6,0.4
Steve Green,greenst01,IND,SF,23,70,918,13.3,0.475,,0.267,8.1,10.6,9.4,7.2,2.2,0.7,,,0.4,0.7,1.1,0.055,-2.2,-1.1,-3.3,-0.3
Steve Hawes,hawesst01,ATL,PF,26,44,945,14.2,0.525,,0.289,8.6,21.0,14.7,9.9,1.7,1.4,,,0.8,1.0,1.9,0.095,-0.7,0.6,-0.1,0.5
Steve Kuberski,kuberst01,BOS,SF,29,76,860,10.7,0.466,,0.266,8.8,15.0,11.9,6.3,0.4,0.3,,,0.3,0.8,1.1,0.061,-1.8,-1.0,-2.8,-0.2
Steve Mix,mixst01,PHI,SF,29,75,1958,15.1,0.593,,0.477,6.9,12.1,9.6,10.5,2.0,0.5,,,4.1,2.4,6.5,0.158,1.1,0.6,1.8,1.9
Swen Nater,natersw01,MIL,C,27,72,1960,19.1,0.568,,0.314,14.0,31.8,22.8,7.5,1.2,1.3,,,4.5,2.4,6.9,0.168,2.4,-1.0,1.4,1.7
Ted McClain,mcclate01,DEN,SG,30,72,2002,10.9,0.483,,0.241,2.7,8.8,5.8,20.6,2.3,0.3,,,0.2,2.5,2.7,0.065,-2.5,1.0,-1.5,0.3
Terry Furlow,furlote01,PHI,SG,22,32,174,13.4,0.389,,0.18,10.9,11.5,11.2,15.8,1.8,0.6,,,-0.2,0.2,0.0,0.011,-2.5,-1.3,-3.7,-0.1
Ticky Burden,burdeti01,NYK,SG,23,61,608,14.6,0.446,,0.241,4.6,6.8,5.7,14.9,3.4,0.1,,,-0.7,0.7,0.0,-0.004,-3.1,0.0,-3.1,-0.2
Tim Bassett,basseti01,NYN,PF,25,76,2442,10.5,0.421,,0.24,6.9,20.4,13.3,6.7,1.8,1.2,,,-1.9,3.4,1.5,0.029,-3.0,0.3,-2.7,-0.4
Tiny Archibald,architi01,NYN,PG,28,34,1277,19.4,0.52,,0.448,1.7,4.8,3.2,33.8,2.1,0.5,,,1.8,1.0,2.8,0.104,2.3,-0.5,1.8,1.2
Tom Abernethy,abernto01,LAL,SF,22,70,1378,12.7,0.538,,0.384,8.5,12.9,10.8,8.9,1.6,0.4,,,1.8,1.3,3.1,0.11,0.0,-0.2,-0.3,0.6
Tom Barker,barketo01,ATL,C,21,59,1354,11.5,0.468,,0.376,8.6,23.2,15.8,6.4,1.1,1.7,,,-0.4,1.4,1.0,0.035,-3.1,-0.3,-3.5,-0.5
Tom Boerwinkle,boerwto01,CHI,C,31,82,1070,14.7,0.502,,0.231,9.7,20.8,15.2,25.4,0.9,1.0,,,0.8,1.5,2.3,0.102,-0.1,1.5,1.4,0.9
Tom Boswell,bosweto01,BOS,PF,23,70,1083,13.6,0.558,,0.397,10.2,17.5,13.9,11.0,1.1,0.4,,,1.0,1.4,2.4,0.107,-2.2,0.6,-1.7,0.1
Tom Burleson,burleto01,SEA,C,24,82,1803,16.3,0.507,,0.462,10.1,21.8,15.7,7.3,1.8,3.5,,,1.4,3.0,4.4,0.117,-1.0,0.9,0.0,0.9
Tom Henderson,hendeto01,"ATL,WSB",PG,25,87,2791,15.0,0.506,,0.379,1.6,7.4,4.5,29.7,2.3,0.3,,,2.5,2.2,4.7,0.08,0.6,-0.1,0.5,1.8
Tom Kropp,kroppto01,CHI,SG,23,53,480,10.8,0.512,,0.27,4.5,5.7,5.1,12.2,1.8,0.1,,,0.2,0.5,0.7,0.072,-3.2,0.2,-3.0,-0.1
Tom McMillen,mcmilto01,"BUF,NYK",C,24,76,1492,12.9,0.522,,0.218,8.0,18.9,13.6,6.2,0.3,0.2,,,1.4,1.0,2.5,0.079,-0.8,-1.6,-2.4,-0.2
Tom Owens,owensto01,HOU,C,27,46,462,13.8,0.558,,0.563,11.5,21.7,16.8,5.2,0.4,1.5,,,0.6,0.3,0.9,0.094,-2.0,-1.2,-3.1,-0.1
Tom Van Arsdale,vanarto01,PHO,SF,33,77,1425,7.7,0.484,,0.367,3.6,10.3,7.0,6.3,0.6,0.1,,,0.0,1.1,1.1,0.037,-3.4,-1.0,-4.4,-0.9
Truck Robinson,robintr01,"WSB,ATL",PF,25,77,2777,17.1,0.526,,0.358,9.5,21.8,15.6,8.0,1.1,0.7,,,4.2,3.0,7.3,0.125,1.3,-0.9,0.5,1.7
Wally Walker,walkewa01,POR,SF,22,66,627,14.0,0.489,,0.328,7.5,10.2,8.9,11.6,1.0,0.2,,,0.4,0.5,0.9,0.068,-1.0,-2.2,-3.2,-0.2
Walt Frazier,fraziwa01,NYK,PG,31,76,2687,16.6,0.535,,0.309,2.1,9.2,5.7,20.6,2.2,0.2,,,3.8,2.3,6.1,0.108,0.8,0.1,0.9,2.0
Wes Unseld,unselwe01,WSB,C,30,82,2860,12.8,0.513,,0.301,8.9,22.3,15.8,15.9,1.4,0.8,,,2.1,4.1,6.2,0.103,0.3,1.7,2.0,2.9
Wil Jones,joneswi02,IND,PF,29,80,2709,12.7,0.466,,0.219,7.6,14.2,10.8,9.6,1.7,1.5,,,1.5,2.3,3.7,0.066,-1.0,-0.4,-1.4,0.4
Wilbur Holland,hollawi01,CHI,SG,25,79,2453,15.6,0.488,,0.171,3.3,7.5,5.4,16.8,3.3,0.4,,,2.4,3.6,5.9,0.116,-0.3,1.6,1.3,2.0
Willie Norwood,norwowi01,SEA,SF,29,76,1647,12.0,0.528,,0.447,7.6,10.8,9.1,8.2,1.7,0.2,,,1.8,1.5,3.3,0.095,-1.1,-0.3,-1.3,0.3
Willie Smith,smithwi02,CHI,PG,23,2,11,-3.8,0.0,,0.0,0.0,0.0,0.0,0.0,0.0,0.0,,,0.0,0.0,0.0,-0.067,-4.7,-0.1,-4.9,0.0
Willie Wise,wisewi01,DEN,SF,29,75,1403,13.3,0.506,,0.425,5.7,12.6,9.2,13.7,1.8,0.7,,,0.7,1.9,2.5,0.087,-1.3,0.1,-1.2,0.3
World B. Free,freewo01,PHI,SG,23,78,2253,16.2,0.517,,0.454,4.6,5.9,5.3,17.4,1.5,0.6,,,2.9,1.8,4.6,0.099,0.3,-1.2,-0.9,0.7
Zaid Abdul-Aziz,abdulza01,BUF,C,30,22,195,16.3,0.447,,0.581,21.1,25.5,23.3,5.0,0.7,2.3,,,0.1,0.2,0.3,0.078,-1.6,-1.8,-3.3,-0.1
