Player,PlayerID,Tms,Pos,Age,G,MP,PER,TS%,3PAr,FTr,ORB%,DRB%,TRB%,AST%,STL%,BLK%,TOV%,USG%,OWS,DWS,WS,WS/48,OBPM,DBPM,BPM,VORP
A.J. Price,priceaj01,IND,PG,24,50,795,10.7,0.454,0.466,0.253,2.3,7.8,5.0,22.7,1.8,0.1,13.0,22.7,-0.4,0.7,0.3,0.02,-1.9,-1.1,-2.9,-0.2
Aaron Brooks,brookaa01,"HOU,PHO",PG,26,59,1284,13.1,0.489,0.402,0.239,1.8,5.2,3.5,28.9,1.3,0.2,13.2,25.9,0.7,0.4,1.1,0.04,-0.3,-2.7,-3.0,-0.3
Aaron Gray,grayaa01,NOH,C,26,41,531,11.0,0.566,0.0,0.343,13.4,25.8,19.6,4.7,1.1,1.9,21.9,13.1,0.3,0.8,1.1,0.1,-3.9,-0.2,-4.0,-0.3
Acie Law,lawac01,"MEM,GSW",PG,26,51,726,9.9,0.502,0.194,0.344,1.9,8.2,5.0,16.3,2.2,0.0,16.7,15.7,0.1,0.3,0.4,0.027,-3.5,-0.5,-4.0,-0.4
Al Harrington,harrial01,DEN,PF,30,73,1665,12.3,0.527,0.486,0.173,5.4,17.2,11.5,9.6,1.2,0.5,12.7,22.3,0.6,1.5,2.1,0.06,-0.6,-1.1,-1.7,0.1
Al Horford,horfoal01,ATL,C,24,77,2704,20.7,0.587,0.004,0.204,8.2,23.7,16.0,17.5,1.2,2.3,10.6,19.7,6.4,3.7,10.1,0.179,2.5,1.1,3.6,3.9
Al Jefferson,jeffeal01,UTA,C,26,82,2940,20.1,0.528,0.0,0.219,9.6,23.2,16.3,9.2,0.8,4.2,6.8,24.2,5.1,2.7,7.8,0.128,1.6,-1.0,0.6,1.9
Al Thornton,thornal01,"WAS,GSW",SF,27,71,1383,11.7,0.531,0.06,0.329,4.5,13.4,8.8,7.2,1.3,0.7,11.5,17.8,1.0,0.6,1.6,0.054,-2.4,-1.0,-3.3,-0.4
Al-Farouq Aminu,aminual01,LAC,SF,20,81,1452,9.6,0.499,0.352,0.293,6.1,15.4,10.8,6.4,2.1,1.3,18.3,17.3,-0.8,1.4,0.7,0.022,-2.7,-0.1,-2.8,-0.3
Alexis Ajinça,ajincal01,"DAL,TOR",C,22,34,340,12.2,0.507,0.256,0.135,5.9,21.5,13.6,4.8,1.7,4.2,11.3,21.1,0.0,0.4,0.4,0.052,-3.8,0.0,-3.8,-0.2
Alonzo Gee,geeal01,"SAS,WAS,CLE",SG,23,56,1118,10.8,0.544,0.193,0.348,6.2,12.7,9.3,5.4,1.8,1.2,15.3,14.5,0.5,0.6,1.0,0.045,-2.1,-0.4,-2.5,-0.1
Amar'e Stoudemire,stoudam01,NYK,C,28,78,2870,22.7,0.565,0.016,0.403,7.8,17.6,12.7,13.2,1.2,3.8,12.5,30.9,5.4,2.6,8.0,0.134,2.0,-0.6,1.4,2.4
Amir Johnson,johnsam01,TOR,PF,23,72,1853,17.6,0.608,0.002,0.323,11.8,17.8,14.7,6.8,1.5,3.6,10.9,15.3,4.4,1.2,5.6,0.146,0.3,0.0,0.3,1.1
Anderson Varejão,varejan01,CLE,C,28,31,994,15.2,0.56,0.009,0.375,11.0,24.1,17.4,7.4,1.4,2.9,13.7,13.3,1.3,0.9,2.2,0.105,-0.9,0.1,-0.8,0.3
Andray Blatche,blatcan01,WAS,PF,24,64,2172,16.9,0.497,0.019,0.296,9.3,18.7,13.8,11.7,2.3,1.8,13.7,25.5,0.3,2.1,2.4,0.053,-0.3,-0.5,-0.9,0.6
Andre Iguodala,iguodan01,PHI,SF,27,67,2469,17.2,0.53,0.238,0.395,2.8,15.2,9.0,26.4,2.1,1.2,13.4,19.2,3.3,3.5,6.7,0.13,1.7,1.6,3.2,3.2
Andre Miller,millean02,POR,PG,34,81,2650,17.8,0.529,0.044,0.346,4.3,9.9,7.0,35.7,2.3,0.4,16.8,20.6,4.6,2.4,7.0,0.127,1.5,0.1,1.6,2.4
Andrea Bargnani,bargnan01,TOR,C,25,66,2353,16.4,0.533,0.19,0.298,3.6,13.9,8.6,8.8,0.7,1.5,10.3,28.2,2.2,0.3,2.5,0.052,1.2,-2.6,-1.4,0.4
Andrei Kirilenko,kirilan01,UTA,SF,29,64,1999,16.6,0.567,0.181,0.498,6.0,13.8,9.9,14.9,2.1,3.0,15.0,17.8,2.9,1.7,4.5,0.109,1.7,0.5,2.2,2.1
Andrew Bogut,bogutan01,MIL,C,26,65,2297,16.7,0.496,0.005,0.292,9.8,27.1,18.3,10.4,1.1,5.8,13.0,19.6,0.3,5.1,5.4,0.112,-1.0,2.4,1.3,1.9
Andrew Bynum,bynuman01,LAL,C,23,54,1500,21.1,0.606,0.0,0.506,13.3,24.7,19.2,7.7,0.7,5.4,12.8,17.6,3.8,2.8,6.6,0.21,1.8,1.4,3.2,2.0
Andris Biedriņš,biedran01,GSW,C,24,59,1397,12.1,0.526,0.0,0.117,11.5,23.3,17.3,6.0,1.9,2.8,16.9,10.6,1.1,1.5,2.6,0.088,-2.5,0.2,-2.3,-0.1
Andrés Nocioni,nocioan01,PHI,SF,31,54,931,10.1,0.538,0.426,0.22,2.4,18.6,10.5,7.4,0.8,1.2,13.4,17.4,0.2,1.1,1.3,0.067,-2.2,-0.3,-2.5,-0.1
Andy Rautins,rautian01,NYK,SG,24,5,24,-1.2,0.508,0.571,0.286,0.0,4.8,2.4,18.7,2.1,0.0,47.0,27.5,-0.2,0.0,-0.2,-0.314,-8.0,-5.2,-13.2,-0.1
Antawn Jamison,jamisan01,CLE,PF,34,56,1842,16.8,0.516,0.3,0.267,5.2,18.5,11.7,9.6,1.4,1.2,7.3,26.0,1.5,1.1,2.6,0.067,1.3,-1.5,-0.1,0.9
Anthony Carter,cartean01,"DEN,NYK",PG,35,33,463,9.2,0.502,0.377,0.075,1.7,10.9,6.3,21.3,2.9,1.0,26.3,14.3,-0.2,0.4,0.2,0.023,-3.3,0.9,-2.4,-0.1
Anthony Morrow,morroan01,NJN,SG,25,58,1856,12.1,0.573,0.419,0.173,2.3,8.8,5.5,6.3,0.5,0.3,7.5,18.0,2.6,0.4,3.0,0.078,0.3,-1.3,-1.0,0.5
Anthony Parker,parkean01,CLE,SF,35,72,2091,10.5,0.505,0.411,0.172,1.8,10.5,6.0,16.7,1.7,0.4,11.9,14.6,0.9,0.6,1.5,0.034,-1.7,-0.3,-2.0,0.0
Anthony Randolph,randoan01,"NYK,MIN",C,21,40,590,16.2,0.505,0.015,0.326,8.0,22.7,15.2,9.8,1.9,3.1,14.9,25.8,-0.2,0.6,0.5,0.038,-1.8,-0.4,-2.2,0.0
Anthony Tolliver,tollian01,MIN,SF,25,65,1362,13.3,0.585,0.367,0.419,7.3,17.0,12.0,8.9,1.0,1.6,11.7,13.1,2.6,0.7,3.3,0.115,0.1,0.0,0.0,0.7
Antoine Wright,wrighan01,SAC,SG,26,7,31,-4.8,0.125,0.5,0.0,7.2,3.8,5.5,0.0,1.6,0.0,11.1,12.6,-0.1,0.0,-0.1,-0.179,-11.2,-3.2,-14.3,-0.1
Antonio Daniels,daniean01,PHI,PG,35,4,35,6.7,0.51,0.4,0.4,0.0,16.5,8.2,7.9,0.0,0.0,14.5,9.1,0.0,0.0,0.0,0.044,-4.8,-1.1,-6.0,0.0
Antonio McDyess,mcdyean01,SAS,PF,36,73,1387,12.8,0.516,0.003,0.224,10.5,22.3,16.5,9.0,1.3,2.0,16.0,14.9,1.0,2.1,3.0,0.105,-1.8,1.1,-0.7,0.4
Armon Johnson,johnsar02,POR,PG,21,38,277,9.3,0.497,0.119,0.218,4.7,11.5,7.9,28.1,1.0,0.3,25.6,25.1,-0.4,0.2,-0.3,-0.044,-3.3,-1.9,-5.1,-0.2
Arron Afflalo,afflaar01,DEN,SG,25,69,2324,13.6,0.62,0.396,0.26,2.3,9.9,6.2,10.9,0.7,1.0,9.2,14.8,4.8,1.4,6.2,0.128,1.7,-0.3,1.4,2.0
Austin Daye,dayeau01,DET,SF,22,72,1446,13.0,0.518,0.365,0.229,5.2,18.6,11.6,8.5,1.5,2.2,10.2,18.6,1.2,0.9,2.1,0.07,-0.8,-0.5,-1.3,0.3
Avery Bradley,bradlav01,BOS,PG,20,31,162,2.2,0.36,0.075,0.179,3.2,9.3,6.5,11.9,3.0,0.0,18.1,26.1,-0.8,0.3,-0.5,-0.139,-10.8,-0.3,-11.1,-0.4
Baron Davis,davisba01,"LAC,CLE",PG,31,58,1649,17.0,0.506,0.345,0.189,2.5,8.6,5.5,41.2,2.4,1.3,16.3,24.4,1.5,1.3,2.8,0.081,2.2,-0.3,1.9,1.6
Ben Gordon,gordobe01,DET,SG,27,82,2131,12.4,0.548,0.345,0.208,2.2,9.3,5.6,13.2,1.2,0.6,14.4,21.5,1.3,0.3,1.7,0.037,-0.6,-1.9,-2.5,-0.3
Ben Uzoh,uzohbe01,NJN,PG,22,42,438,14.7,0.468,0.056,0.389,7.9,8.6,8.2,26.7,1.6,1.4,12.9,20.5,0.2,0.2,0.5,0.054,0.4,-1.0,-0.6,0.2
Ben Wallace,wallabe01,DET,C,36,54,1238,12.3,0.442,0.013,0.383,12.2,22.9,17.3,8.1,2.3,3.5,20.2,8.2,0.5,1.4,1.9,0.072,-1.3,1.3,0.0,0.6
Beno Udrih,udrihbe01,SAC,PG,28,79,2734,15.7,0.587,0.221,0.277,1.7,9.6,5.5,22.1,1.7,0.2,13.2,16.9,5.6,1.6,7.2,0.126,0.5,0.0,0.5,1.7
Blake Griffin,griffbl01,LAC,PF,21,82,3112,21.9,0.549,0.017,0.505,10.2,26.9,18.6,18.7,1.0,1.1,11.7,27.3,6.5,3.4,9.8,0.152,3.0,-0.3,2.6,3.6
Bobby Simmons,simmobo01,SAS,SF,30,2,16,-5.5,0.0,1.0,0.0,0.0,0.0,0.0,15.7,0.0,0.0,0.0,8.6,0.0,0.0,0.0,-0.138,-8.9,-2.9,-11.8,0.0
Boris Diaw,diawbo01,CHA,PF,28,82,2778,13.9,0.558,0.292,0.159,4.5,13.6,9.0,20.6,1.4,1.3,16.7,16.8,2.4,2.3,4.8,0.082,0.3,0.3,0.6,1.8
Brad Miller,millebr01,HOU,C,34,60,1015,16.3,0.566,0.361,0.318,4.9,19.9,12.4,21.4,1.4,1.4,13.8,17.0,2.0,1.0,3.0,0.142,1.7,1.1,2.8,1.2
Brandan Wright,wrighbr03,"GSW,NJN",PF,23,37,379,15.9,0.54,0.0,0.265,9.2,18.2,13.6,5.1,1.5,3.4,9.7,17.2,0.4,0.4,0.8,0.099,-0.8,-0.6,-1.4,0.1
Brandon Bass,bassbr01,ORL,PF,25,76,1980,15.9,0.571,0.003,0.361,8.1,16.7,12.5,5.0,0.7,2.0,11.5,19.8,3.2,3.1,6.3,0.153,-0.3,0.5,0.2,1.1
Brandon Jennings,jennibr01,MIL,PG,21,63,2169,15.6,0.493,0.327,0.266,2.2,10.6,6.3,25.9,2.3,0.8,12.4,25.5,0.6,3.3,3.9,0.086,0.8,0.9,1.6,2.0
Brandon Roy,roybr01,POR,SG,26,47,1310,13.9,0.491,0.218,0.264,2.5,9.1,5.6,16.8,1.5,0.8,8.6,22.8,1.2,0.9,2.1,0.077,0.2,-0.4,-0.2,0.6
Brandon Rush,rushbr01,IND,SG,25,67,1754,10.6,0.54,0.433,0.206,2.1,11.6,6.9,5.6,1.2,1.5,10.9,15.9,0.9,1.7,2.6,0.07,-0.9,0.0,-0.8,0.5
Brendan Haywood,haywobr01,DAL,C,31,72,1331,11.7,0.532,0.004,0.794,11.8,20.9,16.5,2.1,0.6,4.2,14.5,12.4,0.8,2.1,2.9,0.104,-2.5,0.6,-1.9,0.0
Brian Cardinal,cardibr01,DAL,SF,33,56,618,9.7,0.672,0.87,0.18,2.0,8.9,5.6,9.1,2.0,0.9,13.6,9.5,1.0,0.7,1.7,0.132,-1.2,2.4,1.2,0.5
Brian Cook,cookbr01,LAC,PF,30,40,447,11.6,0.534,0.465,0.141,5.0,20.0,12.6,5.6,1.4,1.9,12.2,20.5,0.1,0.5,0.6,0.064,-1.6,-0.2,-1.9,0.0
Brian Scalabrine,scalabr01,CHI,PF,32,18,88,6.5,0.526,0.263,0.0,1.4,9.1,5.3,10.4,1.8,3.5,20.8,12.5,0.0,0.2,0.1,0.071,-6.5,2.7,-3.8,0.0
Brian Skinner,skinnbr01,MIL,C,34,2,6,0.0,,,,0.0,0.0,0.0,0.0,0.0,0.0,,0.0,0.0,0.0,0.0,0.023,-3.8,-0.6,-4.3,0.0
Brook Lopez,lopezbr01,NJN,C,22,82,2889,19.3,0.549,0.001,0.374,7.8,12.3,10.0,8.8,0.9,3.2,10.4,27.3,4.4,1.9,6.3,0.105,1.4,-0.9,0.6,1.9
Byron Mullens,mulleby01,OKC,PF,21,13,85,3.5,0.366,0.0,0.5,8.6,24.0,16.5,0.0,1.2,2.6,19.0,22.5,-0.3,0.1,-0.2,-0.113,-9.2,-2.5,-11.7,-0.2
C.J. Miles,milescj01,UTA,SF,23,78,1969,14.4,0.507,0.377,0.218,3.3,12.4,7.8,11.7,2.0,1.6,8.6,25.1,1.2,1.3,2.5,0.061,-0.1,-0.9,-1.0,0.5
C.J. Watson,watsocj01,CHI,PG,26,82,1091,12.8,0.466,0.284,0.236,1.8,8.1,5.0,26.9,2.7,0.8,14.4,21.4,0.2,2.0,2.1,0.093,-1.4,1.1,-0.3,0.5
Carl Landry,landrca01,"SAC,NOH",PF,27,76,2008,14.8,0.555,0.006,0.419,9.3,10.8,10.0,5.2,1.0,1.2,11.8,20.5,2.8,1.3,4.1,0.098,-0.5,-1.3,-1.9,0.1
Carlos Arroyo,arroyca01,"MIA,BOS",PG,31,64,1185,9.0,0.528,0.253,0.172,2.2,7.9,5.2,15.8,0.9,0.1,17.0,14.0,0.5,1.1,1.7,0.068,-2.1,-0.2,-2.3,-0.1
Carlos Boozer,boozeca01,CHI,C,29,59,1882,18.8,0.542,0.0,0.289,8.3,26.3,17.6,14.3,1.3,0.7,13.5,26.9,1.9,3.9,5.8,0.149,0.2,0.8,1.0,1.4
Carlos Delfino,delfica01,MIL,SF,28,49,1590,13.1,0.517,0.554,0.146,1.7,13.2,7.3,12.1,2.6,0.4,9.5,17.7,0.9,2.6,3.5,0.105,-0.3,1.7,1.5,1.4
Carmelo Anthony,anthoca01,"DEN,NYK",SF,26,77,2751,21.7,0.557,0.167,0.403,5.0,18.3,11.8,14.7,1.2,1.3,10.4,32.0,5.4,2.5,7.9,0.138,3.2,-1.2,1.9,2.7
Caron Butler,butleca01,DAL,SF,30,29,867,14.2,0.523,0.172,0.233,3.1,12.5,8.0,9.1,1.7,0.7,10.5,25.1,0.2,1.0,1.2,0.067,-0.8,0.0,-0.9,0.2
Cartier Martin,martica01,WAS,SF,26,52,542,11.7,0.524,0.544,0.22,4.1,11.8,7.8,5.2,1.7,0.8,7.4,17.6,0.5,0.3,0.8,0.071,0.2,-0.8,-0.6,0.2
Channing Frye,fryech01,PHO,PF,27,77,2541,12.8,0.557,0.53,0.129,3.0,20.4,11.7,5.7,0.9,2.3,7.7,16.9,2.7,2.1,4.7,0.09,-0.3,0.0,-0.3,1.1
Charlie Bell,bellch01,GSW,SG,31,19,171,4.7,0.357,0.488,0.093,3.9,8.1,6.0,10.1,1.8,0.4,11.8,13.1,-0.2,0.0,-0.1,-0.04,-4.2,-0.8,-5.0,-0.1
Charlie Villanueva,villach01,DET,PF,26,76,1666,15.9,0.553,0.456,0.164,3.5,18.8,10.8,5.0,1.4,2.0,8.0,23.1,2.1,1.0,3.1,0.091,1.0,-1.4,-0.4,0.7
Chase Budinger,budinch01,HOU,SF,22,78,1738,14.2,0.534,0.418,0.21,3.4,15.0,9.2,11.5,1.2,0.7,8.5,19.9,2.2,1.2,3.4,0.095,0.6,-0.8,-0.2,0.8
Chauncey Billups,billuch01,"DEN,NYK",PG,34,72,2310,18.7,0.617,0.457,0.528,1.3,8.1,4.7,25.8,1.5,0.5,15.3,22.3,6.6,1.4,8.0,0.166,3.7,-1.2,2.6,2.7
Chris Andersen,anderch01,DEN,C,32,45,732,19.0,0.636,0.007,0.985,12.2,22.1,17.3,4.0,1.6,6.0,11.3,13.5,1.9,1.2,3.2,0.207,1.2,1.8,3.0,0.9
Chris Bosh,boshch01,MIA,PF,26,77,2795,19.4,0.569,0.024,0.446,6.4,20.0,13.6,8.9,1.1,1.4,9.8,23.5,6.1,4.3,10.3,0.177,1.4,-0.2,1.3,2.3
Chris Douglas-Roberts,douglch01,MIL,SF,24,44,884,11.5,0.517,0.168,0.326,0.9,11.0,5.8,9.8,1.8,1.2,10.1,18.4,0.4,1.3,1.6,0.088,-2.5,1.0,-1.4,0.1
Chris Duhon,duhonch01,ORL,PG,28,51,774,5.6,0.446,0.403,0.194,1.4,6.3,3.9,22.4,1.1,0.2,30.3,12.0,-0.7,0.9,0.2,0.014,-3.8,0.0,-3.8,-0.3
Chris Johnson,johnsch03,"POR,BOS",C,25,14,138,10.2,0.554,0.0,0.952,10.3,18.2,14.2,3.2,1.2,5.3,25.1,13.5,0.0,0.2,0.2,0.08,-5.2,1.1,-4.2,-0.1
Chris Kaman,kamanch01,LAC,C,28,32,838,15.7,0.495,0.0,0.152,7.2,24.1,15.7,10.0,1.0,4.5,12.6,24.4,-0.2,1.1,0.8,0.047,-1.7,0.3,-1.4,0.1
Chris Paul,paulch01,NOH,PG,25,80,2880,23.7,0.578,0.197,0.414,1.6,12.3,6.9,45.8,3.5,0.1,13.9,21.1,9.5,4.4,13.9,0.232,4.4,2.8,7.1,6.7
Chris Quinn,quinnch01,SAS,PG,27,41,292,7.5,0.428,0.407,0.088,1.2,8.5,5.0,21.1,0.9,0.2,11.3,16.8,-0.1,0.2,0.1,0.024,-3.4,-0.9,-4.3,-0.2
Chris Wilcox,wilcoch01,DET,PF,28,57,995,18.0,0.587,0.003,0.276,11.2,22.7,16.7,7.4,1.6,1.4,10.6,18.9,2.0,0.8,2.8,0.133,-0.3,-1.1,-1.4,0.2
Christian Eyenga,eyengch01,CLE,SF,21,44,947,9.0,0.476,0.297,0.092,3.2,12.0,7.5,6.2,1.9,2.3,12.9,17.5,-0.8,0.5,-0.3,-0.016,-3.4,-0.6,-4.0,-0.5
Chuck Hayes,hayesch01,HOU,C,27,74,2079,16.2,0.554,0.004,0.307,11.9,20.7,16.3,14.3,1.9,1.6,14.1,13.0,3.9,2.4,6.3,0.146,0.6,1.3,1.9,2.1
Cole Aldrich,aldrico01,OKC,C,22,18,142,7.0,0.537,0.0,0.267,11.1,17.5,14.4,4.0,1.8,3.6,32.3,7.9,0.0,0.2,0.2,0.066,-5.6,1.6,-4.0,-0.1
Corey Brewer,breweco01,"MIN,DAL",SF,24,69,1510,11.0,0.482,0.23,0.393,4.2,8.9,6.5,9.1,3.3,0.8,13.2,18.8,-0.1,1.3,1.1,0.036,-3.5,1.2,-2.3,-0.1
Corey Maggette,maggeco01,MIL,SF,31,67,1401,15.8,0.573,0.14,0.581,3.6,16.8,10.0,11.3,0.8,0.3,15.3,27.7,1.5,1.9,3.4,0.115,-0.6,-0.2,-0.8,0.5
Courtney Lee,leeco01,HOU,SG,25,81,1723,12.6,0.534,0.302,0.208,3.3,10.4,6.9,8.9,1.7,0.7,9.8,17.9,1.6,1.1,2.7,0.076,-0.7,-0.5,-1.1,0.4
Craig Brackins,brackcr01,PHI,PF,23,3,33,0.1,0.25,0.313,0.0,7.0,7.0,7.0,4.6,1.6,0.0,0.0,22.3,-0.1,0.0,-0.1,-0.154,-8.4,-4.1,-12.5,-0.1
Craig Smith,smithcr01,LAC,PF,27,48,586,15.4,0.592,0.027,0.362,8.7,14.7,11.7,9.1,1.4,0.9,13.2,19.1,1.0,0.4,1.5,0.12,-0.8,-0.3,-1.1,0.1
D.J. Augustin,augusdj01,CHA,PG,23,82,2757,15.9,0.541,0.348,0.31,1.7,8.3,4.9,31.1,1.0,0.1,12.5,21.2,4.9,1.3,6.2,0.108,1.7,-1.6,0.1,1.5
D.J. Mbenga,mbengdj01,NOH,C,30,41,330,9.7,0.518,0.0,0.367,12.8,18.9,15.9,2.7,1.0,6.8,27.0,11.3,0.0,0.6,0.5,0.076,-4.7,1.8,-2.8,-0.1
D.J. White,whitedj01,"OKC,CHA",C,24,47,685,15.3,0.542,0.009,0.292,7.6,20.0,13.8,4.9,0.9,2.3,5.4,17.7,1.1,0.7,1.8,0.128,-0.6,-0.5,-1.1,0.2
DaJuan Summers,summeda01,DET,SF,23,22,199,4.4,0.476,0.304,0.29,1.2,6.4,3.7,1.6,0.8,0.4,14.3,21.3,-0.3,0.0,-0.3,-0.083,-5.7,-3.8,-9.5,-0.4
Daequan Cook,cookda02,OKC,SG,23,43,598,12.8,0.63,0.851,0.11,1.6,12.1,7.0,5.3,1.2,0.1,8.2,15.7,1.2,0.4,1.6,0.126,1.8,-0.7,1.1,0.5
Dahntay Jones,jonesda02,IND,SG,30,45,589,13.7,0.558,0.182,0.421,0.8,11.4,6.1,9.5,1.7,0.9,10.9,21.4,0.6,0.6,1.2,0.102,-1.7,0.5,-1.2,0.1
Damien Wilkins,wilkida02,ATL,SF,31,52,676,11.4,0.557,0.073,0.409,4.1,11.9,8.0,9.3,2.1,1.0,11.5,12.8,0.7,0.8,1.5,0.104,-2.4,1.4,-1.0,0.2
Damion James,jamesda01,NJN,SF,23,25,403,10.1,0.477,0.029,0.272,4.8,20.5,12.5,8.1,2.1,2.3,17.8,16.2,-0.4,0.5,0.1,0.015,-3.8,1.1,-2.6,-0.1
Dan Gadzuric,gadzuda01,"GSW,NJN",C,32,42,463,9.9,0.419,0.008,0.209,17.2,16.4,16.8,4.5,1.4,4.8,17.1,16.5,-0.3,0.4,0.1,0.014,-5.7,-1.3,-7.0,-0.6
Daniel Gibson,gibsoda01,CLE,SG,24,67,1865,13.2,0.533,0.444,0.247,1.4,9.7,5.5,18.3,1.3,0.9,9.9,19.7,2.0,0.4,2.4,0.062,0.3,-0.7,-0.4,0.8
Danilo Gallinari,gallida01,"NYK,DEN",PF,22,62,2104,15.7,0.597,0.458,0.611,3.2,13.4,8.3,7.4,1.2,0.9,9.3,18.9,4.9,1.2,6.1,0.139,1.5,-0.8,0.7,1.4
Danny Granger,grangda01,IND,SF,27,79,2763,17.8,0.554,0.323,0.37,3.5,13.5,8.5,13.0,1.6,1.6,12.3,26.7,3.7,3.2,6.9,0.12,2.2,-0.1,2.1,2.9
Danny Green,greenda02,SAS,SG,23,8,92,13.2,0.586,0.543,0.0,3.9,14.8,9.5,3.6,1.1,0.8,12.5,20.0,0.0,0.1,0.1,0.076,0.1,-0.7,-0.6,0.0
Dante Cunningham,cunnida01,"POR,CHA",PF,23,78,1637,10.7,0.483,0.028,0.131,6.9,13.9,10.3,4.3,1.8,2.2,9.3,15.7,0.3,1.7,2.0,0.06,-3.2,-0.1,-3.3,-0.5
Darius Songaila,songada01,PHI,C,32,10,71,1.2,0.477,0.0,0.267,3.2,13.0,8.1,4.1,0.0,0.0,19.3,13.5,-0.1,0.1,0.0,-0.019,-8.9,-1.4,-10.3,-0.1
Darko Miličić,milicda01,MIN,C,25,69,1686,12.2,0.482,0.0,0.199,8.5,15.4,11.8,9.9,1.6,6.3,19.4,19.7,-1.5,1.7,0.2,0.007,-3.9,1.3,-2.7,-0.3
Darnell Jackson,jacksda01,SAC,PF,25,59,486,12.3,0.521,0.07,0.31,11.2,10.8,11.0,4.6,1.2,0.4,11.4,18.0,0.4,0.3,0.7,0.069,-1.9,-1.6,-3.5,-0.2
Darrell Arthur,arthuda01,MEM,PF,22,80,1609,15.7,0.534,0.01,0.215,8.5,17.0,12.7,5.4,1.7,3.2,11.4,21.6,1.5,2.2,3.8,0.113,-1.8,0.2,-1.6,0.2
Darren Collison,collida01,IND,PG,23,79,2360,15.6,0.534,0.143,0.267,1.9,8.6,5.3,28.9,1.9,0.4,16.6,21.9,2.1,2.2,4.3,0.087,0.4,-0.7,-0.3,1.0
David Andersen,anderda03,"TOR,NOH",PF,30,40,373,10.9,0.513,0.19,0.182,6.4,21.0,13.6,5.6,0.7,2.0,14.4,19.1,-0.1,0.3,0.3,0.032,-2.8,-0.7,-3.4,-0.1
David Lee,leeda02,GSW,PF,27,73,2634,17.8,0.549,0.003,0.273,9.1,21.9,15.4,14.0,1.4,0.9,13.4,21.2,4.1,2.0,6.0,0.11,0.5,-0.9,-0.4,1.1
David West,westda01,NOH,PF,30,70,2451,20.4,0.558,0.009,0.314,7.6,18.7,13.1,12.7,1.5,2.1,10.7,25.8,4.4,3.4,7.8,0.152,2.2,0.6,2.8,3.0
DeAndre Jordan,jordade01,LAC,C,22,80,2047,14.8,0.648,0.003,0.636,11.9,20.9,16.5,3.2,1.0,5.4,18.8,11.7,2.6,2.6,5.2,0.122,-1.7,1.0,-0.7,0.7
DeJuan Blair,blairde01,SAS,PF,21,81,1734,17.1,0.524,0.003,0.235,14.8,22.9,18.9,7.1,2.8,1.7,14.9,20.1,1.5,3.2,4.8,0.132,-1.2,0.7,-0.5,0.7
DeMar DeRozan,derozde01,TOR,SG,21,82,2851,14.5,0.53,0.045,0.348,3.0,10.2,6.5,8.6,1.5,0.8,9.8,23.2,2.8,0.5,3.2,0.055,-0.9,-1.5,-2.5,-0.3
DeMarcus Cousins,couside01,SAC,C,20,81,2309,14.6,0.484,0.018,0.4,10.4,24.4,17.2,14.7,1.9,2.1,18.5,27.2,-1.9,2.9,1.1,0.022,-2.7,0.1,-2.6,-0.4
DeMarre Carroll,carrode01,"MEM,HOU",PF,24,12,50,8.7,0.388,0.0,0.167,4.7,14.5,9.6,10.7,1.0,1.6,0.0,11.6,0.0,0.0,0.1,0.066,-2.9,-0.5,-3.5,0.0
DeSagana Diop,diopde01,CHA,C,29,16,181,5.4,0.347,0.0,0.458,8.0,18.9,13.4,5.7,1.2,6.7,27.6,10.3,-0.3,0.3,-0.1,-0.016,-6.7,1.8,-4.9,-0.1
DeShawn Stevenson,stevede01,DAL,SG,29,72,1158,9.8,0.549,0.755,0.13,2.1,8.4,5.4,10.0,1.0,0.3,11.2,15.9,0.8,1.0,1.8,0.074,-0.1,-0.3,-0.4,0.5
Delonte West,westde01,BOS,PG,27,24,453,12.3,0.533,0.275,0.125,1.7,8.0,5.0,22.0,2.3,1.7,19.2,16.6,0.1,0.8,0.9,0.093,-0.5,2.3,1.8,0.4
Derek Fisher,fishede01,LAL,PG,36,82,2297,8.9,0.486,0.301,0.195,0.7,6.6,3.7,14.0,2.3,0.3,10.9,12.8,1.2,2.5,3.7,0.078,-3.2,1.3,-2.0,0.0
Deron Williams,willide01,"UTA,NJN",PG,26,65,2465,21.1,0.566,0.325,0.423,1.9,10.9,6.3,45.9,1.7,0.5,16.6,25.8,6.2,1.1,7.3,0.142,4.3,-1.3,3.0,3.1
Derrick Brown,brownde04,"CHA,NYK",SF,23,49,576,12.9,0.588,0.076,0.458,8.5,12.2,10.3,9.5,1.8,1.4,18.2,15.5,0.5,0.5,1.0,0.083,-1.4,-0.1,-1.6,0.1
Derrick Caracter,caracde01,LAL,C,22,41,215,10.0,0.532,0.0,0.348,10.3,12.2,11.3,5.1,1.0,3.5,20.0,20.2,0.0,0.3,0.3,0.057,-6.6,-0.5,-7.1,-0.3
Derrick Favors,favorde01,"NJN,UTA",PF,19,78,1535,13.9,0.542,0.0,0.416,12.9,19.1,16.0,4.2,1.0,3.5,13.5,17.1,1.5,1.4,2.9,0.091,-2.6,-0.6,-3.2,-0.5
Derrick Rose,rosede01,CHI,PG,22,81,3026,23.5,0.55,0.241,0.348,3.2,9.4,6.4,38.7,1.5,1.3,13.1,32.2,8.3,4.8,13.1,0.208,6.3,0.5,6.8,6.7
Devin Ebanks,ebankde01,LAL,SG,21,20,118,19.4,0.507,0.098,0.451,14.9,11.1,13.0,2.8,1.8,3.2,8.9,25.9,0.2,0.2,0.4,0.144,0.1,-2.1,-2.0,0.0
Devin Harris,harride01,"NJN,UTA",PG,27,71,2254,17.2,0.545,0.221,0.494,0.9,8.2,4.5,38.2,1.7,0.2,17.3,24.6,3.2,1.0,4.2,0.089,1.9,-1.3,0.6,1.5
Dexter Pittman,pittmde01,MIA,C,22,2,11,-6.4,0.333,0.0,0.0,11.5,20.4,16.2,0.0,0.0,0.0,40.0,21.3,-0.1,0.0,-0.1,-0.246,-15.1,-2.8,-17.9,0.0
Dirk Nowitzki,nowitdi01,DAL,PF,32,73,2504,23.4,0.612,0.142,0.376,2.4,20.8,12.0,14.2,0.8,1.4,9.1,28.2,7.8,3.3,11.1,0.213,4.3,0.8,5.1,4.5
Dominic McGuire,mcguido01,CHA,SF,25,52,760,10.4,0.437,0.011,0.214,10.0,21.8,15.9,9.0,0.7,3.5,11.2,13.8,0.1,0.9,0.9,0.059,-3.3,0.3,-2.9,-0.2
Dominique Jones,jonesdo02,DAL,SG,22,18,135,10.6,0.4,0.089,0.378,5.4,15.9,10.8,20.8,1.9,1.7,16.0,21.7,-0.2,0.2,0.0,0.007,-2.5,1.6,-0.9,0.0
Donté Greene,greendo01,SAC,SF,22,69,1127,9.7,0.482,0.399,0.168,4.8,10.2,7.4,6.5,1.6,1.3,12.6,18.2,-0.2,0.8,0.5,0.022,-1.8,-0.4,-2.2,-0.1
Dorell Wright,wrighdo01,GSW,SF,25,82,3147,15.0,0.539,0.45,0.199,3.1,12.6,7.8,11.6,2.0,1.5,9.6,19.3,3.9,1.8,5.8,0.088,1.3,-0.5,0.8,2.2
Drew Gooden,goodedr01,MIL,PF,29,35,860,15.9,0.487,0.055,0.282,9.6,22.9,16.1,10.3,1.3,1.6,10.2,24.6,0.3,1.5,1.8,0.101,-1.2,0.2,-1.0,0.2
Dwight Howard,howardw01,ORL,C,25,78,2935,26.1,0.616,0.007,0.877,12.6,30.6,21.8,6.8,1.9,4.9,16.2,27.2,6.7,7.7,14.4,0.235,2.9,2.4,5.3,5.4
Dwyane Wade,wadedw01,MIA,SG,29,76,2823,25.6,0.581,0.149,0.471,5.5,14.4,10.2,23.5,2.1,2.4,12.4,31.6,8.1,4.7,12.8,0.218,5.5,1.1,6.6,6.1
Earl Barron,barroea01,"PHO,MIL,POR",C,29,21,305,6.2,0.361,0.0,0.242,12.1,17.2,14.6,5.8,1.4,1.5,12.7,18.9,-0.6,0.3,-0.2,-0.039,-6.3,-1.9,-8.1,-0.5
Earl Boykins,boykiea01,MIL,PG,34,57,862,17.6,0.526,0.202,0.233,2.0,5.5,3.7,30.9,2.4,0.3,11.8,23.9,1.1,1.1,2.3,0.125,2.1,0.4,2.4,1.0
Earl Clark,clarkea01,"PHO,ORL",SF,23,42,464,10.1,0.456,0.032,0.297,9.5,15.7,12.7,3.1,0.9,3.0,13.5,20.5,-0.4,0.7,0.3,0.03,-3.9,0.1,-3.8,-0.2
Earl Watson,watsoea01,UTA,PG,31,80,1567,10.2,0.5,0.349,0.267,4.0,10.1,7.0,25.7,2.1,0.9,25.3,13.4,0.2,0.8,1.0,0.03,-1.9,-0.3,-2.1,-0.1
Ed Davis,davised01,TOR,PF,21,65,1602,15.8,0.583,0.0,0.343,12.1,22.3,17.1,3.8,1.3,3.2,10.1,13.3,2.9,1.1,4.0,0.119,-0.2,-0.8,-0.9,0.4
Eddie House,houseed01,MIA,SG,32,56,978,11.9,0.535,0.545,0.125,1.2,9.5,5.6,10.0,1.7,0.2,7.9,17.6,1.0,1.2,2.2,0.108,-0.5,0.2,-0.3,0.4
Eduardo Nájera,najered01,CHA,PF,34,31,372,5.5,0.449,0.472,0.153,4.5,9.8,7.2,8.2,1.6,1.3,14.5,11.3,-0.1,0.3,0.2,0.02,-4.5,0.9,-3.6,-0.2
Ekpe Udoh,udohek01,GSW,C,23,58,1030,9.7,0.472,0.0,0.288,8.6,11.4,10.0,5.4,1.1,6.4,16.1,12.8,0.0,0.7,0.7,0.032,-4.4,0.6,-3.8,-0.5
Elton Brand,brandel01,PHI,PF,31,81,2809,18.5,0.553,0.001,0.278,9.7,18.0,13.9,7.1,1.7,2.9,8.4,19.7,5.1,4.4,9.4,0.161,0.7,0.6,1.3,2.4
Emeka Okafor,okafoem01,NOH,C,28,72,2287,16.0,0.584,0.002,0.492,12.2,24.3,18.2,3.0,0.9,4.6,15.7,15.8,2.7,3.8,6.5,0.136,-0.9,0.5,-0.4,0.9
Eric Bledsoe,bledser01,LAC,PG,21,81,1841,10.8,0.499,0.239,0.274,4.4,9.8,7.1,24.2,2.6,1.1,26.3,17.9,-1.3,1.6,0.3,0.008,-2.4,0.2,-2.2,-0.1
Eric Gordon,gordoer01,LAC,SG,22,56,2112,18.5,0.566,0.307,0.367,2.5,6.6,4.5,20.7,1.7,0.7,12.0,26.5,4.2,1.1,5.3,0.12,3.0,-1.0,2.0,2.2
Eric Maynor,maynoer01,OKC,PG,23,82,1200,11.7,0.485,0.288,0.177,2.5,9.1,5.9,30.3,1.5,0.4,17.7,16.5,0.7,0.8,1.5,0.061,-0.8,-1.1,-1.8,0.1
Erick Dampier,dampier01,MIA,C,35,51,815,9.7,0.591,0.011,0.494,8.2,17.1,12.9,3.8,0.9,4.5,22.8,8.1,0.5,1.4,1.9,0.109,-2.0,1.7,-0.3,0.4
Ersan İlyasova,ilyaser01,MIL,PF,23,60,1505,14.3,0.516,0.239,0.205,7.9,20.7,14.1,6.6,1.8,1.3,10.2,19.1,1.1,2.7,3.8,0.121,-1.2,0.6,-0.6,0.5
Etan Thomas,thomaet01,ATL,C,32,13,82,15.1,0.58,0.0,0.714,8.9,24.8,16.9,3.9,0.7,3.7,15.3,18.9,0.1,0.1,0.2,0.13,-1.9,0.3,-1.7,0.0
Eugene Jeter,jetereu01,SAC,PG,27,62,858,11.1,0.46,0.116,0.158,1.2,8.3,4.6,28.4,1.7,0.2,15.5,16.5,0.2,0.5,0.7,0.037,-2.2,-1.1,-3.3,-0.3
Evan Turner,turneev01,PHI,SG,22,78,1797,10.8,0.484,0.083,0.236,2.7,16.9,9.8,13.4,1.4,0.6,12.0,17.0,0.0,2.2,2.3,0.06,-2.6,0.4,-2.2,-0.1
Fabricio Oberto,obertfa01,POR,C,35,5,45,0.8,0.595,0.0,0.4,7.8,11.4,9.5,0.0,0.0,0.0,33.8,9.2,0.0,0.0,0.0,-0.012,-8.7,-1.6,-10.3,-0.1
Francisco Elson,elsonfr01,UTA,C,34,62,610,8.9,0.529,0.0,0.274,6.9,16.0,11.4,7.9,1.8,1.9,20.2,11.9,0.1,0.5,0.6,0.046,-3.8,0.3,-3.5,-0.2
Francisco García,garcifr01,SAC,SF,29,58,1386,13.5,0.551,0.472,0.16,1.9,9.2,5.5,8.0,1.9,2.6,8.1,17.3,1.9,1.1,3.0,0.104,0.4,0.6,1.0,1.0
Gani Lawal,lawalga01,PHO,PF,22,1,2,-9.1,,,,0.0,0.0,0.0,0.0,0.0,0.0,,0.0,0.0,0.0,0.0,-0.009,-16.9,1.9,-15.0,0.0
Garret Siler,silerga01,PHO,C,24,21,101,13.5,0.553,0.0,0.71,18.3,13.7,16.0,4.7,0.5,2.9,19.7,22.6,0.1,0.1,0.1,0.054,-3.5,-2.3,-5.8,-0.1
Garrett Temple,templga01,"SAS,MIL,CHA",PG,24,24,230,4.7,0.378,0.544,0.25,0.5,11.6,6.0,21.9,2.6,2.1,23.4,20.1,-0.7,0.3,-0.4,-0.085,-6.2,-0.2,-6.4,-0.3
Gary Forbes,forbega01,DEN,SF,25,63,791,11.7,0.524,0.212,0.319,4.2,12.5,8.5,9.7,1.5,0.6,12.9,20.1,0.3,0.7,0.9,0.055,-2.0,-0.8,-2.9,-0.2
Gary Neal,nealga01,SAS,SG,26,80,1685,13.1,0.578,0.487,0.165,1.5,11.8,6.8,9.1,0.8,0.2,10.3,20.6,2.1,1.4,3.5,0.099,0.5,-0.8,-0.3,0.7
George Hill,hillge01,SAS,PG,24,76,2148,14.6,0.588,0.322,0.427,1.3,9.2,5.4,13.6,1.6,0.7,11.6,18.2,4.0,2.1,6.1,0.136,0.2,0.6,0.8,1.5
Gerald Henderson,hendege02,CHA,SG,23,68,1661,13.2,0.509,0.063,0.286,3.5,11.6,7.5,10.7,1.6,1.6,9.1,19.9,0.9,1.4,2.4,0.068,-1.6,-0.2,-1.8,0.1
Gerald Wallace,wallage01,"CHA,POR",SF,28,71,2693,16.2,0.548,0.219,0.439,4.9,21.0,12.8,10.9,2.1,1.9,13.0,20.3,2.6,3.6,6.2,0.111,0.4,1.1,1.5,2.4
Gilbert Arenas,arenagi01,"WAS,ORL",PG,29,70,1796,10.8,0.471,0.446,0.208,1.4,10.7,6.1,25.3,2.1,0.9,18.1,24.7,-1.6,2.2,0.5,0.014,-2.2,-0.3,-2.4,-0.2
Glen Davis,davisgl01,BOS,C,25,78,2298,12.8,0.499,0.019,0.331,5.7,16.4,11.4,6.6,1.8,1.0,8.5,20.9,0.6,4.3,4.9,0.102,-2.6,0.7,-1.9,0.0
Goran Dragić,dragigo01,"PHO,HOU",PG,24,70,1234,13.2,0.524,0.351,0.302,3.3,9.9,6.6,25.6,2.1,0.6,19.0,22.4,0.2,0.8,1.0,0.04,-0.9,-0.5,-1.3,0.2
Gordon Hayward,haywago01,UTA,SF,20,72,1218,10.7,0.578,0.253,0.331,4.0,9.8,6.9,10.2,1.3,1.3,17.3,15.3,0.8,0.4,1.2,0.048,-1.2,-1.1,-2.2,-0.1
Grant Hill,hillgr01,PHO,SF,38,80,2409,14.7,0.563,0.138,0.312,3.7,12.5,8.1,13.0,1.4,1.1,12.5,20.1,3.1,1.3,4.4,0.087,-0.2,-0.3,-0.5,0.9
Greg Monroe,monrogr01,DET,C,20,80,2222,18.0,0.575,0.002,0.424,13.0,20.4,16.5,7.5,2.3,1.6,11.0,15.4,4.7,1.9,6.6,0.143,0.9,-0.5,0.4,1.4
Greivis Vásquez,vasqugr01,MEM,PG,24,70,860,9.4,0.493,0.369,0.189,1.7,8.6,5.1,25.3,1.3,0.4,21.7,16.9,-0.1,0.7,0.5,0.03,-2.4,-0.9,-3.3,-0.3
Hakim Warrick,warriha01,PHO,PF,28,80,1416,16.5,0.581,0.025,0.659,7.2,17.0,12.1,7.6,1.1,0.5,12.1,20.9,2.6,0.8,3.4,0.116,0.1,-1.0,-1.0,0.3
Hamady N'Diaye,ndiayha01,WAS,C,24,16,80,5.3,0.681,0.0,2.4,2.8,7.4,5.0,0.0,1.3,4.8,22.6,7.3,0.0,0.0,0.1,0.046,-6.9,0.6,-6.3,-0.1
Hamed Haddadi,haddaha01,MEM,C,25,31,168,19.7,0.55,0.017,0.397,16.9,31.6,24.2,4.8,0.6,6.3,13.9,21.2,0.3,0.3,0.6,0.164,-1.1,0.0,-1.1,0.0
Hasheem Thabeet,thabeha01,"MEM,HOU",C,23,47,373,4.7,0.478,0.0,0.875,7.6,16.5,12.0,1.4,1.3,3.5,23.5,8.7,-0.2,0.5,0.3,0.043,-6.5,0.9,-5.7,-0.3
Hassan Whiteside,whiteha01,SAC,C,21,1,2,-17.9,,,,0.0,0.0,0.0,0.0,0.0,0.0,,0.0,0.0,0.0,0.0,0.007,-27.9,0.0,-27.9,0.0
Hedo Türkoğlu,turkohe01,"PHO,ORL",SF,31,81,2540,13.4,0.555,0.429,0.216,2.1,14.0,8.2,21.5,1.5,1.0,14.3,16.7,3.4,3.4,6.8,0.129,0.3,1.4,1.7,2.3
Henry Walker,walkebi01,NYK,SG,23,61,784,11.3,0.583,0.648,0.186,2.3,15.6,8.9,6.6,1.3,0.6,12.7,16.6,0.7,0.4,1.1,0.069,-0.6,-1.2,-1.8,0.0
Hilton Armstrong,armsthi01,"WAS,ATL",C,26,53,488,8.8,0.508,0.053,0.434,9.5,21.6,15.4,4.2,1.9,3.3,23.6,10.9,-0.1,0.6,0.5,0.045,-4.7,1.0,-3.7,-0.2
Ian Mahinmi,mahinia01,DAL,C,24,56,488,13.7,0.645,0.02,0.837,10.7,17.8,14.4,2.5,1.5,2.3,15.7,15.3,1.0,0.8,1.8,0.177,-3.3,1.1,-2.1,0.0
Ike Diogu,dioguik01,LAC,PF,27,36,470,13.7,0.59,0.0,0.419,10.3,18.3,14.3,0.7,0.3,0.5,11.2,18.7,0.7,0.3,1.0,0.104,-2.4,-2.5,-4.9,-0.3
Ime Udoka,udokaim01,SAS,SF,33,20,130,5.3,0.285,0.381,0.381,4.6,12.2,8.5,13.2,3.2,0.5,16.9,10.4,-0.2,0.2,0.0,0.008,-5.9,2.8,-3.1,0.0
Ish Smith,smithis01,"HOU,MEM",PG,22,43,442,7.6,0.406,0.087,0.183,1.8,10.3,6.1,25.5,2.1,0.3,21.5,15.9,-0.5,0.4,-0.1,-0.016,-4.5,-0.5,-5.0,-0.3
J.J. Barea,bareajo01,DAL,PG,26,81,1669,14.8,0.535,0.291,0.242,2.1,8.8,5.6,31.2,0.9,0.0,15.9,23.9,1.9,1.4,3.2,0.093,0.5,-1.0,-0.5,0.6
J.J. Hickson,hicksjj01,CLE,C,22,80,2256,15.6,0.503,0.005,0.392,10.8,25.0,17.7,7.5,1.1,1.8,13.6,25.5,-0.2,1.7,1.5,0.032,-1.8,-2.1,-3.8,-1.1
J.J. Redick,redicjj01,ORL,SG,26,59,1513,12.8,0.589,0.49,0.286,0.5,8.1,4.4,11.0,1.0,0.2,9.5,17.0,2.7,1.8,4.5,0.142,0.4,0.7,1.1,1.2
J.R. Smith,smithjr01,DEN,SF,25,79,1968,16.4,0.55,0.406,0.282,2.7,15.8,9.4,14.2,2.3,0.6,10.2,22.2,2.6,2.3,5.0,0.121,1.1,0.6,1.7,1.9
JaVale McGee,mcgeeja01,WAS,C,23,79,2193,17.4,0.566,0.005,0.381,11.2,22.2,16.5,2.8,1.0,6.7,12.6,16.3,2.7,2.5,5.3,0.115,-0.7,0.4,-0.4,0.9
Jamaal Magloire,magloja01,MIA,C,32,18,158,12.7,0.585,0.0,0.818,13.6,31.2,22.9,2.8,1.3,1.0,14.3,10.3,0.3,0.3,0.6,0.172,-1.5,0.9,-0.6,0.1
Jamal Crawford,crawfja01,ATL,SG,30,76,2297,14.2,0.545,0.399,0.297,1.2,5.6,3.4,17.7,1.3,0.5,12.8,23.4,1.9,1.4,3.4,0.071,0.6,-1.6,-1.0,0.6
Jamario Moon,moonja01,"CLE,LAC",SF,30,59,1042,10.1,0.499,0.496,0.069,2.5,16.0,9.1,7.8,1.4,2.4,7.9,12.0,0.4,0.7,1.1,0.05,-1.5,0.5,-1.1,0.2
Jameer Nelson,nelsoja01,ORL,PG,28,76,2319,15.4,0.548,0.354,0.193,1.9,9.3,5.7,33.7,1.7,0.1,17.6,22.0,3.4,3.2,6.6,0.136,1.0,0.1,1.1,1.8
James Anderson,anderja01,SAS,SF,21,26,286,8.5,0.529,0.568,0.222,0.8,8.3,4.7,9.2,0.5,1.5,12.8,16.4,0.1,0.2,0.3,0.051,-1.1,-0.6,-1.7,0.0
James Harden,hardeja01,OKC,SG,21,82,2189,16.4,0.598,0.474,0.501,2.3,11.0,6.8,12.8,2.2,0.8,11.3,19.5,5.0,2.1,7.1,0.156,1.3,0.6,1.9,2.2
James Johnson,johnsja01,"CHI,TOR",SF,23,38,822,12.6,0.505,0.143,0.3,5.2,15.4,10.2,16.4,2.1,3.4,19.3,18.2,-0.1,0.8,0.6,0.036,-1.6,0.9,-0.6,0.3
James Jones,jonesja02,MIA,SF,30,81,1549,11.1,0.629,0.829,0.208,1.9,9.9,6.1,4.1,1.0,1.0,5.3,12.0,3.0,1.7,4.7,0.145,0.7,0.3,1.0,1.2
James Posey,poseyja01,IND,SF,34,49,839,7.5,0.485,0.88,0.062,1.3,18.0,9.7,6.1,1.4,0.5,8.8,14.3,0.0,1.0,1.0,0.056,-2.6,0.5,-2.0,0.0
Jared Dudley,dudleja01,PHO,SF,25,82,2140,15.6,0.598,0.402,0.347,6.0,11.2,8.6,7.6,2.1,0.7,9.6,16.9,4.2,1.4,5.6,0.126,1.5,0.2,1.8,2.0
Jared Jeffries,jeffrja01,"HOU,NYK",PF,29,42,601,8.0,0.375,0.105,0.337,11.7,10.3,11.0,8.1,2.6,2.0,17.5,8.8,0.0,0.5,0.6,0.045,-2.8,0.5,-2.2,0.0
Jarrett Jack,jackja01,"TOR,NOH",SG,27,83,1722,14.2,0.503,0.17,0.336,1.4,10.9,6.1,23.3,1.7,0.3,13.1,23.0,0.9,1.4,2.4,0.066,-0.3,-0.4,-0.7,0.5
Jarron Collins,collija03,"LAC,POR",C,32,28,181,1.6,0.374,0.0,0.476,9.1,6.4,7.9,1.5,1.1,0.4,21.6,8.1,-0.1,0.1,-0.1,-0.016,-7.4,-1.5,-8.9,-0.3
Jason Collins,collija04,ATL,C,32,49,593,5.4,0.539,0.014,0.577,6.1,14.5,10.4,5.3,0.8,1.2,22.6,9.2,0.1,0.5,0.6,0.049,-5.3,0.4,-4.8,-0.4
Jason Kapono,kaponja01,PHI,SF,29,24,112,1.6,0.277,0.286,0.071,3.1,8.2,5.7,5.0,0.9,0.7,6.5,12.7,-0.3,0.1,-0.2,-0.07,-5.7,-1.7,-7.4,-0.2
Jason Kidd,kiddja01,DAL,PG,37,80,2653,14.4,0.5,0.656,0.129,1.6,13.4,7.7,35.4,2.7,0.8,22.1,14.3,2.5,3.9,6.4,0.116,0.9,2.0,2.8,3.3
Jason Maxiell,maxieja01,DET,PF,27,57,930,9.4,0.51,0.0,0.524,8.3,14.7,11.4,2.7,1.4,1.8,15.9,13.9,0.0,0.4,0.5,0.024,-3.3,-1.1,-4.4,-0.6
Jason Richardson,richaja01,"PHO,ORL",SG,30,80,2715,15.0,0.555,0.454,0.151,2.9,11.1,7.1,9.2,1.8,0.4,7.8,20.6,3.6,3.3,6.9,0.123,1.2,0.5,1.7,2.5
Jason Smith,smithja02,NOH,C,24,77,1102,10.8,0.49,0.007,0.228,9.8,16.9,13.3,5.3,1.3,2.4,13.6,16.9,0.2,1.4,1.6,0.07,-3.6,0.1,-3.5,-0.4
Jason Terry,terryja01,DAL,SG,33,82,2564,15.9,0.545,0.322,0.196,1.1,5.7,3.5,22.2,1.9,0.4,12.4,24.7,2.8,2.5,5.3,0.1,1.0,-0.1,0.9,1.9
Jason Thompson,thompja02,SAC,PF,24,75,1748,13.6,0.533,0.006,0.375,9.1,20.7,14.8,7.9,0.8,1.8,13.7,17.9,1.4,1.5,2.9,0.079,-1.7,-0.5,-2.2,-0.1
Jason Williams,willija02,"ORL,MEM",PG,35,27,295,8.4,0.403,0.567,0.0,1.2,10.6,6.0,25.1,2.0,0.3,21.2,13.2,-0.2,0.4,0.2,0.031,-2.3,0.7,-1.6,0.0
Jawad Williams,willija04,CLE,SF,27,26,391,4.8,0.396,0.357,0.095,2.0,12.4,7.1,9.0,1.2,0.6,10.9,17.1,-0.6,0.1,-0.5,-0.067,-5.5,-1.4,-6.8,-0.5
Jeff Adrien,adrieje01,GSW,PF,24,23,196,11.3,0.457,0.0,0.352,13.0,20.7,16.8,7.3,1.0,1.9,12.6,16.1,0.1,0.1,0.2,0.051,-3.3,-2.0,-5.3,-0.2
Jeff Foster,fosteje01,IND,C,34,56,940,14.3,0.497,0.018,0.287,19.1,22.3,20.7,7.3,1.3,2.4,12.1,10.1,1.6,1.4,3.0,0.152,-0.6,0.1,-0.5,0.4
Jeff Green,greenje02,"OKC,BOS",PF,24,75,2427,12.9,0.538,0.257,0.298,3.7,13.5,8.8,7.2,1.1,1.1,9.6,19.5,2.4,2.4,4.8,0.095,-0.6,-0.5,-1.1,0.5
Jeff Teague,teaguje01,ATL,PG,22,70,963,14.6,0.521,0.158,0.319,1.4,11.3,6.4,23.3,2.5,2.0,15.6,20.3,0.4,1.2,1.7,0.083,-0.8,1.3,0.5,0.6
Jeremy Evans,evansje01,UTA,SF,23,49,463,18.8,0.678,0.009,0.322,9.3,16.1,12.6,8.5,1.9,3.0,12.6,14.9,1.2,0.4,1.6,0.167,1.5,0.6,2.1,0.5
Jeremy Lin,linje01,GSW,PG,22,29,285,14.8,0.458,0.069,0.347,4.7,8.9,6.8,20.4,5.9,2.4,17.8,15.6,0.0,0.4,0.5,0.078,-2.1,4.4,2.2,0.3
Jermaine O'Neal,onealje01,BOS,C,32,24,431,9.2,0.504,0.009,0.394,7.6,17.0,12.6,4.3,0.2,5.4,17.4,17.2,-0.2,0.8,0.6,0.065,-5.4,1.3,-4.2,-0.2
Jermaine Taylor,tayloje02,"HOU,SAC",SG,24,34,483,12.2,0.535,0.23,0.143,6.0,8.7,7.3,11.1,1.5,0.7,18.1,22.9,-0.1,0.3,0.1,0.014,-1.4,-2.2,-3.6,-0.2
Jerry Stackhouse,stackje01,MIA,SG,36,7,50,6.0,0.398,0.333,0.583,2.5,13.4,8.3,8.5,0.0,3.1,11.7,16.0,-0.1,0.1,0.0,0.005,-4.5,-1.7,-6.2,-0.1
Jerryd Bayless,bayleje01,"NOH,TOR",PG,22,71,1496,14.1,0.536,0.282,0.398,2.0,11.3,6.6,27.6,1.3,0.3,17.3,22.1,1.4,0.3,1.6,0.053,0.1,-1.9,-1.8,0.1
Joakim Noah,noahjo01,CHI,C,25,48,1576,18.8,0.579,0.002,0.468,13.9,22.8,18.5,10.7,1.6,3.5,15.7,16.8,3.1,3.6,6.7,0.205,0.8,2.1,2.9,1.9
Jodie Meeks,meeksjo01,PHI,SG,23,74,2062,12.5,0.6,0.611,0.298,1.2,8.4,4.8,5.7,1.6,0.1,8.5,15.7,3.2,1.9,5.1,0.12,0.1,0.1,0.2,1.1
Joe Johnson,johnsjo02,ATL,SG,29,72,2554,16.4,0.517,0.258,0.209,2.8,10.9,6.9,24.0,1.0,0.2,10.3,26.3,2.5,1.8,4.2,0.08,1.2,-1.5,-0.3,1.1
Joe Smith,smithjo02,"NJN,LAL",PF,35,16,69,-0.1,0.237,0.0,0.125,5.1,28.9,17.3,8.0,0.0,4.4,22.9,14.5,-0.3,0.1,-0.1,-0.099,-10.1,0.8,-9.2,-0.1
Joel Anthony,anthojo01,MIA,C,28,75,1463,7.3,0.583,0.0,0.737,9.0,12.4,10.8,2.2,0.4,5.0,21.5,5.3,1.2,2.1,3.3,0.107,-3.2,1.6,-1.6,0.2
Joel Przybilla,przybjo01,"POR,CHA",C,31,36,519,6.2,0.573,0.0,0.614,8.4,26.4,17.1,3.6,0.5,2.4,34.2,7.7,-0.1,0.6,0.5,0.046,-5.4,0.6,-4.8,-0.4
Joey Dorsey,dorsejo01,TOR,C,27,43,522,14.2,0.529,0.0,0.657,17.5,25.8,21.6,7.4,2.4,2.5,23.4,14.3,0.2,0.5,0.8,0.072,-1.6,0.1,-1.6,0.1
Joey Graham,grahajo01,CLE,SF,28,39,586,7.7,0.518,0.168,0.201,1.5,15.3,8.2,5.2,0.5,0.9,12.6,17.2,-0.2,0.1,0.0,-0.004,-4.5,-1.3,-5.8,-0.6
Johan Petro,petrojo01,NJN,C,25,77,893,9.9,0.452,0.014,0.097,8.0,20.4,14.0,8.4,2.0,2.9,13.2,18.1,-0.7,1.1,0.4,0.024,-5.5,0.9,-4.7,-0.6
John Lucas III,lucasjo02,CHI,PG,28,2,10,-0.1,0.258,0.333,0.667,0.0,0.0,0.0,15.0,0.0,0.0,0.0,17.8,0.0,0.0,0.0,-0.121,-6.3,-3.3,-9.6,0.0
John Salmons,salmojo01,MIL,SG,31,73,2554,12.8,0.51,0.244,0.267,1.2,11.2,6.1,17.5,1.5,0.9,12.0,20.9,0.9,3.4,4.3,0.081,-0.9,0.7,-0.3,1.1
John Wall,walljo01,WAS,PG,20,69,2606,15.8,0.494,0.118,0.404,1.5,12.8,6.9,36.0,2.4,1.0,18.6,23.8,0.3,1.9,2.2,0.041,0.0,-0.8,-0.8,0.8
Jon Brockman,brockjo01,MIL,C,23,63,677,9.6,0.567,0.0,0.628,12.4,19.4,15.8,4.2,1.1,0.3,16.7,10.0,0.8,1.0,1.9,0.132,-4.1,0.2,-3.9,-0.3
Jonny Flynn,flynnjo01,MIN,PG,21,53,983,7.1,0.444,0.338,0.142,1.3,7.5,4.3,27.6,1.7,0.2,26.4,18.5,-1.6,0.2,-1.3,-0.064,-3.9,-2.4,-6.3,-1.1
Jordan Crawford,crawfjo02,"ATL,WAS",SG,22,42,1027,11.8,0.456,0.256,0.168,3.4,8.6,5.9,19.8,2.0,0.2,13.4,27.0,-1.0,0.5,-0.6,-0.026,-1.5,-2.3,-3.8,-0.5
Jordan Farmar,farmajo01,NJN,PG,24,73,1796,14.1,0.504,0.467,0.154,1.5,10.1,5.7,34.9,1.8,0.3,16.7,21.6,0.8,1.0,1.9,0.05,0.8,-1.3,-0.4,0.7
Jordan Hill,hilljo01,HOU,C,23,72,1125,13.1,0.521,0.006,0.241,12.9,18.0,15.4,4.0,0.6,3.2,13.7,17.7,0.8,1.0,1.8,0.079,-2.9,-1.4,-4.3,-0.7
Josh Childress,childjo01,PHO,SG,27,54,894,13.0,0.567,0.075,0.276,8.9,11.1,10.0,7.0,1.9,1.9,15.5,14.3,0.8,0.6,1.4,0.076,-0.6,0.1,-0.5,0.3
Josh Howard,howarjo01,WAS,SF,30,18,409,9.2,0.416,0.179,0.29,4.8,16.2,10.3,9.4,1.6,0.9,9.9,21.9,-0.5,0.3,-0.2,-0.027,-3.1,-0.7,-3.8,-0.2
Josh McRoberts,mcrobjo01,IND,PF,23,72,1597,16.0,0.608,0.155,0.308,7.6,18.8,13.3,15.0,1.5,2.6,17.5,14.7,2.6,2.2,4.9,0.147,0.6,1.7,2.3,1.7
Josh Powell,poweljo01,ATL,PF,28,54,653,8.0,0.492,0.005,0.216,9.1,15.8,12.5,5.5,0.4,0.6,18.9,20.4,-0.7,0.5,-0.2,-0.012,-5.0,-2.3,-7.3,-0.9
Josh Smith,smithjo03,ATL,PF,25,77,2645,19.2,0.54,0.148,0.304,6.2,23.7,15.0,17.1,2.0,3.5,14.3,24.7,1.9,4.5,6.4,0.116,1.0,1.7,2.8,3.2
José Calderón,caldejo01,TOR,PG,29,68,2102,16.3,0.522,0.262,0.173,1.7,9.9,5.7,43.0,2.0,0.3,18.8,16.8,3.2,0.4,3.7,0.084,1.9,-1.2,0.8,1.5
Jrue Holiday,holidjr01,PHI,PG,20,82,2901,15.4,0.525,0.222,0.209,2.7,10.5,6.6,29.0,2.2,0.8,16.7,20.8,2.2,3.5,5.7,0.094,0.4,0.4,0.8,2.0
Julian Wright,wrighju01,TOR,SF,23,52,766,12.1,0.525,0.063,0.269,7.1,11.3,9.1,11.0,2.6,2.0,19.4,13.0,0.2,0.4,0.6,0.038,-0.7,0.7,0.0,0.4
Juwan Howard,howarju01,MIA,PF,37,57,592,8.4,0.495,0.0,0.28,7.7,16.3,12.2,5.8,0.9,0.5,15.1,13.1,0.2,0.8,0.9,0.074,-3.5,0.0,-3.5,-0.2
Keith Bogans,boganke01,CHI,SG,30,82,1461,9.0,0.559,0.772,0.104,1.6,10.1,5.9,10.1,1.4,0.5,11.3,11.4,1.4,2.2,3.6,0.118,-1.5,1.4,-0.2,0.7
Kendrick Perkins,perkike01,"BOS,OKC",C,26,29,742,9.6,0.538,0.0,0.554,10.4,26.2,18.7,5.2,0.6,2.6,25.7,13.7,-0.2,1.2,1.0,0.063,-3.6,0.6,-3.0,-0.2
Kenyon Martin,martike01,DEN,PF,33,48,1233,14.1,0.526,0.025,0.199,6.5,20.9,13.9,13.6,1.8,2.2,13.0,16.4,1.0,1.6,2.7,0.104,-0.8,1.7,0.9,0.9
Kevin Durant,duranke01,OKC,SF,22,78,3038,23.6,0.589,0.269,0.439,2.3,17.7,10.3,13.2,1.5,1.8,10.6,30.6,8.6,3.3,12.0,0.189,5.2,-0.3,4.9,5.3
Kevin Garnett,garneke01,BOS,PF,34,71,2220,20.6,0.575,0.006,0.264,4.9,28.7,17.5,13.5,2.3,2.0,11.1,22.3,3.4,5.6,9.0,0.194,1.8,2.9,4.7,3.8
Kevin Love,loveke01,MIN,PF,22,73,2611,24.3,0.593,0.206,0.486,13.7,34.2,23.6,11.8,0.9,0.8,11.1,22.9,8.9,2.5,11.4,0.21,5.7,-1.3,4.4,4.2
Kevin Martin,martike02,HOU,SG,27,80,2603,21.4,0.601,0.362,0.528,1.2,10.0,5.6,13.0,1.6,0.4,10.5,29.6,8.0,1.5,9.5,0.175,4.3,-1.0,3.4,3.5
Kevin Séraphin,serapke01,WAS,PF,21,58,635,8.4,0.479,0.0,0.211,13.9,13.4,13.7,2.4,1.4,3.4,20.7,14.1,-0.2,0.5,0.2,0.017,-5.8,-1.0,-6.9,-0.8
Keyon Dooling,doolike01,MIL,PG,30,80,1757,11.3,0.509,0.451,0.181,0.8,7.1,3.9,23.4,1.6,0.2,14.0,17.3,0.8,2.1,2.9,0.08,-1.4,0.2,-1.2,0.4
Kirk Hinrich,hinriki01,"WAS,ATL",SG,30,72,2157,12.3,0.543,0.302,0.202,1.1,8.9,4.9,21.1,1.8,0.6,15.1,16.7,1.8,1.2,3.0,0.068,-1.0,-0.2,-1.3,0.4
Kobe Bryant,bryanko01,LAL,SG,32,82,2779,23.9,0.548,0.217,0.356,3.5,13.3,8.5,26.7,1.9,0.3,11.4,35.1,6.8,3.5,10.3,0.178,5.4,-0.2,5.2,5.0
Kosta Koufos,koufoko01,"MIN,DEN",C,21,50,434,12.6,0.474,0.013,0.287,14.6,19.1,16.8,2.5,1.1,4.4,15.5,19.9,-0.2,0.4,0.2,0.027,-3.9,-1.6,-5.5,-0.4
Kris Humphries,humphkr01,NJN,PF,25,74,2061,17.8,0.555,0.002,0.328,12.5,32.2,22.1,7.0,0.9,3.0,13.4,17.3,2.7,2.7,5.4,0.125,0.5,-0.1,0.4,1.3
Kurt Thomas,thomaku01,CHI,PF,38,52,1178,10.0,0.527,0.005,0.172,7.7,21.9,15.0,7.4,1.4,2.7,17.3,9.4,0.7,2.6,3.2,0.131,-3.4,2.8,-0.6,0.4
Kwame Brown,brownkw01,CHA,C,28,66,1714,12.8,0.55,0.0,0.616,10.3,21.6,15.9,4.1,0.8,1.8,12.6,14.9,1.8,1.7,3.5,0.097,-1.9,-0.9,-2.8,-0.3
Kyle Korver,korveky01,CHI,SG,29,82,1649,13.0,0.572,0.519,0.156,0.9,9.5,5.3,12.1,1.1,0.9,9.2,18.3,2.7,2.4,5.1,0.149,0.4,0.7,1.1,1.3
Kyle Lowry,lowryky01,HOU,PG,24,75,2563,16.5,0.55,0.424,0.31,3.9,9.7,6.8,29.4,2.0,0.6,14.7,18.6,5.1,1.8,7.0,0.13,2.0,0.0,2.0,2.6
Kyle Weaver,weaveky01,UTA,SG,24,5,69,11.3,0.491,0.28,0.32,3.5,14.1,8.7,15.8,1.5,2.4,19.7,23.6,-0.1,0.0,0.0,-0.018,-1.5,-1.2,-2.7,0.0
Kyrylo Fesenko,fesenky01,UTA,C,24,53,456,5.8,0.441,0.01,0.46,8.9,19.8,14.3,5.9,0.5,2.9,17.2,14.6,-0.4,0.3,-0.1,-0.011,-6.5,-0.9,-7.4,-0.6
LaMarcus Aldridge,aldrila01,POR,PF,25,81,3211,21.5,0.549,0.016,0.314,10.1,17.2,13.5,10.1,1.4,2.4,8.7,25.7,7.6,3.5,11.1,0.166,2.6,-0.5,2.1,3.4
Lamar Odom,odomla01,LAL,PF,31,82,2639,19.4,0.589,0.199,0.275,7.8,22.2,15.2,15.5,0.9,1.8,12.2,19.7,6.1,4.0,10.1,0.184,2.8,0.8,3.5,3.7
Lance Stephenson,stephla01,IND,SG,20,12,115,5.5,0.41,0.128,0.359,1.0,16.3,8.7,28.3,1.8,0.0,26.2,23.5,-0.4,0.1,-0.2,-0.093,-6.5,-0.6,-7.2,-0.2
Landry Fields,fieldla01,NYK,SG,22,82,2541,13.5,0.598,0.364,0.244,4.7,18.9,11.7,9.0,1.6,0.5,13.8,13.5,3.4,1.8,5.3,0.1,0.6,-0.4,0.2,1.4
Larry Owens,owensla01,"SAS,WAS",SF,28,12,143,11.2,0.556,0.406,0.281,0.8,11.4,6.0,8.4,3.2,2.7,12.2,12.7,0.1,0.2,0.2,0.083,-1.8,2.4,0.6,0.1
Larry Sanders,sandela01,MIL,C,22,60,872,11.0,0.448,0.0,0.187,7.7,16.3,11.9,3.2,1.3,6.5,11.6,17.6,-0.7,1.8,1.0,0.057,-5.2,1.7,-3.5,-0.3
Lazar Hayward,haywala01,MIN,SF,24,42,419,10.8,0.464,0.39,0.273,5.9,12.8,9.3,10.3,1.4,1.3,9.9,19.5,0.1,0.2,0.3,0.035,-1.6,-1.3,-2.9,-0.1
LeBron James,jamesle01,MIA,SF,26,79,3063,27.3,0.594,0.188,0.446,3.3,18.7,11.4,34.9,2.1,1.3,13.8,31.5,10.3,5.3,15.6,0.244,6.3,1.8,8.1,7.8
Leandro Barbosa,barbole01,TOR,SG,28,58,1395,15.3,0.539,0.326,0.21,1.2,7.4,4.2,14.6,1.9,0.3,10.5,25.6,1.4,0.1,1.5,0.052,0.4,-1.7,-1.3,0.2
Leon Powe,powele01,"CLE,MEM",C,27,30,328,15.0,0.524,0.017,0.605,8.3,14.2,11.2,3.6,1.6,0.9,7.4,22.4,0.4,0.2,0.6,0.09,-1.7,-1.7,-3.4,-0.1
Lester Hudson,hudsole01,WAS,PG,26,11,73,6.0,0.349,0.625,0.167,1.5,6.5,3.9,34.1,2.8,1.0,21.4,19.8,-0.2,0.0,-0.1,-0.082,-3.9,-0.4,-4.3,0.0
Linas Kleiza,kleizli01,TOR,SF,26,39,1032,10.1,0.502,0.323,0.16,4.1,16.5,10.2,6.2,1.0,0.5,13.0,21.7,-0.5,0.2,-0.3,-0.012,-2.4,-2.3,-4.7,-0.7
Lou Amundson,amundlo01,GSW,PF,28,46,691,11.5,0.452,0.0,0.475,13.0,17.4,15.2,3.5,1.0,3.6,9.8,15.7,0.2,0.5,0.6,0.044,-3.1,-1.4,-4.5,-0.4
Lou Williams,willilo02,PHI,SG,24,75,1747,18.9,0.54,0.318,0.448,2.1,7.7,4.9,24.1,1.4,0.7,9.7,27.8,3.5,1.6,5.1,0.141,3.0,-0.7,2.3,1.9
Luc Mbah a Moute,mbahalu01,MIL,PF,24,79,2093,11.5,0.518,0.016,0.439,9.2,14.3,11.7,5.3,1.8,1.1,13.1,13.1,1.5,3.3,4.8,0.109,-2.3,1.1,-1.3,0.4
Luis Scola,scolalu01,HOU,PF,30,74,2412,18.4,0.538,0.003,0.257,6.9,21.6,14.2,13.7,1.0,1.3,10.5,25.7,3.3,2.2,5.5,0.11,0.4,-0.8,-0.4,1.0
Luke Babbitt,babbilu01,POR,SF,21,24,137,1.0,0.305,0.291,0.164,5.1,22.4,13.4,6.9,0.8,1.2,11.9,22.8,-0.6,0.1,-0.4,-0.143,-8.3,-2.5,-10.8,-0.3
Luke Harangody,haranlu01,"BOS,CLE",PF,23,49,640,10.1,0.444,0.32,0.126,7.5,18.9,13.2,7.6,1.2,2.0,6.9,16.8,-0.1,0.7,0.6,0.048,-3.3,-0.4,-3.7,-0.3
Luke Ridnour,ridnolu01,MIN,PG,29,71,2159,15.0,0.567,0.27,0.201,1.9,8.6,5.1,28.1,2.1,0.4,17.6,17.8,3.2,0.8,4.0,0.089,0.7,-0.7,0.0,1.1
Luke Walton,waltolu01,LAL,SF,30,54,484,5.1,0.378,0.293,0.086,2.2,13.1,7.8,18.0,1.0,0.6,20.5,14.3,-0.7,0.5,-0.2,-0.016,-4.8,-0.2,-5.0,-0.4
Luol Deng,denglu01,CHI,SF,25,82,3208,15.5,0.549,0.288,0.291,4.4,12.8,8.7,11.9,1.3,1.1,10.7,20.9,4.7,5.2,9.9,0.149,1.1,0.6,1.7,3.0
Luther Head,headlu01,SAC,PG,28,36,586,11.7,0.538,0.39,0.305,3.0,8.8,5.8,17.7,0.9,1.1,14.7,16.1,0.6,0.2,0.9,0.073,0.0,-0.7,-0.7,0.2
Malik Allen,allenma01,ORL,PF,32,18,178,3.3,0.361,0.0,0.065,8.1,12.8,10.5,3.3,0.3,1.7,8.6,9.1,-0.1,0.2,0.2,0.046,-5.8,0.5,-5.4,-0.2
Manny Harris,harrima01,CLE,SG,21,54,933,10.4,0.486,0.318,0.322,4.3,13.2,8.6,14.8,1.7,0.6,16.0,19.1,-0.4,0.4,0.0,0.002,-2.3,-1.2,-3.5,-0.4
Manu Ginóbili,ginobma01,SAS,SG,33,80,2426,21.7,0.581,0.433,0.403,2.1,11.8,7.1,26.4,2.6,0.8,12.7,26.0,6.6,3.2,9.9,0.195,4.1,1.3,5.4,4.5
Marc Gasol,gasolma01,MEM,C,26,81,2586,16.8,0.58,0.01,0.425,7.1,19.4,13.1,11.6,1.5,4.3,15.1,16.9,4.0,3.9,7.9,0.146,0.3,2.0,2.3,2.8
Marcin Gortat,gortama01,"ORL,PHO",C,26,80,2032,17.8,0.594,0.007,0.32,8.5,27.4,18.0,5.5,0.9,3.3,10.5,17.1,3.7,2.7,6.4,0.152,0.2,0.7,0.9,1.5
Marco Belinelli,belinma01,NOH,SG,24,80,1957,12.1,0.56,0.469,0.181,1.1,8.4,4.7,8.0,1.1,0.3,9.4,20.0,1.9,1.5,3.4,0.084,0.2,-0.8,-0.6,0.7
Marcus Banks,banksma01,TOR,PG,29,3,22,6.8,0.543,0.0,4.0,0.0,5.5,2.7,17.2,2.3,0.0,26.6,15.3,0.0,0.0,0.0,0.011,-6.6,0.1,-6.5,0.0
Marcus Camby,cambyma01,POR,C,36,59,1540,14.8,0.426,0.003,0.238,13.8,35.2,24.1,11.7,1.4,5.0,16.0,11.7,0.8,3.0,3.7,0.116,-0.7,2.2,1.5,1.4
Marcus Cousin,cousima01,UTA,C,24,4,18,7.8,0.667,0.0,0.0,0.0,20.3,10.1,0.0,0.0,4.5,25.0,10.2,0.0,0.0,0.0,0.008,-4.3,-2.7,-7.1,0.0
Marcus Thornton,thornma01,"NOH,SAC",SG,23,73,1775,16.5,0.525,0.297,0.228,4.0,13.3,8.6,13.2,1.9,0.4,9.5,24.9,1.9,1.6,3.5,0.095,1.4,-0.4,1.0,1.3
Mario Chalmers,chalmma01,MIA,PG,24,70,1579,10.3,0.538,0.595,0.16,1.0,9.5,5.5,16.8,2.5,0.3,18.0,15.0,0.7,2.3,2.9,0.089,-2.3,1.5,-0.8,0.5
Mario West,westma02,NJN,SG,26,6,116,9.1,0.474,0.19,0.238,2.0,9.4,5.6,13.2,3.2,0.0,7.9,10.1,0.1,0.1,0.2,0.069,-5.5,1.3,-4.2,-0.1
Marquis Daniels,daniema01,BOS,SF,30,49,938,11.7,0.527,0.091,0.246,3.3,11.0,7.4,10.6,2.2,1.8,12.9,15.1,0.3,1.7,2.0,0.103,-1.7,2.3,0.6,0.6
Marreese Speights,speigma01,PHI,C,23,64,734,15.3,0.532,0.014,0.251,10.1,22.9,16.5,7.0,0.6,2.0,11.0,22.8,0.7,1.0,1.7,0.11,-2.2,-0.8,-3.0,-0.2
Martell Webster,webstma02,MIN,SF,24,46,1094,12.4,0.575,0.388,0.359,3.6,11.6,7.5,7.5,1.3,0.6,12.8,17.6,1.4,0.3,1.8,0.077,-0.4,-0.9,-1.3,0.2
Marvin Williams,willima02,ATL,SF,24,65,1865,13.5,0.551,0.205,0.324,4.4,15.7,10.1,7.6,1.0,0.9,9.2,17.2,2.3,1.7,4.0,0.102,-0.3,-0.5,-0.8,0.6
Matt Barnes,barnema02,LAL,SF,30,53,1020,14.6,0.569,0.384,0.276,8.4,16.7,12.7,10.5,2.0,1.6,15.6,16.6,1.4,1.6,3.0,0.142,-0.5,1.0,0.6,0.7
Matt Bonner,bonnema01,SAS,PF,30,66,1432,13.5,0.617,0.62,0.116,5.0,14.2,9.7,6.2,0.9,1.0,6.5,13.4,3.0,1.4,4.4,0.147,1.7,0.2,1.9,1.4
Matt Carroll,carroma01,CHA,SG,30,54,582,12.2,0.53,0.231,0.261,2.5,11.7,7.1,6.9,1.6,0.8,9.4,19.8,0.3,0.5,0.8,0.062,-1.9,-0.8,-2.7,-0.1
Maurice Ager,agerma01,MIN,SG,26,4,29,10.1,0.682,0.364,0.0,0.0,7.9,3.8,6.0,1.7,0.0,26.7,22.0,0.0,0.0,0.0,-0.015,-0.9,0.2,-0.7,0.0
Maurice Evans,evansma01,"ATL,WAS",SF,32,73,1549,9.1,0.513,0.394,0.137,3.9,8.0,5.9,4.5,1.1,0.7,6.8,14.2,1.0,0.7,1.7,0.054,-2.2,-1.0,-3.2,-0.5
Mehmet Okur,okurme01,UTA,C,31,13,168,12.6,0.452,0.258,0.323,6.4,15.2,10.8,17.7,1.3,1.9,9.0,21.2,0.1,0.1,0.2,0.048,-1.3,-1.5,-2.8,0.0
Melvin Ely,elyme01,DEN,C,32,30,366,8.3,0.573,0.0,0.412,8.8,14.4,11.7,5.3,0.5,2.3,18.9,9.0,0.3,0.3,0.6,0.083,-2.9,-0.3,-3.2,-0.1
Metta World Peace,artesro01,LAL,SF,31,82,2410,11.2,0.485,0.354,0.207,4.9,7.6,6.3,10.7,2.7,1.1,11.1,15.3,1.2,3.2,4.4,0.088,-1.4,1.5,0.2,1.3
Michael Beasley,beaslmi01,MIN,SF,22,73,2361,15.5,0.51,0.132,0.234,5.4,14.1,9.6,12.3,1.1,1.7,12.4,28.3,0.7,1.0,1.7,0.035,0.0,-1.8,-1.8,0.1
Michael Redd,reddmi01,MIL,SG,31,10,134,9.7,0.47,0.378,0.089,0.0,7.1,3.5,15.6,0.8,0.6,7.9,17.7,0.0,0.1,0.1,0.048,-2.6,-1.4,-4.0,-0.1
Mickaël Piétrus,pietrmi01,"ORL,PHO",SG,28,57,1107,9.8,0.526,0.647,0.156,1.6,11.5,6.6,4.6,1.3,1.4,9.1,17.6,0.3,1.0,1.3,0.055,-1.2,0.2,-1.0,0.3
Mike Bibby,bibbymi01,"ATL,WAS,MIA",PG,32,80,2285,10.9,0.57,0.604,0.108,0.9,9.2,5.1,17.9,1.2,0.3,14.3,14.6,2.2,1.8,4.0,0.085,-0.6,-0.4,-0.9,0.6
Mike Conley,conlemi01,MEM,PG,23,81,2872,15.9,0.521,0.228,0.259,1.3,9.0,5.1,28.0,2.6,0.5,14.2,19.4,3.4,3.2,6.6,0.111,0.7,0.5,1.2,2.3
Mike Dunleavy,dunlemi02,IND,SG,30,61,1683,14.6,0.593,0.488,0.24,1.9,16.2,9.1,10.1,1.2,1.3,10.7,16.9,2.6,1.9,4.5,0.129,1.1,0.4,1.6,1.5
Mike Harris,harrimi01,HOU,PF,27,4,16,17.9,0.515,0.0,0.667,14.1,21.3,17.7,10.2,0.0,4.3,11.4,24.2,0.0,0.0,0.0,0.102,-2.3,-0.2,-2.4,0.0
Mike Miller,millemi01,MIA,SG,30,41,838,9.7,0.525,0.584,0.168,5.7,19.5,13.0,9.1,1.3,0.2,15.9,14.4,0.4,1.2,1.6,0.09,-1.5,0.1,-1.4,0.1
Mo Williams,willima01,"CLE,LAC",PG,28,58,1788,13.9,0.503,0.334,0.242,1.3,8.7,5.0,36.9,1.5,0.4,17.5,24.7,0.4,0.6,1.0,0.026,-0.1,-2.2,-2.4,-0.2
Monta Ellis,ellismo01,GSW,SG,25,80,3227,18.6,0.536,0.235,0.268,1.5,8.5,4.9,23.4,2.6,0.5,12.3,28.1,4.3,1.7,6.0,0.089,1.7,-0.9,0.8,2.3
Morris Peterson,petermo01,OKC,SG,33,4,23,1.7,0.4,0.2,0.0,0.0,14.8,7.6,6.4,0.0,0.0,0.0,9.9,0.0,0.0,0.0,0.015,-8.7,-1.0,-9.8,0.0
Mustafa Shakur,shakumu01,WAS,PG,26,22,159,6.8,0.389,0.169,0.254,4.8,11.2,7.9,24.9,1.6,1.4,21.5,23.2,-0.5,0.1,-0.4,-0.112,-4.7,-1.9,-6.6,-0.2
Nate Robinson,robinna01,"BOS,OKC",PG,26,59,1013,10.0,0.507,0.532,0.117,1.9,8.6,5.5,17.8,1.5,0.3,14.7,21.9,-0.4,1.5,1.1,0.051,-2.5,-0.1,-2.6,-0.2
Nazr Mohammed,mohamna01,"CHA,OKC",C,33,75,1280,15.9,0.538,0.002,0.25,13.2,21.2,17.2,3.3,1.2,3.5,12.3,20.6,1.0,1.6,2.7,0.1,-2.0,-0.8,-2.8,-0.3
Nenad Krstić,krstine01,"OKC,BOS",C,27,71,1571,13.1,0.557,0.0,0.323,9.9,15.4,12.7,2.8,0.9,1.2,9.8,16.9,2.3,1.7,4.0,0.122,-1.4,-1.0,-2.5,-0.2
Nenê,hilarne01,DEN,C,28,75,2291,20.4,0.657,0.008,0.615,7.5,20.8,14.4,10.4,1.8,2.4,13.9,18.8,6.4,3.1,9.6,0.201,2.1,1.5,3.6,3.2
Nick Collison,collini01,OKC,C,30,71,1524,10.8,0.6,0.0,0.302,9.5,14.6,12.1,6.7,1.4,1.5,16.7,9.8,2.1,1.5,3.6,0.113,-1.9,0.7,-1.2,0.3
Nick Young,youngni01,WAS,SG,25,64,2034,14.5,0.538,0.29,0.244,1.4,8.6,4.9,6.6,1.1,0.6,8.0,24.4,2.3,0.4,2.8,0.065,0.6,-1.8,-1.3,0.4
Nicolas Batum,batumni01,POR,SF,22,80,2522,14.8,0.563,0.424,0.203,5.1,12.8,8.8,8.1,1.5,1.6,8.6,17.8,4.4,2.3,6.6,0.126,1.1,0.0,1.1,2.0
Nikola Peković,pekovni01,MIN,C,25,65,887,11.2,0.573,0.0,0.433,11.0,13.2,12.1,4.8,1.0,3.0,22.5,19.4,0.2,0.5,0.6,0.035,-4.8,-0.9,-5.7,-0.8
O.J. Mayo,mayooj01,MEM,SG,23,71,1869,12.6,0.499,0.353,0.175,2.2,8.7,5.4,12.1,2.0,1.1,11.0,21.8,0.5,1.9,2.4,0.062,-0.4,-0.1,-0.6,0.7
Omri Casspi,casspom01,SAC,SF,22,71,1702,11.7,0.517,0.452,0.185,4.8,16.0,10.3,6.6,1.6,0.6,10.3,16.7,1.1,1.3,2.5,0.069,-0.1,-0.4,-0.6,0.6
Orien Greene,greenor01,NJN,SG,28,3,5,33.0,0.521,0.0,1.0,0.0,0.0,0.0,37.8,10.7,0.0,0.0,26.7,0.0,0.0,0.0,0.293,6.0,9.1,15.1,0.0
Othyus Jeffers,jeffeot01,"SAS,WAS",SG,25,17,322,13.3,0.546,0.062,0.708,8.5,15.4,11.9,9.3,2.7,0.0,14.1,13.6,0.4,0.3,0.7,0.097,-1.6,0.0,-1.7,0.0
Pape Sy,sypa01,ATL,SF,22,3,21,9.2,0.478,0.167,0.5,11.6,5.7,8.6,14.5,2.6,0.0,29.1,23.3,0.0,0.0,0.0,-0.047,-3.5,-2.5,-6.0,0.0
Patrick Ewing,ewingpa02,NOH,SF,26,7,19,0.6,0.222,0.4,0.8,6.4,6.4,6.4,14.2,0.0,4.4,12.9,19.5,-0.1,0.0,-0.1,-0.158,-5.6,-3.4,-9.1,0.0
Patrick Patterson,pattepa01,HOU,PF,21,52,868,16.7,0.574,0.007,0.157,11.2,14.9,13.1,7.6,1.0,3.0,9.8,16.1,1.7,0.7,2.4,0.134,0.4,-0.1,0.3,0.5
Patty Mills,millspa02,POR,PG,22,64,783,13.0,0.506,0.405,0.143,2.8,5.2,4.0,24.3,1.9,0.1,15.1,24.5,0.2,0.5,0.7,0.044,-0.1,-1.4,-1.5,0.1
Pau Gasol,gasolpa01,LAL,C,30,82,3037,23.3,0.589,0.003,0.384,10.3,20.5,15.6,15.1,0.8,3.3,9.8,21.8,10.0,4.7,14.7,0.232,3.9,0.9,4.8,5.2
Paul George,georgpa01,IND,SG,20,61,1265,13.0,0.542,0.349,0.256,3.3,16.3,9.8,8.3,2.5,1.5,13.7,17.8,0.5,1.9,2.4,0.091,-1.6,1.4,-0.1,0.6
Paul Millsap,millspa01,UTA,PF,25,76,2605,19.8,0.578,0.023,0.342,7.5,19.4,13.4,12.6,2.1,2.2,11.3,22.6,5.2,2.5,7.7,0.143,1.6,0.3,1.9,2.5
Paul Pierce,piercpa01,BOS,SF,33,80,2774,19.7,0.62,0.291,0.44,1.6,16.6,9.5,16.1,1.5,1.4,12.3,24.0,6.5,5.1,11.6,0.201,3.0,1.6,4.6,4.6
Peja Stojaković,stojape01,"NOH,TOR,DAL",SF,33,33,617,15.2,0.588,0.599,0.11,2.8,11.3,7.1,7.7,1.1,0.2,6.7,19.4,1.1,0.6,1.6,0.126,2.5,-0.4,2.1,0.6
Pops Mensah-Bonsu,mensapo01,NOH,PF,27,7,35,-0.1,0.333,0.0,0.0,10.4,28.0,19.1,8.0,0.0,0.0,40.0,6.8,0.0,0.0,0.0,0.013,-9.1,0.7,-8.4,-0.1
Quentin Richardson,richaqu01,ORL,SF,30,57,955,8.1,0.454,0.573,0.173,4.9,16.6,10.9,6.1,1.4,0.4,10.7,14.9,-0.2,1.5,1.3,0.067,-2.4,0.9,-1.5,0.1
Quincy Pondexter,pondequ01,NOH,SF,22,66,734,8.5,0.482,0.278,0.189,3.8,10.8,7.3,5.9,1.3,1.1,7.6,13.7,0.2,0.7,0.9,0.06,-2.4,0.1,-2.3,-0.1
Quinton Ross,rossqu01,NJN,SF,29,36,353,3.7,0.437,0.051,0.237,3.3,6.9,5.0,4.3,0.5,1.3,9.7,9.5,-0.1,0.1,0.0,-0.007,-5.3,-0.8,-6.2,-0.4
Raja Bell,bellra01,UTA,SG,34,68,2097,8.2,0.528,0.413,0.218,1.8,8.4,5.1,8.3,1.4,0.5,11.0,12.6,1.2,0.5,1.7,0.04,-2.4,-0.7,-3.1,-0.6
Rajon Rondo,rondora01,BOS,PG,24,68,2527,17.1,0.495,0.064,0.197,4.5,9.7,7.2,47.1,3.2,0.3,24.3,18.3,1.8,4.8,6.6,0.126,1.6,1.4,3.1,3.2
Ramon Sessions,sessira01,CLE,PG,24,81,2133,19.0,0.559,0.019,0.545,2.4,11.6,6.9,35.0,1.5,0.3,15.6,24.2,3.8,0.6,4.4,0.099,1.8,-1.4,0.3,1.3
Randy Foye,foyera01,LAC,SG,27,63,1551,11.4,0.516,0.409,0.281,1.0,6.7,3.9,17.5,1.6,1.1,13.7,19.9,0.9,0.8,1.7,0.051,-1.1,-0.7,-1.8,0.1
Rashard Lewis,lewisra02,"ORL,WAS",SF,31,57,1824,12.0,0.535,0.419,0.165,4.4,14.0,9.1,8.1,1.5,1.3,12.2,17.6,1.2,1.9,3.0,0.079,-0.7,0.3,-0.4,0.7
Rasual Butler,butlera01,"LAC,CHI",SG,31,47,770,6.2,0.446,0.574,0.114,1.5,10.1,5.9,5.3,0.5,1.5,8.8,15.8,-0.5,0.3,-0.1,-0.009,-2.3,-1.5,-3.8,-0.4
Ray Allen,allenra02,BOS,SG,35,80,2890,16.4,0.615,0.387,0.224,2.3,9.0,5.8,12.7,1.4,0.4,9.8,19.8,5.8,4.2,10.0,0.166,2.3,0.6,2.9,3.6
Raymond Felton,feltora01,"NYK,DEN",PG,26,75,2737,16.6,0.524,0.327,0.24,2.0,9.2,5.6,35.8,2.3,0.3,16.6,21.6,3.6,1.8,5.4,0.094,1.6,-1.0,0.6,1.8
Reggie Evans,evansre01,TOR,PF,30,30,798,12.4,0.466,0.01,0.854,17.2,34.4,25.6,6.4,1.9,0.6,21.6,10.1,0.5,0.8,1.3,0.077,-0.9,-0.6,-1.5,0.1
Reggie Williams,willire02,GSW,SF,24,80,1626,14.9,0.585,0.421,0.234,3.1,12.2,7.5,11.4,0.9,0.1,8.3,18.7,3.4,0.3,3.7,0.109,1.6,-1.8,-0.2,0.7
Renaldo Balkman,balkmre01,"DEN,NYK",SF,26,8,62,9.3,0.542,0.154,0.308,3.7,9.1,6.5,4.7,3.2,2.4,6.3,11.3,0.1,0.1,0.1,0.114,-5.0,0.9,-4.1,0.0
Richard Hamilton,hamilri01,DET,SG,32,55,1498,15.8,0.52,0.215,0.256,1.9,8.7,5.1,19.8,1.4,0.2,10.5,26.0,1.6,0.2,1.8,0.059,0.6,-2.2,-1.6,0.1
Richard Jefferson,jefferi01,SAS,SF,30,81,2459,12.4,0.612,0.478,0.304,2.6,11.8,7.3,6.5,0.8,1.0,11.3,15.4,3.7,2.1,5.9,0.115,0.5,-0.2,0.3,1.4
Robin Lopez,lopezro01,PHO,C,22,67,991,13.9,0.539,0.0,0.28,9.5,15.6,12.6,1.3,0.9,3.4,10.7,20.4,0.8,0.8,1.5,0.074,-3.1,-1.0,-4.1,-0.5
Rodney Carney,carnero01,"GSW,MEM",SF,26,27,336,10.8,0.521,0.345,0.245,4.3,12.1,8.1,4.8,1.8,1.1,11.6,18.1,0.1,0.2,0.3,0.038,-1.5,-1.2,-2.8,-0.1
Rodney Stuckey,stuckro01,DET,PG,24,70,2183,18.4,0.544,0.109,0.461,3.7,8.6,6.0,27.5,1.9,0.4,13.5,24.5,4.4,0.6,5.0,0.111,1.5,-1.4,0.2,1.2
Rodrigue Beaubois,beaubro01,DAL,PG,22,28,496,11.4,0.5,0.372,0.135,1.7,10.2,6.1,21.9,2.1,1.2,16.6,26.7,-0.4,0.7,0.2,0.022,-3.2,0.5,-2.7,-0.1
Roger Mason,masonro01,NYK,SG,30,26,319,7.1,0.461,0.571,0.13,1.8,13.7,7.7,8.8,0.9,0.5,6.9,12.2,0.1,0.1,0.2,0.029,-2.4,-1.2,-3.6,-0.1
Ronald Dupree,duprero01,TOR,SF,30,3,13,0.5,0.25,0.25,0.0,0.0,28.0,13.7,10.7,0.0,0.0,0.0,13.8,0.0,0.0,0.0,-0.094,-7.3,-2.7,-10.0,0.0
Ronnie Brewer,brewero02,CHI,SG,25,81,1781,13.8,0.518,0.063,0.311,3.7,13.2,8.6,12.1,3.2,0.9,10.2,13.9,1.7,3.8,5.4,0.147,-1.3,3.7,2.4,2.0
Ronnie Price,pricero01,UTA,SG,27,59,717,5.5,0.434,0.329,0.186,3.7,6.6,5.1,11.7,3.1,0.6,19.5,18.0,-1.2,0.5,-0.7,-0.048,-6.2,-0.1,-6.3,-0.8
Ronny Turiaf,turiaro01,NYK,C,28,64,1141,13.6,0.648,0.0,0.601,6.4,14.4,10.4,11.5,1.5,4.7,16.6,9.6,2.1,1.1,3.2,0.134,-0.8,2.2,1.4,1.0
Roy Hibbert,hibbero01,IND,C,24,81,2244,15.9,0.507,0.004,0.309,9.1,21.0,15.1,12.8,0.7,4.6,15.5,23.6,0.3,3.3,3.6,0.077,-1.8,0.7,-1.1,0.5
Royal Ivey,iveyro01,OKC,SG,29,25,155,8.2,0.527,0.421,0.053,1.6,10.2,6.0,6.8,2.0,0.5,11.4,12.8,0.1,0.1,0.2,0.06,-3.2,0.8,-2.3,0.0
Rudy Fernández,fernaru01,POR,SG,25,78,1821,13.4,0.522,0.628,0.254,2.4,9.5,5.8,16.9,2.6,0.6,12.1,18.7,2.0,1.8,3.8,0.1,0.1,0.8,0.9,1.3
Rudy Gay,gayru01,MEM,SF,24,54,2152,17.8,0.548,0.166,0.277,4.5,14.2,9.3,11.6,2.2,2.2,12.2,23.3,2.7,2.9,5.5,0.123,1.9,0.8,2.8,2.6
Russell Westbrook,westbru01,OKC,PG,22,82,2847,23.6,0.538,0.074,0.454,5.2,10.3,7.8,42.7,2.8,0.8,15.9,31.6,6.3,3.1,9.4,0.159,4.3,-0.1,4.2,4.4
Ryan Anderson,anderry01,ORL,PF,22,64,1424,19.0,0.591,0.65,0.223,10.8,18.1,14.5,6.2,1.1,2.1,7.8,20.4,4.0,2.5,6.4,0.216,4.2,0.4,4.6,2.4
Ryan Gomes,gomesry01,LAC,SF,28,76,2095,9.0,0.504,0.418,0.168,3.4,10.7,7.1,8.5,1.5,0.4,9.2,12.7,1.3,1.2,2.5,0.057,-2.1,0.0,-2.1,-0.1
Ryan Hollins,holliry01,CLE,C,26,70,1182,10.7,0.642,0.0,0.744,6.6,11.6,9.0,3.6,1.0,2.7,18.7,13.7,1.3,0.5,1.8,0.072,-4.0,-0.3,-4.3,-0.7
Sam Young,youngsa01,MEM,SF,25,78,1577,12.5,0.525,0.101,0.235,3.0,11.2,7.1,6.9,2.3,1.2,10.1,17.3,1.1,1.8,2.9,0.088,-1.6,0.7,-0.9,0.5
Samardo Samuels,samuesa01,CLE,PF,22,37,701,11.7,0.498,0.012,0.456,12.0,14.0,13.0,4.2,1.1,2.0,15.5,22.1,-0.3,0.3,0.0,0.002,-3.6,-2.2,-5.8,-0.7
Samuel Dalembert,dalemsa01,SAC,C,29,80,1938,14.1,0.509,0.004,0.261,12.1,26.9,19.3,5.3,0.9,4.3,17.3,17.1,0.4,2.5,2.9,0.072,-2.3,0.2,-2.2,-0.1
Sasha Pavlović,pavloal01,"DAL,NOH,BOS",SG,27,31,362,6.0,0.497,0.431,0.139,0.4,9.9,5.3,6.4,1.5,1.6,13.6,11.6,-0.2,0.5,0.3,0.042,-4.2,1.2,-3.0,-0.1
Sasha Vujačić,vujacsa01,"LAL,NJN",SG,26,67,1648,12.3,0.515,0.44,0.161,2.1,11.5,6.7,13.7,1.7,0.2,9.4,19.8,1.1,1.0,2.1,0.061,-1.0,-0.5,-1.5,0.2
Sean Marks,marksse01,POR,C,35,29,208,4.9,0.473,0.045,0.182,9.0,14.8,11.8,2.9,0.8,2.0,18.8,13.1,-0.1,0.2,0.1,0.019,-7.3,-0.8,-8.1,-0.3
Sebastian Telfair,telfase01,MIN,PG,25,37,711,10.5,0.497,0.324,0.249,2.6,5.9,4.2,24.2,1.7,0.3,19.3,19.9,0.0,0.2,0.1,0.008,-1.9,-1.6,-3.5,-0.3
Semih Erden,erdense01,"BOS,CLE",C,24,41,595,10.3,0.593,0.0,0.541,7.9,15.8,12.1,5.1,1.3,3.1,19.8,13.7,0.3,1.1,1.4,0.115,-4.6,1.6,-3.0,-0.1
Serge Ibaka,ibakase01,OKC,PF,21,82,2216,17.7,0.579,0.002,0.298,11.7,20.8,16.4,1.6,0.7,6.5,9.2,15.7,4.3,3.2,7.6,0.164,-0.2,0.7,0.5,1.4
Shane Battier,battish01,"HOU,MEM",SF,32,82,2375,12.3,0.567,0.525,0.183,4.4,13.7,9.0,11.1,1.5,2.4,12.6,11.7,2.9,2.2,5.1,0.103,0.6,0.9,1.4,2.0
Shannon Brown,brownsh01,LAL,SG,25,82,1568,13.6,0.518,0.33,0.157,2.6,8.5,5.7,10.0,2.3,0.8,9.8,22.2,1.1,1.9,3.1,0.093,-0.9,0.2,-0.8,0.5
Shaquille O'Neal,onealsh01,BOS,C,38,37,752,17.4,0.659,0.0,0.652,8.3,20.1,14.6,5.9,1.1,4.4,17.8,20.1,1.1,1.6,2.7,0.174,-1.7,2.0,0.3,0.4
Shaun Livingston,livinsh01,CHA,PG,25,73,1261,14.3,0.53,0.01,0.315,2.8,11.6,7.2,22.5,2.0,1.9,16.3,20.1,0.7,1.2,1.9,0.073,-1.0,1.0,0.0,0.7
Shawn Marion,mariosh01,DAL,SF,32,80,2253,17.0,0.551,0.04,0.197,9.1,19.2,14.3,8.3,1.6,1.7,12.5,21.5,2.3,3.4,5.6,0.12,-0.1,0.4,0.3,1.3
Shawne Williams,willish03,NYK,PF,24,64,1323,12.2,0.558,0.551,0.127,5.1,15.6,10.3,5.3,1.5,2.8,10.2,15.2,1.4,1.1,2.5,0.089,-0.5,-0.2,-0.7,0.4
Shelden Williams,willish02,"DEN,NYK",PF,27,59,911,12.3,0.522,0.0,0.341,12.0,22.3,17.3,5.1,1.3,2.1,14.5,14.5,0.9,1.1,1.9,0.102,-2.3,-0.4,-2.7,-0.2
Sherron Collins,collish01,CHA,PG,23,20,66,3.6,0.334,0.4,0.04,0.0,9.2,4.6,19.6,1.6,0.0,13.6,20.9,-0.2,0.0,-0.2,-0.121,-6.0,-2.1,-8.0,-0.1
Solomon Alabi,alabiso01,TOR,C,22,12,59,2.0,0.189,0.0,0.133,13.7,14.4,14.1,4.6,1.8,2.6,15.9,14.3,-0.2,0.0,-0.2,-0.142,-6.0,-2.9,-8.9,-0.1
Solomon Jones,jonesso01,IND,C,26,39,528,8.5,0.469,0.008,0.512,9.5,14.2,11.9,8.5,1.2,3.0,19.1,15.4,-0.2,0.6,0.5,0.042,-5.3,0.8,-4.5,-0.3
Sonny Weems,weemsso01,TOR,SF,24,59,1413,10.2,0.492,0.119,0.183,3.2,9.8,6.4,11.6,1.2,0.1,13.4,20.3,-0.4,0.0,-0.4,-0.013,-2.5,-2.2,-4.6,-0.9
Spencer Hawes,hawessp01,PHI,C,22,81,1718,12.8,0.481,0.065,0.155,8.7,22.5,15.6,11.2,0.9,3.1,13.8,18.9,-0.3,2.6,2.4,0.066,-2.5,0.7,-1.9,0.0
Stephen Curry,curryst01,GSW,PG,22,74,2489,19.4,0.595,0.325,0.216,2.3,10.9,6.5,28.1,2.2,0.6,16.4,24.4,5.4,1.3,6.6,0.128,3.0,-0.7,2.3,2.7
Stephen Graham,grahast01,NJN,SG,28,59,959,4.4,0.457,0.105,0.19,2.0,13.4,7.6,6.5,0.8,0.1,14.9,12.3,-0.7,0.4,-0.3,-0.014,-5.8,-1.0,-6.8,-1.2
Stephen Jackson,jacksst02,CHA,SG,32,67,2405,14.6,0.52,0.339,0.288,2.6,12.7,7.7,18.4,1.8,0.9,14.9,27.4,-0.2,2.1,1.9,0.039,0.2,-0.7,-0.5,0.9
Steve Blake,blakest01,LAL,PG,30,79,1581,7.5,0.5,0.631,0.098,1.4,9.5,5.6,15.0,1.3,0.1,18.6,11.3,0.3,1.5,1.8,0.055,-2.6,0.2,-2.3,-0.1
Steve Nash,nashst01,PHO,PG,36,75,2497,20.8,0.601,0.253,0.307,1.8,10.2,6.0,53.1,1.0,0.1,22.4,21.4,7.3,0.7,7.9,0.153,4.7,-1.5,3.2,3.3
Steve Novak,novakst01,"DAL,SAS",SF,27,30,215,17.8,0.737,0.687,0.119,2.2,12.6,7.6,2.2,0.2,1.7,5.4,16.0,0.7,0.2,0.9,0.196,5.1,-0.4,4.8,0.4
Sundiata Gaines,gainesu01,"MIN,TOR,NJN",PG,24,24,301,11.3,0.459,0.362,0.343,4.9,10.0,7.4,22.8,2.8,0.3,18.3,22.1,-0.3,0.2,-0.1,-0.015,-2.8,-0.1,-2.9,-0.1
T.J. Ford,fordtj01,IND,PG,27,41,773,9.9,0.434,0.136,0.203,2.5,9.1,5.8,28.4,2.3,0.8,19.7,18.3,-0.7,0.8,0.2,0.011,-3.3,0.4,-2.9,-0.2
Taj Gibson,gibsota01,CHI,PF,25,80,1742,14.3,0.502,0.016,0.295,11.2,19.4,15.4,5.3,1.2,4.6,11.1,16.8,1.4,3.8,5.2,0.143,-2.2,1.4,-0.9,0.5
Tayshaun Prince,princta01,DET,SF,30,78,2562,15.1,0.511,0.098,0.168,3.6,12.6,7.9,14.4,0.6,1.3,7.1,21.0,2.9,0.4,3.3,0.062,1.0,-1.8,-0.8,0.7
Terrence Williams,willite01,"NJN,HOU",SG,23,21,290,6.9,0.427,0.191,0.183,1.6,19.3,10.3,22.0,1.6,0.0,21.0,24.7,-0.8,0.2,-0.6,-0.096,-5.3,-0.8,-6.0,-0.3
Thabo Sefolosha,sefolth01,OKC,SG,26,79,2049,10.4,0.545,0.306,0.237,3.8,15.5,9.9,7.9,2.5,1.4,13.0,9.4,1.6,2.5,4.1,0.097,-1.3,1.9,0.6,1.3
Thaddeus Young,youngth01,PHI,PF,22,82,2135,18.4,0.566,0.026,0.205,8.3,15.2,11.7,6.7,2.2,0.9,9.7,22.1,3.2,3.0,6.2,0.139,0.8,0.3,1.0,1.6
Theo Ratliff,ratlith01,LAL,C,37,10,71,4.4,0.145,0.0,0.333,9.9,10.8,10.4,5.5,1.5,5.4,30.4,6.3,-0.1,0.1,0.0,0.0,-4.9,1.4,-3.5,0.0
Tiago Splitter,splitti01,SAS,C,26,60,738,16.0,0.55,0.005,0.733,11.6,19.8,15.8,5.3,2.0,1.6,11.2,17.7,1.1,1.1,2.3,0.149,-1.3,0.5,-0.8,0.2
Tim Duncan,duncati01,SAS,C,34,76,2156,21.9,0.537,0.005,0.307,9.3,26.8,18.3,15.7,1.2,4.8,11.4,22.9,3.7,4.0,7.7,0.171,2.2,2.2,4.4,3.5
Timofey Mozgov,mozgoti01,"NYK,DEN",C,24,45,524,10.8,0.523,0.0,0.391,10.0,16.4,13.2,4.2,1.4,3.5,18.3,16.2,0.1,0.5,0.6,0.053,-4.3,-0.4,-4.7,-0.3
Toney Douglas,douglto01,NYK,SG,24,81,1971,15.2,0.534,0.507,0.142,3.7,10.5,7.1,19.5,2.3,0.1,10.0,20.1,3.0,1.2,4.2,0.101,0.9,-0.6,0.4,1.2
Tony Allen,allento01,MEM,SG,29,72,1494,18.4,0.562,0.047,0.37,5.5,9.9,7.7,10.9,4.5,2.4,13.1,19.9,2.0,2.7,4.7,0.152,0.1,3.5,3.6,2.1
Tony Battie,battito01,PHI,C,34,38,377,9.5,0.489,0.031,0.146,5.2,25.1,15.1,4.8,0.7,3.0,10.5,13.9,0.0,0.6,0.6,0.075,-4.1,0.8,-3.3,-0.1
Tony Parker,parketo01,SAS,PG,28,78,2528,20.4,0.569,0.065,0.283,1.4,9.3,5.5,35.2,1.9,0.1,14.3,25.5,5.8,2.4,8.2,0.156,2.3,-0.4,1.8,2.4
Tracy McGrady,mcgratr01,DET,SG,31,72,1686,14.9,0.503,0.171,0.251,3.4,15.4,9.1,23.6,2.1,1.6,15.2,18.6,1.0,1.1,2.1,0.061,0.1,0.5,0.6,1.1
Travis Outlaw,outlatr01,NJN,SF,26,82,2358,8.8,0.469,0.345,0.234,2.6,14.0,8.1,5.8,0.8,1.2,8.1,17.3,-0.4,1.2,0.8,0.016,-2.4,-1.1,-3.5,-0.9
Trevor Ariza,arizatr01,NOH,SF,25,75,2600,11.3,0.487,0.356,0.259,2.8,16.4,9.5,10.0,2.5,1.0,12.2,17.7,-0.4,3.8,3.4,0.062,-1.7,1.3,-0.4,1.0
Trevor Booker,booketr01,WAS,PF,23,65,1063,15.3,0.582,0.004,0.399,10.2,17.0,13.5,5.2,1.4,3.0,11.3,13.9,1.8,0.8,2.6,0.119,-0.6,-0.3,-0.9,0.3
Trey Johnson,johnstr01,"TOR,LAL",SG,26,8,94,8.3,0.455,0.091,0.303,2.5,6.5,4.4,17.4,0.5,0.8,11.8,20.2,0.0,0.0,0.0,-0.009,-4.1,-2.3,-6.4,-0.1
Troy Murphy,murphtr01,"NJN,BOS",PF,30,35,466,8.0,0.428,0.289,0.263,5.8,23.4,14.5,7.6,1.7,0.5,13.6,14.8,-0.4,0.7,0.3,0.029,-3.9,0.8,-3.1,-0.1
Ty Lawson,lawsoty01,DEN,PG,23,80,2103,17.9,0.593,0.249,0.327,3.8,7.6,5.7,28.3,1.9,0.1,14.8,19.6,5.1,1.6,6.7,0.153,2.4,-0.3,2.1,2.2
Tyler Hansbrough,hansbty01,IND,PF,25,70,1535,16.4,0.529,0.003,0.413,10.6,15.9,13.2,4.7,1.2,0.7,9.5,23.1,2.2,1.6,3.8,0.118,-0.6,-1.3,-1.9,0.0
Tyreke Evans,evansty01,SAC,SG,21,57,2107,14.4,0.482,0.159,0.285,2.4,12.7,7.4,24.9,2.0,1.0,14.9,25.3,-0.1,1.7,1.6,0.036,-0.1,0.2,0.0,1.1
Tyrus Thomas,thomaty01,CHA,C,24,41,861,18.2,0.536,0.009,0.411,9.1,22.5,15.8,6.2,1.9,6.2,14.3,24.9,0.4,1.5,1.8,0.103,-1.8,1.2,-0.6,0.3
Tyson Chandler,chandty01,DAL,C,28,74,2059,18.4,0.697,0.0,0.725,12.2,26.6,19.7,2.4,0.9,3.0,14.1,14.2,5.8,3.5,9.4,0.218,0.6,1.0,1.5,1.8
Udonis Haslem,hasleud01,MIA,PF,30,13,345,12.7,0.549,0.0,0.233,10.6,25.0,18.2,2.7,1.1,0.7,12.9,14.8,0.4,0.6,0.9,0.13,-1.7,-0.5,-2.3,0.0
Vince Carter,cartevi01,"ORL,PHO",SG,34,73,2051,14.8,0.528,0.36,0.194,3.1,12.4,7.8,12.1,1.7,0.7,8.5,23.5,2.0,1.9,3.8,0.089,0.1,0.2,0.3,1.2
Vladimir Radmanović,radmavl01,GSW,PF,30,74,1169,12.6,0.562,0.544,0.107,6.1,14.7,10.3,9.6,1.9,2.9,14.6,14.7,1.2,0.9,2.1,0.086,-0.5,0.4,-0.1,0.6
Von Wafer,wafervo01,BOS,SG,25,58,553,10.6,0.524,0.421,0.239,1.7,8.8,5.5,9.8,1.7,0.7,10.2,17.0,0.2,0.9,1.1,0.092,-2.3,0.9,-1.4,0.1
Wayne Ellington,ellinwa01,MIN,SG,23,62,1181,8.6,0.488,0.305,0.134,2.4,7.9,5.1,9.4,1.2,0.2,11.2,17.1,0.1,0.1,0.3,0.01,-2.3,-1.3,-3.5,-0.5
Wesley Johnson,johnswe01,MIN,SG,23,79,2069,10.2,0.491,0.424,0.135,2.7,10.4,6.4,11.0,1.4,2.0,11.6,16.8,0.4,0.9,1.3,0.03,-1.3,-0.4,-1.7,0.2
Wesley Matthews,matthwe02,POR,SG,24,82,2758,15.5,0.582,0.386,0.322,2.0,9.7,5.7,10.2,2.0,0.3,11.0,21.3,5.0,2.3,7.2,0.126,1.0,-0.1,0.9,2.0
Will Bynum,bynumwi01,DET,PG,28,61,1125,15.2,0.524,0.123,0.3,1.6,6.7,4.0,28.6,2.5,0.3,15.3,22.5,1.1,0.4,1.5,0.066,-0.8,-1.0,-1.9,0.0
Willie Green,greenwi01,NOH,SG,29,77,1674,10.8,0.515,0.255,0.164,1.6,10.2,5.9,7.6,1.2,0.6,9.3,20.5,0.3,1.5,1.8,0.052,-2.1,-0.7,-2.8,-0.3
Willie Warren,warrewi01,LAC,PG,21,19,134,10.8,0.48,0.429,0.229,0.9,9.5,5.2,30.4,2.3,0.0,17.2,15.5,0.1,0.1,0.2,0.065,-2.4,-0.3,-2.7,0.0
Wilson Chandler,chandwi01,"NYK,DEN",SF,23,72,2401,14.6,0.537,0.336,0.169,3.6,15.9,9.7,8.1,1.0,2.9,9.2,20.9,2.1,1.9,3.9,0.079,0.2,-0.4,-0.2,1.1
Xavier Henry,henryxa01,MEM,SG,19,38,527,7.0,0.451,0.106,0.325,2.0,6.4,4.2,5.0,1.1,0.5,6.6,16.8,-0.1,0.3,0.2,0.021,-4.5,-0.8,-5.3,-0.4
Yao Ming,mingya01,HOU,C,30,5,91,19.8,0.579,0.0,0.432,8.7,24.9,16.8,7.3,0.0,6.1,13.7,24.8,0.2,0.1,0.3,0.147,0.1,1.1,1.2,0.1
Yi Jianlian,jianlyi01,WAS,PF,23,63,1112,10.1,0.459,0.037,0.262,7.8,18.0,12.7,3.5,1.2,2.2,11.6,17.4,-0.4,0.8,0.4,0.016,-3.7,-1.6,-5.3,-0.9
Zabian Dowdell,dowdeza01,PHO,PG,26,24,292,11.7,0.457,0.08,0.136,2.0,5.9,4.0,27.7,3.5,0.5,18.0,25.0,-0.4,0.2,-0.1,-0.019,-3.9,0.2,-3.6,-0.1
Zach Randolph,randoza01,MEM,PF,29,75,2724,22.6,0.552,0.036,0.333,14.2,26.0,20.1,10.2,1.2,0.7,10.0,25.0,6.8,3.7,10.5,0.185,3.8,-1.2,2.6,3.2
Zaza Pachulia,pachuza01,ATL,C,26,79,1244,12.4,0.562,0.0,0.772,11.6,20.6,16.1,7.0,1.5,1.3,18.2,14.5,1.5,1.6,3.1,0.118,-2.8,0.1,-2.8,-0.2
Zydrunas Ilgauskas,ilgauzy01,MIA,C,35,72,1145,12.8,0.531,0.003,0.144,11.9,17.5,14.9,3.6,1.1,4.0,13.3,16.0,1.0,1.9,2.9,0.122,-3.1,0.4,-2.7,-0.2
Ömer Aşık,asikom01,CHI,C,24,82,989,11.8,0.559,0.0,1.028,13.7,22.3,18.1,4.7,1.1,4.3,23.8,12.5,0.5,2.2,2.7,0.13,-3.6,1.8,-1.8,0.1
