Player,PlayerID,Tms,Pos,Age,G,MP,PER,TS%,3PAr,FTr,ORB%,DRB%,TRB%,AST%,STL%,BLK%,TOV%,USG%,OWS,DWS,WS,WS/48,OBPM,DBPM,BPM,VORP
Aaron Gordon,gordoaa01,ORL,PF,24,62,2017,15.1,0.516,0.309,0.292,5.5,20.3,12.7,17.4,1.2,1.7,10.4,20.7,1.4,2.3,3.7,0.087,-0.1,0.1,0.0,1.0
Aaron Holiday,holidaa01,IND,PG,23,66,1617,11.6,0.521,0.393,0.155,1.5,9.0,5.3,19.1,1.7,0.9,12.8,18.7,0.4,1.7,2.1,0.063,-1.6,0.0,-1.6,0.2
Abdel Nader,naderab01,OKC,SF,26,55,867,11.3,0.591,0.487,0.251,1.8,10.6,6.4,6.4,1.3,2.0,12.8,17.0,0.5,0.9,1.3,0.074,-1.2,0.2,-1.0,0.2
Adam Mokoka,mokokad01,CHI,SF,21,11,112,8.2,0.538,0.536,0.143,6.6,3.1,4.9,5.0,1.7,0.0,6.3,12.1,0.1,0.1,0.2,0.073,-2.9,-1.2,-4.1,-0.1
Admiral Schofield,schofad01,WAS,PF,22,33,368,6.1,0.502,0.663,0.163,2.0,12.4,7.0,5.3,1.0,0.9,6.6,11.9,0.1,0.1,0.1,0.017,-4.3,-1.2,-5.5,-0.3
Al Horford,horfoal01,PHI,C,33,67,2025,15.7,0.536,0.399,0.113,5.6,19.3,12.4,19.2,1.2,2.6,9.7,17.5,2.8,2.6,5.4,0.128,1.3,1.0,2.2,2.2
Al-Farouq Aminu,aminual01,ORL,PF,29,18,380,7.6,0.395,0.419,0.337,6.6,18.4,12.3,7.4,2.3,1.9,14.7,13.2,-0.4,0.5,0.1,0.014,-4.4,1.4,-3.0,-0.1
Alec Burks,burksal01,"GSW,PHI",SF,28,66,1754,16.7,0.561,0.392,0.345,2.9,14.9,8.7,17.2,1.7,0.9,9.3,23.8,2.5,1.2,3.7,0.101,1.2,-0.7,0.5,1.1
Alen Smailagić,smailal01,GSW,C,19,14,139,14.5,0.61,0.325,0.475,7.5,13.7,10.5,14.3,1.0,2.6,18.5,18.2,0.2,0.1,0.2,0.081,-1.5,-0.7,-2.2,0.0
Alex Caruso,carusal01,LAL,PG,25,64,1175,10.8,0.525,0.412,0.323,1.6,9.8,5.7,13.6,2.8,1.4,13.8,13.8,0.5,1.8,2.3,0.095,-2.6,2.4,-0.2,0.5
Alex Len,lenal01,"ATL,SAC",C,26,55,970,17.7,0.6,0.185,0.329,11.1,25.2,18.0,7.9,1.1,4.3,13.1,18.1,1.5,1.0,2.5,0.122,-0.5,-0.3,-0.7,0.3
Alfonzo McKinnie,mckinal01,CLE,SF,27,40,593,8.7,0.493,0.38,0.181,6.9,14.4,10.6,3.3,1.9,1.2,12.3,15.2,-0.2,0.3,0.2,0.014,-4.4,-0.9,-5.3,-0.5
Alize Johnson,johnsal02,IND,PF,23,17,118,13.3,0.509,0.276,0.345,15.0,29.4,22.3,7.7,1.2,1.5,17.3,15.0,0.1,0.2,0.3,0.111,-1.8,0.2,-1.6,0.0
Allen Crabbe,crabbal01,"ATL,MIN",SG,27,37,653,6.0,0.47,0.672,0.079,1.8,11.0,6.3,6.8,1.1,0.5,8.5,12.7,-0.2,0.2,-0.1,-0.007,-3.7,-1.5,-5.3,-0.5
Allonzo Trier,trieral01,NYK,SG,24,24,291,14.5,0.62,0.5,0.406,2.1,8.7,5.3,14.8,0.5,1.3,15.0,21.4,0.5,0.1,0.5,0.087,1.0,-1.4,-0.4,0.1
Amile Jefferson,jeffeam01,ORL,PF,26,18,74,8.9,0.372,0.0,1.0,14.1,19.5,16.7,7.2,0.7,3.7,13.0,13.5,0.0,0.1,0.0,0.023,-4.8,-1.0,-5.8,-0.1
Amir Coffey,coffeam01,LAC,SG,22,18,159,8.5,0.493,0.352,0.204,2.7,7.6,5.2,12.3,1.5,1.1,12.0,17.6,0.0,0.2,0.1,0.041,-4.3,0.1,-4.1,-0.1
Andre Drummond,drumman01,"DET,CLE",C,26,57,1879,22.0,0.553,0.045,0.375,14.9,37.5,26.0,13.6,2.8,4.2,18.2,25.9,0.6,3.6,4.2,0.108,-0.1,1.1,0.9,1.4
Andre Iguodala,iguodan01,MIA,SF,36,21,418,10.5,0.507,0.534,0.17,4.7,15.7,10.4,16.9,1.6,5.0,21.6,12.7,0.0,0.6,0.6,0.065,-1.9,1.4,-0.5,0.2
Andre Roberson,roberan03,OKC,SF,28,7,87,5.4,0.335,0.483,0.069,9.2,24.7,17.1,6.3,0.6,3.0,6.3,16.1,-0.1,0.1,0.0,-0.017,-5.2,-0.2,-5.4,-0.1
Andrew Wiggins,wiggian01,"MIN,GSW",SF,24,54,1858,16.4,0.536,0.342,0.274,3.6,12.3,7.8,18.1,1.1,2.4,10.7,27.4,0.8,1.1,1.9,0.05,1.1,-1.4,-0.3,0.8
Anfernee Simons,simonan01,POR,SG,20,70,1449,9.0,0.502,0.422,0.172,1.8,9.1,5.5,9.2,0.9,0.6,9.6,18.7,0.0,0.1,0.2,0.005,-2.6,-1.9,-4.5,-0.9
Ante Žižić,zizican01,CLE,C,23,22,221,16.4,0.597,0.0,0.264,9.0,24.4,16.6,4.2,1.5,1.9,11.1,17.5,0.3,0.2,0.5,0.106,-1.7,-1.5,-3.2,-0.1
Anthony Davis,davisan02,LAL,PF,26,62,2131,27.4,0.61,0.199,0.479,7.4,22.1,14.8,15.1,2.0,6.0,10.4,29.3,6.7,4.4,11.1,0.25,5.4,2.6,8.0,5.4
Anthony Tolliver,tollian01,"POR,SAC,MEM",PF,34,55,872,7.0,0.513,0.797,0.159,4.1,14.3,9.3,6.0,1.0,1.1,14.9,11.1,0.0,0.4,0.5,0.026,-2.7,-0.5,-3.2,-0.3
Antonius Cleveland,clevean01,DAL,SG,25,11,46,2.5,0.34,0.214,0.357,4.6,11.3,8.0,2.8,1.1,5.6,11.0,16.9,-0.1,0.0,-0.1,-0.076,-9.0,-1.0,-10.1,-0.1
Anžejs Pasečņiks,pasecan01,WAS,C,24,27,437,11.3,0.551,0.026,0.5,10.1,16.9,13.4,5.7,1.0,2.4,14.5,15.8,0.3,0.2,0.5,0.054,-4.1,-1.5,-5.6,-0.4
Aron Baynes,baynear01,PHO,C,33,42,934,15.2,0.581,0.441,0.197,8.3,20.0,14.1,10.9,0.5,2.1,10.8,21.1,1.3,0.8,2.1,0.107,-0.2,-0.8,-1.0,0.2
Austin Rivers,riverau01,HOU,SG,27,68,1594,10.4,0.542,0.539,0.222,1.8,9.8,5.8,10.0,1.4,0.5,8.3,15.6,1.2,1.2,2.4,0.072,-2.1,-0.4,-2.5,-0.2
Avery Bradley,bradlav01,LAL,SG,29,49,1186,8.9,0.537,0.452,0.063,1.7,8.9,5.3,7.2,1.7,0.4,10.7,15.7,0.2,1.4,1.5,0.062,-3.0,0.5,-2.5,-0.2
B.J. Johnson,johnsbj01,ORL,SF,24,10,83,5.4,0.412,0.281,0.313,3.8,16.1,9.7,5.1,1.8,0.0,14.2,22.1,-0.2,0.1,-0.1,-0.074,-5.8,-3.2,-9.0,-0.1
Bam Adebayo,adebaba01,MIA,PF,22,72,2417,20.3,0.598,0.018,0.484,8.5,24.9,17.0,24.2,1.7,3.8,17.6,21.2,4.6,3.9,8.5,0.168,1.4,2.0,3.4,3.3
Ben McLemore,mclembe01,HOU,SF,26,71,1619,11.8,0.622,0.829,0.123,1.3,8.9,5.1,5.2,1.3,0.8,8.0,16.0,2.2,1.1,3.3,0.099,0.1,-0.6,-0.5,0.6
Ben Simmons,simmobe01,PHI,PG,23,57,2017,20.4,0.602,0.011,0.461,6.2,18.2,12.2,33.8,2.9,1.4,20.4,20.9,3.8,3.1,6.9,0.165,1.3,2.3,3.6,2.8
Bismack Biyombo,biyombi01,CHO,C,27,53,1029,16.1,0.57,0.0,0.543,12.3,20.7,16.3,7.8,0.5,4.4,12.2,16.8,1.5,0.9,2.4,0.113,-1.8,-0.7,-2.5,-0.1
Blake Griffin,griffbl01,DET,PF,30,18,512,11.9,0.476,0.444,0.392,3.7,15.0,9.3,18.0,0.7,1.1,12.0,28.4,-0.4,0.3,-0.1,-0.012,-1.7,-2.6,-4.3,-0.3
Boban Marjanović,marjabo01,DAL,C,31,44,422,25.7,0.612,0.081,0.27,16.6,32.1,24.5,8.3,0.9,2.0,11.3,26.9,1.2,0.6,1.8,0.2,2.8,-1.6,1.2,0.3
Bobby Portis,portibo01,NYK,PF,24,66,1393,14.6,0.53,0.317,0.158,6.0,20.4,12.9,11.1,1.1,1.2,10.4,21.4,0.9,1.0,1.9,0.064,0.0,-1.1,-1.1,0.3
Bogdan Bogdanović,bogdabo01,SAC,SG,27,61,1766,15.2,0.565,0.576,0.151,1.6,11.8,6.6,18.0,1.8,0.8,11.1,22.6,1.8,1.3,3.1,0.084,1.2,-0.5,0.6,1.2
Bojan Bogdanović,bogdabo02,UTA,SF,30,63,2083,15.6,0.603,0.489,0.296,2.1,11.2,6.8,10.0,0.8,0.3,13.1,25.5,2.6,1.6,4.2,0.096,1.6,-1.5,0.1,1.1
Bol Bol,bolbo01,DEN,PF,20,7,87,14.4,0.617,0.321,0.357,6.4,18.0,12.2,9.8,1.1,6.4,23.6,21.2,0.0,0.1,0.1,0.063,-2.3,-0.7,-3.0,0.0
Brad Wanamaker,wanambr01,BOS,PG,30,71,1369,12.8,0.577,0.282,0.376,1.7,9.4,5.6,17.8,2.2,0.9,15.3,15.5,1.8,1.8,3.5,0.124,-1.9,1.3,-0.6,0.5
Bradley Beal,bealbr01,WAS,SG,26,57,2053,23.2,0.579,0.369,0.351,2.7,10.5,6.4,29.5,1.6,1.0,11.4,34.4,4.5,0.6,5.1,0.118,5.3,-2.4,2.9,2.5
Brandon Clarke,clarkbr01,MEM,PF,23,58,1300,20.9,0.663,0.134,0.234,7.6,20.1,14.0,9.5,1.1,3.2,9.4,18.7,3.4,1.6,5.0,0.183,2.4,0.7,3.1,1.7
Brandon Goodwin,goodwbr01,ATL,PG,24,34,430,11.6,0.507,0.458,0.158,2.7,15.5,9.0,18.0,1.3,0.8,12.5,22.4,-0.1,0.2,0.1,0.013,-1.6,-1.3,-2.9,-0.1
Brandon Ingram,ingrabr01,NOP,PF,22,62,2104,18.8,0.587,0.35,0.336,2.6,16.6,9.6,19.3,1.3,1.5,13.1,28.1,3.3,1.8,5.1,0.115,2.5,-0.4,2.1,2.2
Brandon Knight,knighbr03,"CLE,DET",SG,28,25,462,8.5,0.503,0.784,0.204,1.0,9.1,5.0,21.6,1.1,0.6,17.3,20.6,-0.2,0.1,-0.1,-0.01,-1.8,-2.6,-4.4,-0.3
Brian Bowen,bowenbr02,IND,SF,21,6,31,0.1,0.3,0.2,0.0,3.6,21.0,12.4,0.0,0.0,2.8,9.1,15.6,-0.1,0.0,-0.1,-0.107,-9.1,-1.8,-10.9,-0.1
Brook Lopez,lopezbr01,MIL,C,31,68,1817,15.0,0.551,0.484,0.227,3.4,13.0,8.5,7.4,1.2,7.9,8.7,18.3,1.4,4.1,5.5,0.145,-0.4,2.5,2.0,1.9
Bruce Brown,brownbr01,DET,PG,23,58,1634,11.9,0.518,0.215,0.266,4.2,15.0,9.5,20.4,1.9,1.5,16.7,16.0,0.7,1.4,2.1,0.062,-2.0,0.8,-1.2,0.3
Bruno Caboclo,cabocbr01,"MEM,HOU",C,24,30,244,14.1,0.484,0.371,0.101,10.0,15.8,12.9,6.8,2.9,6.1,12.3,18.0,0.0,0.4,0.4,0.076,-3.0,0.9,-2.1,0.0
Bruno Fernando,fernabr01,ATL,C,21,56,713,11.9,0.542,0.186,0.256,10.0,20.0,15.0,9.9,1.2,2.0,15.9,15.3,0.4,0.4,0.8,0.055,-3.2,-0.9,-4.1,-0.4
Bryn Forbes,forbebr01,SAS,SG,26,63,1579,11.1,0.57,0.656,0.155,0.8,7.8,4.3,9.5,1.0,0.0,8.4,18.5,1.3,0.3,1.5,0.047,-0.6,-2.1,-2.7,-0.3
Buddy Hield,hieldbu01,SAC,SG,27,72,2216,16.0,0.566,0.592,0.117,2.8,14.1,8.3,15.5,1.4,0.7,12.1,27.2,1.4,1.5,3.0,0.064,2.5,-1.4,1.1,1.7
C.J. Miles,milescj01,WAS,SF,32,10,161,11.1,0.472,0.593,0.339,2.6,5.7,4.1,10.0,2.9,2.2,5.6,18.6,0.0,0.1,0.1,0.035,-1.7,0.0,-1.7,0.0
CJ McCollum,mccolcj01,POR,SG,28,70,2556,17.0,0.541,0.378,0.136,1.9,10.2,6.1,19.1,1.0,1.4,8.1,25.9,3.5,0.6,4.1,0.077,2.3,-1.8,0.5,1.6
Caleb Martin,martica02,CHO,SF,24,18,317,12.0,0.595,0.44,0.25,3.3,10.0,6.5,11.1,1.9,2.0,13.9,15.0,0.3,0.2,0.5,0.081,-1.6,0.6,-1.0,0.1
Caleb Swanigan,swanica01,"SAC,POR",PF,22,27,288,7.6,0.597,0.043,0.362,9.9,26.4,18.3,13.9,0.5,2.2,40.4,13.5,-0.2,0.2,0.0,0.004,-6.3,0.2,-6.0,-0.3
Cam Reddish,reddica01,ATL,SF,20,58,1551,9.0,0.5,0.451,0.227,2.4,12.7,7.5,8.0,1.9,1.5,13.6,18.9,-1.2,0.8,-0.4,-0.011,-3.3,-1.0,-4.2,-0.9
Cameron Johnson,johnsca02,PHO,PF,23,57,1255,12.9,0.586,0.672,0.141,4.3,12.4,8.3,7.7,1.4,1.4,6.9,15.7,1.7,1.0,2.7,0.102,0.8,-0.4,0.3,0.7
Cameron Payne,payneca01,PHO,SG,25,8,183,15.7,0.612,0.426,0.103,2.4,16.6,9.4,19.5,2.1,1.0,13.4,19.1,0.3,0.2,0.5,0.12,0.7,1.0,1.7,0.2
Caris LeVert,leverca01,BRK,SG,25,45,1330,16.1,0.514,0.301,0.269,3.9,10.7,7.4,25.0,1.9,0.6,12.6,29.5,0.1,1.4,1.5,0.055,0.6,-0.9,-0.3,0.5
Carmelo Anthony,anthoca01,POR,PF,35,58,1902,12.4,0.525,0.289,0.206,3.9,16.1,10.1,6.4,1.2,1.2,10.5,21.2,0.4,0.9,1.3,0.033,-1.8,-1.8,-3.6,-0.8
Carsen Edwards,edwarca01,BOS,SG,21,37,351,6.9,0.444,0.594,0.148,1.9,12.4,7.2,9.3,1.7,1.1,9.9,18.4,-0.3,0.4,0.1,0.014,-4.4,-0.2,-4.6,-0.2
Cedi Osman,osmande01,CLE,SF,24,65,1910,10.7,0.552,0.527,0.154,2.2,11.3,6.7,11.6,1.4,0.7,12.3,16.6,1.0,0.6,1.6,0.04,-1.7,-0.9,-2.6,-0.3
Chandler Hutchison,hutchch01,CHI,SF,23,28,527,12.4,0.521,0.217,0.446,3.6,19.8,11.3,7.4,2.5,1.3,11.4,19.1,0.0,0.7,0.7,0.06,-2.7,0.1,-2.6,-0.1
Chandler Parsons,parsoch01,ATL,PF,31,5,54,5.6,0.389,0.778,0.0,2.0,12.1,7.0,7.5,3.5,1.6,14.3,16.1,-0.1,0.0,-0.1,-0.065,-4.4,-1.6,-6.0,-0.1
Charlie Brown Jr.,brownch02,ATL,SG,22,10,40,11.0,0.472,0.474,0.263,5.3,5.5,5.4,7.3,2.3,4.2,12.4,25.1,0.0,0.0,0.0,-0.028,-1.2,-1.4,-2.5,0.0
Chasson Randle,randlch01,GSW,PG,26,3,40,6.7,0.377,0.5,1.5,0.0,5.6,2.7,15.7,2.4,0.0,0.0,7.1,0.0,0.0,0.0,0.045,-6.0,0.2,-5.9,0.0
Cheick Diallo,diallch01,PHO,C,23,47,479,16.5,0.688,0.021,0.275,6.9,23.7,15.2,6.9,1.1,2.2,16.7,17.0,0.8,0.5,1.3,0.132,-1.1,-0.2,-1.3,0.1
Chimezie Metu,metuch01,SAS,C,22,18,105,22.2,0.608,0.048,0.31,12.3,21.6,16.9,14.9,1.4,5.0,17.3,23.7,0.2,0.1,0.3,0.13,1.7,-0.1,1.7,0.1
Chris Boucher,bouchch01,TOR,C,27,62,819,20.7,0.587,0.395,0.388,14.1,21.4,17.9,4.8,1.3,7.3,7.4,19.7,2.1,1.8,3.8,0.224,1.0,1.0,2.0,0.8
Chris Chiozza,chiozch01,"WAS,BRK",PG,24,28,401,12.0,0.499,0.514,0.036,2.4,11.6,6.9,29.4,2.5,0.9,18.4,18.1,0.0,0.4,0.5,0.055,-1.6,0.5,-1.2,0.1
Chris Clemons,clemoch01,HOU,SG,22,33,291,13.1,0.548,0.754,0.077,1.4,9.4,5.4,14.3,1.4,1.8,11.5,23.6,0.1,0.2,0.4,0.058,0.3,-1.3,-1.0,0.1
Chris Paul,paulch01,OKC,PG,34,70,2208,21.7,0.61,0.343,0.315,1.3,15.7,8.7,34.0,2.4,0.4,13.8,23.3,5.9,3.0,8.9,0.193,3.0,1.4,4.4,3.5
Chris Silva,silvach01,MIA,PF,23,44,346,17.3,0.651,0.038,0.705,20.2,20.6,20.4,9.9,1.3,6.0,23.8,17.1,0.7,0.5,1.3,0.178,-3.1,0.8,-2.3,0.0
Christian Wood,woodch01,DET,PF,24,62,1325,23.2,0.659,0.276,0.476,8.8,24.8,16.7,7.6,1.3,3.4,12.0,23.0,3.6,1.5,5.1,0.183,3.5,-0.3,3.1,1.7
Clint Capela,capelca01,HOU,C,25,39,1279,20.6,0.626,0.0,0.268,13.6,30.5,22.0,5.7,1.2,4.8,12.7,16.1,2.8,2.1,4.9,0.184,1.0,0.4,1.4,1.1
Coby White,whiteco01,CHI,PG,19,65,1674,11.9,0.506,0.475,0.163,1.8,14.0,7.6,16.5,1.4,0.3,11.4,24.4,-0.5,1.4,0.9,0.026,-1.3,-1.6,-2.9,-0.4
Cody Martin,martico01,CHO,SF,24,48,903,10.5,0.505,0.372,0.314,4.4,15.1,9.6,15.7,2.2,0.9,15.7,13.6,0.2,0.8,1.0,0.052,-3.1,1.0,-2.1,0.0
Cody Zeller,zelleco01,CHO,C,27,58,1341,18.8,0.576,0.157,0.374,12.6,21.2,16.7,11.3,1.5,1.7,11.9,20.8,2.3,1.3,3.6,0.129,0.2,-0.8,-0.6,0.5
Collin Sexton,sextoco01,CLE,PG,21,65,2143,16.3,0.56,0.235,0.246,3.1,7.5,5.3,15.1,1.5,0.3,11.6,27.2,2.1,0.4,2.5,0.057,0.3,-2.1,-1.8,0.1
Corey Brewer,breweco01,SAC,PF,33,5,33,8.7,0.47,0.25,0.75,6.7,21.0,13.6,7.7,5.9,0.0,27.3,9.6,0.0,0.1,0.0,0.064,-6.0,2.8,-3.2,0.0
Cory Joseph,josepco01,SAC,PG,28,72,1759,10.1,0.517,0.386,0.17,2.7,9.4,6.0,19.1,1.5,1.1,15.3,12.9,1.2,1.1,2.3,0.062,-2.1,0.1,-2.0,0.0
Courtney Lee,leeco01,DAL,SG,34,24,345,10.8,0.629,0.573,0.085,2.2,7.5,4.9,4.7,2.5,1.5,11.4,11.9,0.3,0.3,0.7,0.092,-2.1,1.5,-0.6,0.1
Cristiano Felício,feliccr01,CHI,C,27,22,386,12.8,0.671,0.037,0.426,15.0,14.1,14.6,5.7,1.2,0.5,21.9,9.1,0.7,0.3,1.0,0.126,-1.4,-1.7,-3.1,-0.1
D'Angelo Russell,russeda01,"GSW,MIN",PG,23,45,1452,18.7,0.556,0.509,0.235,1.2,12.3,6.6,35.2,1.6,0.8,13.6,31.5,1.1,0.7,1.8,0.06,3.8,-1.9,1.9,1.4
D.J. Augustin,augusdj01,ORL,PG,32,57,1420,14.0,0.554,0.436,0.393,1.6,7.8,4.6,26.8,1.2,0.1,13.7,19.1,2.0,0.9,2.9,0.098,-0.3,-1.3,-1.6,0.2
D.J. Wilson,wilsodj01,MIL,PF,23,37,363,8.2,0.475,0.553,0.136,3.5,20.5,12.5,9.1,0.4,1.2,12.0,18.1,-0.3,0.6,0.3,0.046,-4.1,0.0,-4.0,-0.2
DaQuan Jeffries,jeffrda01,SAC,SG,22,13,141,11.2,0.586,0.45,0.15,2.3,12.3,7.2,7.1,1.4,0.7,4.5,13.7,0.2,0.1,0.3,0.1,-2.8,-1.1,-3.8,-0.1
Damian Jones,jonesda03,ATL,C,24,55,887,15.6,0.712,0.051,0.472,8.9,16.2,12.5,5.6,1.4,3.8,11.5,11.4,2.2,0.6,2.8,0.152,-1.6,0.1,-1.5,0.1
Damian Lillard,lillada01,POR,PG,29,66,2474,26.9,0.627,0.5,0.384,1.4,10.5,6.0,34.4,1.3,0.8,11.0,30.3,10.9,0.7,11.6,0.225,8.3,-0.9,7.5,5.9
Damion Lee,leeda03,GSW,SG,27,49,1423,12.7,0.548,0.468,0.247,2.4,16.3,9.1,14.4,1.7,0.4,10.6,19.0,0.9,0.8,1.7,0.058,-1.5,-0.8,-2.3,-0.1
Damyean Dotson,dotsoda01,NYK,SG,25,48,836,10.9,0.527,0.562,0.114,1.2,10.6,5.8,10.0,1.3,0.5,6.5,16.5,0.6,0.4,0.9,0.053,-0.9,-0.5,-1.4,0.1
Daniel Gafford,gaffoda01,CHI,C,21,43,609,16.2,0.686,0.0,0.448,9.0,10.3,9.6,5.2,1.0,8.7,15.3,13.3,1.1,0.8,1.9,0.146,-2.8,1.5,-1.3,0.1
Daniel Theis,theisda01,BOS,C,27,65,1566,17.9,0.631,0.225,0.268,9.7,19.3,14.6,10.1,1.1,5.0,10.2,14.4,4.0,2.6,6.5,0.201,0.6,1.8,2.4,1.7
Danilo Gallinari,gallida01,OKC,PF,31,62,1834,19.5,0.612,0.537,0.365,2.1,16.8,9.7,10.3,1.1,0.2,7.4,24.6,4.5,1.9,6.3,0.166,4.1,-0.9,3.3,2.4
Danny Green,greenda02,LAL,SG,32,68,1687,10.8,0.552,0.69,0.101,3.3,11.2,7.3,7.1,2.4,1.7,11.3,13.9,0.8,2.5,3.4,0.096,-1.1,1.5,0.5,1.1
Dante Exum,exumda01,"UTA,CLE",SG,24,35,485,10.3,0.576,0.361,0.361,2.7,12.6,7.7,11.5,1.3,1.4,18.4,15.0,0.2,0.2,0.4,0.043,-2.5,-0.4,-2.9,-0.1
Danuel House Jr.,houseda01,HOU,SF,26,63,1913,11.3,0.572,0.659,0.167,3.1,11.6,7.3,6.1,1.6,1.5,8.5,13.7,1.9,1.8,3.6,0.091,-0.8,0.0,-0.7,0.6
Dario Šarić,saricda01,PHO,PF,25,66,1632,14.2,0.592,0.437,0.238,6.7,21.1,13.8,10.8,1.1,0.9,12.9,17.8,2.1,1.5,3.6,0.105,-0.1,-0.3,-0.4,0.7
Darius Bazley,bazleda01,OKC,PF,19,61,1130,9.6,0.497,0.445,0.196,3.0,20.5,12.0,5.1,1.0,3.1,11.6,15.1,-0.5,1.5,1.0,0.041,-2.1,0.5,-1.6,0.1
Darius Garland,garlada01,CLE,SG,20,59,1824,8.5,0.498,0.423,0.103,1.6,5.2,3.4,18.5,1.1,0.2,17.1,20.7,-1.3,0.0,-1.3,-0.034,-2.7,-2.8,-5.5,-1.7
Daryl Macon,maconda01,MIA,PG,24,4,14,-3.1,0.5,0.667,0.0,0.0,0.0,0.0,9.7,0.0,0.0,40.0,15.7,0.0,0.0,0.0,-0.161,-7.3,-4.8,-12.0,0.0
David Nwaba,nwabada01,BRK,SF,27,20,268,14.0,0.627,0.394,0.38,3.2,14.0,8.7,4.3,1.9,3.7,8.8,14.2,0.4,0.4,0.8,0.138,-1.0,2.0,1.1,0.2
De'Aaron Fox,foxde01,SAC,PG,22,51,1634,20.6,0.558,0.227,0.42,2.4,11.4,6.8,35.3,2.2,1.5,14.1,29.8,2.6,1.4,4.0,0.118,2.3,-0.5,1.8,1.6
De'Andre Hunter,huntede01,ATL,SF,22,63,2018,8.6,0.521,0.445,0.211,2.3,13.1,7.6,8.0,1.0,0.7,12.1,17.5,-0.4,0.5,0.1,0.002,-2.9,-1.8,-4.7,-1.4
De'Anthony Melton,meltode01,MEM,PG,21,60,1167,13.5,0.501,0.349,0.302,4.0,15.7,9.9,20.1,3.1,1.5,15.6,19.2,0.1,1.7,1.7,0.072,-2.2,2.0,-0.2,0.5
DeAndre Jordan,jordade01,BRK,C,31,56,1234,19.9,0.682,0.0,0.425,12.1,34.5,23.5,12.6,0.7,3.5,17.8,14.1,3.0,2.2,5.2,0.2,1.2,1.8,3.0,1.5
DeAndre' Bembry,bembrde01,ATL,SG,25,43,915,9.6,0.5,0.285,0.211,3.9,14.1,8.9,12.3,2.8,1.7,19.4,14.0,-0.5,0.8,0.2,0.012,-3.5,1.1,-2.5,-0.1
DeMar DeRozan,derozde01,SAS,SF,30,68,2316,21.6,0.603,0.033,0.43,2.0,15.4,8.7,26.1,1.4,0.8,11.6,26.3,5.9,1.3,7.3,0.151,2.3,-0.4,1.9,2.3
DeMarre Carroll,carrode01,"SAS,HOU",SF,33,24,290,9.1,0.515,0.5,0.636,4.4,15.8,10.1,11.2,1.3,1.5,16.8,14.8,0.0,0.2,0.3,0.045,-3.1,-0.7,-3.9,-0.1
Dean Wade,wadede01,CLE,PF,23,12,71,13.9,0.744,0.308,0.077,4.6,25.3,14.9,4.0,1.4,4.8,18.2,9.9,0.1,0.1,0.2,0.105,-1.7,0.5,-1.3,0.0
Deandre Ayton,aytonde01,PHO,C,21,38,1236,20.0,0.568,0.023,0.157,13.0,26.3,19.6,9.7,1.0,4.1,11.6,23.7,1.5,1.6,3.1,0.121,0.8,-0.4,0.4,0.7
Dejounte Murray,murrade01,SAS,PG,23,66,1687,16.2,0.524,0.174,0.179,4.4,20.1,12.2,23.1,3.1,0.9,15.4,20.8,0.7,2.0,2.6,0.074,-0.9,1.3,0.4,1.0
Delon Wright,wrighde01,DAL,PG,27,73,1570,15.4,0.554,0.309,0.243,4.7,13.8,9.4,21.0,2.6,1.2,13.8,14.4,2.6,1.8,4.4,0.134,0.0,1.9,1.9,1.5
Dennis Schröder,schrode01,OKC,PG,26,65,1999,16.7,0.575,0.337,0.245,1.1,11.6,6.5,21.9,1.1,0.6,13.4,27.2,1.9,1.8,3.6,0.087,1.1,-1.1,-0.1,1.0
Dennis Smith Jr.,smithde03,NYK,PG,22,34,537,7.4,0.399,0.256,0.251,4.1,11.7,7.7,26.4,2.5,1.4,19.8,23.1,-1.4,0.5,-0.9,-0.079,-5.2,-0.9,-6.1,-0.6
Denzel Valentine,valende01,CHI,SF,26,36,488,13.0,0.511,0.578,0.034,1.9,15.5,8.4,14.2,2.6,1.2,9.8,23.3,-0.1,0.6,0.5,0.048,-0.8,0.2,-0.6,0.2
Deonte Burton,burtode02,OKC,SF,26,39,356,4.3,0.396,0.424,0.112,2.2,15.1,8.8,6.8,1.0,2.4,12.7,18.5,-0.9,0.4,-0.5,-0.067,-6.3,-0.5,-6.8,-0.4
Derrick Favors,favorde01,NOP,C,28,51,1243,18.5,0.62,0.021,0.209,13.9,28.9,21.4,9.2,1.1,3.1,12.9,14.0,2.6,1.6,4.2,0.162,0.7,0.3,1.0,0.9
Derrick Jones Jr.,jonesde02,MIA,SF,22,59,1375,14.9,0.62,0.378,0.352,5.6,13.1,9.5,6.7,2.1,2.7,6.9,13.9,2.6,1.8,4.4,0.153,-0.3,1.1,0.7,1.0
Derrick Rose,rosede01,DET,PG,31,50,1298,21.0,0.555,0.195,0.185,2.3,8.3,5.3,40.5,1.5,1.0,13.4,31.6,1.8,0.7,2.5,0.092,3.9,-1.7,2.2,1.4
Derrick Walton,waltode01,"LAC,DET",PG,24,26,248,8.7,0.617,0.615,0.231,0.9,5.8,3.4,13.9,1.4,0.0,10.4,8.1,0.4,0.2,0.6,0.111,-2.2,1.3,-1.0,0.1
Derrick White,whitede01,SAS,SG,25,68,1677,16.4,0.593,0.391,0.382,2.3,12.1,7.2,20.0,1.3,3.1,12.1,18.9,3.1,1.1,4.2,0.119,1.2,0.1,1.3,1.4
Devin Booker,bookede01,PHO,SG,23,70,2512,20.6,0.618,0.31,0.397,1.3,12.0,6.6,30.0,0.9,0.6,14.9,30.0,6.0,1.5,7.5,0.143,3.4,-1.3,2.2,2.6
Devon Hall,hallde01,OKC,PG,24,11,81,3.1,0.298,0.567,0.267,2.8,6.6,4.8,21.3,2.4,1.1,13.0,20.9,-0.3,0.1,-0.2,-0.116,-6.0,-0.7,-6.7,-0.1
Devontae Cacok,cacokde01,LAL,C,23,1,9,28.6,0.5,0.0,0.0,24.6,36.1,30.4,20.3,0.0,0.0,0.0,28.1,0.0,0.0,0.0,0.226,4.8,-4.6,0.2,0.0
Devonte' Graham,grahade01,CHO,PG,24,63,2211,15.8,0.537,0.607,0.242,2.0,8.7,5.2,35.3,1.4,0.6,14.5,24.8,2.4,0.9,3.4,0.073,2.5,-2.1,0.5,1.4
Dewan Hernandez,hernade01,TOR,C,23,6,28,12.9,0.432,0.143,0.357,19.3,33.2,26.4,16.4,1.7,0.0,15.6,29.3,0.0,0.1,0.0,0.043,-6.6,-3.0,-9.6,-0.1
Dewayne Dedmon,dedmode01,"SAC,ATL",C,30,44,774,9.4,0.473,0.42,0.141,8.5,27.6,17.8,4.0,1.5,4.8,17.4,18.1,-1.0,1.0,0.1,0.005,-5.8,0.0,-5.8,-0.7
Dillon Brooks,brookdi01,MEM,SG,24,73,2112,11.3,0.51,0.385,0.19,3.5,8.6,6.1,10.5,1.4,1.1,9.7,25.2,-0.4,1.6,1.2,0.027,-2.7,-1.4,-4.1,-1.1
Dion Waiters,waitedi01,"MIA,LAL",SG,28,10,207,11.5,0.521,0.475,0.172,1.1,11.5,6.4,14.4,0.9,2.7,13.1,25.2,-0.1,0.2,0.1,0.03,-0.7,-0.6,-1.2,0.0
Domantas Sabonis,sabondo01,IND,PF,23,62,2159,20.7,0.586,0.079,0.349,9.7,29.3,19.6,21.7,1.1,1.2,14.8,23.3,4.1,3.4,7.5,0.168,2.0,1.2,3.2,2.9
Donovan Mitchell,mitchdo01,UTA,SG,23,69,2364,18.8,0.558,0.352,0.24,2.6,11.3,7.1,21.6,1.4,0.5,11.0,30.8,3.2,2.2,5.4,0.11,2.4,-0.6,1.9,2.3
Donta Hall,halldo01,"DET,BRK",C,22,9,133,13.6,0.652,0.0,0.818,11.4,19.2,15.4,4.2,1.1,3.8,14.3,11.1,0.2,0.2,0.4,0.137,-3.5,-0.4,-3.9,-0.1
Donte DiVincenzo,divindo01,MIL,SG,23,66,1520,14.1,0.557,0.484,0.169,4.6,15.5,10.3,13.6,2.6,1.2,14.1,17.3,1.0,3.2,4.3,0.135,-1.1,2.4,1.3,1.3
Dorian Finney-Smith,finnedo01,DAL,PF,26,71,2120,12.3,0.595,0.58,0.207,7.3,12.7,10.0,7.2,1.0,1.6,10.8,12.9,3.3,1.5,4.9,0.11,0.1,-0.3,-0.2,0.9
Doug McDermott,mcderdo01,IND,PF,28,69,1372,14.4,0.62,0.537,0.106,2.1,11.7,7.0,8.4,0.4,0.3,6.8,19.6,2.3,1.1,3.3,0.117,1.4,-1.3,0.0,0.7
Dragan Bender,bendedr01,"MIL,GSW",PF,22,16,286,10.9,0.545,0.467,0.152,5.9,21.1,13.5,14.4,0.7,2.8,17.6,17.7,0.0,0.3,0.3,0.052,-3.1,0.2,-2.9,-0.1
Draymond Green,greendr01,GSW,PF,29,43,1222,12.5,0.489,0.408,0.263,2.0,22.3,11.8,31.2,2.3,2.4,21.8,15.7,-0.2,1.3,1.1,0.044,-2.1,1.9,-0.2,0.5
Drew Eubanks,eubandr01,SAS,C,22,22,272,17.3,0.682,0.015,0.388,11.1,22.6,16.8,7.7,0.9,5.5,21.1,15.8,0.5,0.3,0.8,0.134,-1.4,-0.4,-1.8,0.0
Duncan Robinson,robindu01,MIA,SG,25,73,2166,13.1,0.684,0.882,0.105,0.5,11.0,6.0,7.1,0.8,0.9,8.9,16.0,3.7,1.6,5.3,0.118,1.5,-1.0,0.5,1.3
Dusty Hannahs,hannadu01,MEM,SG,26,2,13,21.3,0.607,0.333,0.222,0.0,8.0,4.1,0.0,0.0,0.0,0.0,31.6,0.0,0.0,0.0,0.146,5.1,-2.1,3.1,0.0
Dwayne Bacon,bacondw01,CHO,SG,24,39,687,6.1,0.419,0.275,0.217,2.3,14.0,7.9,11.7,1.7,0.3,12.2,19.5,-1.2,0.4,-0.8,-0.053,-5.9,-0.9,-6.8,-0.8
Dwight Howard,howardw01,LAL,C,34,69,1306,18.7,0.696,0.018,0.773,14.6,27.8,21.2,4.8,1.1,5.4,18.5,14.7,2.8,2.6,5.4,0.197,-1.0,1.2,0.2,0.7
Dwight Powell,poweldw01,DAL,C,28,40,1061,15.9,0.677,0.17,0.485,7.5,14.8,11.2,7.7,1.5,1.8,11.5,12.6,2.6,1.0,3.6,0.162,0.4,0.9,1.3,0.9
Dāvis Bertāns,bertada01,WAS,PF,27,54,1583,15.5,0.628,0.774,0.2,2.3,15.1,8.5,8.4,1.1,1.8,8.2,19.0,3.0,0.5,3.5,0.107,2.7,-1.8,0.9,1.1
Džanan Musa,musadz01,BRK,SF,20,40,487,9.4,0.484,0.453,0.349,4.6,13.5,9.1,12.6,1.5,0.2,15.4,20.1,-0.3,0.5,0.2,0.016,-3.5,-0.9,-4.4,-0.3
E'Twaun Moore,mooreet01,NOP,SG,30,56,1020,11.3,0.51,0.382,0.103,3.2,10.4,6.8,11.0,1.5,0.9,8.1,19.9,0.3,0.7,0.9,0.043,-1.9,-0.8,-2.7,-0.2
Ed Davis,davised01,UTA,C,30,28,303,9.5,0.489,0.0,0.304,13.2,24.6,19.1,5.2,1.8,2.5,20.0,9.4,0.2,0.5,0.6,0.102,-4.6,1.5,-3.2,-0.1
Edmond Sumner,sumneed01,IND,SG,24,31,447,10.1,0.491,0.373,0.204,2.7,8.5,5.6,16.7,1.6,1.8,12.4,17.3,-0.1,0.5,0.4,0.047,-3.1,0.2,-2.9,-0.1
Elfrid Payton,paytoel01,NYK,PG,25,45,1246,16.0,0.47,0.157,0.195,4.3,14.1,9.1,38.6,2.7,1.3,16.7,19.5,0.5,1.2,1.7,0.065,-0.4,0.4,0.0,0.6
Elie Okobo,okoboel01,PHO,PG,22,55,719,10.6,0.516,0.392,0.392,2.4,11.6,6.9,21.2,1.6,0.5,15.2,14.8,0.5,0.5,1.0,0.067,-1.9,0.0,-1.9,0.0
Emmanuel Mudiay,mudiaem01,UTA,PG,23,54,850,13.0,0.543,0.266,0.254,2.4,13.5,8.2,20.9,1.4,1.0,17.3,22.6,0.1,0.9,1.0,0.057,-1.8,-0.1,-1.9,0.0
Enes Freedom,kanteen01,BOS,C,27,58,983,22.4,0.599,0.02,0.284,18.0,28.9,23.5,8.8,1.1,3.9,12.5,19.4,2.6,1.8,4.4,0.214,1.8,-0.3,1.5,0.9
Eric Bledsoe,bledser01,MIL,PG,30,61,1646,17.6,0.571,0.306,0.304,2.8,13.5,8.5,28.7,1.6,1.4,15.7,23.7,2.4,3.0,5.4,0.157,0.8,1.0,1.8,1.6
Eric Gordon,gordoer01,HOU,SF,31,36,1016,10.3,0.51,0.654,0.231,0.9,6.5,3.7,7.9,1.0,1.1,7.8,22.5,-0.1,0.6,0.5,0.024,-1.8,-2.1,-3.9,-0.5
Eric Mika,mikaer01,SAC,C,25,1,19,13.9,0.773,0.0,0.667,11.6,30.4,20.7,0.0,0.0,0.0,0.0,8.9,0.1,0.0,0.1,0.218,-1.9,-1.5,-3.4,0.0
Eric Paschall,pascher01,GSW,PF,23,60,1654,14.5,0.571,0.202,0.331,5.2,13.1,9.0,12.7,0.9,0.7,11.4,21.4,1.6,0.5,2.1,0.062,-0.7,-2.0,-2.7,-0.3
Ersan İlyasova,ilyaser01,MIL,PF,32,63,986,14.9,0.589,0.438,0.278,6.6,22.7,15.1,6.6,1.1,1.5,8.8,16.1,1.6,2.0,3.6,0.174,-0.3,0.8,0.4,0.6
Evan Fournier,fournev01,ORL,SF,27,66,2076,16.4,0.595,0.467,0.237,0.9,8.2,4.4,16.6,1.7,0.7,10.9,23.9,2.9,1.7,4.6,0.106,1.4,-0.4,1.0,1.6
Evan Turner,turneev01,ATL,SG,31,19,251,6.8,0.424,0.075,0.209,3.4,13.0,8.2,20.6,1.7,2.7,26.2,16.4,-0.5,0.1,-0.3,-0.064,-4.9,-0.7,-5.5,-0.2
Frank Jackson,jacksfr01,NOP,PG,21,59,797,9.1,0.51,0.435,0.227,2.9,8.1,5.5,10.8,1.0,0.4,11.9,21.2,-0.2,0.3,0.2,0.01,-3.3,-2.2,-5.5,-0.7
Frank Kaminsky,kaminfr01,PHO,C,26,39,777,14.2,0.545,0.404,0.293,4.9,20.4,12.6,14.3,0.9,1.1,9.6,21.0,0.7,0.7,1.4,0.087,-0.1,-0.4,-0.5,0.3
Frank Mason III,masonfr01,MIL,PG,25,9,118,16.9,0.53,0.412,0.333,4.5,11.1,8.0,35.0,1.9,0.7,15.8,24.3,0.1,0.2,0.4,0.143,-0.6,0.6,0.0,0.1
Frank Ntilikina,ntilila01,NYK,PG,21,57,1187,9.8,0.497,0.411,0.177,2.0,9.1,5.4,20.2,2.2,1.3,16.5,15.4,0.1,0.8,0.9,0.037,-3.6,0.4,-3.2,-0.4
Fred VanVleet,vanvlfr01,TOR,SG,25,54,1928,16.3,0.553,0.484,0.256,1.0,9.9,5.6,27.7,2.5,0.9,12.3,21.7,2.8,3.1,5.8,0.145,1.3,1.4,2.7,2.3
Furkan Korkmaz,korkmfu01,PHI,SG,22,72,1559,12.0,0.579,0.632,0.181,1.3,10.6,6.0,7.3,1.3,0.9,8.8,18.4,1.4,1.4,2.8,0.085,-0.4,-1.0,-1.3,0.3
Gabe Vincent,vincega01,MIA,PG,23,9,83,1.2,0.297,0.73,0.0,0.0,6.5,3.4,10.1,2.9,0.0,2.6,20.2,-0.3,0.1,-0.2,-0.117,-8.5,-1.9,-10.4,-0.2
Garrett Temple,templga01,BRK,SG,33,62,1730,10.5,0.513,0.658,0.148,1.8,11.1,6.5,12.8,1.3,1.4,9.0,16.6,0.7,1.7,2.4,0.066,-1.4,0.3,-1.1,0.4
Garrison Mathews,mathega01,WAS,SG,23,18,227,13.1,0.691,0.821,0.607,2.8,9.0,5.8,5.8,1.6,0.4,10.1,14.5,0.6,0.1,0.6,0.131,-0.6,-0.5,-1.1,0.1
Gary Clark,clarkga01,"HOU,ORL",SF,25,42,567,10.7,0.568,0.835,0.075,6.8,14.0,10.3,4.1,0.5,3.4,6.8,11.0,0.7,0.5,1.2,0.1,-0.9,-0.9,-1.9,0.0
Gary Harris,harriga01,DEN,SG,25,56,1780,9.7,0.519,0.405,0.177,1.6,8.6,5.1,8.9,2.1,0.7,9.7,15.1,0.5,1.4,1.9,0.052,-2.8,0.3,-2.5,-0.2
Gary Payton II,paytoga02,WAS,SF,27,29,432,11.3,0.473,0.397,0.069,6.3,14.2,10.1,14.8,3.6,1.4,14.3,13.4,0.0,0.4,0.5,0.051,-3.1,1.5,-1.6,0.0
Gary Trent Jr.,trentga02,POR,SF,21,61,1332,12.9,0.587,0.608,0.102,2.0,5.8,3.9,6.3,1.7,1.0,4.4,15.3,2.2,0.3,2.5,0.089,0.5,-0.8,-0.3,0.6
George Hill,hillge01,MIL,PG,33,59,1271,16.9,0.659,0.468,0.269,4.1,9.3,6.9,19.0,1.7,0.3,11.9,15.5,3.5,2.1,5.5,0.21,1.6,1.3,2.9,1.6
Georges Niang,niangge01,UTA,PF,26,66,923,11.7,0.589,0.699,0.075,1.9,12.9,7.6,7.0,0.9,0.4,8.3,17.2,1.0,0.8,1.8,0.092,0.4,-0.5,-0.1,0.4
Giannis Antetokounmpo,antetgi01,MIL,PF,25,63,1917,31.9,0.613,0.237,0.508,7.7,34.8,22.1,34.2,1.5,3.0,13.2,37.5,6.1,5.0,11.1,0.279,7.4,4.1,11.5,6.6
Glenn Robinson III,robingl02,"GSW,PHI",SF,26,62,1786,13.3,0.577,0.333,0.145,4.8,11.9,8.2,8.4,1.4,0.8,8.0,16.4,2.0,0.9,2.9,0.078,-0.5,-1.2,-1.7,0.1
Goga Bitadze,bitadgo01,IND,C,20,54,471,12.1,0.523,0.28,0.22,5.9,18.7,12.3,6.7,1.0,6.9,14.5,17.9,-0.1,0.8,0.7,0.067,-4.1,1.8,-2.3,0.0
Goran Dragić,dragigo01,MIA,PG,33,59,1663,16.3,0.573,0.467,0.34,2.0,10.2,6.3,29.2,1.2,0.6,14.8,25.9,2.2,1.3,3.5,0.102,1.4,-1.6,-0.1,0.8
Gordon Hayward,haywago01,BOS,SF,29,52,1740,18.1,0.595,0.317,0.207,3.4,17.8,10.7,18.7,1.1,1.2,11.2,21.1,3.5,2.2,5.7,0.158,2.6,0.1,2.7,2.0
Gorgui Dieng,dienggo01,"MIN,MEM",C,30,63,1096,17.1,0.568,0.418,0.277,8.5,25.8,17.0,9.7,2.2,4.5,12.8,17.6,1.3,1.7,2.9,0.129,-0.2,1.8,1.5,1.0
Grant Williams,willigr01,BOS,PF,21,69,1043,7.9,0.505,0.455,0.256,6.1,12.1,9.1,8.5,1.4,3.2,17.6,11.6,0.1,1.4,1.6,0.071,-4.1,1.4,-2.7,-0.2
Grayson Allen,allengr01,MEM,SG,24,38,718,12.0,0.609,0.562,0.179,1.2,11.1,6.2,10.0,0.7,0.2,10.9,17.6,0.8,0.4,1.2,0.082,-0.1,-1.2,-1.3,0.1
Hamidou Diallo,diallha01,OKC,SF,21,46,896,9.3,0.491,0.193,0.213,5.6,14.7,10.3,5.9,2.0,0.9,13.6,18.4,-0.7,1.1,0.4,0.022,-4.2,0.3,-3.9,-0.4
Harrison Barnes,barneha02,SAC,PF,27,72,2482,13.3,0.574,0.338,0.337,3.4,12.9,8.1,9.2,0.8,0.5,8.8,17.4,3.4,1.1,4.6,0.088,0.0,-1.3,-1.3,0.5
Harry Giles,gilesha01,SAC,C,21,46,667,16.4,0.58,0.008,0.195,7.1,25.1,15.9,14.2,1.6,2.6,13.9,20.6,0.8,0.8,1.6,0.112,-2.2,0.9,-1.3,0.1
Hassan Whiteside,whiteha01,POR,C,30,67,2008,25.0,0.644,0.01,0.34,13.6,33.3,23.6,5.9,0.6,8.4,12.9,19.6,5.6,3.0,8.5,0.204,2.5,0.7,3.2,2.6
Henry Ellenson,ellenhe01,BRK,C,23,5,15,-1.3,0.143,0.571,0.0,14.1,27.0,20.7,8.7,0.0,0.0,0.0,19.5,-0.1,0.0,-0.1,-0.183,-7.5,-3.4,-10.9,0.0
Ian Mahinmi,mahinia01,WAS,C,33,38,808,14.2,0.545,0.124,0.538,10.1,19.7,14.7,8.3,1.8,4.8,14.8,15.7,0.7,0.7,1.4,0.083,-2.8,0.0,-2.7,-0.2
Ignas Brazdeikis,brazdig01,NYK,SF,21,9,53,3.2,0.351,0.409,0.227,3.9,6.2,5.0,10.6,0.0,1.8,7.6,21.0,-0.1,0.0,-0.1,-0.108,-5.1,-3.9,-9.0,-0.1
Iman Shumpert,shumpim01,BRK,SF,29,13,241,5.3,0.403,0.516,0.109,3.9,10.5,7.3,6.7,2.4,0.7,13.0,13.4,-0.3,0.3,0.0,-0.005,-6.2,0.7,-5.5,-0.2
Isaac Bonga,bongais01,WAS,SF,20,66,1250,10.2,0.608,0.303,0.363,6.0,13.8,9.7,7.9,1.7,1.5,17.6,11.0,1.2,0.6,1.8,0.068,-2.7,-0.1,-2.8,-0.3
Isaiah Hartenstein,harteis01,HOU,C,21,23,266,18.6,0.674,0.075,0.418,11.3,24.3,17.7,10.0,1.6,3.9,16.8,14.8,0.7,0.4,1.1,0.19,-1.0,1.3,0.3,0.2
Isaiah Roby,robyis01,OKC,PF,21,3,11,-7.7,0.0,0.0,0.0,0.0,19.5,10.0,0.0,0.0,0.0,50.0,8.0,-0.1,0.0,0.0,-0.188,-12.0,-3.4,-15.4,0.0
Isaiah Thomas,thomais02,WAS,PG,30,40,925,11.6,0.531,0.444,0.178,1.2,7.0,4.0,23.4,0.7,0.6,14.4,24.1,0.1,-0.1,0.0,0.002,-0.5,-3.9,-4.4,-0.5
Ish Smith,smithis01,WAS,PG,31,68,1787,13.9,0.509,0.245,0.125,1.8,12.0,6.7,27.1,1.5,1.5,11.6,19.1,1.3,0.6,1.9,0.051,-0.3,-1.0,-1.3,0.3
Ivica Zubac,zubaciv01,LAC,C,22,72,1326,21.7,0.651,0.005,0.431,15.9,26.4,21.3,9.1,0.6,4.4,11.8,16.4,4.4,2.3,6.6,0.241,1.9,0.9,2.8,1.6
J.J. Barea,bareajo01,DAL,PG,35,29,450,14.6,0.512,0.411,0.106,2.4,9.9,6.2,37.1,0.5,0.4,14.9,24.2,0.5,0.2,0.7,0.072,1.6,-3.0,-1.4,0.1
J.J. Redick,redicjj01,NOP,SG,35,60,1581,15.4,0.644,0.629,0.293,0.7,9.5,5.1,10.8,0.6,0.5,9.5,20.4,3.6,0.6,4.1,0.125,2.3,-1.7,0.7,1.1
J.P. Macura,macurjp01,CLE,SG,24,1,1,0.0,,,,0.0,0.0,0.0,0.0,0.0,0.0,,0.0,0.0,0.0,0.0,-0.022,-5.2,-1.2,-6.4,0.0
J.R. Smith,smithjr01,LAL,SG,34,6,79,0.0,0.372,0.5,0.091,0.0,6.9,3.5,4.8,0.6,0.0,14.9,14.3,-0.2,0.1,-0.1,-0.077,-7.8,-2.0,-9.8,-0.2
Ja Morant,moranja01,MEM,PG,20,67,2074,17.4,0.556,0.191,0.329,2.6,10.4,6.6,35.2,1.3,0.8,17.0,25.9,2.3,1.5,3.8,0.088,1.4,-1.2,0.3,1.2
JaKarr Sampson,sampsja02,IND,PF,26,34,471,12.6,0.615,0.113,0.235,4.7,15.7,10.2,6.1,1.6,2.2,10.6,13.2,0.6,0.7,1.2,0.124,-2.8,1.4,-1.4,0.1
JaMychal Green,greenja01,LAC,PF,29,63,1307,11.1,0.576,0.676,0.136,6.3,24.1,15.4,5.0,1.0,1.6,12.6,13.7,1.1,2.0,3.1,0.115,-1.2,0.7,-0.5,0.5
JaVale McGee,mcgeeja01,LAL,C,32,68,1130,19.4,0.652,0.02,0.268,12.2,25.4,18.9,4.6,1.5,7.5,13.9,14.8,2.2,2.4,4.7,0.198,-0.6,2.1,1.5,1.0
Jabari Parker,parkeja01,"ATL,SAC",PF,24,38,917,18.0,0.571,0.277,0.189,7.1,18.3,12.6,12.4,2.3,1.5,12.1,24.0,0.8,0.8,1.6,0.083,0.6,-0.3,0.3,0.5
Jacob Evans,evansja02,"GSW,MIN",SG,22,29,418,5.5,0.436,0.291,0.216,2.3,8.6,5.3,10.8,1.3,2.6,14.6,17.5,-0.7,0.2,-0.5,-0.056,-5.8,-1.3,-7.1,-0.5
Jae Crowder,crowdja01,"MEM,MIA",SF,29,65,1875,12.5,0.553,0.7,0.222,3.0,18.5,11.0,11.5,1.8,1.2,10.0,15.5,1.6,2.2,3.8,0.098,-0.5,0.4,-0.1,0.9
Jahlil Okafor,okafoja01,NOP,C,24,30,467,18.3,0.642,0.019,0.383,10.9,18.0,14.4,12.0,0.7,3.9,16.7,19.9,0.9,0.4,1.3,0.133,-0.5,0.3,-0.2,0.2
Jake Layman,laymaja01,MIN,SF,25,23,505,10.3,0.544,0.402,0.179,3.4,8.7,6.0,4.4,1.6,1.6,11.1,17.7,0.0,0.3,0.3,0.03,-2.8,-0.9,-3.7,-0.2
Jakob Poeltl,poeltja01,SAS,C,24,66,1171,19.1,0.612,0.0,0.323,12.1,22.5,17.3,13.6,1.5,7.1,15.1,13.2,2.4,1.6,4.0,0.163,0.5,2.0,2.5,1.3
Jalen Brunson,brunsja01,DAL,PG,23,57,1022,14.9,0.553,0.309,0.193,2.3,11.3,6.9,27.0,1.0,0.3,13.6,20.4,1.6,0.6,2.1,0.101,0.1,-1.0,-0.9,0.3
Jalen Lecque,lecquja01,PHO,SG,19,5,32,2.7,0.46,0.4,0.2,0.0,7.0,3.5,8.6,0.0,0.0,15.5,17.1,0.0,0.0,0.0,-0.065,-6.6,-2.9,-9.5,-0.1
Jalen McDaniels,mcdanja01,CHO,SF,22,16,293,10.7,0.574,0.343,0.243,5.4,19.4,12.1,6.8,1.4,0.9,12.4,13.3,0.2,0.2,0.5,0.078,-3.4,0.1,-3.3,-0.1
Jamal Crawford,crawfja01,BRK,SG,39,1,6,33.2,0.625,0.5,0.0,0.0,0.0,0.0,100.0,0.0,0.0,0.0,27.9,0.1,0.0,0.1,0.492,12.4,2.6,15.0,0.0
Jamal Murray,murraja01,DEN,PG,22,59,1904,17.7,0.559,0.362,0.207,2.7,11.2,6.9,22.9,1.7,0.8,11.5,25.2,2.8,1.5,4.3,0.107,2.0,-0.8,1.2,1.5
James Ennis III,ennisja01,"PHI,ORL",SF,29,69,1265,11.5,0.565,0.471,0.273,6.1,15.3,10.6,7.0,1.3,1.5,12.6,15.7,1.0,1.4,2.4,0.09,-2.2,-0.4,-2.6,-0.2
James Harden,hardeja01,HOU,SG,30,68,2483,29.1,0.626,0.557,0.528,2.9,16.0,9.4,35.9,2.3,2.1,14.2,36.3,9.9,3.2,13.1,0.254,8.1,1.6,9.6,7.3
James Johnson,johnsja01,"MIA,MIN",PF,32,32,619,14.8,0.572,0.423,0.223,4.3,16.3,10.3,18.4,1.9,4.6,16.9,19.4,0.3,0.8,1.1,0.089,-1.1,1.2,0.0,0.3
Jared Dudley,dudleja01,LAL,PF,34,45,364,7.8,0.558,0.7,0.033,1.8,13.7,7.8,9.5,2.0,0.7,11.6,8.0,0.3,0.5,0.8,0.102,-2.7,2.0,-0.7,0.1
Jared Harper,harpeja01,PHO,PG,22,3,8,-5.3,0.25,0.5,0.0,0.0,0.0,0.0,0.0,0.0,0.0,0.0,21.3,0.0,0.0,0.0,-0.249,-10.1,-5.6,-15.7,0.0
Jaren Jackson Jr.,jacksja02,MEM,C,20,57,1622,16.3,0.593,0.489,0.247,3.6,13.2,8.5,7.2,1.2,5.0,10.6,24.0,1.6,1.8,3.5,0.103,0.3,0.1,0.4,1.0
Jarred Vanderbilt,vandeja01,"DEN,MIN",PF,20,11,46,7.6,0.676,0.125,0.25,7.3,14.5,10.9,5.9,3.2,2.0,44.1,14.9,-0.1,0.1,0.0,-0.026,-6.8,0.5,-6.3,-0.1
Jarrell Brantley,brantja01,UTA,PF,23,9,96,8.0,0.416,0.464,0.071,2.4,19.9,11.5,15.8,1.5,4.3,19.5,16.3,-0.2,0.1,0.0,-0.006,-5.3,0.7,-4.6,-0.1
Jarrett Allen,allenja01,BRK,C,21,70,1852,20.7,0.664,0.013,0.581,12.3,24.9,18.7,8.9,1.0,4.2,11.7,14.9,5.2,2.9,8.2,0.212,1.4,1.0,2.3,2.0
Jarrett Culver,culveja01,MIN,SG,20,63,1506,9.6,0.467,0.388,0.206,4.7,10.3,7.4,10.8,1.8,2.1,11.5,19.2,-1.2,1.1,-0.1,-0.004,-3.3,-0.7,-4.0,-0.8
Jarrod Uthoff,uthofja01,"MEM,WAS",PF,26,7,53,8.8,0.503,0.5,0.111,4.0,8.6,6.1,0.0,0.9,0.0,0.0,14.8,0.0,0.0,0.0,0.018,-2.2,-2.4,-4.6,0.0
Javonte Green,greenja02,BOS,SG,26,48,468,13.1,0.564,0.262,0.333,5.6,15.6,10.6,7.7,2.5,1.6,13.7,15.3,0.4,0.8,1.1,0.113,-2.1,1.4,-0.7,0.2
Jaxson Hayes,hayesja02,NOP,C,19,64,1080,17.6,0.689,0.015,0.734,9.5,16.0,12.7,7.2,1.1,4.3,13.4,15.0,2.8,1.1,3.9,0.171,-0.9,0.6,-0.3,0.5
Jaylen Brown,brownja02,BOS,SG,23,57,1934,16.9,0.583,0.381,0.274,3.5,16.5,10.1,9.7,1.6,1.0,11.2,24.7,2.3,2.6,4.9,0.123,1.0,-0.2,0.8,1.4
Jaylen Hoard,hoardja01,POR,PF,20,13,103,14.9,0.504,0.094,0.406,14.4,18.1,16.2,5.3,2.3,0.0,9.6,17.2,0.1,0.1,0.2,0.093,-0.8,-1.3,-2.1,0.0
Jaylen Nowell,nowelja01,MIN,SG,20,15,151,10.5,0.471,0.491,0.321,2.0,7.3,4.5,17.8,0.9,0.6,4.7,17.3,0.1,0.0,0.2,0.051,-2.9,-0.8,-3.8,-0.1
Jayson Tatum,tatumja01,BOS,PF,21,66,2265,20.4,0.567,0.383,0.255,3.1,18.5,10.9,14.5,2.0,2.3,10.2,28.6,3.2,3.7,6.9,0.146,3.5,0.6,4.0,3.4
Jeff Green,greenje02,"UTA,HOU",PF,33,48,960,13.7,0.59,0.532,0.265,2.7,12.0,7.5,7.9,1.3,1.7,9.9,19.0,1.2,0.9,2.1,0.104,0.0,-0.1,-0.1,0.5
Jeff Teague,teaguje01,"MIN,ATL",PG,31,59,1464,14.6,0.557,0.239,0.403,1.9,8.6,5.2,30.7,1.4,1.1,16.8,19.5,1.9,0.6,2.5,0.082,-0.2,-1.3,-1.5,0.2
Jerami Grant,grantje01,DEN,PF,25,71,1892,14.4,0.591,0.397,0.309,3.4,11.2,7.3,6.6,1.3,2.8,8.0,18.0,2.8,1.6,4.4,0.111,0.1,-0.6,-0.5,0.7
Jeremiah Martin,martije02,BRK,PG,23,9,99,21.8,0.541,0.34,0.264,1.1,9.2,5.2,30.8,3.3,1.7,6.3,26.7,0.2,0.1,0.4,0.176,1.5,1.7,3.2,0.1
Jeremy Lamb,lambje01,IND,SG,27,46,1291,14.0,0.547,0.33,0.23,2.1,14.8,8.5,10.5,2.1,1.5,8.7,19.6,0.9,1.8,2.7,0.099,-1.1,0.8,-0.4,0.5
Jeremy Pargo,pargoje01,GSW,PG,33,3,44,12.6,0.557,0.318,0.045,2.4,5.1,3.7,33.2,1.1,0.0,15.1,25.7,0.0,0.0,0.0,0.011,-2.8,-3.1,-5.9,0.0
Jerian Grant,grantje02,WAS,SG,27,6,80,6.6,0.449,0.296,0.259,2.6,5.7,4.1,15.3,0.6,1.1,9.1,17.2,0.0,0.0,0.0,-0.018,-4.5,-2.0,-6.5,-0.1
Jerome Robinson,robinje01,"LAC,WAS",SG,22,63,979,7.4,0.476,0.494,0.184,1.4,12.8,7.0,11.9,1.3,1.5,12.8,16.4,-0.6,0.8,0.2,0.009,-3.8,-0.2,-3.9,-0.5
Jevon Carter,carteje01,PHO,PG,24,58,945,11.3,0.563,0.601,0.111,3.5,10.5,6.9,11.9,2.4,1.6,11.2,12.9,0.8,1.0,1.8,0.093,-0.7,1.3,0.6,0.6
Jimmy Butler,butleji01,MIA,SF,30,58,1959,23.6,0.585,0.157,0.693,6.3,15.4,11.0,28.1,2.6,1.6,11.4,25.1,6.3,2.7,9.0,0.221,4.0,1.5,5.4,3.7
Joakim Noah,noahjo01,LAC,C,34,5,50,11.1,0.608,0.0,1.0,10.7,22.3,16.6,17.9,0.9,1.8,34.2,14.7,0.0,0.1,0.1,0.096,-4.1,2.5,-1.6,0.0
Joe Chealey,chealjo01,CHO,PG,24,4,33,-2.9,0.127,0.571,0.286,0.0,0.0,0.0,3.9,6.1,0.0,20.2,13.2,-0.2,0.0,-0.1,-0.188,-14.3,1.7,-12.5,-0.1
Joe Harris,harrijo01,BRK,SF,28,69,2123,13.3,0.606,0.518,0.114,3.2,11.2,7.3,10.4,0.9,0.7,11.2,18.3,2.5,1.8,4.3,0.097,0.4,-0.6,-0.2,1.0
Joe Ingles,inglejo01,UTA,PF,32,72,2137,12.6,0.595,0.638,0.17,1.4,12.5,7.2,24.4,1.5,0.4,19.3,15.1,2.7,2.1,4.8,0.108,0.1,0.7,0.7,1.5
Joel Embiid,embiijo01,PHI,C,25,51,1506,25.8,0.59,0.215,0.543,10.3,33.2,21.7,16.9,1.4,3.7,13.8,32.9,3.3,2.7,6.0,0.192,3.7,1.0,4.7,2.5
John Collins,collijo01,ATL,PF,22,41,1363,23.5,0.659,0.243,0.248,9.0,24.0,16.4,7.6,1.1,4.1,10.1,22.7,3.8,1.2,4.9,0.174,3.7,-0.6,3.1,1.7
John Henson,hensojo01,"CLE,DET",C,29,40,600,17.0,0.578,0.211,0.269,8.5,21.8,15.1,13.4,2.0,6.0,15.8,16.3,0.6,0.8,1.4,0.109,-1.2,2.1,0.9,0.4
John Konchar,konchjo01,MEM,SG,23,19,181,18.0,0.713,0.27,0.054,10.7,16.6,13.7,16.2,1.8,1.5,15.6,10.3,0.5,0.2,0.7,0.182,2.5,2.0,4.5,0.3
Johnathan Motley,motlejo01,LAC,PF,24,13,41,28.5,0.774,0.067,0.467,7.8,17.3,12.7,32.9,3.5,0.0,21.7,23.5,0.2,0.1,0.3,0.299,4.8,3.3,8.1,0.1
Johnathan Williams,willijo04,WAS,PF,24,15,180,14.0,0.566,0.059,0.382,14.0,25.3,19.4,5.9,0.3,3.9,11.2,10.3,0.3,0.1,0.4,0.109,-0.8,-1.3,-2.0,0.0
Jonah Bolden,boldejo01,"PHI,PHO",C,24,7,47,4.9,0.392,0.364,0.364,7.0,14.3,10.6,0.0,3.0,3.7,13.6,13.4,-0.1,0.1,0.0,-0.006,-8.8,-0.4,-9.2,-0.1
Jonas Valančiūnas,valanjo01,MEM,C,27,70,1845,22.2,0.631,0.123,0.271,12.4,32.2,22.5,10.9,0.8,3.6,13.3,21.5,4.2,2.8,7.0,0.182,2.1,0.2,2.4,2.0
Jonathan Isaac,isaacjo01,ORL,PF,22,34,980,17.3,0.552,0.283,0.232,6.2,19.6,12.7,7.4,2.6,7.2,11.8,18.3,0.6,1.9,2.5,0.12,-0.6,2.9,2.3,1.1
Jordan Bell,belljo01,"MIN,MEM",C,25,29,256,13.9,0.577,0.179,0.463,12.0,21.8,16.7,8.9,0.5,3.2,20.7,16.4,0.2,0.2,0.4,0.07,-1.4,-1.1,-2.5,0.0
Jordan Bone,bonejo01,DET,PG,22,10,53,0.8,0.3,0.5,0.0,0.0,8.7,4.3,21.0,0.9,0.0,9.1,18.1,-0.1,0.0,-0.1,-0.117,-9.1,-2.8,-11.9,-0.1
Jordan Clarkson,clarkjo01,"CLE,UTA",SG,27,71,1705,17.3,0.574,0.476,0.19,3.3,8.7,6.1,13.2,1.3,0.8,9.4,26.3,2.4,1.0,3.4,0.096,2.4,-1.3,1.1,1.3
Jordan McLaughlin,mclaujo01,MIN,PG,23,30,590,16.3,0.587,0.427,0.219,1.2,7.8,4.4,31.0,2.7,0.6,13.7,15.8,1.1,0.4,1.6,0.13,0.3,0.0,0.3,0.3
Jordan McRae,mcraejo01,"WAS,DEN,DET",SG,28,37,784,14.2,0.515,0.344,0.298,2.4,15.4,8.7,17.9,1.3,1.8,9.4,24.4,0.4,0.4,0.7,0.044,0.0,-1.5,-1.5,0.1
Jordan Poole,poolejo01,GSW,SG,20,57,1274,7.2,0.454,0.528,0.237,0.7,9.6,5.0,15.8,1.3,0.7,11.8,21.1,-1.6,0.4,-1.2,-0.047,-4.4,-2.2,-6.6,-1.5
Josh Gray,grayjo01,NOP,PG,26,2,23,-5.0,0.5,0.0,0.0,4.6,4.6,4.6,10.4,0.0,0.0,71.4,12.5,-0.1,0.0,-0.1,-0.226,-11.4,-4.7,-16.0,-0.1
Josh Hart,hartjo01,NOP,SF,24,65,1755,11.9,0.563,0.665,0.216,3.7,22.1,12.8,8.2,1.7,1.1,11.4,15.3,1.3,1.8,3.1,0.085,-1.1,0.4,-0.7,0.6
Josh Jackson,jacksjo02,MEM,SF,22,22,381,14.1,0.547,0.453,0.314,3.1,14.9,9.1,13.1,2.2,2.1,13.4,22.8,0.1,0.5,0.5,0.069,-1.0,1.1,0.1,0.2
Josh Magette,magetjo01,ORL,PG,30,8,38,5.1,0.378,0.267,0.133,2.7,14.6,8.5,19.2,3.8,2.4,23.9,23.7,-0.2,0.1,-0.1,-0.127,-7.9,1.6,-6.2,0.0
Josh Okogie,okogijo01,MIN,SG,21,62,1547,11.5,0.553,0.387,0.48,5.7,12.8,9.1,8.9,2.0,1.4,15.3,15.1,0.9,1.2,2.2,0.068,-2.4,0.0,-2.4,-0.2
Josh Reaves,reavejo02,DAL,SF,22,4,28,5.8,0.405,0.222,0.222,3.8,7.4,5.6,14.2,0.0,0.0,0.0,15.1,0.0,0.0,0.0,0.031,-5.3,-4.0,-9.4,-0.1
Josh Richardson,richajo01,PHI,SG,26,55,1693,12.0,0.533,0.385,0.218,2.7,8.7,5.7,13.9,1.5,1.8,12.8,20.6,0.5,1.7,2.1,0.061,-1.4,-0.4,-1.8,0.1
Jrue Holiday,holidjr01,NOP,SG,29,61,2117,17.0,0.537,0.344,0.181,3.8,10.9,7.3,29.1,2.2,1.9,14.5,24.5,2.0,1.9,3.9,0.088,1.6,0.2,1.8,2.0
Juan Toscano-Anderson,toscaju01,GSW,SG,26,13,272,9.4,0.529,0.365,0.079,3.5,17.8,10.4,13.8,2.3,1.7,19.7,12.7,-0.1,0.2,0.2,0.03,-4.1,0.5,-3.6,-0.1
Juancho Hernangómez,hernaju01,"DEN,MIN",PF,24,48,833,10.4,0.518,0.522,0.287,5.6,20.5,12.8,6.6,1.1,1.0,10.3,15.7,0.2,0.7,0.9,0.052,-2.2,-1.1,-3.4,-0.3
Julius Randle,randlju01,NYK,PF,25,64,2080,17.5,0.538,0.23,0.35,7.5,24.9,16.0,15.8,1.2,1.0,14.3,27.6,0.9,1.8,2.7,0.062,0.7,-1.0,-0.3,0.9
Justin Anderson,anderju01,BRK,SG,26,10,107,3.2,0.352,0.763,0.105,1.0,18.9,10.2,10.1,0.0,4.7,9.1,17.1,-0.2,0.1,-0.1,-0.054,-6.8,-1.0,-7.7,-0.2
Justin Holiday,holidju01,IND,SF,30,73,1826,12.1,0.585,0.681,0.138,1.9,12.2,7.1,6.7,2.3,2.2,7.9,13.4,1.6,2.6,4.2,0.112,-0.5,1.8,1.3,1.5
Justin Jackson,jacksju01,DAL,PF,24,65,1045,9.5,0.496,0.478,0.147,2.7,12.6,7.7,6.8,0.7,0.8,3.7,15.4,0.6,0.6,1.2,0.054,-2.1,-1.3,-3.4,-0.4
Justin James,jamesju01,SAC,SF,23,36,232,11.0,0.477,0.345,0.25,2.8,12.9,7.8,11.2,1.3,3.7,7.9,18.9,-0.1,0.2,0.1,0.028,-1.4,0.0,-1.4,0.0
Justin Patton,pattoju01,OKC,C,22,5,24,4.7,0.45,0.4,0.0,4.7,17.9,11.5,12.6,0.0,0.0,16.7,22.0,-0.1,0.0,0.0,-0.063,-6.8,-3.3,-10.1,0.0
Justin Robinson,robinju01,WAS,PG,22,9,49,8.2,0.542,0.417,0.0,2.1,9.3,5.6,18.8,0.0,1.8,20.0,12.7,0.0,0.0,0.0,0.007,-2.6,-3.1,-5.7,0.0
Justin Wright-Foreman,wrighju02,UTA,PG,22,4,45,8.8,0.437,0.5,0.2,0.0,11.8,6.1,23.0,2.2,0.0,12.1,24.1,-0.1,0.1,0.0,-0.008,-7.0,-2.0,-9.0,-0.1
Justise Winslow,winslju01,MIA,SG,23,11,352,8.5,0.44,0.209,0.209,5.3,17.5,11.6,18.7,1.0,1.4,14.6,20.6,-0.4,0.4,0.0,-0.004,-3.5,-0.1,-3.6,-0.1
Jusuf Nurkić,nurkiju01,POR,C,25,8,253,22.6,0.567,0.092,0.321,9.6,24.1,16.9,19.1,2.1,5.4,13.2,24.0,0.5,0.3,0.9,0.164,1.0,1.0,2.0,0.2
Juwan Morgan,morgaju01,UTA,PF,22,21,134,10.1,0.648,0.308,0.154,8.5,15.1,11.9,6.2,0.4,1.2,17.8,11.0,0.2,0.1,0.3,0.106,-2.9,-0.3,-3.2,0.0
KZ Okpala,okpalkz01,MIA,PF,20,5,26,13.7,0.595,0.2,0.4,4.5,16.6,10.8,5.5,3.8,3.8,14.5,11.7,0.0,0.0,0.1,0.118,-1.3,3.7,2.4,0.0
Kadeem Allen,allenka01,NYK,PG,27,10,117,14.0,0.512,0.364,0.25,1.8,6.6,4.1,27.0,2.1,1.6,14.1,20.6,0.1,0.1,0.1,0.053,-0.3,-0.7,-0.9,0.0
Karl-Anthony Towns,townska01,MIN,C,24,35,1187,26.5,0.642,0.445,0.363,8.1,26.1,16.8,22.8,1.3,2.9,13.2,28.8,3.7,1.3,5.1,0.204,7.0,0.8,7.8,2.9
Kawhi Leonard,leonaka01,LAC,SF,28,57,1848,26.9,0.589,0.287,0.355,3.1,19.1,11.3,26.4,2.6,1.6,10.2,33.0,5.4,3.3,8.7,0.226,6.5,2.4,8.9,5.1
Keita Bates-Diop,bateske01,"MIN,DEN",PF,24,44,744,12.4,0.539,0.44,0.321,3.5,15.1,9.1,5.8,1.2,2.7,6.0,15.8,0.6,0.6,1.2,0.078,-1.0,-0.4,-1.4,0.1
Kelan Martin,martike03,MIN,SF,24,31,495,9.2,0.506,0.53,0.171,2.5,18.6,10.2,6.8,0.7,1.5,9.3,17.8,-0.1,0.3,0.2,0.023,-3.3,-1.0,-4.3,-0.3
Keldon Johnson,johnske04,SAS,SF,20,17,301,19.1,0.711,0.247,0.494,3.6,16.8,10.2,7.2,2.2,0.6,10.7,17.4,0.8,0.2,1.1,0.174,1.5,0.0,1.5,0.3
Kelly Olynyk,olynyke01,MIA,C,28,67,1300,14.6,0.621,0.588,0.251,3.9,21.6,13.1,13.3,1.7,1.8,13.8,17.4,1.9,1.8,3.7,0.135,0.0,1.0,1.0,1.0
Kelly Oubre Jr.,oubreke01,PHO,SF,24,56,1933,14.9,0.56,0.372,0.298,3.8,17.1,10.4,6.6,1.7,1.8,8.2,22.4,1.7,2.1,3.8,0.093,-0.3,-0.3,-0.5,0.7
Kemba Walker,walkeke02,BOS,PG,29,56,1742,20.0,0.575,0.532,0.272,2.2,11.0,6.7,24.2,1.3,1.5,10.5,27.2,3.9,2.0,5.9,0.162,4.9,-0.3,4.6,2.9
Kendrick Nunn,nunnke01,MIA,PG,24,67,1962,12.9,0.534,0.428,0.109,1.2,8.7,5.1,18.5,1.4,0.8,10.6,24.1,0.4,1.6,2.0,0.049,-1.0,-1.3,-2.3,-0.1
Kenrich Williams,willike04,NOP,PF,25,39,832,7.5,0.429,0.66,0.177,6.5,17.3,11.9,8.4,1.5,2.1,12.2,8.9,0.1,0.8,0.9,0.05,-3.4,0.9,-2.4,-0.1
Kent Bazemore,bazemke01,"POR,SAC",SF,30,68,1688,9.3,0.499,0.457,0.275,1.7,17.1,9.4,7.4,2.1,2.1,13.2,17.5,-0.9,1.5,0.6,0.017,-3.4,0.3,-3.0,-0.5
Kentavious Caldwell-Pope,caldwke01,LAL,SG,26,69,1762,11.0,0.584,0.471,0.201,2.4,6.4,4.4,8.5,1.5,0.7,10.1,14.7,1.9,1.9,3.7,0.102,-1.2,0.4,-0.8,0.5
Kevin Hervey,herveke01,OKC,PF,23,10,52,5.0,0.315,0.741,0.0,2.2,22.7,12.7,13.9,0.9,1.7,0.0,22.8,-0.2,0.1,-0.1,-0.085,-4.0,-1.1,-5.1,0.0
Kevin Huerter,huertke01,ATL,SG,21,56,1760,11.5,0.536,0.548,0.105,2.1,12.0,7.0,17.5,1.4,1.3,12.0,17.1,1.0,0.6,1.6,0.043,-0.7,-0.9,-1.6,0.2
Kevin Knox,knoxke01,NYK,SF,20,65,1166,8.3,0.47,0.496,0.252,2.5,14.7,8.4,7.4,1.0,2.3,9.2,17.8,-0.5,0.7,0.2,0.007,-3.1,-1.1,-4.2,-0.7
Kevin Love,loveke01,CLE,PF,31,56,1780,17.9,0.599,0.536,0.301,3.3,31.1,17.1,15.4,0.9,0.9,14.5,23.1,2.5,1.3,3.8,0.101,2.6,-0.5,2.0,1.8
Kevin Porter Jr.,porteke02,CLE,SF,19,50,1162,10.8,0.535,0.375,0.24,2.1,13.5,7.7,13.9,1.9,1.0,16.7,20.5,-0.3,0.6,0.3,0.012,-3.2,-0.6,-3.8,-0.5
Kevon Looney,looneke01,GSW,C,23,20,262,9.4,0.403,0.177,0.152,11.2,16.3,13.6,11.1,2.2,2.1,12.5,15.7,-0.2,0.2,0.0,0.006,-4.8,-0.8,-5.6,-0.2
Khem Birch,birchkh01,ORL,C,27,48,922,11.7,0.566,0.007,0.706,10.3,15.6,12.9,7.3,1.1,2.3,14.2,10.2,1.2,0.9,2.2,0.112,-2.5,0.2,-2.4,-0.1
Khris Middleton,middlkh01,MIL,SF,28,62,1853,21.1,0.619,0.374,0.24,2.5,17.0,10.2,22.2,1.3,0.3,11.6,26.4,4.6,3.3,7.9,0.205,3.4,0.7,4.1,2.9
Khyri Thomas,thomakh01,DET,SG,23,8,61,3.1,0.453,0.824,0.235,1.8,0.0,0.9,6.7,2.4,0.0,13.8,15.6,-0.1,0.0,0.0,-0.038,-6.2,-1.7,-7.9,-0.1
Kostas Antetokounmpo,antetko01,LAL,PF,22,5,20,16.3,0.902,0.0,0.667,11.1,5.4,8.2,13.7,0.0,0.0,20.5,10.3,0.1,0.0,0.1,0.193,0.2,-0.9,-0.7,0.0
Kris Dunn,dunnkr01,CHI,PG,25,51,1269,12.1,0.51,0.327,0.158,1.9,14.9,8.1,19.4,3.8,1.3,15.7,14.6,0.3,2.0,2.3,0.085,-3.8,3.1,-0.6,0.4
Kristaps Porziņģis,porzikr01,DAL,C,24,57,1814,20.2,0.551,0.432,0.304,5.9,25.1,15.6,8.8,1.1,5.4,8.0,27.0,2.6,2.6,5.2,0.138,1.8,0.1,1.9,1.8
Ky Bowman,bowmaky01,GSW,PG,22,45,1015,9.1,0.494,0.333,0.128,2.5,10.7,6.5,19.4,2.1,0.9,17.1,17.2,-0.6,0.6,-0.1,-0.003,-4.0,-0.3,-4.3,-0.6
Kyle Alexander,alexaky01,MIA,C,23,2,13,4.7,0.5,0.0,0.0,17.9,8.3,12.9,0.0,0.0,0.0,33.3,10.2,0.0,0.0,0.0,-0.003,-6.4,-3.7,-10.1,0.0
Kyle Anderson,anderky01,MEM,SF,26,67,1330,12.5,0.534,0.257,0.236,4.7,17.6,11.3,15.9,1.9,2.4,15.3,13.5,0.9,1.7,2.5,0.091,-1.5,2.0,0.5,0.9
Kyle Guy,guyky01,SAC,SG,22,3,10,6.6,0.4,0.6,0.0,0.0,11.5,5.6,15.6,0.0,0.0,0.0,21.7,0.0,0.0,0.0,-0.045,-7.5,-4.8,-12.3,0.0
Kyle Korver,korveky01,MIL,SF,38,58,960,11.3,0.62,0.809,0.14,1.6,10.4,6.3,9.2,1.2,1.1,13.4,15.4,0.9,1.5,2.5,0.124,-0.6,0.7,0.1,0.5
Kyle Kuzma,kuzmaky01,LAL,PF,24,61,1526,12.2,0.531,0.407,0.232,3.8,15.7,9.8,7.6,0.9,1.5,11.0,22.9,0.1,1.9,2.0,0.063,-1.6,-1.0,-2.6,-0.2
Kyle Lowry,lowryky01,TOR,PG,33,58,2098,17.7,0.59,0.58,0.427,1.6,12.8,7.3,30.6,1.9,1.2,15.7,23.1,4.2,3.3,7.5,0.171,2.2,1.0,3.2,2.8
Kyle O'Quinn,oquinky01,PHI,C,29,29,313,18.6,0.544,0.318,0.235,12.0,29.0,20.5,22.7,1.1,6.5,17.6,15.7,0.5,0.6,1.1,0.165,0.3,2.7,3.0,0.4
Kyrie Irving,irvinky01,BRK,PG,27,20,658,26.2,0.595,0.341,0.245,3.5,12.5,8.1,36.7,1.9,1.3,10.1,32.6,2.1,0.8,2.9,0.21,6.7,0.9,7.7,1.6
LaMarcus Aldridge,aldrila01,SAS,C,34,53,1754,19.7,0.571,0.198,0.241,6.3,17.8,12.0,11.4,1.0,4.4,7.8,23.4,3.0,1.4,4.5,0.122,1.8,-0.5,1.4,1.5
Lance Thomas,thomala01,BRK,PF,31,7,98,3.0,0.485,0.565,0.174,2.2,11.4,6.9,8.2,0.0,0.0,19.5,13.1,-0.1,0.1,0.0,-0.015,-5.7,-2.5,-8.2,-0.2
Landry Shamet,shamela01,LAC,SG,22,53,1452,8.5,0.58,0.757,0.194,0.4,6.6,3.6,9.1,0.7,0.6,9.0,13.4,1.5,1.1,2.6,0.086,-1.8,-0.3,-2.1,0.0
Langston Galloway,gallola01,DET,SG,28,66,1702,12.3,0.584,0.611,0.157,2.2,7.8,5.0,8.8,1.4,0.5,6.5,15.9,2.4,0.7,3.1,0.087,0.0,-0.9,-0.8,0.5
Larry Nance Jr.,nancela02,CLE,PF,27,56,1472,17.3,0.608,0.369,0.172,7.9,23.1,15.4,12.3,1.9,1.3,11.5,15.2,2.8,1.1,3.9,0.128,1.4,0.4,1.7,1.4
Lauri Markkanen,markkla01,CHI,PF,22,50,1492,14.3,0.56,0.536,0.259,4.2,19.7,11.6,7.6,1.4,1.5,11.0,21.1,1.0,1.6,2.6,0.084,0.2,-0.8,-0.6,0.5
LeBron James,jamesle01,LAL,PG,35,67,2316,25.5,0.577,0.326,0.292,3.2,21.5,12.4,49.1,1.6,1.4,15.1,31.5,6.2,3.6,9.8,0.204,6.6,1.8,8.4,6.1
Lonnie Walker IV,walkelo01,SAS,SG,21,61,988,10.5,0.507,0.283,0.171,2.5,12.7,7.6,9.6,1.5,1.2,10.3,18.7,-0.2,0.6,0.3,0.016,-2.5,-1.0,-3.5,-0.4
Lonzo Ball,balllo01,NOP,PG,22,63,2025,13.1,0.517,0.575,0.111,3.7,16.4,10.0,29.1,2.0,1.6,21.1,18.5,0.4,2.0,2.4,0.058,0.1,0.6,0.6,1.3
Lou Williams,willilo02,LAC,PG,33,65,1864,17.3,0.546,0.337,0.362,1.8,9.2,5.6,30.1,1.1,0.6,14.4,28.4,2.3,1.8,4.1,0.105,2.1,-1.4,0.7,1.3
Louis King,kinglo02,DET,SF,20,10,62,6.2,0.448,0.524,0.143,1.8,16.7,9.2,11.8,1.6,0.0,8.2,17.1,-0.1,0.0,0.0,-0.007,-5.1,-1.1,-6.2,-0.1
Luc Mbah a Moute,mbahalu01,HOU,PF,33,3,25,6.4,0.425,0.4,0.4,4.2,4.2,4.2,0.0,3.7,0.0,14.5,11.4,0.0,0.0,0.0,-0.008,-5.2,-2.2,-7.4,0.0
Luguentz Dort,dortlu01,OKC,SF,20,36,820,7.6,0.506,0.463,0.243,3.3,7.5,5.5,4.6,1.8,0.4,8.4,14.1,0.1,0.8,0.8,0.049,-4.1,0.4,-3.7,-0.4
Luka Dončić,doncilu01,DAL,PG,20,61,2047,27.6,0.585,0.431,0.448,4.1,25.0,14.7,45.7,1.5,0.6,14.8,36.8,6.5,2.3,8.8,0.207,7.4,1.0,8.4,5.4
Luka Šamanić,samanlu01,SAS,PF,20,3,48,8.8,0.45,0.5,0.25,2.2,20.2,11.2,16.3,0.0,3.7,10.1,17.8,0.0,0.0,0.0,0.011,-2.4,-1.7,-4.1,0.0
Luke Kennard,kennalu01,DET,SG,23,28,922,14.4,0.589,0.535,0.219,1.1,11.1,6.0,19.2,0.6,0.5,10.3,19.8,1.6,0.3,1.9,0.1,1.1,-1.4,-0.3,0.4
Luke Kornet,kornelu01,CHI,C,24,36,559,12.7,0.539,0.578,0.15,4.1,12.9,8.3,8.5,0.9,4.4,6.6,16.3,0.5,0.6,1.1,0.091,-0.9,-0.2,-1.2,0.1
Malcolm Brogdon,brogdma01,IND,PG,27,54,1666,17.7,0.541,0.309,0.25,3.1,14.1,8.6,33.8,1.0,0.5,13.7,25.2,2.3,1.7,4.0,0.114,2.3,-0.5,1.8,1.6
Malcolm Miller,millema01,TOR,SF,26,28,162,6.7,0.538,0.759,0.276,1.3,8.9,5.2,8.9,1.5,1.2,11.0,9.6,0.1,0.2,0.3,0.082,-3.5,1.2,-2.3,0.0
Malik Beasley,beaslma01,"DEN,MIN",SG,23,55,1209,12.7,0.546,0.517,0.124,1.6,11.9,6.7,9.4,1.6,0.6,9.2,21.8,0.4,0.8,1.2,0.049,-0.7,-1.4,-2.1,0.0
Malik Monk,monkma01,CHO,SG,21,55,1169,12.6,0.53,0.418,0.205,2.4,12.6,7.3,16.6,1.1,1.3,12.6,22.9,0.1,0.6,0.7,0.028,-1.1,-1.3,-2.3,-0.1
Malik Newman,newmama01,CLE,SG,22,1,4,-11.4,0.347,0.5,1.0,0.0,0.0,0.0,0.0,0.0,0.0,25.8,41.5,0.0,0.0,0.0,-0.502,-14.5,-11.2,-25.7,0.0
Marc Gasol,gasolma01,TOR,C,35,44,1161,11.8,0.551,0.53,0.176,2.9,21.7,12.5,17.3,1.4,3.2,16.4,13.2,0.8,2.2,3.0,0.124,-1.2,2.8,1.6,1.1
Marco Belinelli,belinma01,SAS,SG,33,57,883,10.8,0.532,0.567,0.185,0.9,11.2,6.0,10.7,0.6,0.1,5.3,17.5,0.7,0.2,0.8,0.046,-0.7,-2.0,-2.7,-0.2
Marcus Morris,morrima03,"NYK,LAC",SF,30,62,1936,14.3,0.57,0.43,0.272,3.2,14.0,8.5,6.8,1.2,1.4,9.7,21.9,2.1,1.5,3.6,0.088,0.6,-0.7,-0.1,0.9
Marcus Smart,smartma01,BOS,SG,25,60,1919,13.8,0.518,0.579,0.223,2.4,10.1,6.3,21.1,2.5,1.4,12.1,18.9,1.7,2.8,4.5,0.112,0.0,1.4,1.4,1.6
Marial Shayok,shayoma01,PHI,SG,24,4,28,1.4,0.4,0.5,0.333,3.9,23.7,13.8,4.8,0.0,3.0,17.9,25.8,-0.1,0.0,-0.1,-0.13,-9.3,-3.7,-13.0,-0.1
Mario Hezonja,hezonma01,POR,PF,24,53,871,9.5,0.525,0.358,0.271,3.6,18.3,11.0,7.5,2.0,0.9,14.7,13.9,0.1,0.6,0.8,0.043,-3.1,0.2,-2.9,-0.2
Markelle Fultz,fultzma01,ORL,PG,21,72,1996,14.3,0.517,0.175,0.206,2.1,11.0,6.4,29.0,2.2,0.5,14.9,21.4,0.6,2.0,2.7,0.065,-1.8,0.0,-1.8,0.1
Markieff Morris,morrima02,"DET,LAL",PF,30,58,1187,12.5,0.565,0.498,0.186,3.8,17.1,10.3,10.1,1.3,1.2,13.3,20.9,0.5,1.0,1.4,0.058,-1.1,-0.9,-2.0,0.0
Marko Guduric,gudurma01,MEM,SG,24,44,484,8.8,0.514,0.529,0.166,3.1,12.6,7.9,12.3,1.2,1.4,17.6,17.6,-0.3,0.4,0.1,0.014,-2.7,-0.7,-3.4,-0.2
Marques Bolden,boldema01,CLE,C,21,1,3,19.8,,,,0.0,74.7,37.0,0.0,16.2,0.0,,0.0,0.0,0.0,0.0,0.282,-5.8,11.3,5.4,0.0
Marquese Chriss,chrisma01,GSW,PF,22,59,1196,19.5,0.604,0.101,0.405,10.0,23.6,16.5,15.3,1.6,4.7,14.7,19.0,2.1,1.3,3.4,0.136,0.0,0.6,0.6,0.8
Marvin Bagley III,baglema01,SAC,C,20,13,334,15.6,0.512,0.132,0.186,9.5,23.5,16.3,4.9,0.9,3.4,9.1,25.8,0.0,0.3,0.4,0.051,-2.2,-1.4,-3.5,-0.1
Marvin Williams,willima02,"CHO,MIL",PF,33,58,1129,11.2,0.587,0.584,0.213,2.8,14.3,8.5,7.6,1.6,2.4,10.2,12.5,1.1,1.3,2.4,0.102,-1.6,1.0,-0.6,0.4
Mason Plumlee,plumlma01,DEN,C,29,61,1057,18.8,0.613,0.017,0.538,10.4,23.2,16.8,20.9,1.5,3.3,18.7,18.0,2.0,1.4,3.4,0.153,0.3,1.7,2.0,1.1
Matisse Thybulle,thybuma01,PHI,SG,22,65,1287,10.0,0.539,0.592,0.155,3.8,5.4,4.6,8.0,3.5,3.1,15.3,11.2,0.3,2.0,2.3,0.086,-2.8,3.1,0.3,0.8
Matt Mooney,moonema01,CLE,SG,22,4,19,8.1,0.25,0.5,0.0,0.0,17.7,8.8,6.7,5.1,4.5,0.0,9.0,0.0,0.0,0.0,0.007,-5.3,5.0,-0.4,0.0
Matt Thomas,thomama02,TOR,SG,25,41,440,13.3,0.65,0.66,0.08,2.2,12.2,7.3,7.5,1.1,0.2,9.3,16.6,0.7,0.6,1.2,0.133,1.0,0.1,1.1,0.3
Matthew Dellavedova,dellama01,CLE,PG,29,57,821,8.1,0.463,0.52,0.211,2.4,7.8,5.1,29.0,1.2,0.2,23.6,13.0,0.1,0.1,0.2,0.011,-3.6,-1.6,-5.2,-0.7
Maurice Harkless,harklma01,"LAC,NYK",PF,26,62,1427,9.8,0.572,0.346,0.233,4.1,13.3,8.8,6.4,1.9,2.1,14.5,10.7,0.8,1.9,2.7,0.09,-2.6,1.9,-0.7,0.5
Max Strus,strusma01,CHI,SF,23,2,6,30.7,0.727,0.333,0.333,17.5,0.0,9.2,0.0,0.0,0.0,0.0,24.4,0.0,0.0,0.0,0.316,5.7,-1.7,3.9,0.0
Maxi Kleber,klebima01,DAL,PF,28,74,1890,13.6,0.605,0.621,0.181,6.3,15.1,10.8,6.3,0.6,3.8,9.5,13.9,3.2,1.7,4.8,0.123,0.4,0.0,0.4,1.1
Melvin Frazier,frazime01,ORL,SG,23,19,126,9.8,0.559,0.471,0.118,1.7,7.1,4.3,3.4,3.5,1.4,12.3,14.0,0.0,0.2,0.2,0.057,-3.5,1.2,-2.3,0.0
Meyers Leonard,leoname01,MIA,C,27,51,1034,10.6,0.627,0.547,0.12,3.4,24.0,14.1,7.6,0.7,1.4,13.7,12.2,0.9,1.2,2.1,0.096,-1.3,0.4,-0.9,0.3
Mfiondu Kabengele,kabenmf01,LAC,C,22,12,64,18.2,0.614,0.625,0.156,1.7,15.8,8.9,4.9,1.5,2.8,5.5,23.7,0.1,0.1,0.2,0.173,2.3,-0.1,2.2,0.1
Michael Carter-Williams,cartemi01,ORL,SG,28,45,833,15.3,0.535,0.288,0.365,5.8,13.5,9.5,19.1,2.9,2.4,14.7,18.3,0.7,1.2,1.9,0.111,-1.5,1.6,0.1,0.5
Michael Frazier,frazimi01,HOU,SG,25,13,145,-0.9,0.384,0.793,0.483,0.7,6.6,3.6,1.7,0.6,0.0,12.5,11.5,-0.2,0.1,-0.2,-0.06,-8.9,-2.1,-11.0,-0.3
Michael Kidd-Gilchrist,kiddgmi01,"CHO,DAL",PF,26,25,281,4.2,0.416,0.303,0.212,5.3,20.4,12.8,7.1,0.3,1.9,18.1,13.7,-0.4,0.2,-0.2,-0.03,-6.3,-1.1,-7.4,-0.4
Michael Porter Jr.,portemi01,DEN,SF,21,55,903,19.8,0.617,0.384,0.188,8.2,23.9,16.1,7.9,1.5,2.6,10.6,22.3,1.8,1.1,2.9,0.154,2.4,-0.8,1.5,0.8
Mikal Bridges,bridgmi01,PHO,SF,23,73,2042,12.9,0.62,0.401,0.252,3.5,12.4,7.9,8.6,2.4,2.0,12.0,12.7,2.5,2.3,4.8,0.113,-0.6,1.5,0.8,1.5
Mike Conley,conlemi01,UTA,PG,32,47,1363,14.1,0.537,0.451,0.245,2.8,9.2,6.1,23.1,1.3,0.3,12.8,23.1,1.4,1.1,2.5,0.089,0.7,-0.4,0.3,0.8
Mike Muscala,muscami01,OKC,C,28,47,572,12.5,0.569,0.757,0.116,3.2,17.3,10.4,10.1,0.8,1.8,7.9,16.6,0.7,0.6,1.3,0.107,0.1,-0.2,-0.1,0.3
Mike Scott,scottmi01,PHI,PF,31,68,1207,11.2,0.557,0.62,0.106,5.9,16.8,11.3,6.4,0.8,0.4,6.6,14.0,1.4,1.1,2.5,0.1,-0.7,-1.1,-1.8,0.1
Miles Bridges,bridgmi02,CHO,SF,21,65,1995,12.1,0.52,0.398,0.174,4.6,15.6,9.9,9.4,1.0,2.2,10.5,20.0,0.3,1.3,1.6,0.039,-1.5,-1.0,-2.5,-0.3
Mitchell Robinson,robinmi01,NYK,C,21,61,1412,23.5,0.726,0.0,0.434,13.7,18.8,16.2,3.9,1.8,8.0,8.3,13.3,4.8,2.0,6.8,0.23,1.6,1.4,2.9,1.8
Miye Oni,onimi01,UTA,SF,22,10,109,9.7,0.512,0.594,0.156,5.2,11.7,8.6,5.1,1.8,1.5,10.5,15.3,0.0,0.1,0.1,0.063,-3.1,-1.1,-4.3,-0.1
Mo Bamba,bambamo01,ORL,C,21,62,878,17.5,0.542,0.374,0.161,11.9,25.6,18.5,7.2,1.3,8.8,12.1,17.1,0.8,1.7,2.5,0.135,-1.2,1.6,0.4,0.5
Monte Morris,morrimo01,DEN,PG,24,73,1636,14.9,0.545,0.304,0.157,1.6,7.7,4.7,22.1,1.7,1.0,8.1,17.5,2.7,1.1,3.8,0.112,0.4,-0.5,-0.2,0.7
Montrezl Harrell,harremo01,LAC,C,26,63,1749,23.2,0.607,0.022,0.432,9.9,16.3,13.2,10.3,1.1,3.6,10.1,25.7,4.4,2.5,7.0,0.191,2.5,0.5,2.9,2.2
Moritz Wagner,wagnemo01,WAS,C,22,45,835,15.1,0.638,0.301,0.357,7.0,22.2,14.3,9.8,1.6,2.0,17.7,18.6,1.1,0.6,1.7,0.099,-2.0,-0.3,-2.3,-0.1
Moses Brown,brownmo01,POR,C,20,9,33,6.7,0.407,0.0,0.8,9.6,34.5,22.2,4.0,1.4,2.6,18.2,21.2,-0.1,0.0,0.0,-0.065,-8.2,-1.8,-10.0,-0.1
Mychal Mulder,muldemy01,GSW,SF,25,7,204,7.8,0.533,0.776,0.179,1.5,11.0,6.1,5.8,0.5,0.4,6.5,16.2,0.0,0.0,0.1,0.017,-3.2,-2.9,-6.0,-0.2
Myles Turner,turnemy01,IND,C,23,62,1826,14.8,0.566,0.426,0.288,5.2,19.1,12.2,5.4,1.2,6.4,11.4,17.9,1.1,3.1,4.2,0.111,-1.0,1.1,0.1,1.0
Nassir Little,littlna01,POR,PF,19,48,573,9.6,0.505,0.391,0.291,5.7,13.9,9.9,5.0,1.1,2.1,8.1,13.7,0.3,0.3,0.6,0.047,-2.9,-0.6,-3.5,-0.2
Naz Mitrou-Long,mitrona01,IND,SG,26,5,47,7.8,0.412,0.706,0.0,0.0,16.2,8.2,22.8,1.0,1.9,15.0,18.7,-0.1,0.1,0.0,-0.022,-3.5,2.1,-1.4,0.0
Naz Reid,reidna01,MIN,C,20,30,495,15.3,0.505,0.399,0.218,7.0,19.9,13.2,11.2,1.8,3.7,7.6,24.0,0.2,0.6,0.8,0.074,-1.6,-0.3,-1.9,0.0
Nemanja Bjelica,bjeline01,SAC,PF,31,72,2011,15.7,0.602,0.49,0.129,6.1,19.9,12.8,14.7,1.5,1.9,12.5,17.0,3.4,1.9,5.3,0.127,1.2,0.5,1.8,1.9
Nerlens Noel,noelne01,OKC,C,25,61,1127,20.4,0.711,0.011,0.394,9.2,19.9,14.7,7.6,2.5,6.9,17.3,14.9,2.6,2.3,4.9,0.209,-0.3,3.4,3.1,1.5
Nic Claxton,claxtni01,BRK,C,20,15,187,14.8,0.577,0.146,0.438,10.7,13.6,12.2,12.4,0.3,3.6,13.6,14.8,0.3,0.2,0.5,0.121,-0.7,0.1,-0.7,0.1
Nickeil Alexander-Walker,alexani01,NOP,SG,21,47,591,8.9,0.473,0.5,0.139,1.6,13.5,7.5,21.1,1.3,1.1,16.1,23.3,-0.7,0.4,-0.2,-0.02,-3.2,-1.4,-4.6,-0.4
Nicolas Batum,batumni01,CHO,SF,31,22,505,9.2,0.463,0.605,0.123,5.2,16.8,10.8,18.3,1.7,1.5,20.5,9.4,0.2,0.4,0.6,0.055,-2.8,0.9,-1.9,0.0
Nicolò Melli,mellini01,NOP,C,29,60,1042,11.4,0.556,0.638,0.226,3.9,14.5,9.2,10.5,1.5,1.8,11.5,15.7,0.9,0.9,1.8,0.082,-1.5,0.2,-1.3,0.2
Nigel Williams-Goss,willini01,UTA,PG,25,10,50,8.1,0.415,0.438,0.125,4.6,8.5,6.6,16.4,2.9,1.7,15.1,17.4,-0.1,0.1,0.0,0.017,-5.2,1.3,-3.9,0.0
Nikola Jokić,jokicni01,DEN,C,24,73,2336,24.9,0.605,0.238,0.281,8.0,26.1,17.1,35.2,1.8,1.7,15.8,26.6,6.7,3.1,9.8,0.202,5.5,2.0,7.4,5.5
Nikola Vučević,vucevni01,ORL,C,29,62,1998,21.9,0.549,0.28,0.162,7.3,29.7,18.1,19.5,1.3,2.1,7.4,25.8,3.5,2.9,6.4,0.153,3.7,0.5,4.2,3.1
Noah Vonleh,vonleno01,"MIN,DEN",C,24,36,377,15.5,0.622,0.163,0.348,10.1,25.3,17.4,10.7,1.4,1.3,16.5,13.9,0.6,0.4,1.0,0.127,-1.2,0.3,-1.0,0.1
Norman Powell,powelno01,TOR,SG,26,52,1479,16.8,0.624,0.457,0.256,1.9,11.4,6.8,9.7,1.9,1.4,10.4,21.5,2.3,2.3,4.6,0.15,1.2,0.8,2.0,1.5
Norvel Pelle,pelleno01,PHI,C,26,24,232,10.5,0.526,0.021,0.292,9.5,24.8,17.1,4.6,0.6,11.4,24.9,13.4,-0.2,0.5,0.3,0.069,-7.8,2.6,-5.2,-0.2
OG Anunoby,anunoog01,TOR,SF,22,69,2066,13.2,0.6,0.403,0.18,4.2,14.2,9.3,7.5,2.2,2.1,11.5,14.3,2.1,3.7,5.7,0.134,-0.8,2.0,1.2,1.7
Omari Spellman,spellom01,GSW,C,22,49,886,14.4,0.551,0.373,0.312,9.1,18.0,13.4,8.1,1.8,2.4,13.9,18.8,0.5,0.7,1.2,0.066,-0.8,-1.0,-1.8,0.1
Oshae Brissett,brissos01,TOR,SF,21,19,135,6.7,0.458,0.417,0.278,7.2,13.0,10.2,7.0,1.4,0.7,14.8,15.0,-0.1,0.2,0.1,0.043,-5.8,0.4,-5.3,-0.1
Otto Porter Jr.,porteot01,CHI,SF,26,14,331,15.8,0.55,0.443,0.193,4.1,12.3,8.0,11.9,2.2,1.7,6.8,21.0,0.4,0.4,0.8,0.112,0.8,0.2,1.0,0.3
P.J. Tucker,tuckepj01,HOU,PF,34,72,2467,8.3,0.559,0.702,0.113,4.7,15.6,10.1,6.0,1.4,1.2,13.9,8.7,1.6,2.4,4.0,0.078,-2.4,0.6,-1.9,0.1
P.J. Washington,washipj01,CHO,PF,21,58,1759,12.4,0.547,0.39,0.231,3.5,16.6,9.8,11.3,1.5,2.3,12.5,18.6,0.5,1.5,2.0,0.054,-1.7,0.1,-1.6,0.2
PJ Dozier,doziepj01,DEN,SG,23,29,412,11.6,0.495,0.312,0.185,2.7,12.2,7.5,21.6,1.7,1.3,13.7,20.8,0.0,0.4,0.4,0.044,-2.5,-1.2,-3.8,-0.2
Pascal Siakam,siakapa01,TOR,PF,25,60,2110,17.9,0.554,0.331,0.274,3.3,18.3,11.0,16.4,1.4,2.5,10.7,28.1,1.8,3.6,5.4,0.123,1.3,0.5,1.8,2.0
Pat Connaughton,connapa01,MIL,SG,27,67,1243,11.5,0.565,0.551,0.133,5.1,16.8,11.3,10.9,0.9,2.2,14.0,12.3,1.1,2.3,3.4,0.13,-0.9,1.5,0.6,0.8
Patrick Beverley,beverpa01,LAC,PG,31,51,1342,12.5,0.56,0.604,0.138,4.5,15.8,10.3,18.2,1.9,1.6,15.4,13.3,1.6,2.0,3.6,0.128,-0.3,2.5,2.2,1.4
Patrick McCaw,mccawpa01,TOR,SF,24,37,908,7.3,0.5,0.438,0.111,2.3,7.6,5.0,11.5,2.0,0.4,14.6,9.4,0.2,1.2,1.4,0.075,-3.6,1.8,-1.8,0.0
Patrick Patterson,pattepa01,LAC,PF,30,59,776,11.5,0.58,0.738,0.185,4.8,15.1,10.1,7.2,0.4,0.3,7.7,14.7,1.1,0.8,1.9,0.118,0.8,-0.5,0.3,0.5
Patty Mills,millspa02,SAS,PG,31,66,1485,14.8,0.592,0.674,0.187,1.6,6.2,3.9,11.4,1.7,0.4,7.7,20.4,2.3,0.5,2.8,0.091,1.2,-1.2,0.0,0.8
Paul George,georgpa01,LAC,SF,29,48,1419,21.1,0.589,0.487,0.277,1.8,17.7,10.0,21.1,2.3,1.2,12.5,29.6,2.5,2.3,4.8,0.161,3.8,1.1,4.9,2.5
Paul Millsap,millspa01,DEN,PF,34,51,1240,16.9,0.591,0.283,0.322,8.9,17.6,13.2,9.6,1.8,2.2,12.3,20.0,2.1,1.4,3.5,0.136,0.3,-0.2,0.1,0.7
Paul Watson,watsopa01,"ATL,TOR",SF,25,10,87,12.6,0.517,0.462,0.346,2.5,17.9,10.3,12.4,2.2,1.1,9.1,16.1,0.0,0.1,0.2,0.097,-1.1,0.9,-0.2,0.0
Quinn Cook,cookqu01,LAL,PG,26,44,508,10.0,0.509,0.397,0.065,2.4,8.5,5.5,13.8,1.1,0.4,13.0,21.0,-0.2,0.5,0.3,0.03,-2.3,-1.4,-3.8,-0.2
Quinndary Weatherspoon,weathqu01,SAS,SG,23,11,78,3.2,0.336,0.294,0.118,1.4,8.3,4.8,17.5,1.8,1.1,21.9,12.7,-0.2,0.0,-0.1,-0.071,-6.4,-1.0,-7.4,-0.1
RJ Barrett,barrerj01,NYK,SG,19,56,1704,10.7,0.479,0.271,0.349,3.0,14.8,8.7,12.8,1.6,0.9,12.9,24.0,-1.6,1.1,-0.5,-0.015,-2.9,-1.5,-4.3,-1.0
Rajon Rondo,rondora01,LAL,PG,33,48,984,12.4,0.494,0.381,0.125,2.6,13.1,7.9,32.9,1.9,0.2,20.8,18.7,0.1,1.3,1.4,0.068,-1.2,-0.1,-1.4,0.2
Raul Neto,netora01,PHI,PG,27,54,668,12.7,0.567,0.396,0.212,1.8,8.3,5.0,20.3,1.7,0.8,16.2,18.7,0.5,0.6,1.2,0.083,-1.2,-0.6,-1.8,0.0
Rayjon Tucker,tuckera01,UTA,SG,22,20,161,9.7,0.584,0.395,0.535,2.1,11.2,6.8,4.4,0.3,0.5,13.1,16.6,0.1,0.1,0.2,0.063,-3.8,-2.2,-6.1,-0.2
Reggie Bullock,bullore01,NYK,SG,28,29,684,9.3,0.502,0.496,0.094,2.0,8.8,5.3,8.8,1.8,0.4,7.5,15.6,0.2,0.3,0.5,0.036,-2.8,-0.3,-3.0,-0.2
Reggie Jackson,jacksre01,"DET,LAC",SG,29,31,743,13.7,0.529,0.445,0.166,2.5,10.8,6.7,26.2,0.8,0.6,12.7,23.1,0.6,0.5,1.1,0.073,0.9,-1.2,-0.3,0.3
Richaun Holmes,holmeri01,SAC,C,26,44,1242,19.7,0.681,0.0,0.343,11.2,21.5,16.2,5.1,1.6,4.3,11.6,15.6,3.4,1.5,4.9,0.19,0.3,0.7,1.0,0.9
Ricky Rubio,rubiori01,PHO,PG,29,65,2016,16.5,0.535,0.312,0.327,2.5,14.4,8.4,39.7,2.2,0.5,17.9,20.4,2.9,2.0,4.9,0.117,0.7,0.2,1.0,1.5
Robert Covington,covinro01,"MIN,HOU",PF,29,70,2137,13.3,0.559,0.664,0.172,3.0,20.2,11.4,5.9,2.5,3.7,11.7,17.0,0.7,3.0,3.7,0.083,-1.2,1.3,0.0,1.1
Robert Williams,williro04,BOS,C,22,29,388,23.1,0.728,0.0,0.386,11.2,24.0,17.7,10.1,2.7,8.4,16.9,13.6,1.1,1.0,2.0,0.253,0.8,4.3,5.1,0.7
Robin Lopez,lopezro01,MIL,C,31,66,958,10.2,0.554,0.351,0.177,6.2,10.2,8.3,6.3,0.5,4.1,16.4,16.6,-0.1,1.6,1.5,0.077,-3.0,0.4,-2.6,-0.2
Rodions Kurucs,kurucro01,BRK,PF,21,47,684,8.9,0.555,0.508,0.215,3.9,16.6,10.4,10.4,1.7,0.6,19.2,14.7,-0.1,0.8,0.8,0.055,-3.6,0.9,-2.8,-0.1
Rodney Hood,hoodro01,POR,SF,27,21,619,12.2,0.625,0.413,0.157,1.7,10.4,6.1,7.0,1.3,0.6,9.4,13.9,0.9,0.2,1.1,0.084,-0.4,-0.5,-0.9,0.2
Rodney McGruder,mcgruro01,LAC,SG,28,56,871,6.7,0.477,0.492,0.188,3.6,14.2,9.0,5.3,1.4,0.8,10.9,10.6,-0.1,1.1,1.0,0.055,-3.7,0.8,-3.0,-0.2
Romeo Langford,langfro01,BOS,SG,20,32,370,5.4,0.434,0.338,0.313,4.4,7.4,5.9,4.5,1.0,2.0,10.8,11.8,-0.2,0.4,0.2,0.025,-4.7,-0.3,-4.9,-0.3
Rondae Hollis-Jefferson,holliro01,TOR,PF,25,60,1122,15.1,0.533,0.07,0.435,10.6,15.9,13.3,13.6,2.0,2.0,13.1,17.2,1.4,2.0,3.4,0.146,-1.2,1.5,0.3,0.6
Royce O'Neale,onealro01,UTA,SF,26,71,2049,9.5,0.578,0.668,0.151,1.5,18.8,10.4,11.6,1.4,1.3,13.5,9.6,1.8,2.5,4.3,0.101,-1.3,2.2,0.9,1.5
Rudy Gay,gayru01,SAS,PF,33,67,1461,15.4,0.553,0.369,0.228,4.5,22.2,13.4,11.3,1.1,2.0,11.8,22.0,0.9,1.1,2.1,0.068,0.0,-0.9,-0.8,0.4
Rudy Gobert,goberru01,UTA,C,27,68,2333,21.7,0.699,0.0,0.724,11.2,31.3,21.6,6.5,1.1,4.8,15.0,16.2,6.5,4.2,10.7,0.221,1.7,1.9,3.6,3.3
Rui Hachimura,hachiru01,WAS,PF,21,48,1444,13.5,0.535,0.16,0.257,5.7,17.0,11.1,8.8,1.2,0.5,8.0,19.0,1.3,0.5,1.8,0.06,-1.2,-2.0,-3.2,-0.4
Russell Westbrook,westbru01,HOU,PG,31,57,2049,21.0,0.536,0.166,0.297,5.1,18.1,11.5,35.6,2.1,0.8,15.0,34.4,1.7,2.5,4.2,0.098,1.6,-0.1,1.5,1.8
Ryan Anderson,anderry01,HOU,C,31,2,14,9.4,0.357,0.714,0.0,0.0,52.9,26.2,20.4,3.3,0.0,12.5,23.7,0.0,0.0,0.0,-0.037,-3.3,0.5,-2.8,0.0
Ryan Arcidiacono,arcidry01,CHI,PG,25,58,930,9.0,0.551,0.627,0.173,2.3,11.2,6.5,14.3,1.4,0.3,13.5,12.5,0.7,0.7,1.4,0.071,-2.7,-0.1,-2.8,-0.2
Ryan Broekhoff,broekry01,DAL,SF,29,17,180,13.1,0.568,0.864,0.136,3.0,21.9,12.5,8.3,1.3,1.9,8.8,16.3,0.2,0.2,0.4,0.109,0.5,0.3,0.8,0.1
Sekou Doumbouya,doumbse01,DET,PF,19,38,754,6.2,0.474,0.415,0.195,3.0,14.9,8.9,3.6,1.3,0.9,12.0,16.9,-0.8,0.5,-0.3,-0.02,-5.2,-1.4,-6.7,-0.9
Semi Ojeleye,ojelese01,BOS,PF,25,69,1011,7.7,0.562,0.648,0.163,2.8,12.5,7.7,4.7,1.0,0.5,8.3,9.7,0.8,1.0,1.9,0.088,-2.1,0.4,-1.7,0.1
Serge Ibaka,ibakase01,TOR,C,30,55,1485,17.3,0.583,0.272,0.185,8.3,23.5,16.1,8.6,0.9,3.0,13.1,24.0,1.2,2.7,3.9,0.126,0.1,0.0,0.1,0.8
Seth Curry,curryse01,DAL,SG,29,64,1576,15.5,0.643,0.559,0.169,1.8,7.8,4.8,11.6,1.2,0.5,9.1,18.4,3.5,0.8,4.3,0.13,1.7,-0.9,0.8,1.2
Shabazz Napier,napiesh01,"MIN,WAS",PG,28,56,1344,13.8,0.552,0.526,0.336,2.0,10.9,6.3,27.8,2.4,0.7,19.7,20.0,0.8,0.9,1.7,0.059,-0.7,-0.4,-1.1,0.3
Shai Gilgeous-Alexander,gilgesh01,OKC,SG,21,70,2428,17.7,0.568,0.247,0.352,2.2,16.1,9.4,15.2,1.6,1.7,10.3,23.7,3.1,3.0,6.1,0.121,1.3,0.4,1.7,2.2
Shake Milton,miltosh01,PHI,SG,23,40,805,14.4,0.617,0.487,0.235,2.1,10.0,6.0,18.8,1.2,0.7,13.3,18.9,1.4,0.7,2.1,0.126,0.0,-1.0,-1.0,0.2
Shamorie Ponds,pondssh01,TOR,PG,21,4,11,33.1,0.765,0.4,0.4,0.0,9.4,4.8,32.4,0.0,8.9,0.0,22.8,0.1,0.0,0.1,0.45,8.4,5.3,13.7,0.0
Shaquille Harrison,harrish01,CHI,SG,26,43,484,17.8,0.559,0.255,0.303,4.8,15.3,9.8,15.3,3.4,3.7,9.2,18.1,0.7,0.8,1.5,0.153,0.4,2.4,2.8,0.6
Sindarius Thornwell,thornsi01,NOP,SF,25,2,35,14.7,0.627,0.364,0.364,0.0,12.2,6.1,16.1,1.3,2.4,13.6,17.3,0.0,0.0,0.1,0.101,0.4,-1.2,-0.8,0.0
Skal Labissière,labissk01,POR,C,23,33,567,15.4,0.588,0.088,0.224,12.1,19.0,15.6,10.1,0.6,4.7,15.7,14.3,1.0,0.4,1.4,0.119,-1.5,0.2,-1.3,0.1
Solomon Hill,hillso01,"MEM,MIA",PF,28,59,1088,9.8,0.535,0.615,0.194,2.9,13.0,8.1,12.4,1.9,1.0,14.5,13.6,0.4,1.1,1.4,0.064,-2.0,0.3,-1.7,0.1
Spencer Dinwiddie,dinwisp01,BRK,PG,26,64,1994,17.8,0.541,0.392,0.437,1.7,9.6,5.7,35.0,0.9,0.9,12.5,29.2,3.2,1.6,4.8,0.116,2.7,-0.9,1.8,1.9
Stanley Johnson,johnsst04,TOR,PF,23,25,150,9.9,0.454,0.407,0.271,5.0,20.6,13.0,19.4,1.9,2.6,18.5,23.1,-0.3,0.3,0.0,0.014,-3.9,1.4,-2.5,0.0
Stanton Kidd,kiddst01,UTA,SG,27,4,15,-13.7,0.0,0.333,0.0,0.0,21.3,11.0,8.0,0.0,0.0,40.0,14.6,-0.1,0.0,-0.1,-0.327,-16.2,-1.4,-17.6,-0.1
Stephen Curry,curryst01,GSW,PG,31,5,139,21.7,0.557,0.598,0.317,3.0,17.8,10.1,42.3,1.7,1.3,14.6,33.6,0.2,0.1,0.3,0.103,4.5,-0.6,3.9,0.2
Sterling Brown,brownst02,MIL,SF,24,52,767,9.5,0.486,0.531,0.156,4.3,18.5,11.8,8.6,1.7,0.8,13.3,17.0,-0.4,1.5,1.1,0.07,-3.0,1.0,-2.0,0.0
Steven Adams,adamsst01,OKC,C,26,63,1680,20.5,0.604,0.006,0.421,14.0,24.0,19.2,13.2,1.5,3.4,14.2,17.3,3.8,2.7,6.5,0.185,1.9,1.1,2.9,2.1
Svi Mykhailiuk,mykhasv01,DET,SF,22,56,1265,11.2,0.578,0.704,0.173,1.5,7.9,4.7,12.3,1.6,0.3,12.3,17.1,1.0,0.6,1.6,0.06,-0.7,-1.2,-1.9,0.0
T.J. Leaf,leaftj01,IND,PF,22,28,222,12.9,0.451,0.209,0.186,11.5,23.5,17.5,5.7,2.2,1.6,7.9,20.0,-0.1,0.4,0.3,0.061,-2.5,0.1,-2.4,0.0
T.J. McConnell,mccontj01,IND,PG,27,71,1326,16.5,0.54,0.041,0.102,3.2,12.4,7.8,37.6,2.0,0.7,18.9,17.5,1.7,1.7,3.3,0.121,0.1,0.4,0.5,0.8
T.J. Warren,warretj01,IND,SF,26,67,2202,18.4,0.61,0.227,0.205,3.4,10.5,7.0,7.1,1.7,1.4,7.2,23.3,4.0,2.6,6.5,0.143,1.2,0.0,1.1,1.7
Tacko Fall,fallta01,BOS,C,24,7,33,28.4,0.751,0.0,0.214,3.3,44.9,24.3,5.8,1.5,11.2,16.4,23.7,0.1,0.1,0.2,0.223,0.4,6.0,6.5,0.1
Taj Gibson,gibsota01,NYK,C,34,62,1025,16.1,0.61,0.049,0.196,11.2,16.7,13.9,7.6,1.3,2.8,13.1,14.8,1.8,0.8,2.6,0.12,-0.8,-0.3,-1.1,0.2
Talen Horton-Tucker,hortota01,LAL,SG,19,6,81,12.3,0.535,0.433,0.133,2.7,6.7,4.7,10.5,4.7,1.1,15.9,19.7,0.0,0.2,0.1,0.07,-4.0,2.0,-2.1,0.0
Tariq Owens,owensta01,PHO,PF,24,3,15,8.4,0.34,0.4,0.4,14.6,7.5,11.1,0.0,3.2,0.0,0.0,16.7,0.0,0.0,0.0,0.021,-3.1,-2.7,-5.8,0.0
Taurean Prince,princta02,BRK,PF,25,64,1857,9.1,0.497,0.583,0.12,2.8,18.1,10.6,9.2,1.5,1.1,14.0,20.4,-1.7,2.3,0.6,0.014,-2.8,-0.1,-2.9,-0.4
Terance Mann,mannte01,LAC,SF,23,41,362,10.6,0.545,0.253,0.342,2.9,12.6,7.9,19.3,1.4,1.2,16.5,12.6,0.4,0.4,0.8,0.106,-2.7,1.2,-1.5,0.0
Terence Davis,daviste02,TOR,SG,22,72,1209,13.8,0.588,0.555,0.135,4.5,16.0,10.3,14.2,1.5,1.1,14.1,19.0,1.2,1.9,3.1,0.122,0.1,0.7,0.8,0.8
Terrance Ferguson,fergute01,OKC,SF,21,56,1257,3.7,0.481,0.764,0.091,2.1,4.4,3.3,5.3,1.0,1.2,11.9,9.1,-0.3,0.9,0.6,0.021,-4.8,0.3,-4.5,-0.8
Terrence Ross,rosste01,ORL,SG,28,69,1889,14.0,0.548,0.596,0.217,0.7,12.3,6.3,6.8,2.0,1.1,7.0,22.8,1.1,2.0,3.0,0.077,-0.1,-0.3,-0.4,0.8
Terry Rozier,roziete01,CHO,PG,25,63,2164,14.8,0.553,0.45,0.202,2.4,11.8,7.0,20.4,1.4,0.4,12.1,23.7,1.9,1.1,3.0,0.066,0.8,-1.2,-0.4,0.8
Thabo Sefolosha,sefolth01,HOU,PF,35,41,436,9.4,0.487,0.593,0.088,5.0,17.5,11.2,7.5,2.5,2.4,13.7,10.4,0.0,0.6,0.7,0.072,-2.9,1.7,-1.2,0.1
Thaddeus Young,youngth01,CHI,PF,31,64,1591,13.3,0.521,0.369,0.12,6.2,16.1,10.9,11.3,2.8,1.4,13.9,19.7,-0.2,2.1,1.9,0.058,-1.4,0.2,-1.2,0.3
Thanasis Antetokounmpo,antetth01,MIL,SF,27,20,129,12.2,0.496,0.208,0.354,9.8,8.7,9.2,16.3,2.5,1.4,17.8,21.6,-0.1,0.2,0.2,0.07,-4.6,1.4,-3.2,0.0
Theo Pinson,pinsoth01,BRK,SG,24,33,365,5.2,0.37,0.516,0.103,2.9,12.2,7.7,21.7,2.2,0.9,16.9,22.3,-1.0,0.4,-0.6,-0.078,-6.8,-0.2,-7.0,-0.5
Thomas Bryant,bryanth01,WAS,C,22,46,1147,21.1,0.649,0.218,0.278,9.0,23.1,15.8,11.1,1.0,3.7,10.2,18.9,3.1,0.8,3.9,0.164,2.9,-0.7,2.2,1.2
Thon Maker,makerth01,DET,C,22,60,776,13.7,0.582,0.332,0.57,7.8,16.7,12.2,8.0,1.6,4.2,15.7,16.1,0.7,0.8,1.5,0.096,-2.1,0.7,-1.4,0.1
Tim Frazier,fraziti01,DET,PG,29,27,355,9.8,0.464,0.319,0.255,2.8,7.8,5.3,36.5,1.9,0.9,25.6,17.3,-0.1,0.2,0.1,0.016,-3.0,-1.6,-4.6,-0.2
Tim Hardaway Jr.,hardati02,DAL,SG,27,71,2091,14.5,0.581,0.58,0.206,1.3,10.2,5.8,9.7,0.9,0.2,6.7,21.1,3.4,1.1,4.4,0.102,1.2,-1.4,-0.1,1.0
Timothé Luwawu-Cabarrot,luwawti01,BRK,SF,24,47,853,11.0,0.599,0.595,0.301,3.6,11.6,7.7,4.9,1.0,0.7,10.8,16.8,0.9,0.7,1.7,0.095,-1.8,-0.5,-2.2,-0.1
Tobias Harris,harrito02,PHI,PF,27,72,2469,17.2,0.556,0.304,0.184,3.1,19.1,11.1,14.6,1.0,1.4,7.6,23.9,3.5,2.7,6.2,0.121,1.3,-0.5,0.8,1.8
Tomáš Satoranský,satorto01,CHI,SG,28,65,1878,13.5,0.533,0.361,0.22,4.3,11.0,7.5,27.1,2.1,0.4,17.7,16.7,1.8,1.7,3.5,0.09,-1.1,-0.2,-1.2,0.4
Tony Bradley,bradlto01,UTA,C,22,58,663,21.7,0.681,0.016,0.243,19.1,25.0,22.2,5.4,1.0,4.1,12.5,15.8,2.2,1.1,3.3,0.236,1.0,0.3,1.3,0.6
Tony Snell,snellto01,DET,SF,28,59,1641,9.7,0.598,0.665,0.084,0.6,7.1,3.8,10.9,1.0,0.8,7.3,11.4,2.1,0.5,2.6,0.076,-1.2,-0.6,-1.8,0.1
Torrey Craig,craigto01,DEN,SF,29,58,1072,10.8,0.553,0.513,0.134,6.6,13.2,9.9,5.9,1.1,3.1,8.1,12.6,1.1,0.9,2.0,0.091,-2.0,-0.3,-2.3,-0.1
Trae Young,youngtr01,ATL,PG,21,60,2120,23.9,0.595,0.455,0.448,1.6,11.5,6.5,45.6,1.4,0.3,16.2,34.9,5.3,0.6,5.9,0.133,6.2,-2.3,3.9,3.1
Tremont Waters,watertr01,BOS,PG,22,11,119,4.3,0.381,0.49,0.163,0.0,10.7,5.4,18.3,4.1,1.6,22.2,24.2,-0.5,0.2,-0.3,-0.103,-8.5,1.0,-7.5,-0.2
Treveon Graham,grahatr01,"MIN,ATL",SF,26,55,929,6.6,0.456,0.496,0.231,5.7,11.7,8.6,6.6,1.2,0.5,9.8,13.1,-0.2,0.4,0.2,0.009,-4.5,-1.1,-5.6,-0.8
Trevor Ariza,arizatr01,"SAC,POR",SF,34,53,1493,11.0,0.593,0.639,0.228,2.5,15.7,9.0,8.0,2.2,0.9,13.6,11.8,1.3,1.2,2.5,0.081,-1.4,0.9,-0.5,0.6
Trey Burke,burketr01,"PHI,DAL",PG,27,33,520,15.6,0.548,0.359,0.139,3.4,7.0,5.2,23.7,1.5,0.3,8.7,20.0,1.0,0.4,1.3,0.123,0.8,-1.0,-0.2,0.2
Trey Lyles,lylestr01,SAS,PF,24,63,1271,12.6,0.557,0.49,0.131,6.0,24.6,15.3,7.2,1.1,1.9,9.7,13.6,1.2,1.0,2.2,0.083,-0.5,-0.7,-1.2,0.3
Tristan Thompson,thomptr01,CLE,PF,28,57,1721,16.8,0.54,0.041,0.286,14.5,22.9,18.6,10.5,0.9,2.5,14.0,18.3,2.0,1.1,3.1,0.085,-0.2,-1.3,-1.5,0.2
Troy Brown Jr.,browntr01,WAS,SF,20,69,1782,13.7,0.524,0.288,0.223,4.5,19.6,11.7,14.1,2.2,0.3,10.4,17.8,1.3,1.2,2.4,0.065,-0.8,-0.4,-1.2,0.3
Troy Daniels,danietr01,"LAL,DEN",SG,28,47,532,8.4,0.518,0.71,0.086,2.5,8.2,5.4,4.3,1.0,0.5,5.9,16.3,0.1,0.5,0.6,0.056,-1.7,-1.2,-2.9,-0.1
Ty Jerome,jeromty01,PHO,SG,22,31,328,7.9,0.425,0.442,0.142,2.3,13.4,7.8,18.2,2.2,0.8,13.0,17.9,-0.3,0.3,0.0,-0.003,-3.9,0.1,-3.7,-0.1
Tyler Cook,cookty01,"CLE,DEN",PF,22,13,54,19.4,0.741,0.0,0.667,12.3,16.6,14.4,2.9,2.7,0.0,16.2,14.7,0.2,0.0,0.2,0.182,0.3,-0.5,-0.2,0.0
Tyler Herro,herroty01,MIA,SG,20,55,1508,12.5,0.55,0.472,0.158,1.2,14.9,8.3,12.7,1.1,0.6,11.4,22.3,0.2,1.3,1.6,0.05,-0.4,-1.2,-1.6,0.1
Tyler Johnson,johnsty01,"PHO,BRK",PG,27,39,709,10.1,0.504,0.476,0.2,2.7,8.9,5.8,14.8,1.1,1.1,9.6,18.0,0.3,0.5,0.7,0.05,-2.0,-0.9,-2.9,-0.2
Tyler Zeller,zellety01,SAS,C,30,2,4,22.4,0.25,0.0,0.0,80.9,26.9,53.9,0.0,0.0,0.0,0.0,43.2,0.0,0.0,0.0,-0.075,-0.3,-22.1,-22.4,0.0
Tyrone Wallace,wallaty01,ATL,SG,25,14,160,3.9,0.389,0.341,0.386,2.0,13.0,7.4,10.9,2.0,0.5,16.3,16.0,-0.3,0.1,-0.2,-0.075,-7.8,-1.0,-8.7,-0.3
Tyson Chandler,chandty01,HOU,C,37,26,219,10.8,0.717,0.0,0.722,11.8,19.8,15.8,3.5,1.3,3.1,25.2,6.0,0.3,0.3,0.6,0.131,-2.6,1.1,-1.5,0.0
Tyus Jones,jonesty01,MEM,PG,23,65,1232,15.7,0.532,0.289,0.135,0.8,7.9,4.4,32.0,2.2,0.4,10.8,17.2,1.9,1.1,3.0,0.117,0.4,0.2,0.6,0.8
Udonis Haslem,hasleud01,MIA,C,39,4,44,6.5,0.47,0.273,0.364,2.6,36.7,20.3,3.2,0.0,0.0,7.3,13.8,0.0,0.1,0.0,0.041,-5.8,-1.6,-7.4,-0.1
Vic Law,lawvi01,ORL,PF,24,8,62,3.7,0.363,0.389,0.333,3.4,16.2,9.6,6.7,1.6,0.0,8.8,15.8,-0.1,0.1,-0.1,-0.052,-7.0,-2.6,-9.6,-0.1
Victor Oladipo,oladivi01,IND,SG,27,19,528,11.3,0.506,0.423,0.24,1.9,13.6,7.8,15.4,1.6,0.7,14.7,26.5,-0.6,0.6,0.0,0.002,-2.2,-1.1,-3.3,-0.2
Vince Carter,cartevi01,ATL,PF,43,60,876,7.5,0.47,0.664,0.095,2.2,13.2,7.6,7.7,1.2,2.4,9.4,16.6,-0.6,0.4,-0.2,-0.011,-3.1,-1.2,-4.3,-0.5
Vincent Poirier,poirivi01,BOS,C,26,22,130,12.7,0.525,0.056,0.194,10.8,24.4,17.7,8.5,0.7,6.4,17.0,15.4,0.1,0.2,0.3,0.113,-4.8,1.0,-3.8,-0.1
Vlatko Čančar,cancavl01,DEN,PF,22,14,45,11.4,0.507,0.4,0.267,12.5,12.4,12.4,9.1,1.1,2.1,15.2,19.1,0.0,0.0,0.1,0.062,-3.6,-1.2,-4.8,0.0
Wayne Ellington,ellinwa01,NYK,SG,32,36,558,8.5,0.509,0.822,0.075,0.7,12.0,6.2,11.0,1.1,0.7,9.1,15.0,0.2,0.2,0.4,0.035,-1.9,-1.0,-2.9,-0.1
Wendell Carter Jr.,cartewe01,CHI,C,20,43,1256,15.5,0.59,0.085,0.443,11.6,24.6,17.8,6.0,1.3,2.7,14.9,16.4,1.7,1.6,3.3,0.127,-2.1,-0.3,-2.4,-0.1
Wenyen Gabriel,gabriwe01,"SAC,POR",PF,22,30,235,9.6,0.546,0.417,0.458,9.5,13.9,11.7,4.4,2.2,2.6,21.7,13.4,0.0,0.2,0.2,0.048,-3.7,-0.1,-3.8,-0.1
Wes Iwundu,iwundwe01,ORL,SF,25,52,953,10.3,0.544,0.352,0.416,2.6,12.5,7.4,8.8,1.3,1.2,8.6,13.7,0.8,0.8,1.7,0.084,-2.7,0.0,-2.6,-0.2
Wesley Matthews,matthwe02,MIL,SG,33,67,1635,8.1,0.547,0.704,0.161,1.4,8.2,5.0,7.1,1.1,0.5,8.7,12.5,0.8,2.4,3.2,0.093,-2.6,0.7,-1.8,0.1
Will Barton,bartowi01,DEN,SF,29,58,1916,15.6,0.549,0.39,0.18,4.5,16.9,10.7,16.0,1.6,1.4,9.9,20.1,2.4,1.8,4.2,0.106,1.2,-0.2,1.1,1.5
William Howard,howarwi01,HOU,PF,26,2,13,-12.7,0.0,1.0,0.0,0.0,16.3,8.1,9.1,0.0,0.0,20.0,15.9,-0.1,0.0,-0.1,-0.357,-14.2,-5.4,-19.6,-0.1
Willie Cauley-Stein,caulewi01,"GSW,DAL",C,26,54,1097,17.0,0.589,0.003,0.219,8.0,23.3,15.5,9.9,2.1,5.0,10.8,14.4,1.5,1.5,2.9,0.128,-1.2,1.7,0.5,0.7
Willy Hernangómez,hernawi01,CHO,C,25,31,375,19.2,0.576,0.158,0.424,12.1,27.5,19.5,13.5,1.3,1.7,15.4,22.9,0.4,0.4,0.8,0.107,0.6,-0.5,0.1,0.2
Wilson Chandler,chandwi01,BRK,PF,32,35,734,7.4,0.531,0.661,0.126,1.6,18.5,10.2,7.3,1.0,1.4,15.0,12.9,-0.1,0.9,0.7,0.046,-3.7,1.0,-2.7,-0.1
Yogi Ferrell,ferreyo01,SAC,PG,26,50,530,12.2,0.528,0.42,0.223,1.2,9.4,5.2,18.8,1.6,0.7,11.9,19.2,0.3,0.3,0.7,0.06,-1.5,-0.3,-1.8,0.0
Yuta Watanabe,watanyu01,MEM,SF,25,18,105,11.2,0.48,0.235,0.235,7.2,12.8,10.0,6.4,2.2,0.8,5.1,15.7,0.0,0.1,0.1,0.065,-2.4,0.7,-1.7,0.0
Zach Collins,colliza01,POR,PF,22,11,290,9.9,0.538,0.279,0.118,9.1,15.7,12.4,7.2,0.8,1.5,16.4,12.5,0.2,0.1,0.3,0.052,-1.7,-1.4,-3.1,-0.1
Zach LaVine,lavinza01,CHI,SF,24,60,2085,19.4,0.568,0.404,0.279,2.1,13.8,7.7,21.7,2.0,1.3,13.3,31.7,1.8,2.2,4.0,0.091,3.3,-0.8,2.5,2.4
Zach Norvell,norveza01,"LAL,GSW",SG,22,5,41,2.6,0.402,0.667,0.083,0.0,16.3,7.9,10.2,2.3,0.0,19.4,16.1,-0.1,0.0,-0.1,-0.084,-7.1,-1.2,-8.4,-0.1
Zhaire Smith,smithzh01,PHI,SF,20,7,32,1.1,0.313,0.273,0.364,0.0,6.9,3.5,8.2,4.5,0.0,13.6,19.9,-0.1,0.1,-0.1,-0.12,-10.2,0.4,-9.8,-0.1
Zion Williamson,willizi01,NOP,PF,19,24,668,24.1,0.616,0.039,0.494,10.1,13.7,11.9,13.3,1.1,1.1,11.9,30.5,1.5,0.4,2.0,0.141,3.5,-1.4,2.1,0.7
Zylan Cheatham,cheatzy01,NOP,PF,24,4,51,6.7,0.667,0.111,0.0,6.2,12.5,9.4,7.7,0.9,1.6,30.8,10.4,0.0,0.0,0.0,0.034,-6.6,-0.5,-7.2,-0.1
